gram,counts
covid 19 cases,6527
covid 19 pandemic,6385
covid 19 vaccine,5270
casos covid 19,3563
positive covid 19,2958
due covid 19,2682
new covid 19,2370
possible covid 19,2000
india serum institute,1953
covid 19 deaths,1933
sell 100m doses,1871
serum institute pledges,1862
pledges sell 100m,1854
100m doses possible,1853
institute pledges sell,1847
doses possible covid,1846
pruebas covid 19,1791
covid 19 testing,1660
coronavirus covid 19,1470
covid 19 patients,1441
covid 19 via,1416
amid covid 19,1405
covid 19 di,1400
cases covid 19,1399
covid 19 test,1371
contagios covid 19,1365
covid 19 crisis,1362
últimas 24 horas,1338
covid 19 response,1248
pandemia covid 19,1226
freed jail amid,1120
da covid 19,1094
cegah covid 19,1082
va rape suspect,1069
jail amid coronavirus,1066
rape suspect kills,1065
vacuna covid 19,1062
suspect kills accuser,1062
coronavirus va rape,1050
amid coronavirus va,1049
covid 19 outbreak,1042
negative covid 19,1029
200 pruebas diarias,1011
kills accuser report,996
spread covid 19,986
covid 19 death,961
impact covid 19,957
covid 19 chimalhuacán,948
died covid 19,941
disminución casos covid,905
gratuitas covid 19,903
positivo covid 19,897
covid 19 relief,885
tested positive covid,843
covid 19 vaccines,835
covid 19 update,833
new coronavirus cases,830
jaga jarak dan,827
pandemi covid 19,804
patuhi protokol kesehatan,802
india mitega india,802
mitega india mitega,799
covid 19 tests,777
virus covid 19,766
covid 19 coronavirus,759
dan pakai masker,758
jarak dan pakai,757
nuevos casos coronavirus,735
dewine tests negative,733
covid 19 lockdown,717
pakai masker selalu,708
covid 19 demi,708
selalu cegah covid,707
masker selalu cegah,706
19 demi keluarga,706
demi keluarga yang,706
keluarga yang kita,706
yang kita sayangi,706
ayo jaga jarak,704
número contagios covid19,689
gracias pruebas gratuitas,684
contagios covid19 gracias,674
000 covid 19,670
bajado número contagios,670
amid coronavirus pandemic,664
penyebaran virus covid,663
muertes covid 19,653
tests negative covid,644
positivos covid 19,636
mtro alfonso cepeda,636
covid19 gracias pruebas,632
covid 19 polriajakjagajarak,631
covid 19 virus,626
fight covid 19,618
penyebaran covid 19,617
positif covid 19,616
pencegahan covid 19,612
chimalhuacánbajacontagios municipio chimalhuacán,607
kita sayangi polriajakjagajarak,605
pruebas gratuitas brinda,601
new york times,597
gratuitas brinda gobchimalhuacan,587
nuevos casos covid,585
gov mike dewine,584
chimalhuacán bajado número,582
covid 19 hours,581
07 08 2020,579
covid 19 em,575
pakai masker dan,569
municipio chimalhuacán bajado,564
covid 19 related,558
new cases covid,557
deaths covid 19,554
brinda gobchimalhuacan jtolentinoroman,551
test positive covid,550
covid 19 case,544
protokol kesehatan pencegahan,542
hours testing positive,541
disiplin protokol kesehatan,536
response covid 19,536
kesehatan pencegahan covid,534
get covid 19,533
covid 19 infections,531
19 hours testing,530
dan menjaga jarak,526
mike dewine tests,525
covid 19 impact,524
masker dan menjaga,523
covid 19 treatments,522
sendiri dan orang,519
tested positive coronavirus,517
bbc news coronavirus,516
protokol kesehatan seperti,513
covid 19 berarti,513
19 berarti kamu,513
berarti kamu mencintai,513
200 pruebas gratuitas,513
kamu mencintai dirimu,511
mencintai dirimu sendiri,511
dirimu sendiri dan,511
dengan disiplin protokol,509
kesehatan seperti pakai,508
seperti pakai masker,508
karena dengan disiplin,507
post covid 19,507
menjaga jarak karena,506
jarak karena dengan,506
jaga jarak sebagai,505
new york schools,504
tests positive covid,503
covid 19 restrictions,502
jarak sebagai tanda,501
adaptasi kebiasaan baru,500
dan orang lain,499
covid 19 positive,495
sebagai tanda cintaayo,489
tanda cintaayo patuhi,489
cintaayo patuhi protokol,489
orang lain polriajakjagajarak,483
relief therapeutics rlftf,483
therapeutics rlftf shows,483
vacina covid 19,482
promise covid 19,481
shows promise covid,476
jarak aman cegah,474
last 24 hours,474
rlftf shows promise,474
aman cegah covid,473
million coronavirus cases,472
covid 19 amp,471
covid 19 infection,465
pacientes covid 19,463
covid 19 situation,459
covid 19 treatment,448
coronavirus covid19 sarscov2,447
die covid 19,444
conseguido disminución casos,443
casos positivos covid,439
coronavirus live updates,439
pruebas gratuitas covid,435
alfonso cepeda salas,435
ohio gov mike,434
covid19 sarscov2 forecast,433
population coronavirus covid19,432
pruebas masivas gratuitas,428
19 chimalhuacán ejemplo,427
due coronavirus pandemic,425
death population coronavirus,423
new death population,422
know covid 19,415
coronavirus aid talks,415
chimalhuacánbajacontagios disminución casos,413
fallecidos covid 19,409
health officials say,407
million jobs july,407
chimalhuacán ejemplo gobierno,406
mortes covid 19,403
000 coronavirus deaths,401
covid 19 spread,401
number covid 19,400
du covid 19,398
new covid19 cases,398
muertos covid 19,389
coronavirus death toll,388
coronavirus relief talks,388
19 death toll,387
contagio covid 19,386
covid 19 través,386
confirmed coronavirus cases,386
jtoentinoroman conseguido disminución,384
ohio gov dewine,383
ejemplo gobierno antorchachimal,383
gobierno antorchachimal trabaja,378
antorchachimal trabaja bienestar,375
confirmed covid 19,370
gt gt gt,369
covid 19 data,368
masivas gratuitas covid,368
india covid 19,367
million covid 19,365
testing positive covid,349
prueba covid 19,349
treatment covid 19,349
excelente trabajo gobchimalhuacan,349
aplica 200 pruebas,349
kasus covid 19,348
covid 19 economic,344
trabaja bienestar todos,343
york schools reopen,342
covid 19 numbers,341
covid 19 protocols,340
rape suspect freed,340
bienestar todos excelente,339
coronavirus relief package,338
todos excelente trabajo,338
governor mike dewine,337
aplicado pruebas masivas,337
year old boy,336
port du masque,332
detectar covid 19,330
alcalde jtoentinoroman conseguido,330
19 chimalhuacán gobchimalhuacan,330
mencegah penyebaran virus,329
administración alcalde jtoentinoroman,329
coronavirus stimulus talks,328
vacunas covid 19,327
free covid 19,326
rape suspect released,326
gov dewine tests,325
covid 19 changed,325
gobchimalhuacan aplica 200,325
covid 19 chimalhuacánbajacontagios,325
covid 19 still,323
serum institute india,321
despite covid 19,320
1trenggalek ayo jaga,320
covid 19 covid19,319
covid 19 hit,319
trabajo gobchimalhuacan jtoentinoroman,319
160 000 americans,318
demi mencegah penyebaran,316
covid 19 méxico,313
talks fall apart,312
jarak demi mencegah,311
us covid 19,311
contagiados covid 19,311
dr anthony fauci,310
fauci says chance,310
virus covid 19bersama,309
covid 19bersama lawan,309
lawan corona polriajakjagajarak,309
jaga jarak demi,308
19bersama lawan corona,308
diarias manera gratuita,308
covid 19 jtolentinoroman,308
august 07 2020,307
take covid 19,307
pruebas diarias manera,307
200 pruebas covid,307
от covid 19,305
mes agosto gobchimalhuacan,305
ohio governor mike,303
nearly 300 000,303
coronavirus relief bill,302
accuser report foxnews,302
covid 19 concerns,301
160 000 dead,301
new york city,299
crisis covid 19,299
test covid 19,296
infections among younger,295
chimalhuacán gobchimalhuacan aplica,295
test positive coronavirus,292
detectar oportunamente casos,292
trump covid 19,290
executive action coronavirus,290
highest single day,287
tested positive covid19,287
tests positive coronavirus,286
risk covid 19,286
hrdministry drrpnishank pmoindia,286
covid 19 world,285
got covid 19,285
aplicó 200 pruebas,285
gobchimalhuacan aplicó 200,283
covid 19 vaccination,282
covid 19 updates,281
top health officials,281
covid 19 symptoms,281
new cases confirmed,280
entertain empower educate,279
empower educate talk,279
0208 090 2121,279
090 2121 hello,279
2121 hello fantasticradio,279
hello fantasticradio co,279
fantasticradio co uk,279
co uk fantasticradiouk,279
uk fantasticradiouk homeofpossibilities,279
fantasticradiouk homeofpossibilities believeyourpossibilities,279
homeofpossibilities believeyourpossibilities stayhomesafelives,279
says covid 19,279
kebiasaan baru dan,278
agosto gobchimalhuacan aplicó,278
penanganan covid 19,277
believeyourpossibilities stayhomesafelives buy,276
stayhomesafelives buy song,276
president donald trump,276
officials say masks,276
oportunamente casos contagio,276
20 lakh mark,275
gratuitas fin detectar,275
tested covid 19,274
manera gratuita objetivo,274
gratuita objetivo detectar,274
europe top health,273
pruebas gratuitas fin,273
cybersecurity technology ai,272
educate talk us,271
talk us 0208,271
us 0208 090,271
objetivo detectar oportunamente,271
say masks helpful,270
beating covid 19,270
sign petition via,269
covid19 mes agosto,269
added million jobs,269
dying covid 19,268
regresoaclasessnte mtro alfonso,268
detectar manera temprana,268
masks helpful beating,267
coronavirus disease 2019,267
since covid 19,266
konting tulong po,265
covid 19 na,265
covid 19 safety,265
vaksin covid 19,264
100 mil mortes,264
com covid 19,262
jaga jarak aman,261
manera temprana casos,260
covid 19 país,259
chimalhuacánbajacontagios covid19 mes,259
helpful beating covid,258
covid 19 vía,258
refuse covid 19,258
además realizar sanitizaciones,258
sanitizaciones diversas áreas,258
stimulus talks fall,256
unique failure control,255
covid 19 recovery,255
schools reopen amid,255
covid 19 guidelines,255
thelegallowdown law court,255
law court lawyer,255
court lawyer lawfirm,255
lawyer lawfirm justice,255
lawfirm justice legal,255
justice legal case,255
legal case ip,255
case ip scotus,255
ip scotus tort,255
scotus tort covid19,255
tort covid19 cybersecurity,255
covid19 cybersecurity technology,255
cancel compartment exam,254
realizar sanitizaciones diversas,254
long term care,253
new cases coronavirus,253
reopen amid coronavirus,253
nuevos casos positivos,253
covid19 लड रह,253
casos contagio además,253
coronaviruspandemic covid19india coronavirus,252
covid 19 brasil,252
white house declined,252
contagio además realizar,252
covid 19 could,251
दक नक परव,251
तन एव भत,251
एव भत शन,251
भत शन covid19,251
शन covid19 लड,251
लड रह छल,251
रह छल 20स,251
छल 20स 90,251
20स 90 तनम,251
2t coronavirus deal,251
temprana casos contagio,251
yang masih belum,249
masker kepada masyarakat,248
kepada masyarakat yang,248
single day spike,247
bagikan masker kepada,247
declined 2t coronavirus,247
gobchimalhuacan aplica pruebas,247
update covid 19,246
2019 covid 19,246
dan bagikan masker,246
usa northamerica cases,246
authorizes new york,246
satgas aman nusa,245
daily cases increase,244
menggunakan masker guna,244
seven year old,244
house declined 2t,244
fin detectar manera,244
dies covid 19,243
covid 19 second,243
masyarakat yang masih,243
antisipasi penyebaran virus,243
diversas áreas publicas,243
2020 08 07,242
reported today utc,242
today utc time,242
need independent evaluation,242
tim satgas aman,242
aman nusa covid,242
nusa covid 19,242
covid 19 jajaran,242
19 jajaran polres,242
jajaran polres cilacap,242
polres cilacap berikan,242
cilacap berikan himbauan,242
berikan himbauan adaptasi,242
himbauan adaptasi kebiasaan,242
baru dan bagikan,242
masih belum menggunakan,242
belum menggunakan masker,242
masker guna antisipasi,242
guna antisipasi penyebaran,242
anthony fauci says,242
propagación covid 19,241
1802_kimmi ayo jaga,241
like covid 19,240
100 million doses,240
covid 19 municipio,239
casos positivos coronavirus,239
cuomo authorizes new,239
lupa jaga jarak,238
good necessary trouble,238
kesehatan bersamajangan lupa,237
bersamajangan lupa jaga,237
pela covid 19,237
vaccine highly effective,237
latest covid 19,236
2020 covid 19,236
hilap jagi jarak,236
jagi jarak aman,236
300 000 deaths,236
evaluation covid 19,236
covid 19 gobchimalhuacan,236
people covid 19,235
coming next greater,235
covid 19 antibodies,235
graciaspuebloheroico gnboficialve gnbgdjfl,235
kanggo kasehatan sarereaulah,234
kasehatan sarereaulah hilap,234
sarereaulah hilap jagi,234
cegah covid 19untuk,234
covid 19untuk kesehatan,234
19untuk kesehatan bersamajangan,234
covid 19 patient,234
independent evaluation covid,234
7ago fanb gnbjuntoalpueblo,234
fanb gnbjuntoalpueblo graciaspuebloheroico,234
50 mil muertos,233
gnbjuntoalpueblo graciaspuebloheroico gnboficialve,233
freed jail coronavirus,233
19 response spain,232
coronavirus vaccine highly,232
covid 19 venezuela,231
300 000 december,231
coronavirus cases pass,231
new school year,231
aplica pruebas masivas,231
50 000 muertos,230
coronavirus live news,230
kildare laois offaly,230
gnboficialve gnbgdjfl fabiozavarsep,230
chance coronavirus vaccine,230
covid 19 hoax,229
nuevos casos covid19,229
say white house,229
says chance coronavirus,229
penularan covid 19,228
covid 19 gratuitas,228
pelosi schumer say,228
called covid 19,227
next greater recession,226
jail coronavirus concerns,226
effects covid 19,225
patients covid 19,224
asymptomatic people carry,224
000 americans dead,224
severe covid 19,224
schumer say white,224
first covid 19,223
save 70 000,223
confirmados covid 19,223
covid 19 china,223
dead covid 19,222
covid 19 tally,222
carry coronavirus high,222
300 000 covid,221
infected covid 19,221
covid 19 continues,221
prevent restrictions refuse,220
नक परव nhm,220
परव nhm कर,220
अल तन एव,220
restrictions refuse covid,219
believe antidote covid,219
यम करण एम,219
करण एम वन,219
एम वन रह,219
time covid 19,218
people carry coronavirus,218
accuser freed jail,218
recovered covid 19,217
covid19 economic crisis,217
frente covid 19,217
covid 19 gracias,216
suspect murders accuser,216
murders accuser freed,216
coronavirus infection rates,215
nhm कर अल,215
कर अल तन,215
90 तनम यम,215
तनम यम करण,215
covid 19 new,214
even asymptomatic people,214
past 24 hours,213
could save 70,213
covid 19 shutdowns,213
evaluación independiente gestión,213
blames covid 19,213
chimalhuacánbajacontagios jtolentinoroman gobchimalhuacan,213
disease 2019 covid,212
19 jtolentinoroman gobchimalhuacan,212
rape suspect murders,212
dr fauci says,211
covid 19 fears,211
coronavirus high amounts,211
coronavirus offices homes,211
linked covid 19,211
masivas covid 19,211
covid 19 outbreaks,210
kids covid 19,210
covid 19 black,210
global covid 19,209
in person classes,208
total covid 19,208
100 mil mortos,207
fees due covid19,207
give enough time,207
enough time pay,207
cases new deaths,207
slow spread covid19,207
ihmcollege started demanding,206
crisis unable pay,206
unable pay request,206
covid 19 live,206
antidote covid 19,206
seguir detectando tiempo,206
time pay saynotofees,205
positive coronavirus test,205
detectando tiempo covid19,205
sir ihmcollege started,204
started demanding sem,204
demanding sem fees,204
sem fees due,204
due covid19 economic,204
economic crisis unable,204
help slow spread,204
covid 19 mundo,204
covid 19 transmission,204
lockdown negligible impact,204
hrdministry pmoindia tourismgoi,203
pay saynotofees feeskamkarona,203
covid 19 may,203
piden evaluación independiente,203
diarias covid 19,203
tourismgoi sir ihmcollege,202
pay request forgive,202
request forgive atleast,202
forgive atleast reduce,202
children almost immune,202
covid 19 últimas,202
cas covid 19,202
caso covid 19,202
alumnos abandonen escuelas,202
captain manpreet singh,202
chimalhuacánbajacontagios la administración,202
stimulus talks break,202
petition prevent restrictions,201
negligible impact climate,201
masks could save,201
negotiators walk away,201
kasus positif covid,200
even covid 19,200
pmoindia tourismgoi sir,200
snte lanzar campaña,200
lanzar campaña alumnos,200
walk away without,200
warning covid 19,199
campaña alumnos abandonen,199
la administración alcalde,199
51 mil 311,199
covid 19 covid,198
alfonso cepeda salasacuerda,198
cepeda salasacuerda snte,198
salasacuerda snte lanzar,198
abandonen escuelas retomen,198
escuelas retomen estudios,198
retomen estudios desertado,198
suspect freed due,198
reducereimburse reducenittuitionfees mhrd,197
causa covid 19,197
registrar primera vacuna,197
estudios desertado coronavirus,197
desertado coronavirus covid19,197
coronavirus covid19 maestros,197
covid19 maestros pilares,197
maestros pilares educación,197
coronavirus kills accuser,197
covid 19 news,196
coronavirus coronavirusupdate covid19,196
black lives matter,196
break capitol hill,196
50 mil muertes,195
covid 19 dan,195
gmt coronavirus coronavirusupdate,195
coronavirusupdate covid19 coronaviruspandemic,195
covid 19 emergency,195
talks break capitol,195
capitol hill negotiators,195
hill negotiators walk,195
away without deal,195
health care workers,194
pruebas masivas covid,194
affected covid 19,193
reducenittuitionfees mhrd covid19,193
handling covid 19,193
covid 19 rules,193
saynotofees feeskamkarona news18india,192
work home policy,192
petition via change,191
freed due coronavirus,191
coronavirus go away,190
related covid 19,190
feeskamkarona news18india ndtv,189
160 000 deaths,189
news coronavirus covid19,189
start new school,189
racist anti masker,189
due coronavirus kills,189
tetap patuhi protokol,188
19 live updates,188
primera vacuna coronavirus,188
19 black people,188
agosto seguir detectando,188
indiafightscorona stayhome staysafe,187
viernes agosto 2020,187
india coronavirus cases,187
home policy july,187
país europa occidental,187
pruebas diarias covid,187
masivas julio agosto,187
facebook extends coronavirus,186
famoso infectologista francês,186
infectologista francês fala,186
francês fala da,186
fala da hcloroquina,186
anti masker blames,186
masker blames covid,186
fideicomiso tecnologías educativas,186
pruebas masivas julio,186
julio agosto seguir,186
covid19 mil pruebas,186
outbreak pandemic sars,185
covid 19 school,185
covid 19 hospital,185
covid 19 signals,185
000 americans died,185
realdonaldtrump covid 19,185
employers hire 8m,185
hire 8m despite,185
michigan meeting goes,185
meeting goes rails,185
goes rails racist,185
rails racist anti,185
snte mtro alfonso,185
cepeda salas impostergable,185
reactivar fideicomiso tecnologías,185
tecnologías educativas dote,185
educativas dote maestros,185
internet enseñanza distancia,185
enseñanza distancia covid19,185
vamos tocar vida,184
lucha covid 19,184
second covid 19,184
19 second wave,184
covid 19 health,184
policy july 2021,184
coronavirus work home,184
8m despite new,184
black people detroit,184
salas impostergable reactivar,184
impostergable reactivar fideicomiso,184
case covid 19,183
say covid 19,183
extends coronavirus work,183
despite new covid,183
886 nuevos casos,183
trump says coronavirus,182
méxico supera 50,182
pandemic news coronavirus,182
doses covid 19,182
covid 19 españa,182
us employers hire,182
tiempo covid19 mil,182
coronavirus indiafightscorona stayhome,181
world health organization,181
global pandemic news,181
coronavirus covid19 protests,181
coronavirus likely superspread,181
cure covid 19,180
dar positivo covid,180
likely superspread flu,180
covid19 last days,179
covid19india coronavirus indiafightscorona,179
reality winner mom,179
casos confirmados covid,179
regresoaclasessnte snte mtro,179
covid19 mea gov,179
covid19 bot covid19,178
bot covid19 last,178
last days stats,178
cases trend02 aug,178
risks thousands deaths,178
gcash number 09151198529,178
shutdown risks thousands,177
covid 19 dengan,177
coronavirus últimas 24,177
snte sindicatos maestros,177
declaración global conectividad,177
coronavirus tests worthless,176
19 signals end,176
19 covid 19,176
think covid 19,176
impact climate crisis,176
covid 19 juego,176
sindicatos maestros eduint,176
derecho humano tras,176
humano tras reto,176
coronavirus covid19 mtro,176
pruebas gratuitas detectar,176
nuevos covid 19,175
signals end american,175
1trenggalek tjhinfar21 thearieair,175
detección covid 19,175
promueven snte sindicatos,175
maestros eduint declaración,175
eduint declaración global,175
tras reto coronavirus,175
reto coronavirus covid19,175
covid19 mtro alfonso,175
chimalhuacán aplicado pruebas,175
nhs shutdown risks,174
na po sa,173
19 lockdown negligible,173
19 test results,172
today covid 19,172
day spike 62,172
hello po konting,172
po konting tulong,172
tulong po sana,172
po sana kahit,172
sana kahit konting,172
kahit konting barya,172
konting barya po,172
barya po sobrang,172
po sobrang laking,172
sobrang laking tulong,172
laking tulong na,172
tulong na po,172
po sa magulang,172
sa magulang ko,172
magulang ko godbless,172
ko godbless po,172
godbless po stay,172
po stay safe,172
stay safe kahit,172
safe kahit retweet,172
kahit retweet lang,172
retweet lang po,172
lang po sobra,172
po sobra kong,172
sobra kong appreciated,172
kong appreciated gcash,172
appreciated gcash number,172
mea gov in,172
pasien covid 19,171
thousands deaths covid,171
per 100 000,171
dilemma police claims,171
dote maestros computadoras,171
maestros computadoras internet,171
computadoras internet enseñanza,171
distancia covid19 enorme,171
failure control virus,170
ng covid 19,170
19 últimas 24,170
players test positive,170
hockey captain manpreet,170
covid19 enorme desafío,170
covid 19 yang,169
segunda ola coronavirus,169
unproven covid 19,169
live updates global,169
regresoaclasessnte promueven snte,169
gobierno antorchista chimalhuacán,169
mil pruebas servido,169
casos nuevos covid,168
back to school,168
children covid 19,168
amp covid 19,168
91 11 23014104,168
pruebas servido salvar,168
combatir covid 19,167
india hits million,167
make covid 19,167
low coronavirus infection,167
91 11 23012113,167
11 23014104 91,167
23014104 91 11,167
servido salvar vida,167
covid 19 plasma,166
covid 19 click,166
go back work,166
middle income countries,166
filer thelegallowdown law,166
updates global tracker,166
pruebas diarias gratuitas,166
covid 19 made,165
toll covid 19,165
people tested positive,165
11 23012113 91,165
23012113 91 11,165
covid 19 travel,164
covid 19 et,164
total confirmed cases,164
global conectividad considere,164
conectividad considere derecho,164
considere derecho humano,164
118 797 91,164
797 91 11,164
469 mil 407,164
kids back school,163
corona covid 19,163
current covid 19,163
contracting covid 19,163
rising covid 19,163
pandemic covid 19,163
new post coronavirus,163
africa covid 19,163
police claims unproven,163
million confirmed coronavirus,163
covid 19 would,162
coronavirus cases deaths,162
state covid 19,162
na próxima semana,162
coronavirus concerns via,162
covid 19 disminuido,162
citing low coronavirus,162
1800 118 797,162
highly effective great,162
000 dead americans,161
add nations quarantine,161
among younger populations,161
salvar vida cientos,161
vida cientos personas,161
covid 19 ini,160
vaccine covid 19,160
contre covid 19,160
claims unproven covid,160
europa occidental casos,160
climate crisis study,160
presidente municipal jtolentinoroman,160
employees work home,159
coronavirus task force,159
request drrpnishank rashtrapatibhvn,159
1st covid 19,159
younger populations skyrocketing,159
violating covid 19,158
year old georgia,158
council nits reducenittuitionfees,158
sturgis motorcycle rally,158
impacted covid 19,158
vuelve dar positivo,158
nations quarantine list,158
terapkan jaga jarak,157
batalla covid 19,157
pay full tuition,157
drrpnishank rashtrapatibhvn advise,157
rashtrapatibhvn advise council,157
advise council nits,157
nit act 2007,157
covid 19 mortality,157
daily covid 19,157
au covid 19,157
spike 62 538,157
hits million coronavirus,157
jtolentinoroman gobchimalhuacan chimalhuacánbajacontagios,157
full tuition fee,156
nits reducenittuitionfees section,156
act 2007 reducereimburse,156
2007 reducereimburse covid19,156
covid 19 victim,156
air india express,156
county covid 19,156
omg wo believe,156
wo believe antidote,156
19 click check,156
immune covid 19,155
crosses 20 lakh,155
nitians pay full,155
reducenittuitionfees section 32,155
section 32 nit,155
32 nit act,155
coronavirus covid19 pandemic,155
covid 19 risk,155
covid 19 exposure,155
effective treatment covid,155
trump interview coronavirus,155
created world 1st,155
getting covid 19,154
tuition fee amount,154
justified request drrpnishank,154
reach 300 000,154
covid__19 covid19 coronavirus,154
hesitate add nations,154
reopen in person,154
di tengah pandemi,153
drrpnishank pmoindia rashtrapatibhvn,153
bbc news mundo,153
novavax covid 19,153
23 active cases,153
texas nursing home,153
facebook dilemma police,153
censors trump interview,153
interview coronavirus chinese,153
19 cases reported,152
potential covid 19,152
19 deaths december,152
whole semester conducted,152
covid19 relief package,152
first week school,152
million doses covid,152
surpasses 160 000,152
russia created world,152
coronavirus chinese misinformation,152
jaga jarak putus,151
jarak putus penyebaran,151
putus penyebaran covid,151
issue executive orders,151
covid 19 día,151
public health officials,151
spreading covid 19,151
19 china virus,151
africa coronavirus cases,151
youngest covid 19,151
de covid 19,151
twitter censors trump,151
aplicarán 200 pruebas,151
dewine tests positive,150
19 via gatewaypundit,150
tests worthless solution,150
dio positivo covid,150
