gram,counts
covid 19 pandemic,9052
covid 19 cases,4975
href rel nofollow,4500
true href rel,4426
covid 19 baksosbersamatnipolri,4123
covid 19 crisis,3753
rel nofollow twitter,3712
never go away,3440
due covid 19,3366
pandemi covid 19,3305
may never go,3273
coronavirus covid 19,2890
nofollow twitter web,2672
covid 19 vaccine,2495
casos covid 19,2492
covid 19 patients,2461
twitter web app,2292
new covid 19,2098
covid 19 deaths,2093
covid 19 via,2090
di tengah pandemi,2062
coronavirus may never,2002
tengah pandemi covid,1944
terdampak covid 19,1883
bbc news coronavirus,1766
covid 19 response,1751
covid 19 testing,1696
covid 19 lockdown,1692
amid covid 19,1645
stay at home,1635
da covid 19,1584
covid 19 di,1570
fight covid 19,1551
impact covid 19,1454
pandemia covid 19,1433
positive covid 19,1421
covid 19 outbreak,1398
covid 19 death,1389
dampak covid 19,1368
cases covid 19,1329
world health organization,1299
new coronavirus cases,1289
bantuan di tengah,1227
distribusikan bantuan di,1225
covid 19 relief,1204
covid 19 coronavirus,1169
covid 19 test,1158
últimas 24 horas,1151
response covid 19,1149
fbi serves warrant,1146
at home order,1142
peduli dampak covid,1133
polri peduli dampak,1125
gt gt gt,1119
covid 19 may,1115
covid 19 terhadap,1114
post covid 19,1112
masyarakat kurang mampu,1104
may 14 2020,1103
19 terhadap masyarakat,1101
terhadap masyarakat kurang,1099
new york times,1087
covid 19 spread,1057
investigation stock sales,1052
du covid 19,1047
covid 19 update,1022
spread covid 19,1019
kurang mampu baksosbersamatnipolri,993
stock sales linked,985
serves warrant senator,978
covid 19 virus,978
sales linked coronavirus,976
senator investigation stock,953
warrant senator investigation,949
covid 19 em,928
star health minister,890
rock star health,890
kegiatan bhakti sosial,888
kerala rock star,884
health minister helped,883
minister helped save,883
like covid 19,870
covid 19 vía,870
save covid 19,859
helped save covid,855
coronavirus slayer kerala,845
nofollow twitter android,844
coronavirus death toll,841
slayer kerala rock,835
coronavirus live updates,834
amid coronavirus pandemic,827
wisconsin supreme court,796
masyarakat yang terdampak,792
covid 19 impact,778
polri distribusikan bantuan,776
warga terdampak covid,775
tni polri distribusikan,775
virus covid 19,772
14 05 2020,771
sosial polri peduli,765
bhakti sosial polri,759
dr rick bright,753
yang terdampak covid,753
bakti sosial untuk,743
vacuna covid 19,733
coronavirus relief bill,728
coronavirus antibody test,727
crisis covid 19,717
died covid 19,705
go away world,701
positif covid 19,701
darkest winter modern,698
sosial untuk ringankan,695
untuk ringankan beban,695
covid 19 tests,693
away world health,690
14 mayo 2020,689
winter modern history,687
covid 19 patient,684
contre covid 19,680
covid 19 restrictions,676
mental health crisis,675
ringankan beban masyarakat,671
black light experiment,664
rfid microchip mark,661
pacientes covid 19,658
virus may never,654
microchip mark beast,652
com covid 19,645
experiment shows quickly,640
covid 19 related,639
muertes covid 19,638
covid 19 infection,632
health organization warns,630
covid 19 amp,626
covid 19 antibody,625
texas 05 13,621
covid 19 case,619
covid 19 positive,611
get covid 19,607
covid 19 ini,606
tni polri peduli,594
gelar bakti sosial,592
nuevos casos coronavirus,586
patients nursing homes,578
sen richard burr,574
covid 19 treatment,571
covid 19 research,570
jueves 14 mayo,569
kepada masyarakat yang,569
linked covid 19,568
shows quickly virus,566
whistleblower rick bright,566
covid 19 situation,566
affected covid 19,565
quickly virus like,565
time covid 19,565
amid coronavirus crisis,563
light experiment shows,559
ne jamais disparaître,553
contagios covid 19,553
virus like covid,551
pourrait ne jamais,542
beban masyarakat yang,538
19 spread restaurant,534
19 may never,534
polri gelar bakti,532
ditengah covid 19,524
meaning behind calculating,522
us covid 19,521
sosial dalam rangka,521
bakti sosial dalam,520
last 24 hours,519
due coronavirus pandemic,518
dalam rangka meringankan,517
rangka meringankan beban,517
hidden meaning behind,514
coronavirus angeles times,512
kegiatan bakti sosial,509
first covid 19,509
positivo covid 19,502
covid 19 could,502
says covid 19,502
linked coronavirus angeles,501
new cases covid,495
number covid 19,490
covid 19 brasil,484
peduli covid 19,482
covid 19 symptoms,473
sinergitas tni polri,470
sosial tni polri,466
go back work,466
mortes covid 19,465
new york city,464
14 mei 2020,461
meringankan beban masyarkat,461
beban masyarkat ditengah,461
masyarkat ditengah covid,461
nuevos casos covid,458
test covid 19,457
penanganan covid 19,457
penyebaran covid 19,452
expert coronavirus panel,451
polri jajaran polres,451
covid 19 na,450
hingga ke pelosok,449
memberikan bantuan sosial,449
deaths covid 19,447
covid 19 mortality,442
must read article,441
supreme court strikes,439
tested positive coronavirus,438
wabah covid 19,438
fighting covid 19,437
positivos covid 19,436
tni dan forkopimda,435
tni polri jajaran,435
president donald trump,432
frente covid 19,430
tested positive covid,429
fallecidos covid 19,429
covid 19 world,427
die covid 19,425
menggelar bakti sosial,424
confirmed covid 19,424
covid 19 covid19,423
covid 19 infections,422
handling covid 19,420
timur distribusikan bantuan,417
jawa timur distribusikan,417
sign petition via,417
polda jawa timur,417
bersama tni dan,415
covid 19 recovery,413
19 death toll,412
health care workers,412
forkopimda menggelar bakti,412
infected covid 19,411
dan forkopimda menggelar,411
baru bersama tni,410
kota baru bersama,409
polres kota baru,406
global mental health,404
despite covid 19,394
covid 19 lockdowns,393
public health england,393
от covid 19,392
dengan covid 19,392
podría irse nunca,391
epoch times app,390
covid 19 data,388
program padat karya,387
antibody test approved,386
may 13 2020,386
coverage daily updates,385
times app see,385
app see exclusive,385
19 antibody test,384
000 covid 19,383
covid 19 contact,382
exclusive coronavirus coverage,382
covid 19 stimulus,381
twitter web client,380
covid 19 news,380
new cases coronavirus,379
14 may 2020,379
long term care,378
coronavirus coverage daily,377
see exclusive coronavirus,377
covid 19 testi,376
angeles times see,375
tested covid 19,373
people covid 19,372
polres trenggalek polda,371
000 कर पय,371
trenggalek polda jawa,371
jajaran polres trenggalek,371
100 कर पय,371
kawasaki like disease,369
wish could something,369
polisi dan tni,367
warga yang terdampak,366
at home orders,366
coronavirus pandemic via,366
global death toll,365
could something doctor,365
au covid 19,365
test positive covid,364
coronavirus disease 2019,362
something doctor said,360
covid 19 país,360
ke pelosok dan,359
this virus may,359
sosial hingga ke,358
related covid 19,357
bantu warga terdampak,356
covid 19 dengan,355
daerah terpencil baksosbersamatnipolri,353
case covid 19,352
slow spread covid19,352
bantuan sosial hingga,351
pelosok dan daerah,351
vaccin contre covid,350
cnn expert coronavirus,350
dan daerah terpencil,350
covid 19 yang,349
dr anthony fauci,349
behind calculating 666,348
confirmados covid 19,348
support covid 19,348
towards cashless society,348
go away warns,344
help slow spread,341
latest covid 19,341
3t coronavirus relief,341
sosial di tengah,340
confirmed cases covid19,337
coronavirus atau yang,336
pandemi coronavirus atau,334
dan tni secara,334
contact tracing app,334
tni secara rutin,334
amp covid 19,334
wanted pass along,333
casos positivos covid,333
covid 19 personil,332
dies covid 19,332
bakti sosial tni,332
19 personil polisi,331
beat covid 19,330
atau yang lebih,330
tests positive coronavirus,330
personil polisi dan,329
yang lebih dikenal,328
get back work,328
dikenal dengan covid,327
ahmet nur çebi,327
lebih dikenal dengan,326
adanya pandemi coronavirus,325
untuk warga terdampak,325
mark beast hidden,324
secara rutin memberikan,324
treat covid 19,324
inside trump coronavirus,324
beast hidden meaning,324
trump coronavirus meltdown,324
proof rfid microchip,322
thursday may 14,322
rutin memberikan bantuan,322
since covid 19,322
yang terdampak dengan,319
new covid19 cases,319
caso covid 19,319
coronavirus pourrait ne,319
covid 19 cure,318
membantu warga yang,318
patients covid 19,317
bbc news mundo,316
dengan adanya pandemi,314
2019 covid 19,314
covid 19 podría,314
untuk membantu warga,314
response coronavirus pandemic,314
treatment covid 19,314
casos confirmados covid,313
dalam rangka untuk,312
yang membutuhkan baksosbersamatnipolri,312
contagio covid 19,311
link covid 19,310
vaccine covid 19,308
crise du coronavirus,307
muertos covid 19,307
update covid 19,306
cases new deaths,306
rangka untuk membantu,306
antibody test positive,305
19 testi pozitif,305
cure covid 19,303
risk covid 19,303
test positive development,303
second wave coronavirus,301
dr fauci warning,301
19 contact tracing,300
greta thunberg coronavirus,299
covid 19 venezuela,298
symptoms daily even,297
polri bantu warga,297
daily even feel,297
even feel well,297
self reporting symptoms,297
reporting symptoms daily,297
tni polri bantu,297
sooner self reporting,296
risk cases sooner,296
identify risk cases,296
cases sooner self,296
new cases covid19,296
tested positive covid19,295
encapsulates rejection science,295
science virus fight,294
covid 19 new,294
spread covid19 identify,294
covid19 identify risk,294
privately run ppe,294
rejection science virus,294
rebuke fauci encapsulates,293
combate covid 19,293
approved use uk,293
polsek_tanggung tni polri,293
poised eclipse coal,293
test approved use,293
fauci encapsulates rejection,293
feel well download,293
steal covid 19,292
well download app,292
coronavirus trump says,291
covid 19 dan,291
terdampak dengan adanya,290
uk privately run,290
n95 mask coronavirus,289
felizdiadelmaestro 15demayo díadelmaestro,289
says dr fauci,289
covid19 n95 mask,288
2020 05 14,288
article amp reuters,288
coronavirus trump deltaairlines,288
distribute coronavirus vaccine,288
cashless society know,288
trump deltaairlines americanairlines,288
deltaairlines americanairlines unitedairlines,288
masyarakat yang membutuhkan,288
covid__19 covid19 n95,288
mask coronavirus trump,288
americanairlines unitedairlines airlines,288
go away says,287
free covid 19,287
trump rebuke fauci,286
run ppe stockpile,286
000 americans dead,285
renewable energy poised,285
energy poised eclipse,284
total confirmed cases,282
new deaths today,281
trump says dr,281
lucha covid 19,281
coronavirus covid19 sarscov2,281
meringankan beban masyarakat,279
warning not acceptable,279
covid 19 méxico,279
response coronavirus outbreak,278
pasien covid 19,277
first renewable energy,277
tests positive covid,277
say covid 19,276
prevent covid 19,276
15 nuevos casos,273
covid 19 updates,273
roche test coronavirus,272
covid 19 nedeniyle,271
story fbi serves,270
coronavirus sars cov,270
podría desaparecer nunca,270
coronavirus corona virus,269
warns this virus,269
using covid 19,269
disease 2019 covid,268
deaths today raising,268
casos confirmados coronavirus,267
covid 19 berbagi,267
relief bill democrats,267
14 05 20,267
covid 19 numbers,267
bill democrats starting,266
calls 3t coronavirus,266
democrats starting offer,266
10 wonderful reasons,266
memutus mata rantai,266
wonderful reasons fall,265
coronavirus warns this,265
reasons fall back,265
issues veto threat,265
paket sembako dibagikan,265
dibagikan door door,264
terdampak paket sembako,264
warga terdampak paket,264
bahan pokok penting,264
berbagi bahan pokok,264
19 berbagi bahan,264
sembako dibagikan door,264
penting untuk warga,264
polda jateng peduli,264
door kepada masyarakat,264
pokok penting untuk,264
door door kepada,264
accurate covid 19,263
top story fbi,263
back love humanity,263
white house issues,263
love humanity right,263
fall back love,263
china covid 19,263
jateng peduli covid,263
house issues veto,262
pela covid 19,262
trump mobilizing military,262
coronavirus task force,261
humanity right coronavirus,261
ao covid 19,261
call covid 19,261
19 via youtube,260
use covid 19,260
know covid 19,260
covid 19 et,259
state covid 19,258
fauci warning not,258
signed petition calling,258
covid 19 não,258
starting offer white,257
offer white house,257
pelosi calls 3t,257
coronavirus cases new,257
pruebas covid 19,256
home covid 19,256
obamagate obamagate obamagate,256
death toll rises,256
state supreme court,255
added cnn expert,254
causa covid 19,254
patients critical condition,254
people died today,253
coronavirus panel twitter,253
used white house,253
il covid 19,251
say obama administration,251
raising country total,251
abbott coronavirus test,250
covid 19 business,250
children affected rare,249
current covid 19,249
covid 19 covid,249
effects covid 19,249
covid 19 fight,248
obama administration failed,248
stop spread coronavirus,248
convertirse virus endémico,248
coronavirus deaths via,248
covid19 covid19pandemic staysafe,247
virus coronaviruspandemic pandemic,247
uk response coronavirus,247
trending trendingtopic trendingnews,247
covid19pandemic staysafe coronawillendsoon,247
staysafe coronawillendsoon trending,247
coronaviruspandemic pandemic covid19,247
corona virus coronaviruspandemic,247
coronawillendsoon trending trendingtopic,247
pandemic covid19 covid19pandemic,247
today raising country,247
masyarakat yg terdampak,247
go away coronavirus,247
covid 19 safety,246
news coronavirus covid19,246
rantai covid 19,246
disease covid 19,246
0208 90 2121,245
fantasticradio co uk,245
believeyourpossibilities stayhomesafelives buy,245
90 2121 hello,245
lives daily talk,245
homeofpossibilities believeyourpossibilities stayhomesafelives,245
fantasticradiouk homeofpossibilities believeyourpossibilities,245
confirmed deaths go,245
2121 hello fantasticradio,245
border wall construction,245
uk fantasticradiouk homeofpossibilities,245
co uk fantasticradiouk,245
hello fantasticradio co,245
stayhomesafelives buy song,245
leave pandemic playbook,244
death toll passes,244
combat covid 19,244
inquiry uk response,243
covid19 covid 19,243
death toll exceeds,243
sanadistancia felizjueves 14mayo,243
public inquiry uk,243
recovered covid 19,241
covid 19 mundo,241
trillion coronavirus relief,240
warns darkest winter,240
rel nofollow tweetdeck,240
calling public inquiry,240
covid 19 stay,240
mata rantai covid,239
covid 19 emergency,239
petition calling public,238
covid 19 drug,238
daily talk us,238
contagiados covid 19,238
us 0208 90,238
value lives daily,238
talk us 0208,238
adding value lives,238
year old woman,237
march coronavirus testing,237
oms advierte coronavirus,237
greta thunberg added,237
85 000 americans,236
200 mil casos,236
end covid 19,236
आत मन भर,236
coronavirus testing bad,235
trump march coronavirus,235
trump covid 19,235
thunberg added cnn,235
world health organisation,234
covid 19 us,234
wave covid 19,234
coronavirus whistleblower rick,234
covid 19 help,234
convinced trump march,233
trying steal covid,233
testing bad idea,232
sign via march_change,232
memberikan bantuan kepada,232
coronavirus outbreak sign,232
wrong say obama,232
keep mouth shut,231
rick bright testimony,231
coronavirus stock sales,230
dying covid 19,230
caused covid 19,230
covid 19 economic,230
outbreak sign via,229
tiempos covid 19,229
test positive coronavirus,228
55 blood alcohol,228
bantuan kepada masyarakat,227
failed leave pandemic,226
past 24 hours,226
administration failed leave,226
county covid 19,226
closures mean pigs,225
mean pigs gassed,225
new 100 accurate,225
admits wrong say,225
100 accurate covid,225
gassed shot instead,225
pigs gassed shot,225
global covid 19,225
covid 19 puede,225
595 casos confirmados,224
jamais disparaître selon,224
covid 19 health,224
coronavirus covidー19 covid19,224
masyarakat di tengah,224
plant closures mean,224
india covid 19,224
covid 19 hit,224
meat plant closures,224
mcconnell admits wrong,223
deaths go updates,223
flu vaccine coronavirus,223
coronavirus patients nursing,222
sign language lady,222
daily covid 19,222
news covid 19,222
coronavirus via youtube,221
khanasluhu dalam rangka,221
pandemic news coronavirus,220
cegah covid 19,220
correlation flu vaccine,220
14 mai 2020,220
42 595 casos,220
investigation stock trades,220
the covid 19,220
suspected covid 19,219
hospitalized covid 19,219
result covid 19,219
show correlation flu,219
new study suggests,219
19 covid 19,218
rare kawasaki like,218
pandemia coronavirus covid19,218
last two weeks,218
cashless society did,217
covid 19 100,217
beban masyarakat di,217
numbers show correlation,217
coronavirus vaccine ready,217
guna memutus mata,217
turn armed defiance,217
impacto covid 19,216
leadership dilemmas healthcare,216
kepada warga terdampak,216
stay home order,216
crise du covid19,216
global pandemic news,216
05 13 info,216
battle covid 19,216
dilemmas healthcare covid,215
info press release,215
take covid 19,215
covid 19 would,215
eu numbers show,215
spreading covid 19,215
13 info press,215
covid 19 est,214
coronavirus town hall,214
healthcare covid 19,214
coronavirus podría irse,214
think covid 19,213
coronavirus stay at,213
exceeds 300 000,213
common vitamin could,213
testing covid 19,213
warns global mental,212
personal protective equipment,212
impacted covid 19,212
19 di indonesia,212
health crisis due,212
fines distintos salvar,211
de covid 19,211
new cases confirmed,211
19 vaccine research,211
blood alcohol content,211
covid 19 través,211
vaccine coronavirus deaths,210
england covid 19,210
000 people england,210
sped amid coronavirus,209
china trying steal,209
vitamin could become,208
yang kurang mampu,207
amidst covid 19,207
kasus covid 19,207
construction sped amid,206
coronavirus crisis cbp,206
staggering 55 blood,206
mortality common vitamin,206
toll passes 300,206
cbp chief says,206
endemic like hiv,206
nuevos casos covid19,206
148 000 people,206
crisis cbp chief,206
advierte covid 19,206
of covid 19,205
passes 300 000,205
coronavirus children affected,205
coronavirus cases georgia,205
wall construction sped,205
study suggests vitamin,205
see press release,205
alcohol content dies,205
confirmed coronavirus cases,204
05 13 press,204
chaos uk privately,204
could become endemic,204
press release attached,204
13 press release,204
podría quedarse siempre,204
content dies officials,204
covid 19 global,204
casos positivos coronavirus,204
patient tested positive,203
tell chaos uk,203
covid 19 still,203
pengabdian sosial di,203
kill covid 19,203
19 mortality common,203
untuk memberikan bantuan,202
access covid 19,202
vaccin contre coronavirus,202
dies officials call,202
toll exceeds 300,202
cases georgia florida,202
toll already exceeds,202
already exceeds 100,202
masyarakat yang kurang,202
2020 covid 19,201
propagación covid 19,201
whistleblower dr rick,201
kami hadir untuk,200
richard burr steps,200
covid 19 epidemic,200
updates covid19 coronavirus,200
go updates covid19,200
país fines distintos,200
highest coronavirus death,200
13 see press,199
mampu guna memutus,199
kurang mampu guna,199
warns coronavirus may,199
05 13 see,199
hadir untuk memberikan,199
test 11 million,199
mobilize military distribute,199
tsj castilla león,198
disparaître selon oms,198
42 mil 595,198
на covid 19,197
coronavirus covid19 pandemic,197
cas covid 19,197
exceeds 100 000,197
us accuses china,197
covid 19 control,197
hoy 14 mayo,197
14th may 2020,197
presidente tsj castilla,197
people died coronavirus,197
officials call covid,196
000 people died,196
panel twitter erupts,196
coronavirus global death,196
thunberg coronavirus panel,196
penyebaran virus covid,195
coronavirus believes got,195
oms advierte covid,195
stop covid 19,195
believes got eyes,195
drivers tell chaos,195
man staggering 55,195
coronavirus live news,194
covid 19 transmission,194
hospital first covid,194
covid toll already,194
true covid toll,194
19 patient tested,194
america true covid,194
covid 19 going,193
help covid 19,193
covid 19 covert,193
hospitalized coronavirus believes,193
please take time,193
19 covert id,193
total covid 19,193
new zealand reopens,193
bantuan kepada warga,193
even covid 19,193
collapse social order,192
survive covid 19,192
world first trillionaire,192
thing staving collapse,192
staving collapse social,192
new york state,192
covid 19 risk,192
coronavirus podría quedarse,192
beri bantuan kepada,192
become endemic like,191
population coronavirus covid19,191
covid 19 outbreaks,191
covid19 sarscov2 forecast,191
nuevos casos positivos,191
emergencia covid 19,191
news coronavirus may,190
17 year old,190
stay home stay,190
virologist hospitalized coronavirus,190
catch covid 19,190
crisis due covid,190
new post coronavirus,189
david kurten eu,189
social order state,189
ce qu il,189
coronavirus new zealand,189
coronavirus new 100,189
updates covid 19,189
kurten eu numbers,189
covid 19 hospital,189
pencegahan covid 19,188
data covid 19,188
tni polri beri,188
right thing staving,188
lawan covid 19,188
polri beri bantuan,188
senate intelligence committee,187
democrats trillion coronavirus,187
quarter covid 19,187
nofollow hootsuite inc,187
help stop spread,187
getting covid 19,187
dead amp rising,187
coronavirus last two,187
rel nofollow hootsuite,187
tried fast track,187
कर पय आव,187
treating covid 19,187
impacts covid 19,187
wake covid 19,187
advierte coronavirus podría,186
niall mccrae david,186
mccrae david kurten,186
10 razones maravillosas,186
work covid 19,185
mail in ballot,185
razones maravillosas enamorarte,185
maravillosas enamorarte vez,185
world covid 19,185
covid 19 corona,185
know bible spoke,185
enamorarte vez humanidad,185
could become pivotal,184
total number cases,184
vez humanidad coronavirus,184
england infected coronavirus,184
take time read,184
aquí 10 razones,184
रव रम 000,183
covert id heading,183
death population coronavirus,183
fast track funding,183
id heading towards,183
towards future cashless,183
death 6xs case,183
crash highest coronavirus,183
economy crash highest,183
इन टर 000,183
official tried fast,183
society did know,183
000 इन टर,183
98 year old,183
heading towards future,183
mobilizing military distribute,183
future cashless society,183
टर 000 कर,183
coronavirus death 6xs,183
रम 000 कर,183
senate intel chair,182
कर पय रव,182
health officials england,182
cut pandemic team,182
home stay safe,182
probe coronavirus stock,182
confirmed cases covid,182
coronavirus shutdown license,182
vitamin linked covid,182
infected coronavirus last,182
पय रव रम,182
track funding friend,182
quickly covid 19,181
benefits last week,181
pandemic covid 19,181
50 000 इन,181
184 new cases,181
whitmer coronavirus shutdown,181
new death population,181
193 new cases,181
trump coronavirus response,181
bebas covid 19,181
पय covid 19,181
funding friend unproven,180
कर पय covid,180
19 relief fund,180
आपक गद बन,180
covid 19 inflammatory,180
continue decline despite,180
decline despite business,180
year old boy,180
gov whitmer coronavirus,180
30 pm ist,180
โคว ด19 covid19,180
19 lockdowns turn,180
wear face masks,180
bersama tni menggelar,179
covid 19 free,179
see tips personal,179
unproven covid 19,179
jan mar golf,179
000 england infected,179
mar golf times,179
shutdown license stripped,179
finally revealed coronavirus,179
गद बन हत,179
300 000 morts,179
personal loans debt,179
हत हत उप,179
tips personal loans,179
बन हत हत,179
trump cut pandemic,179
suggests vitamin linked,179
death covid 19,179
ministério da saúde,178
georgia florida continue,178
defying gov whitmer,178
आव टन 50,178
19 100 कर,178
पय आव टन,178
meaning finally revealed,178
student debt cancellation,178
hidden meaning finally,178
coronavirus relief package,178
trump official tried,178
calculating 666 revealed,178
148 000 england,178
covid 19 model,178
pandémie covid 19,178
recovers covid 19,178
friend unproven covid,178
टन 50 000,178
florida continue decline,178
