gram,counts
covid 19 pandemic,4412
putus penyebaran covid,3103
mudik tidak piknik,3034
piknik dan tidak,3033
tidak piknik dan,3033
dan tidak panik,3030
diri sendiri dan,2949
berada di rumah,2948
sendiri dan keluarga,2947
dan keluarga dengan,2941
dengan berada di,2940
keluarga dengan berada,2939
covid 19lindungi diri,2904
19lindungi diri sendiri,2904
penyebaran covid 19lindungi,2904
di rumah sajatidak,2897
rumah sajatidak mudik,2896
sajatidak mudik tidak,2896
covid 19 cases,2833
tidak panik lebihbaikdirumahaja,2830
tests positive coronavirus,2739
href rel nofollow,2626
coronavirus covid 19,2592
true href rel,2580
rel nofollow twitter,2323
covid 19 crisis,2242
covid 19 patients,2137
bbc news coronavirus,2078
fight covid 19,2041
positive covid 19,2018
9बज 9म नट,1799
zoo tests positive,1679
johnson admitted hospital,1633
penyebaran covid 19,1557
boris johnson admitted,1505
bronx zoo tests,1449
covid 19 via,1439
tiger bronx zoo,1434
due covid 19,1413
nofollow twitter web,1393
covid 19 coronavirus,1333
hum_light_nahi_bujhaenge hum_light_nahi_bujhaenge hum_light_nahi_bujhaenge,1276
new york city,1272
coronavirus death toll,1234
covid 19 outbreak,1182
twitter web app,1181
covid 19 lebihbaikdirumahaja,1158
coronavirus task force,1141
covid 19 deaths,1124
amid covid 19,1120
new york times,1117
covid 19 lockdown,1094
tested positive coronavirus,1088
officials last delivered,1061
copy officials last,1061
deliver copy officials,1061
casos covid 19,1057
covid 19 virus,1055
enforce mask usage,1026
safe enforce mask,1026
keep safe enforce,1019
sign petition via,1018
mask usage deliver,1016
usage deliver copy,1016
signing keep safe,1016
amid coronavirus pandemic,981
covid 19 di,938
minister boris johnson,929
prime minister boris,919
new coronavirus cases,906
cases covid 19,903
tests positive covid,860
spread covid 19,860
covid 19 testing,840
du covid 19,800
pm admitted hospital,771
nofollow twitter android,768
admitted hospital virus,756
hospital virus symptoms,743
coronavirus live updates,741
stay at home,737
05 04 2020,731
admitted hospital coronavirus,722
_अपन ओ_क _भग,711
new covid 19,704
coronavirus pm admitted,701
pandemia covid 19,679
tiger tests positive,668
covid 19 death,637
tested positive covid,596
covid 19 response,594
response covid 19,591
coronavirus death rate,578
covid 19 vaccine,577
virus covid 19,575
penularan penyebaran covid,565
hindari penularan penyebaran,565
430 000 people,565
chief medical officer,561
health care workers,555
covid 19 test,548
died covid 19,535
últimas 24 horas,521
get well soon,519
admitted hospital tests,514
queen elizabeth ii,509
covid 19 vía,509
dari covid 19,508
covid 19 update,507
covid 19 cause,490
covid 19 relief,488
death toll rises,487
da covid 19,484
covid 19 case,482
positif covid 19,481
boris johnson hospitalized,480
bronx zoo tiger,479
new cases coronavirus,476
stay home stay,475
time covid 19,474
crisis covid 19,473
white house coronavirus,471
jorge babu manu,464
suho bizbizeyeteriz covid,464
mike lindell made,464
david mike lindell,464
trump suho bizbizeyeteriz,464
covid_19 prior jorge,464
covid cdtv covid_19,464
cdtv covid_19 prior,464
prior jorge babu,464
babu manu foraprior,464
foraprior david mike,464
manu foraprior david,464
petition via change,463
covid 19 spread,462
president donald trump,456
lindell made pillow,450
dying covid 19,449
covid 19 patient,448
amid coronavirus outbreak,441
nyc bronx zoo,439
amid coronavirus crisis,438
19 cause death,433
petition via ukchange,432
assumed caused contributed,429
caused contributed death,426
people flout rules,425
home could banned,425
could banned people,423
gt gt gt,422
cause death even,422
list covid 19,420
covid 19 positive,417
exercise home could,417
coronavirus via youtube,414
tiger nyc bronx,414
get covid 19,413
banned people flout,412
covid 19 tests,412
home stay safe,409
testing positive coronavirus,407
confirmed covid 19,403
hospitals list covid,403
000 people traveled,402
coronavirus exercise home,401
people traveled china,401
meta preso acusarlo,396
reto siendo desaparecido,396
siendo desaparecido meta,396
lo reto siendo,396
coronavirus violando cuarentena,396
preso acusarlo genocida,396
desaparecido meta preso,396
terriblemente coronavirus violando,395
propagó terriblemente coronavirus,395
fernández propagó terriblemente,394
uk prime minister,393
lab tests required,391
since coronavirus surfaced,390
treat covid 19,389
zoo tested positive,389
china since coronavirus,385
tested positive covid19,383
pearl harbor moment,383
please stay home,381
covid 19 situation,380
tarımertelenemez covid19 koronavirus,380
covid 19 amp,379
death even assumed,378
covid19 koronavirus pazar,377
pm boris johnson,376
traveled china since,374
covid 19 infection,374
pandemi covid 19,374
bronx zoo tested,374
world health organization,373
persistent coronavirus symptoms,373
sant shri asharamji,372
cdc website hospitals,371
even assumed caused,371
di rumah saja,371
nuevos casos coronavirus,370
at home order,370
fighting covid 19,370
covid 19 symptoms,369
website hospitals list,369
contributed death lab,368
signez pétition via,367
death lab tests,366
covid 19 treatment,365
death rate low,364
zoo tiger tests,361
firma petición vía,346
test positive coronavirus,346
uss theodore roosevelt,345
british prime minister,345
putus penyebaran covid19,344
fight covid19 please,342
positive coronavirus first,341
covid19 coronavirus ukraine,340
country coronavirus death,339
deaths covid 19,338
bizbizeyeteriz covid self_portrait,338
scotland chief medical,338
letslovesuho trump suho,338
covid self_portrait covid19,338
pillow letslovesuho trump,338
cegah covid 19,336
impact covid 19,334
contracting covid 19,332
covid 19 इस,331
exception country coronavirus,331
dies covid 19,331
german exception country,330
die covid 19,330
made pillow letslovesuho,330
19 इस लड,329
last 24 hours,327
positivo covid 19,323
coronavirus disease 2019,322
aarogya setu app,322
amid coronavirus lockdown,322
huge cdc website,320
covid19 please download,318
beset denial dysfunction,317
app fight covid19,317
रध नम narendramodi,316
muertos covid 19,316
news coronavirus pm,315
perdons plus temps,313
coronavirus update country_region,313
ne perdons plus,313
denial dysfunction coronavirus,313
pétition via changefrance,312
wearing bin bags,312
data comes covid19,311
comes covid19 bot,311
people covid 19,311
covid 19 5g,309
download share using,309
share using link,309
help slow spread,309
bin bags protection,309
plus temps neperdonsplusdetemps,308
please download share,308
workers wearing bin,306
test covid 19,306
nhs workers wearing,306
19 via youtube,305
covid19 ne perdons,305
traitement covid19 ne,305
dysfunction coronavirus raged,304
lebih bahaya dari,304
ephilippepm traitement covid19,304
bahaya dari covid,302
contre covid 19,302
crise du coronavirus,302
battle covid 19,301
laten yang terstruktur,300
yang terstruktur dan,300
_हर ओ_द श_बच,300
terstruktur dan sistematis,300
bahaya laten yang,300
tiger new york,300
sistematis lebih bahaya,300
dan sistematis lebih,300
kentu bahaya laten,300
coronavirus nhs workers,299
zoo new york,297
covid 19 em,296
days testing positive,292
covid 19 ini,292
setu app fight,291
navy captain removed,290
recommend aarogya setu,290
covid 19 dengan,290
penyebaran covid19 lebihbaikdirumahaja,289
number covid 19,289
cure covid 19,288
coronavirus 48 horas,288
anti parasitic drug,288
2019 covid 19,285
coronavirus pandemic via,283
worldwide coronavirus covid19,283
pm _अपन ओ_क,283
com covid 19,283
confirmed cases covid19,279
case covid 19,278
hospital covid 19,277
kicker tom dempsey,277
donald trump coronavirus,276
response among best,276
bloodontrumpshands bloodontrumpshands bloodontrumpshands,275
covid 19 related,275
queen tells uk,273
coronavirus response among,272
us covid 19,272
using link android,271
socialdistancing coronalockdown coronavirus,271
us death toll,269
catalizador sistema capitalista,269
coronavirus catalizador sistema,269
slow spread covid19,269
fmi pandemia covid,269
mundial fmi pandemia,269
taiwan coronavirus response,268
among best globally,268
5g linked coronavirus,268
pacientes covid 19,267
coronalockdown coronavirus covid19,267
mundo después coronavirus,266
trump coronavirus response,266
death toll surpasses,263
andrés manuel lópez,261
petición vía change_mex,261
manuel lópez obrador,260
coronavirus queen tells,259
shri asharamji bapu,259
anti malaria drug,259
first believed us,258
au covid 19,258
banco mundial fmi,258
believed us animal,257
covid 19 fight,257
pandemic response team,257
us animal case,256
neperdonsplusdetemps signez pétition,255
linked coronavirus covid,255
temps neperdonsplusdetemps signez,255
tom dempsey dies,253
carrier tests positive,252
tested covid 19,251
infected covid 19,251
help covid 19,251
10 days testing,250
combat covid 19,250
first covid 19,250
jacob rees mogg,250
hace ruedas prensa,249
緊急事態宣言 が出た場合 東京都の対応,249
coronavirus first believed,249
autonomía afectada coronavirus,248
help fight coronavirus,248
new york state,248
positive coronavirus via,247
support covid 19,246
rees mogg firm,246
afectada coronavirus hace,246
even feel well,246
new york coronavirus,245
feel well download,245
coronavirus hace ruedas,245
new cases covid,244
daily even feel,244
tells uk we,244
symptoms daily even,244
disease 2019 covid,244
well download app,243
self reporting symptoms,242
we succeed fight,242
informativo comunidad madrid,242
uk we succeed,242
reporting symptoms daily,242
madrid autonomía afectada,242
breaking foxnews alert,241
positivos covid 19,241
removed carrier tests,241
captain removed carrier,241
risk cases sooner,241
people stay home,240
identify risk cases,240
cases sooner self,240
comunidad madrid autonomía,240
sooner self reporting,240
dr anthony fauci,240
spread covid19 identify,240
penyebaran virus covid19,240
at home orders,240
within 48 hours,240
presidente andrés manuel,239
penanganan covid 19,239
covid19 identify risk,239
coronavirus us death,237
corona covid 19,237
son in law,237
daily death toll,237
covid 19 left,237
coronavirus crisis via,237
toll surpasses 000,237
almost certainly dying,237
penularan covid 19,236
nuevos casos covid,236
confirmed coronavirus cases,236
apagón informativo comunidad,235
americans almost certainly,235
covid 19 new,233
social distancing rules,232
coronavirus covid19 coronavirusoutbreak,232
coronavirus stay at,231
harari mundo después,231
amidst covid 19,231
covid 19 sign,230
new york bronx,230
surpasses 000 coronavirus,230
cases covid19 reported,228
新型コロナウイルス 緊急事態宣言 が出た場合,228
york bronx zoo,228
via namo app,228
coronavirus live news,228
warns lot death,227
coronavirus new york,226
task force hold,226
wabah covid 19,226
refah partisi genel,225
partisi genel başkanı,225
post covid 19,225
trump warns lot,225
like covid 19,225
19 left official,224
yuval harari mundo,223
rantai penyebaran virus,222
certainly dying covid,222
coronavirus bronx zoo,222
が出た場合 東京都の対応 nhk,222
cuarentena aislamiento lo,221
aislamiento lo reto,221
violando cuarentena aislamiento,221
hospital coronavirus symptoms,220
covid 19 really,220
pm narendra modi,219
9म नट 9baje9mintues,219
treatment covid 19,218
19 death toll,218
left official count,218
disease covid 19,217
covid 19 covid19,216
fatih erbakanyeniden refah,216
dr fatih erbakanyeniden,216
affected covid 19,216
year old man,216
lawan covid 19,216
test test test,216
başkanı tarımertelenemez covid19,215
capt brett crozier,215
stay home save,215
erbakanyeniden refah partisi,215
stay safe stay,215
covid 19 world,215
article amp reuters,214
chinese communist party,214
twitter web client,214
confirmados covid 19,213
debe ser juzgado,213
bbc news mundo,213
casos confirmados coronavirus,213
genel başkanı tarımertelenemez,213
covid19 reported nigeria,212
coronavirus covid19 sarscov2,212
bersama kita bisa,212
19 sign petition,212
research lab wuhan,212
personal protective equipment,212
covid 19presente futuro,211
positive coronavirus bronx,211
signed petition calling,211
trump coronavirus task,211
negligencia sanitaria vamos,211
sanitaria vamos denunciarlo,211
futuro pandemia coronavirus,210
pandemia coronavirus catalizador,210
pandemia covid 19presente,210
recovered covid 19,210
19presente futuro pandemia,210
corte penal interncional,210
new cases covid19,210
death toll americans,209
surgeon general warns,209
dar positivo coronavirus,209
queen addresses uk,209
lópez obrador debe,208
obrador debe ser,208
आव हन पर,208
pasien covid 19,208
think covid 19,207
ce est pas,207
19 5g linked,207
treating covid 19,207
new cases new,206
特設サイト 新型コロナウイルス 緊急事態宣言,205
covid 19 covid,205
la irresponsabilidad cumpa,205
irresponsabilidad cumpa presidente,205
test positive covid,204
ser juzgado burlarse,204
vamos denunciarlo corte,204
pandemia coronavirus negligencia,204
juzgado burlarse pandemia,204
burlarse pandemia coronavirus,204
coronavirus negligencia sanitaria,204
cumpa presidente fernández,204
presidente fernández propagó,204
bisa cegah covid,204
covid 19 méxico,203
negligencia lesa humanidad,203
kita bisa cegah,203
denunciarlo corte penal,203
art printed awesome,202
toll americans almost,202
hardest saddest week,202
capitalista segunda entrega,202
self discipline resolve,202
sistema capitalista segunda,202
get art printed,202
printed awesome products,202
confirmed cases covid,201
rbandme findyourthing redbubble,201
news coronavirus queen,201
redbubble rbandme findyourthing,200
number positive cases,200
presidente alberto fernández,200
week pearl harbor,200
new deaths total,200
support redbubble rbandme,200
covid 19 may,200
primer ministro británico,199
covid 19 news,199
know covid 19,199
god save queen,198
house coronavirus task,198
keluarga kita dari,198
total confirmed cases,198
covid 19 hotspot,197
penal interncional negligencia,197
dies contracting covid,197
handling covid 19,197
5g coronavirus conspiracy,197
casos confirmados covid,197
due coronavirus pandemic,196
interncional negligencia lesa,196
dari covid19 lebihbaikdirumahaja,196
covid 19 would,196
update covid 19,196
muertes covid 19,195
sa covid 19,195
ayo di rumah,195
kita dari covid19,194
rumah saja kita,194
ne sont pas,194
coronavirus sophie raworth,193
lesa humanidad firma,192
sophie raworth deserted,192
casos positivos covid,192
raworth deserted london,192
la irresponsabilidad genocida,191
genocida cumpa presidente,191
covid 19 tidak,191
irresponsabilidad genocida cumpa,191
dr vladimir zelenko,190
alberto fernández propagó,190
medio pandemia coronavirus,190
even white house,190
cumpa presidente alberto,190
population coronavirus covid19,189
pruebas covid 19,189
पर आज बज,189
stay home order,189
covid19 sarscov2 forecast,188
covid 19 could,188
united states coronavirus,188
coronavirus crisis push,188
house insiders know,187
supporters even white,187
covid 19 quarantine,187
fight coronavirus pandemic,187
white house insiders,187
tests persistent coronavirus,187
official counts understate,186
live updates trump,186
enough cover average,186
โคว ดเราต องรอด,186
calling borisjohnson rishisunak,186
boris johnson hospital,186
cover average rent,186
borisjohnson rishisunak theresecoffey,186
average rent prices,186
home save lives,186
petition calling borisjohnson,186
prevent covid 19,185
rishisunak theresecoffey help,185
theresecoffey help struggling,185
help struggling people,185
allowance enough cover,185
prices coronavirus covid19pandemic,185
struggling people increasing,185
local housing allowance,185
rent prices coronavirus,185
humanidad firma petición,185
coronavirus covid19pandemic via,184
home covid 19,184
covid 19 india,184
critical population coronavirus,184
covid19pandemic via 38_degrees,184
increasing local housing,184
housing allowance enough,184
people increasing local,184
uk response coronavirus,183
make fortune coronavirus,183
covid 19 país,183
stop covid 19,183
covid 19 dan,182
british pm boris,182
using covid 19,182
covid 19 infections,182
second home visit,182
number coronavirus cases,182
coronavirus boris johnson,181
next covid 19,181
bitch carole baskin,181
penyebaran covid19 dengan,181
epic white house,181
face au coronavirus,180
trump killing supporters,180
tcm prevent cure,180
third day row,180
prevent cure epidemic,180
casos positivos coronavirus,180
cure epidemic diseases,180
set make fortune,180
killing supporters even,180
एक रण बड,179
covid 19 emergency,179
mencegah penyebaran covid19,179
covid 19 us,179
बड धक कर,179
19 testing treatment,179
धक कर सकत,179
news coronavirus exercise,179
coronavirus rare broadcast,179
response coronavirus rare,178
और एक रण,178
counts understate coronavirus,178
awesome products support,177
firm set make,177
products support redbubble,177
understate coronavirus death,177
रण बड बड,177
death critical population,177
बड बड धक,177
updates trump warns,176
bronx zoo new,176
earn 600 ecoins,175
dan mencegah penyebaran,175
cuarentena elaislamiento lo,175
आश और एक,175
violando cuarentena elaislamiento,175
better days return,175
elaislamiento lo reto,175
free 50 crore,174
stay fuck home,174
東京都で新たに143人の感染確認 累計で1000人超 coronavirus,174
coronavirus últimas 24,174
new orleans saints,174
fortune coronavirus crisis,174
first known case,174
per il coronavirus,173
india covid 19,173
covid19 dengan lebihbaikdirumahaja,173
caso covid 19,172
worst president ever,172
princess cruise ship,172
da positivo coronavirus,172
hundreds thousands people,172
testing treatment free,172
covid 19 est,172
makes covid 19,171
cases new deaths,171
000 covid 19,171
coronavirus one chance,171
covid 19 corona,171
19 covid 19,171
one chance power,171
19 di indonesia,170
更新 東京都で新たに143人の感染確認 累計で1000人超,170
pearl harbor 11,170
scientists brand 5g,170
investigation ruby princess,170
हन पर आज,170
covid19 koronavirüs pazar,170
trump son in,170
epoch times app,169
reina isabel ii,169
chance power grab,169
port du masque,169
covid19 dudukrumah stayathome,169
times app see,169
putus mata rantai,169
claims complete rubbish,169
brand 5g claims,169
see exclusive coronavirus,169
app see exclusive,169
coronavirus coverage daily,169
tarımertelenemez covid19 koronavirüs,168
risk covid 19,168
5g claims complete,168
coverage daily updates,168
coronavirus sars cov,168
total number positive,168
exclusive coronavirus coverage,168
coronavirus cases rise,168
death covid 19,168
johnson hospitalized coronavirus,168
antisipasi dan mencegah,168
treatment free 50,168
covid 19 global,167
go back work,167
โคว ด19 covid19,167
government coronavirus raged,166
white house blowup,166
covid 19 epidemic,166
palm sunday mass,166
boris johnson ingresado,166
coronavirus scientists brand,166
dr fatih erbakan,166
denial dysfunction plagued,166
help stop coronavirus,166
trump white house,166
kushner covid 19,166
news coronavirus nhs,166
lord bath dies,165
coronavirus press briefing,165
crozier tests positive,165
criminal investigation ruby,165
narendramodi आव हन,165
50 crore pmjay,165
jga keluarga kita,165
kita jga keluarga,165
covid 19 yang,165
saja kita jga,165
trump coronavirus one,165
patients covid 19,164
coronavirus raged washington,164
symptoms covid 19,164
request pm _अपन,164
confirmed cases coronavirus,164
house covid 19,163
legendary nfl kicker,163
frente covid 19,163
addresses uk response,163
virus symptoms bbc,163
shadow corona unit,163
news mundo coronavirus,163
coronavirus relief bill,162
covid 19 hoax,162
stop spread coronavirus,162
dysfunction plagued government,161
raged washington post,161
total number cases,161
covid 19 disease,161
symptoms bbc news,161
crore pmjay beneficiaries,161
fill anonymous survey,161
death toll falls,161
survey page every,160
dempsey dies coronavirus,160
please fill anonymous,160
hospital coronavirus tests,160
covid 19 data,160
tiger tested positive,160
every entry helps,160
जल covid 19,160
tracking next covid,160
इस लड narendramodi,160
page every entry,160
kushner shadow corona,160
hotspot please fill,160
19 hotspot please,160
inside epic white,160
anonymous survey page,160
covid2019 covid19 coronavirus,159
कर खड 9pm9minute,159
nfl kicker dead,159
kicker dead coronavirus,158
people tested positive,158
hum_light_nahi_bujhaenge hum_light_nahi_bujhaenge coronavirus,158
covid 19 please,158
testing covid 19,158
jared kushner shadow,158
narendramodi कर खड,157
unit trump son,157
govt makes covid,157
tom dempsey legendary,157
después dar positivo,157
germany devolved logic,157
corona unit trump,157
god help us,157
logic helping win,156
get back work,156
dempsey legendary nfl,156
05 04 20,156
devolved logic helping,156
globalceasefire amidst covid19pandemic,156
jabatanpenerangan covid19 dudukrumah,156
effect coronavirus world,156
jptu jabatanpenerangan covid19,156
covid 19 updates,156
covered effect coronavirus,155
friend covered effect,155
coronavirus world economies,155
amidst covid19pandemic sign,155
video capitalism survive,155
amp covid 19,155
world economies video,155
covid 19 na,155
economies video capitalism,155
plagued government coronavirus,155
helping win coronavirus,155
coronavirus disease covid,154
since covid 19,154
covid 19 even,154
coronavirus cases india,154
restez chez vous,154
bush foundation sent,154
pandemic covid 19,154
regarding covid 19,154
call globalceasefire amidst,154
win coronavirus race,154
04 04 2020,153
2020 04 05,153
covid19pandemic sign rt,153
related covid 19,153
borisjohnson admitted hospital,153
effective treating coronavirus,153
covid 19 like,153
fish tank cleaner,152
combate covid 19,152
antonioguterres bold call,152
bold call globalceasefire,152
coronavirus conspiracy theories,152
chief antonioguterres bold,152
drop coronavirus deaths,151
toll falls third,151
anti parasite drug,151
coronavirus bout age,151
brett crozier tests,151
mudiktidak pikniktidak panik,151
pikniktidak panik lebihbaikdirumahaja,151
hospital tests persistent,150
र_नगर _च पट_र,150
people world standing,150
time lay weapons,150
falls third day,150
weapons join together,150
coronavirus covid19 covidー19,150
foundation sent million,150
memutus rantai penyebaran,150
dead coronavirus bout,150
movement calling globalceasefire,150
join together overcome,150
new death critical,150
lay weapons join,150
world standing chief,149
saints kicker tom,149
cegah penyebaran covid,149
us zoo tests,149
covid19 โคว ด19,149
bout age 73,149
standing chief antonioguterres,149
coronavirus conspiracy theory,148
días después dar,148
new york first,148
covid 19 war,148
इट कर जल,148
spain daily death,148
take covid 19,148
covid19 positive cases,148
navy captain fired,148
gon na get,148
defeat covid 19,148
covid 19 firma,148
नम narendramodi आव,147
modi govt makes,147
letting people die,147
dio positivo coronavirus,147
practice social distancing,147
coronavirus spain daily,147
freshly cooked meals,147
johnson ingresado hospital,146
hello friend covered,146
rt world news,146
fatih erbakan tarımertelenemez,146
first daily drop,146
000 casos coronavirus,146
big decision modi,146
decision modi govt,145
erbakan tarımertelenemez covid19,145
covid 19 going,145
abc news via,145
ai tempi coronavirus,145
day row coronavirus,145
लड narendramodi कर,145
mers coronavirus 2013,145
daily drop coronavirus,145
anti malarial drug,145
house coronavirus press,144
allegedly playing politics,144
covid 19 et,143
críticos 0total testeados,143
dengan tidak mudik,143
doctor new york,143
home state paper,143
light end tunnel,143
bath dies contracting,143
news covid 19,143
capolitics capol covid19,143
tests covid 19,142
response team sent,142
corona coronavirus covid19,142
unemployment trump incompetence,142
china coronavirus outbreak,142
high unemployment trump,142
sent ppe stockpile,142
past 24 hours,142
ppe stockpile china,142
team sent ppe,142
spreading covid 19,142
country world today,142
stockpile china economy,142
china economy collapsed,142
together overcome covid19,141
admitted hospital covid,141
combatir covid 19,141
the covid 19,140
next two weeks,140
sign rt coronavirus,140
johnson taken hospital,140
pour lutter contre,140
9म नट coronavirus,139
white house covid,139
lives daily talk,139
hello fantasticradio co,139
solutions time lay,139
world covid 19,139
new covid19 cases,139
may high risk,139
co uk fantasticradiouk,139
covid19 proud join,139
homeofpossibilities believeyourpossibilities stayhomesafelives,139
2121 hello fantasticradio,139
believeyourpossibilities stayhomesafelives buy,139
vs covid 19,139
tiger us zoo,139
problems require global,139
uk fantasticradiouk homeofpossibilities,139
19 firma petición,139
stayhomesafelives buy song,139
fantasticradio co uk,139
90 2121 hello,139
global problems require,139
0208 90 2121,139
fantasticradiouk homeofpossibilities believeyourpossibilities,139
require global solutions,139
global solutions time,139
overcome covid19 proud,139
rantai covid 19,139
captain tests positive,138
ödemesiz finans desteği,138
help stop spread,138
lockdown may high,138
contagio covid 19,138
playing politics middle,138
thousands people world,138
number confirmed cases,138
patricia bosworth dies,138
rumah saja tidak,138
wearing face masks,138
ay geri ödemesiz,138
contagios covid 19,138
york first daily,138
faizsiz ay geri,138
