gram,counts
covid 19 pandemic,6751
covid 19 cases,5842
covid 19 vaccine,3814
positive covid 19,3040
due covid 19,2962
facebook removes trump,2429
casos covid 19,2388
new covid 19,2221
removes trump post,1921
covid 19 deaths,1875
covid 19 testing,1692
covid 19 patients,1676
covid 19 via,1668
positivo covid 19,1491
da covid 19,1408
cases covid 19,1377
immune covid 19,1333
covid 19 crisis,1332
coronavirus covid 19,1316
amid covid 19,1314
tests positive coronavirus,1267
covid 19 death,1210
covid 19 test,1201
últimas 24 horas,1195
covid 19 response,1192
children almost immune,1164
covid 19 outbreak,1133
impact covid 19,1116
every 80 seconds,1113
spread covid 19,1109
false covid 19,1073
first day school,1070
covid 19 di,1052
covid 19 vaccines,1044
pandemia covid 19,995
grader tests positive,982
almost immune covid,977
pandemi covid 19,969
second grader tests,903
covid 19 relief,893
new coronavirus cases,868
covid 19 update,866
died covid 19,861
covid 19 claims,844
vacuna covid 19,822
trump post coronavirus,820
covid 19 tests,794
trump campaign ability,793
covid 19 misinformation,788
tested positive covid,785
campaign ability tweet,778
restricted trump campaign,771
test positive covid,761
bbc news coronavirus,760
temporarily restricted trump,759
twitter temporarily restricted,758
ability tweet false,758
tweet false covid,753
containing coronavirus misinformation,752
mask save lives,736
wear mask save,734
covid 19 data,730
tests positive covid,724
help stop coronavirus,714
save lives help,712
lives help stop,712
fight covid 19,694
post coronavirus misinformation,694
positivos covid 19,691
nuevos casos coronavirus,680
contagios covid 19,673
johnson amp johnson,672
covid 19 coronavirus,669
covid 19 virus,662
death every 80,660
issemymmr grupo médicos,647
grupo médicos acabado,647
médicos acabado carrera,647
general cursando especialidad,647
cursando especialidad convertirse,647
especialistas denuncian malas,647
denuncian malas prácticas,647
malas prácticas negligencia,647
prácticas negligencia medica,647
negligencia medica tema,647
medica tema covid19,647
tema covid19 issemymrt,647
covid19 issemymrt favor,647
05 08 2020,646
nuevos casos covid,635
one death every,629
toll covid 19,626
covid 19 em,621
coronavirus death toll,620
covid 19 america,593
new cases covid,592
grim new toll,592
acabado carrera médico,574
carrera médico general,574
médico general cursando,574
especialidad convertirse especialistas,574
convertirse especialistas denuncian,574
issemymrt favor llegue,574
favor llegue berthacasado,574
positif covid 19,573
response covid 19,572
coronavirus live updates,568
80 seconds grim,567
seconds grim new,567
india mitega india,563
new york times,562
mitega india mitega,562
new toll covid,562
covid 19 case,554
attending first day,554
covid 19 situation,551
tested positive coronavirus,548
post covid 19,548
positive coronavirus attending,546
vaksin covid 19,542
covid 19 impact,542
covid 19 may,527
covid 19 lockdown,524
coronavirus attending first,520
covid 19 amp,516
covid 19 positive,515
salva vidas ayuda,513
conelcovidnosejuega issemymmr grupo,511
lord shriram epitomises,505
shriram epitomises justice,505
epitomises justice righteous,505
justice righteous conduct,505
righteous conduct fairness,505
conduct fairness amp,505
fairness amp firmness,505
amp firmness dealings,505
firmness dealings moral,505
dealings moral rectitude,505
moral rectitude amp,505
rectitude amp courage,505
amp courage values,505
courage values much,505
values much needed,505
much needed corona,505
needed corona times,505
corona times jaishriram,505
coronavirus task force,504
get covid 19,503
times jaishriram justicefordrabhishek,501
sign petition via,500
du covid 19,493
pacientes covid 19,483
amid coronavirus pandemic,482
claiming children almost,482
new york city,478
com covid 19,473
things go away,470
citing coronavirus concerns,468
president donald trump,468
covid 19 treatment,466
using covid 19,463
muertes covid 19,463
biden scraps plans,459
georgia second grader,458
covid 19 related,450
coronavirus covid19 sarscov2,449
casos positivos covid,448
last 24 hours,446
covid 19 restrictions,446
covid 19 safety,445
trump post false,438
000 covid 19,435
gt gt gt,431
covid19 sarscov2 forecast,431
coronavirus misinformation rules,431
population coronavirus covid19,430
made serious mistake,428
uk made serious,427
falsely claiming children,425
new death population,421
death population coronavirus,421
misinformation rules twitter,420
every 15 seconds,419
plans travel milwaukee,419
scraps plans travel,419
serious mistake border,417
mistake border policy,417
rules twitter also,417
twitter also clamps,417
border policy say,416
vidas ayuda detener,416
covid 19 infections,415
covid 19 concerns,414
nomination acceptance citing,414
covid 19 hospital,413
milwaukee nomination acceptance,413
acceptance citing coronavirus,413
travel milwaukee nomination,412
go away like,411
ayuda detener coronavirus,410
coronavirus uk made,405
policy say mps,404
tapabocas salva vidas,404
fallecidos covid 19,400
usa tapabocas salva,398
100 million doses,395
post containing coronavirus,395
stop coronavirus googledoodle,391
covid 19 infection,388
due coronavirus pandemic,387
trump campaign account,386
post falsely claiming,385
new covid19 cases,383
trump post falsely,383
covid 19 symptoms,382
day school georgia,382
dio positivo covid,376
covid 19 recovery,375
covid 19 través,374
us covid 19,371
virus covid 19,369
kids almost immune,363
biden travel milwaukee,361
away like things,360
tested positive covid19,359
covid 19 protocols,359
experimental covid 19,359
like things go,359
treatment covid 19,358
covid 19 covid19,353
travel milwaukee accept,353
trump campaign tweeting,353
news coronavirus uk,352
covid 19 global,352
die covid 19,352
confirmed covid 19,351
fanb gnbfirmejuntoalpueblo protecciónysaludenmarcha,350
19 death toll,348
worst covid 19,348
di tengah pandemi,348
exceed 700 000,346
deaths exceed 700,343
trump covid 19,340
children covid 19,339
spreading covid 19,336
penanganan covid 19,333
wave covid 19,333
da positivo covid,333
global coronavirus deaths,333
dio positivo coronavirus,333
uribe dio positivo,333
5ago fanb gnbfirmejuntoalpueblo,328
uribe da positivo,327
covid 19 mundo,326
covid 19 méxico,325
tengah pandemi covid,324
risk covid 19,324
hiding covid 19,324
covid 19 news,323
stop trump hiding,323
sign petition stop,322
petition stop trump,322
trump hiding covid,321
infected covid 19,320
19 data sign,319
posts containing coronavirus,319
muertos covid 19,314
prueba covid 19,314
tested covid 19,314
fmi termina coronavirus,313
removes trump campaign,313
petition via change,312
twitter penalize trump,311
covid 19 spread,310
mortes covid 19,309
children virtually immune,307
covid 19 vaccination,306
fbs team cancel,305
facebook twitter penalize,305
kasus covid 19,304
coronavirus deaths exceed,304
trump campaign misleading,304
number covid 19,302
covid 19 numbers,301
campaign misleading coronavirus,301
trump posts containing,301
pasien covid 19,300
uk better position,300
better position think,299
new cases confirmed,299
covid 19 new,299
cancel football season,299
israel reopened schools,298
take covid 19,298
august 05 2020,297
penalize trump posts,297
sendavidperdue senatemajldr johncornyn,296
gobierno pague fmi,295
covid 19 dan,293
person dies every,293
misleading coronavirus video,293
entertain empower educate,292
empower educate talk,292
0208 090 2121,292
090 2121 hello,292
2121 hello fantasticradio,292
hello fantasticradio co,292
fantasticradio co uk,292
co uk fantasticradiouk,292
uk fantasticradiouk homeofpossibilities,292
fantasticradiouk homeofpossibilities believeyourpossibilities,292
homeofpossibilities believeyourpossibilities stayhomesafelives,292
coronavirus uk better,290
covid 19 updates,290
deaths covid 19,289
believeyourpossibilities stayhomesafelives buy,289
stayhomesafelives buy song,289
citing coronavirus misinformation,289
covid 19 health,287
potential covid 19,287
get chance share,287
free covid 19,286
victories may suggest,286
one person dies,285
cancel compartment exam,284
educate talk us,284
talk us 0208,284
us 0208 090,284
coronavirus relief bill,284
counting victories may,284
may suggest publicized,284
suggest publicized much,284
publicized much celeb,284
much celeb politician,284
celeb politician wins,284
politician wins 1000,284
wins 1000 times,284
1000 times meaningfull,284
times meaningfull get,284
meaningfull get chance,284
chance share around,284
share around united,284
around united strong,284
penyebaran covid 19,282
debacle sends warning,282
dies every 15,282
drug covid 19,282
decile gobierno pague,282
since covid 19,281
communal harmony india,281
death toll rises,281
coronavirus misinformation post,281
post first time,281
brote covid 19,280
pandemic bjp government,280
bjp government executing,280
government executing agendas,280
executing agendas without,280
agendas without considering,280
situation communal harmony,280
interview debacle sends,280
pague fmi termina,280
trump post first,280
new cases coronavirus,279
doses covid 19,279
19 pandemic bjp,279
without considering situation,279
considering situation communal,279
time citing coronavirus,278
back to school,277
contagio covid 19,277
first time citing,277
nuevos casos positivos,276
go back school,276
johncornyn senjohnbarrasso senjohnthune,276
recovered covid 19,275
15 seconds average,275
expresidente álvaro uribe,275
senatemajldr johncornyn senjohnbarrasso,275
test positive coronavirus,274
80 seconds coronavirus,273
aid covid 19,272
covid 19 listen,272
dr fauci says,271
senjohnbarrasso senjohnthune sentoddyoung,271
post president trump,270
current covid 19,269
reopening must quarantine,269
must quarantine due,269
álvaro uribe vélez,267
700 000 one,267
coronavirus first day,267
team cancel football,267
covid 19 drug,266
vacina covid 19,265
positive coronavirus first,265
false claim children,265
hello po konting,265
po konting tulong,265
konting tulong po,265
tulong po sana,265
po sana kahit,265
sana kahit konting,265
kahit konting barya,265
konting barya po,265
barya po sobrang,265
po sobrang laking,265
sobrang laking tulong,265
laking tulong na,265
tulong na po,265
sa magulang ko,265
magulang ko godbless,265
ko godbless po,265
stay safe kahit,265
safe kahit retweet,265
kahit retweet lang,265
retweet lang po,265
lang po sobra,265
po sobra kong,265
appreciated gcash number,265
gcash number 09151198529,265
confirmados covid 19,262
people covid 19,262
media others silencing,262
others silencing doctors,262
silencing doctors early,262
doctors early drug,262
early drug covid,262
19 listen dr,262
listen dr gold,262
dr gold watch,262
covid 19 brasil,261
handling covid 19,261
covid 19 guidelines,261
know covid 19,261
says covid 19,261
na po sa,261
exposed covid 19,260
quarantine due covid,260
provide lebanese migrants,259
covid 19 go,259
harmony india babrimasjidawaitsjustice,259
000 one person,259
lebanese migrants aid,258
migrants aid covid,258
amp covid 19,258
pruebas covid 19,258
mematuhi protokol kesehatan,258
pence reopening must,258
ministry foreign affairs,257
school touted pence,257
19 global crisis,256
students school touted,256
colombiano álvaro uribe,256
post false claim,256
coronaviruspandemic covid19india coronavirus,256
foreign affairs provide,255
affairs provide lebanese,255
control covid 19,255
port du masque,255
touted pence reopening,255
remove trump post,255
case covid 19,254
lebanese ministry foreign,254
update covid 19,254
million covid 19,253
po stay safe,253
covid 19 venezuela,252
casos positivos coronavirus,252
po sa magulang,252
godbless po stay,252
sobra kong appreciated,252
kong appreciated gcash,252
álvaro uribe dio,251
facebook remove trump,251
twitter bans president,250
get well soon,248
s3599 sendavidperdue senatemajldr,247
claim children covid,247
refuse covid 19,246
trump first time,246
sends warning fall,245
daily cases increase,245
joe biden travel,245
test covid 19,244
warning fall campaign,244
hwra s3599 sendavidperdue,244
deal pfizer moderna,244
twitter facebook remove,244
pela covid 19,243
reported today utc,243
today utc time,243
coronavirus disease 2019,242
casos confirmados covid,242
prevent restrictions refuse,242
covid 19 checkpoints,242
bans president trump,242
student tests positive,241
restrictions refuse covid,241
covid19 hwra s3599,241
covid 19 hit,240
confirmed coronavirus cases,240
milwaukee accept democratic,240
breaking twitter bans,239
affected covid 19,238
protokol kesehatan dan,238
covid 19 emergency,237
mail in voting,236
defeating covid 19,236
pfizer moderna procure,236
álvaro uribe da,236
new south wales,235
canada reaches deal,235
moderna procure experimental,235
trump interview debacle,234
petition prevent restrictions,234
procure experimental covid,234
covid 19 país,233
time covid 19,233
usa northamerica cases,233
reaches deal pfizer,233
covid 19 smartnews,232
19 america via,232
america via nbcnews,232
america coronavirus response,231
world health organization,230
covid 19 vía,230
от covid 19,230
effects covid 19,229
covid 19 prevention,229
covid 19 still,228
school forcing class,228
almost immune coronavirus,228
remove post containing,228
day school forcing,226
2020 covid 19,224
trump patriots qanons,224
patriots qanons qanon2020,224
qanons qanon2020 pedowood,224
qanon2020 pedowood isi,224
pedowood isi lebanonexplosion,224
isi lebanonexplosion china,224
second wave covid,223
dr anthony fauci,223
lebanonexplosion china justice,223
china justice truth,223
justice truth truthmatters,223
truth truthmatters godwins,223
truthmatters godwins makeamericagreatagain,223
forcing class quarantine,223
dead covid 19,222
godwins makeamericagreatagain covid19,222
makeamericagreatagain covid19 trump,222
masker saat beraktivitas,222
twitter bans trump,222
kids back school,221
19 vaccine candidate,220
india covid 19,220
trials covid 19,220
covid19 trump trudeaucorruption,220
dan penggunaan masker,220
penggunaan masker saat,220
expresidente colombiano álvaro,220
crisis covid 19,219
tratar covid 19,219
saat beraktivitas di,219
pentingnya mematuhi protokol,219
kesehatan dan penggunaan,219
propagación covid 19,218
covid 19 exposure,217
000 muertos coronavirus,216
beraktivitas di tengah,216
dying covid 19,215
da positivo coronavirus,215
jatim bermasker polda,215
bermasker polda jatim,215
polda jatim dan,215
jatim dan jajarannya,215
dan jajarannya mengedukasi,215
covid 19 jawatimurbermasker,215
like covid 19,214
2020 08 05,214
covid 19 world,214
key defeating covid,214
jajarannya mengedukasi tentang,214
mengedukasi tentang pentingnya,214
tentang pentingnya mematuhi,214
37 per dose,213
first time ever,212
indiafightscorona stayhome staysafe,212
covid 19 first,211
worst coronavirus outbreak,211
public health crisis,211
slogan jatim bermasker,211
dies covid 19,210
covid 19 hair,210
dengan slogan jatim,210
deals pfizer moderna,209
may spread easily,209
spread easily schools,209
covid 19 yang,207
every covid 19,207
covid19 last days,207
easily schools thought,207
latest covid 19,206
venezuela boa vista,206
covid19 bot covid19,206
bot covid19 last,206
last days stats,206
cases trend01 aug,206
covid19india coronavirus indiafightscorona,206
coronavirus indiafightscorona stayhome,206
2019 covid 19,205
coronavirus response looks,205
covid 19 would,205
160 000 americans,205
covid 19 outbreaks,205
got covid 19,204
ridiculous america coronavirus,204
response looks abroad,204
covid 19 hoax,204
next covid19 relief,204
cónsul venezuela boa,204
subsided israel reopened,203
follow up questions,203
millions coronavirus vaccine,203
detener coronavirus googledoodle,203
trump trudeaucorruption thegreatawakeningworldwide,203
32 37 per,203
49 mil 698,203
schools go well,202
daily covid 19,202
global death toll,202
frente covid 19,202
19 go away,202
19 hair loss,202
19 may spread,202
reopened schools go,201
first covid 19,201
last seven days,201
president trump campaign,201
looks like holding,201
like holding mouse,201
removes coronavirus misinformation,201
crisis sign petition,200
testing positive covid,200
covid19 relief package,200
thought report warns,200
global crisis sign,199
basic follow up,199
schools thought report,199
coronavirus covid19 contagien,199
covid 19 economic,198
total number cases,198
prevención covid 19,198
florida man spits,198
holding mouse covid,198
mouse covid 19,198
covid subsided israel,197
total covid 19,197
covid 19 real,197
adaptasi kebiasaan baru,196
covid 19 act,196
wearing mask restaurant,196
el distanciamiento social,195
saying children almost,195
going 1b every,194
sntesalud el distanciamiento,194
covid 19 could,193
700 000 muertos,193
free face masks,193
1b every days,193
coronavirus outbreak world,193
456 mil 100,193
ethnic minorities over,192
minorities over exposed,192
000 americans dead,192
protecciónysaludenmarcha gnboficialve fabiozavarsep,192
died every 80,192
contre covid 19,191
covid 19 últimas,191
usa passed 40b,191
passed 40b treating,191
40b treating covid19,191
still grasping severity,191
vaccine 32 37,190
grasping severity pandemic,190
covid 19 research,189
reduce testing times,189
trump still grasping,189
access high quality,189
spits boy wearing,189
aos 73 anos,189
coronavirus coronavirusupdate covid19,188
impacted covid 19,188
global covid 19,188
coronavirus go away,188
one person died,188
boy wearing mask,188
distanciamiento social medida,188
educación distancia iniciará,188
distancia iniciará ciclo,188
iniciará ciclo escolar,188
gmt coronavirus coronavirusupdate,187
coronavirusupdate covid19 coronaviruspandemic,187
even covid 19,187
cas covid 19,187
combatir covid 19,187
cubrebocas guardar distancia,187
guardar distancia social,187
distancia social evitan,187
social evitan gran,187
evitan gran porcentaje,187
gran porcentaje gotículas,187
porcentaje gotículas expulsadas,187
covid19 contagien prevención,187
safe line speeds,187
facebook removes coronavirus,187
day covid 19,186
past 24 hours,186
health care workers,186
second coronavirus wave,186
máximo cuidado quedateencasa,186
gotículas expulsadas coronavirus,186
expulsadas coronavirus covid19,186
siempre usa cubrebocas,186
covid 19 claim,186
high quality free,186
stop spread coronavirus,185
miércoles agosto 2020,185
li meng yan,185
uncover biological signatures,185
news covid 19,185
second wave coronavirus,185
in person classes,185
help save lives,185
usar cubrebocas guardar,185
contagien prevención siempre,185
prevención siempre usa,185
person died every,185
americans access high,185
support hr 7296,185
penularan covid 19,184
severe covid 19,184
biological signatures worst,184
personas covid 19,184
day new case,184
covid 19 children,184
pandemic source tells,184
man spits boy,184
social medida estratégica,184
medida estratégica contener,184
evitar contagiarte infectar,184
contagiarte infectar aún,184
infectar aún seguimos,184
quality free face,184
mississippi school district,184
line speeds covid,184
speeds covid 19,184
reduce animal suffering,184
contagiados covid 19,183
estratégica contener coronavirus,183
covid19 evitar contagiarte,183
regresoaclasessnte educación distancia,183
sntesalud usar cubrebocas,183
au covid 19,182
israel admite error,182
contener coronavirus covid19,182
coronavirus covid19 evitar,182
aún seguimos semáforos,182
clases presenciales salud,182
presenciales salud primero,182
support safe line,182
tweeting removes post,182
disease 2019 covid,181
fighting covid 19,181
related covid 19,181
seguimos semáforos máximo,181
please support hr,181
senators support safe,181
protect workers reduce,181
workers reduce animal,181
scientists uncover biological,180
covid 19 president,180
health amp safety,180
season due coronavirus,180
semáforos máximo cuidado,180
farmsanctuary join tell,180
join tell representative,180
tell representative senators,180
representative senators support,180
19 act protect,180
act protect workers,180
bans trump campaign,180
covid 19 ini,179
19 death certificate,179
getting covid 19,179
covid 19 antibodies,179
safe covid 19,179
covid 19 plan,179
severity pandemic source,179
source tells cnn,179
nomination concerns coronavirus,179
action farmsanctuary join,179
signatures worst covid,178
citing covid 19,178
gnbfirmejuntoalpueblo protecciónysaludenmarcha gnboficialve,178
usa cubrebocas quedateencasa,178
took action farmsanctuary,178
help slow spread,177
covid 19 na,177
covid 19 victims,177
new case rates,177
volverán clases presenciales,177
patients nursing homes,176
slow spread covid19,176
government covid 19,176
nuevos casos covid19,176
president trump first,176
ciclo escolar condición,176
escolar condición semáforo,176
condición semáforo covid19,176
semáforo covid19 volverán,176
covid19 volverán clases,176
sa covid 19,175
virtually immune coronavirus,175
000 coronavirus cases,175
ministro da saúde,175
declining day new,175
covid 19 one,174
abc news via,174
battles covid 19,174
admite error reapertura,174
seconds coronavirus america,174
víctimas covid 19,173
caso covid 19,173
executive order authorizing,173
order authorizing federal,173
authorizing federal audit,173
over exposed covid,173
despite covid 19,173
error reapertura escuelas,173
42 states territories,173
states territories declining,173
territories declining day,173
discuss takes persuade,173
kids covid 19,173
uribe covid 19,173
petition executive order,172
federal audit verify,172
coronavirus ethnic minorities,172
new cases covid19,172
vacunas covid 19,172
treating covid19 going,172
covid19 going 1b,172
every days 42,172
days 42 states,172
case rates it,172
rates it ethical,172
it ethical discuss,172
ethical discuss takes,172
takes persuade people,172
persuade people unite,172
people unite stop,172
1st day school,172
salud primero maestrosinsustituibles,172
blocked trump campaign,172
ng covid 19,171
coronavirus relief package,171
prevent spread covid19,171
amid coronavirus concerns,171
total confirmed cases,171
deberían repetir países,171
mask restaurant coronavirus,171
861 nuevos casos,171
treat covid 19,170
covid 19 risks,170
news via abc,170
long term care,170
gran fracaso israel,170
fracaso israel admite,170
reapertura escuelas deberían,170
escuelas deberían repetir,170
first fbs team,170
removes post containing,170
patients covid 19,169
critically ill covid,169
back covid 19,169
covid 19 5ago,169
trump tweeting removes,169
questions covid 19,168
de covid 19,168
public health officials,168
leaves anderson cooper,167
anderson cooper astonished,167
death toll covid19,167
covid 19 surge,167
canada signs deals,167
19 test results,166
covid 19 helicoide,166
covid 19 si,166
primero maestrosinsustituibles quedateencasa,166
maestrosinsustituibles quedateencasa aprendeencasa,166
misinformation post president,166
melawan covid19 gerakanpkkbagimasker,166
combate covid 19,165
battle covid 19,165
covid 19 contact,165
of covid 19,165
05 08 20,164
trump government coronavirus,164
government coronavirus experts,164
regarding covid 19,164
trump coronavirus claim,164
coronavirus claim leaves,164
nuevos contagios coronavirus,164
foretold lebanese explosion,164
lebanese explosion lmany,164
explosion lmany prophecies,164
lmany prophecies fulfilled,164
prophecies fulfilled the,164
fulfilled the important,164
the important thing,164
important thing messiah,164
thing messiah comingabnormal,164
messiah comingabnormal climate,164
comingabnormal climate covid19,164
climate covid19 grasshopper,164
covid19 grasshopper flood,164
grasshopper flood etc,164
flood etc repent,164
etc repent sinfollow,164
repent sinfollow righteousness,164
sinfollow righteousness holiness,164
righteousness holiness megamidweekexpo,164
long term effects,163
160 000 dead,163
person person contact,163
covid 19 spreading,163
000 americans died,162
coronavirus live news,162
claim leaves anderson,162
quedateencasa aprendeencasa covid19,162
coronavirus misinformation via,162
disease covid 19,161
chinese communist party,161
covid 19 rules,161
19 via youtube,161
football season coronavirus,161
lie dr fauci,161
covid 19 covid,160
covid19 covid19vic sweepstakes,160
covid19vic sweepstakes competitions,160
covid 19 plasma,160
covid 19 changed,160
use covid 19,160
person contact coronavirus,160
epidemiologist says hydroxychloroquine,160
numbers lie dr,160
100 casos confirmados,160
county covid 19,159
yale epidemiologist says,159
uconn becomes first,159
accept democratic nomination,159
the numbers lie,159
impacts covid 19,158
covid 19 agosto,158
19 lakh mark,158
covid 19 tally,158
time national crisis,158
national crisis cumm,158
crisis cumm ads,158
cumm ads suggests,158
ads suggests limiting,158
suggests limiting person,158
limiting person person,158
contact coronavirus beaten,158
coronavirus beaten play,158
beaten play safe,158
play safe play,158
safe play online,158
19 relief package,158
coronavirus vaccine doses,158
football season due,158
think covid 19,157
sur covid 19,157
doses coronavirus vaccine,157
negative covid 19,156
covid 19 impacts,156
nesta quarta feira,156
coronavirus vaccine trial,156
19 president trump,156
comment coronavirus new,156
death every covid,155
covid 19 et,155
callous comment coronavirus,155
19 first day,155
for covid 19,155
signs deals pfizer,155
audit verify cause,154
