gram,counts
covid 19,179693
19 pandemic,6761
coronavirus pandemic,6351
19 cases,5858
coronavirus covid19,5241
coronavirus cases,4659
covid19 coronavirus,4042
new cases,3914
19 vaccine,3822
positive covid,3159
due covid,3157
covid19 pandemic,3038
facebook removes,2987
nuevos casos,2873
coronavirus vaccine,2703
trump post,2628
coronavirus misinformation,2610
casos covid,2550
removes trump,2513
death toll,2488
new york,2425
positive coronavirus,2407
tested positive,2383
new covid,2372
wear mask,2341
go away,2317
trump campaign,2314
president trump,2298
tests positive,2280
donald trump,2237
public health,2180
casos coronavirus,2125
via youtube,2035
white house,1928
19 deaths,1911
social distancing,1876
new coronavirus,1784
700 000,1771
due covid19,1758
due coronavirus,1736
coronavirus covid,1732
covid19 cases,1720
coronavirus deaths,1707
19 testing,1706
24 horas,1706
almost immune,1688
19 patients,1680
19 via,1671
positivo covid,1585
united states,1554
álvaro uribe,1529
first time,1480
da covid,1467
august 2020,1463
coronavirus relief,1442
test positive,1442
save lives,1430
casos positivos,1428
cases covid,1417
immune covid,1391
gon na,1356
dr fauci,1344
19 crisis,1334
amid covid,1330
day school,1310
coronavirus outbreak,1294
wearing mask,1294
first day,1288
pandemia coronavirus,1270
últimas 24,1260
casos confirmados,1246
05 08,1233
positivo coronavirus,1228
19 death,1214
19 test,1207
children almost,1202
19 response,1196
spread covid,1187
back school,1181
second wave,1181
sars cov,1172
health care,1168
bbc news,1166
new deaths,1156
amid coronavirus,1152
impact covid,1145
post coronavirus,1144
confirmed cases,1143
19 outbreak,1134
news coronavirus,1133
task force,1133
long term,1132
gt gt,1130
every 80,1129
80 seconds,1126
many people,1118
active cases,1117
coronavirus concerns,1115
dio positivo,1099
24 hours,1096
mental health,1081
false covid,1081
stay safe,1079
coronavirus via,1073
live updates,1070
joe biden,1070
19 di,1053
19 vaccines,1047
pandemia covid19,1046
second grader,1046
pandemia covid,1031
coronavirus death,1030
coronavirus response,1025
pandemi covid,1024
looks like,1017
travel milwaukee,993
face masks,984
grader tests,984
contact tracing,975
08 2020,969
died covid,962
spread coronavirus,956
twitter temporarily,948
novel coronavirus,929
sign petition,924
coronavirus crisis,923
coronavirus live,921
coronavirus update,917
go back,910
facebook twitter,909
spread covid19,900
fake news,896
19 relief,893
help stop,884
stop coronavirus,883
stay home,876
agosto 2020,875
nursing homes,874
trump coronavirus,873
bill gates,873
19 update,869
cases coronavirus,869
death every,866
coronavirus uk,865
people died,857
vacuna covid,847
positive cases,846
19 claims,844
new post,842
wearing masks,837
wear masks,832
good news,830
death rate,822
make sure,819
social media,819
160 000,817
corona virus,815
via yahoo,810
covid19 vaccine,805
total cases,799
campaign ability,799
temporarily restricted,795
19 tests,794
19 misinformation,788
ability tweet,787
citing coronavirus,786
containing coronavirus,779
every day,776
restricted trump,775
football season,769
casos covid19,765
tweet false,763
coronavirus lockdown,759
000 people,754
protokol kesehatan,754
join us,753
fight covid,752
cases deaths,750
covid19 deaths,750
help us,749
going away,749
year old,744
mask save,744
000 americans,740
positive covid19,739
south africa,735
da positivo,733
last week,732
coronavirus testing,732
19 data,731
one person,730
in person,727
grim new,719
post covid,718
lives help,717
new covid19,717
around world,713
positivos covid,708
one death,708
trump says,704
contagios covid,703
casos nuevos,700
19 coronavirus,693
johnson amp,690
nuevos contagios,686
tema covid19,682
amp johnson,682
face mask,681
19 virus,673
500 000,673
test results,670
coronavirus googledoodle,664
open schools,662
du coronavirus,657
young people,656
relief package,656
high school,655
malas prácticas,648
grupo médicos,648
negligencia medica,648
issemymmr grupo,647
médicos acabado,647
acabado carrera,647
general cursando,647
cursando especialidad,647
especialidad convertirse,647
especialistas denuncian,647
denuncian malas,647
prácticas negligencia,647
medica tema,647
covid19 issemymrt,647
issemymrt favor,647
coronavirus stimulus,646
get covid,643
india mitega,642
coronavirus argentina,634
toll covid,633
covid19 covid,630
health officials,622
19 em,621
covid19 patients,620
casos activos,618
immune coronavirus,617
whitehouse realdonaldtrump,613
100 million,608
get coronavirus,606
relief bill,605
cases reported,604
total number,603
fauci says,601
response covid,600
via nbcnews,598
19 america,595
get tested,592
new toll,592
much needed,591
climate change,589
19 case,585
died coronavirus,583
pandemic covid19,582
100 000,579
fox news,579
stop spread,578
positif covid,578
global coronavirus,576
please retweet,576
favor llegue,575
carrera médico,574
médico general,574
convertirse especialistas,574
llegue berthacasado,574
corona covid19,573
10 000,572
50 000,568
salva vidas,567
seconds grim,567
pfizer moderna,566
health amp,565
immune system,564
muertos coronavirus,564
mitega india,563
york times,562
fight covid19,560
common cold,560
covid19 sarscov2,558
contagios coronavirus,555
du covid,555
attending first,555
one day,554
washington post,554
please help,553
19 situation,553
coronavirus attending,552
muertes coronavirus,550
people die,548
serious mistake,547
vaksin covid,547
000 deaths,547
school year,545
000 muertos,545
da saúde,543
19 impact,542
covid19 amp,541
coronavirus test,540
150 000,539
people dying,539
schools reopen,538
executive order,536
new normal,534
claiming children,534
19 may,532
covid19 covid_19,531
per day,530
loved ones,525
school district,525
19 lockdown,524
19 amp,524
two weeks,520
000 dead,518
19 positive,518
trump administration,516
covid19 crisis,516
things go,516
high risk,515
trump said,515
uk made,514
coronavirus task,514
covid covid19,514
coronavirus updates,513
ministerio salud,513
vidas ayuda,513
amp courage,513
american people,511
conelcovidnosejuega issemymmr,511
new death,510
fairness amp,510
petition via,509
small businesses,507
corona times,507
32 37,507
lord shriram,506
last 24,505
shriram epitomises,505
epitomises justice,505
justice righteous,505
righteous conduct,505
conduct fairness,505
amp firmness,505
firmness dealings,505
dealings moral,505
moral rectitude,505
rectitude amp,505
courage values,505
values much,505
needed corona,505
times jaishriram,505
across country,503
say mps,501
cases covid19,501
vacuna coronavirus,501
jaishriram justicefordrabhishek,501
pacientes covid,500
realdonaldtrump cnn,500
deaths reported,499
million doses,497
wash hands,497
border policy,496
muertes covid,495
coronavirus news,494
coronavirus disease,494
new zealand,494
abc news,494
com covid,492
twitter bans,491
cases confirmed,488
hong kong,487
nouveaux cas,487
york city,487
need help,485
deaths per,484
million people,484
need know,482
using covid,481
health crisis,481
scraps plans,481
president donald,480
hair loss,479
testing positive,477
campaign account,476
coronavirus corona,475
14 days,474
us coronavirus,472
slow spread,469
look like,469
number cases,469
impact covid19,469
twitter facebook,469
apple google,468
would like,466
19 treatment,466
000 covid,465
biden scraps,464
beirut explosion,463
get back,460
prevent spread,460
covid19 testing,460
georgia second,460
misinformation rules,458
covid coronavirus,457
trump interview,457
fight coronavirus,456
nuevo coronavirus,454
post false,453
19 related,451
positivo covid19,451
big pharma,451
americans died,448
children immune,447
19 safety,446
19 restrictions,446
click link,446
crisis coronavirus,445
via gatewaypundit,444
coronavirus covid_19,444
ee uu,442
post covid19,441
américa latina,441
months ago,441
falsely claiming,441
made serious,439
population coronavirus,439
every 15,439
post containing,437
away like,435
plans travel,435
trump posts,434
realdonaldtrump tuckercarlson,433
response coronavirus,432
sarscov2 forecast,432
schools open,430
positivos coronavirus,429
nursing home,428
died covid19,426
15 seconds,426
twitter also,426
covid19 lockdown,425
death population,425
falso positivo,425
federal government,424
uribe coronavirus,424
covid19 corona,423
covid19 relief,423
health department,422
coronavirus new,422
usa tapabocas,422
rules twitter,422
mail in,421
single day,421
economic recovery,420
die covid,420
mistake border,418
coronavirus trump,418
covid19 test,418
even though,418
school georgia,418
detener coronavirus,418
nomination acceptance,418
also clamps,418
19 infections,416
policy say,416
ayuda detener,416
wan na,415
reopen schools,415
19 concerns,414
fallecidos covid,414
19 hospital,414
virtually immune,414
milwaukee nomination,414
acceptance citing,414
covid19 covidー19,413
breaking news,412
miércoles agosto,412
back work,412
in the,412
virus covid,411
compartment exam,410
health workers,410
05 2020,409
covid19 trump,409
coronavirus infections,407
take action,405
department health,405
tapabocas salva,405
please support,404
us covid,404
clinical trials,403
remove trump,403
response covid19,402
di tengah,401
deaths covid19,400
herd immunity,400
mil casos,400
milwaukee accept,400
reopening schools,398
axios interview,398
health minister,397
covid19 response,395
study finds,395
distanciamiento social,394
nuovi casi,393
trump still,392
vaccine candidate,391
du covid19,389
great job,389
boa vista,389
19 infection,388
salud pública,388
post falsely,387
last year,385
coronavirus coronavirus,385
daily thanks,385
coronavirus tests,385
aug 2020,383
per capita,383
uribe dio,383
19 symptoms,382
johns hopkins,382
contagios covid19,381
biden travel,381
covid_19 covid19,380
coronavirus aid,380
trump covid,379
2020 08,378
positivity rate,378
pm et,378
cancel compartment,377
confirmed covid,377
treatment covid,377
het coronavirus,376
experimental covid,376
19 recovery,375
19 covid19,375
like things,375
19 través,374
since march,373
reported today,372
false claims,372
china virus,370
daily cases,370
get sick,370
second quarter,370
kids almost,370
get covid19,369
medidas prevención,369
5ago fanb,369
qu il,368
social distance,368
worst covid,368
of the,368
to school,367
small business,367
coronavirus spread,366
handling coronavirus,365
experts say,364
feel like,364
gop realdonaldtrump,364
via nyt,364
numbers lie,364
penyebaran covid,362
19 protocols,361
campaign tweeting,361
health safety,360
post president,360
spreading covid,359
jonathan swan,359
reopened schools,358
real estate,356
stayhome staysafe,356
reaches deal,355
children covid,354
cause death,354
19 global,354
tell us,354
florida man,354
global pandemic,354
deaths covid,353
agustus 2020,353
fanb gnbfirmejuntoalpueblo,353
got ta,351
stop trump,351
gnbfirmejuntoalpueblo protecciónysaludenmarcha,351
tengah pandemi,350
covid19 coronaviruspandemic,350
control coronavirus,350
covid cases,349
muertos covid,349
covid19 positive,349
spread virus,349
deaths exceed,348
exceed 700,348
coronavirus restrictions,347
corona coronavirus,347
covid19 vaccines,346
wear face,345
uribe da,345
risk covid,344
dies every,344
removes post,344
wave covid,343
covid deaths,343
breaking twitter,343
last days,342
us open,341
public schools,341
sounds like,341
could help,341
000 000,340
mask wearing,340
case count,340
years ago,340
petition stop,340
pandemic via,339
take care,338
20 000,338
college football,337
well done,337
total deaths,337
coronavirus first,337
coronavirus video,337
penanganan covid,336
08 05,336
recovery rate,336
going back,336
coronavirus patients,335
tested covid,335
infected covid,335
americans dead,334
boris johnson,333
healthcare workers,332
000 coronavirus,332
back to,331
new case,331
prueba covid,331
die coronavirus,331
via change,330
co uk,330
cases increase,330
covid_19 coronavirus,329
via googlenews,329
seems like,329
19 mundo,329
august 05,329
person dies,329
death threats,329
team cancel,329
next week,328
common sense,328
uk coronavirus,328
false claim,328
every single,327
opening schools,327
claim children,327
hiding covid,327
trump hiding,327
cases today,326
new confirmed,326
covid19 virus,326
termina coronavirus,326
family members,325
next year,325
take covid,325
19 méxico,325
fbs team,325
52 509,324
mortes covid,324
posts containing,324
uribe vélez,323
nuevas muertes,323
19 news,323
people need,323
est pas,323
senatemajldr johncornyn,323
season due,323
impact coronavirus,322
million covid,321
cases rise,320
100 mil,320
19 new,320
post trump,319
data sign,319
immune covid19,318
19 spread,318
cancel football,318
última hora,317
fmi termina,317
football players,316
coronavirus quarantine,316
personal salud,316
people like,316
twitter penalize,315
realdonaldtrump trump,314
coronavirus infection,313
better position,313
economic crisis,312
number covid,312
children virtually,312
watch live,311
penalize trump,311
million americans,310
virgin atlantic,310
looking forward,310
coronavirus case,310
get chance,310
pague fmi,310
says coronavirus,309
let us,309
data shows,309
cases amp,308
coronavirus related,308
next covid19,308
misleading coronavirus,308
decile gobierno,307
amp amp,306
kasus covid,306
19 vaccination,306
anthony fauci,305
people covid,305
campaign misleading,305
americans dying,304
world health,304
du masque,304
says florida,304
100 casos,304
19 numbers,303
working home,303
virus covid19,303
pasien covid,303
200 000,303
free covid,303
coronavirus través,302
side effects,302
na po,302
communities color,302
misinformation post,302
since covid,301
israel reopened,301
amp covid,301
tens thousands,301
let see,300
handling covid,300
per million,300
one thing,300
uk better,300
position think,299
quarantine due,299
post first,299
latest news,298
via nytimes,298
recovered covid,297
potential covid,297
send kids,297
novos casos,297
gobierno pague,297
infected coronavirus,296
said wednesday,296
sendavidperdue senatemajldr,296
vaccine doses,295
kids back,295
1000 times,295
senjohnthune sentoddyoung,295
19 dan,294
via yahoonews,294
re going,294
fatality rate,294
empower educate,293
talk us,293
come back,293
must quarantine,293
first fbs,293
entertain empower,292
educate talk,292
0208 090,292
090 2121,292
2121 hello,292
hello fantasticradio,292
fantasticradio co,292
uk fantasticradiouk,292
fantasticradiouk homeofpossibilities,292
homeofpossibilities believeyourpossibilities,292
believeyourpossibilities stayhomesafelives,292
19 updates,292
around united,292
facebook remove,292
colorado state,291
know covid,291
north carolina,291
people still,291
deaths due,291
coronavirus going,291
still get,291
day day,290
buy song,290
toll rises,290
immune response,290
press conference,290
dieron positivo,290
sends warning,290
may suggest,290
19 health,289
stayhomesafelives buy,289
the coronavirus,289
accept democratic,289
global crisis,288
people get,288
stimulus bill,288
contagio covid,288
per dose,288
chance share,288
coronavirus india,287
confirmed coronavirus,287
cases new,287
please read,287
covid19 outbreak,287
listen dr,287
share around,287
kids immune,287
gésio amadeu,287
05 agosto,286
death count,286
related deaths,286
covid19 update,286
covid19 going,286
victories may,286
brote covid,285
fact check,285
contagio covid19,285
safety measures,285
wednesday august,285
หน ากากอนาม,285
south korea,285
celeb politician,285
us 0208,284
bjp government,284
interview debacle,284
counting victories,284
suggest publicized,284
publicized much,284
much celeb,284
politician wins,284
wins 1000,284
times meaningfull,284
meaningfull get,284
united strong,284
students school,283
11 000,283
without considering,283
vaccine trial,283
drug covid,283
covid19india coronavirus,282
america coronavirus,282
debacle sends,282
seconds coronavirus,282
coronavirus numbers,281
pandemic bjp,281
executing agendas,281
communal harmony,281
harmony india,281
face coverings,281
time citing,281
die covid19,280
doses covid,280
government executing,280
agendas without,280
considering situation,280
situation communal,280
hwra s3599,280
concerns coronavirus,279
cases per,279
top story,279
coronavirus source,278
new report,278
current covid,278
covid19 beirut,278
foreign affairs,277
000 one,277
seconds average,277
2020 covid19,276
death certificate,276
says covid,276
mortality rate,276
millions doses,276
johncornyn senjohnbarrasso,276
senjohnbarrasso senjohnthune,276
first coronavirus,275
bio farma,275
port du,275
expresidente álvaro,275
adam silver,275
aid covid,274
face covering,274
vacina covid,274
hand sanitizer,273
test covid,272
covid19 death,272
remote learning,272
exposed covid,272
trump amp,272
00 pm,272
quarta feira,272
19 listen,272
distancia social,271
โคว ด19,271
अस पत,271
health ministry,271
po sa,271
via usatoday,270
hardest hit,270
health experts,270
000 casos,270
county health,270
lang po,270
get well,269
go well,269
please take,269
news via,269
amid covid19,269
long time,269
school touted,269
reopening must,269
da covid19,268
anyone else,268
pruebas covid,268
latest coronavirus,268
puede ser,268
speakerpelosi senschumer,268
dr gold,268
trump first,267
six months,267
time covid,267
coronavirus bill,267
aged care,267
school districts,267
po sana,267
media others,267
tweeting removes,267
coronavirus impact,266
confirmados covid,266
19 drug,266
secretaría salud,266
coronavirus data,266
treating covid19,266
kahit konting,266
tulong na,266
000 cases,265
like covid19,265
dying every,265
49 mil,265
hello po,265
po konting,265
konting tulong,265
tulong po,265
sana kahit,265
konting barya,265
barya po,265
po sobrang,265
sobrang laking,265
laking tulong,265
sa magulang,265
magulang ko,265
ko godbless,265
godbless po,265
safe kahit,265
kahit retweet,265
retweet lang,265
po sobra,265
sobra kong,265
appreciated gcash,265
gcash number,265
number 09151198529,265
case covid,264
schools go,264
india covid,264
control covid,264
mematuhi protokol,264
every time,264
argentina superó,264
well soon,263
kids school,263
il est,263
silencing doctors,263
gold watch,263
dead americans,262
must read,262
clinical trial,262
good job,262
others silencing,262
doctors early,262
early drug,262
19 brasil,261
follow up,261
