gram,counts
covid 19 cases,9325
covid 19 pandemic,5518
casos covid 19,2868
new covid 19,2721
new coronavirus cases,2552
positive covid 19,1768
due covid 19,1719
covid 19 deaths,1632
covid 19 patients,1623
coronavirus covid 19,1612
cases covid 19,1545
handling covid 19,1369
covid 19 crisis,1275
últimas 24 horas,1196
penyebaran covid 19,1171
hold public inquiry,1123
cegah covid 19,1110
sign petition via,1105
government handling covid,1104
inquiry government handling,1097
public inquiry government,1096
covid 19 vaccine,1095
19 pandemic covid19,1088
masker cegah covid,1079
berikan masker cegah,1077
covid 19 via,1029
bbc news coronavirus,1026
da covid 19,1023
cegah penyebaran covid,1023
sejutamaskerpoldajatimberbagi dengan sesama,1004
dengan sesama cegah,1004
sesama cegah penyebaran,1004
mantap berikan masker,1000
amid covid 19,989
coronavirus threat seriously,988
petition via ukchange,981
kept millions taking,981
millions taking coronavirus,979
taking coronavirus threat,966
may kept millions,962
fox news may,959
spread covid 19,927
news may kept,924
covid19 sign petition,922
data fox news,920
global coronavirus cases,916
pandemic covid19 sign,911
covid 19 di,885
covid 19 testing,878
covid 19 test,845
covid 19 death,835
covid 19 virus,821
newsom orders bars,816
covid 19 sejutamaskerpoldajatim,811
exceed 10 million,804
surge coronavirus cases,802
1trenggalek divhumas_polri khofifahip,795
divhumas_polri khofifahip humaspoldajatim,795
khofifahip humaspoldajatim thearieair,795
humaspoldajatim thearieair tjhinfar21,794
cases exceed 10,792
thearieair tjhinfar21 mantap,791
tjhinfar21 mantap berikan,791
last 24 hours,775
number covid 19,764
covid 19 infections,762
coronavirus failures exposed,756
america coronavirus failures,754
tests positive coronavirus,753
positivo covid 19,751
covid 19 segera,744
coronavirus death toll,744
covid 19 coronavirus,742
orders bars closed,741
covid 19 response,735
semoga covid 19,733
global covid 19,732
pandemia covid 19,714
get covid 19,709
covid 19 came,707
new york times,702
fight covid 19,689
june 28 2020,683
new cases covid,672
truth covid 19,667
states reporting decline,666
coronavirus live updates,663
reporting decline new,660
nuevos casos coronavirus,656
record surge new,655
johns hopkins university,645
learn truth covid,637
19 came usa,637
came usa world,637
usa world blame,637
tested positive covid,628
failures exposed record,628
new covid19 cases,627
exposed record surge,624
epoch times app,623
surge new infections,623
confirmed covid 19,619
way america coronavirus,616
exclusive coronavirus coverage,616
trump leading way,615
leading way america,611
died covid 19,607
contagios covid 19,605
times app see,604
app see exclusive,604
covid 19 tests,604
10 million coronavirus,604
coverage daily updates,603
28 06 2020,598
covid 19 outbreak,597
see exclusive coronavirus,597
coronavirus coverage daily,596
muertes covid 19,593
nuevos casos covid,592
us cases pass,592
top 10 million,590
cases pass 5m,583
covid 19 positive,582
black lives matter,551
pandemi covid 19,545
decline new coronavirus,537
pacientes covid 19,536
response covid 19,535
covid 19 update,535
covid 19 em,532
10 millones casos,528
covid 19 relief,526
two us states,523
world blame please,519
blame please retweet,519
get coronavirus control,519
covid 19 lockdown,518
way eat fajitas,497
covid 19 spread,493
million coronavirus cases,493
india covid 19,493
coronavirus cases surge,490
post covid 19,489
tested positive coronavirus,488
confirmed coronavirus cases,479
us states reporting,470
covid 19 case,463
impact covid 19,462
lawan covid 19,447
covid 19 situation,442
window closing us,436
coronavirus florida texas,434
texas reverse reopening,434
florida texas reverse,433
covid 19 antibody,431
positivos covid 19,430
like covid 19,430
coronavirus cases exceed,429
coronavirus cases spike,428
group protested state,425
untuk lawan covid,425
masker untuk lawan,423
maryland group protested,422
new cases coronavirus,419
founder maryland group,419
covid 19 amp,417
protested state reopen,411
state reopen tests,411
reopen tests positive,411
co founder maryland,411
coronavirus leicester could,410
closing us get,410
realdonaldtrump robertjeffress vp,408
covid 19 recovery,407
covid 19 mundo,407
positif covid 19,406
got ta quit,406
quit blaming covid19,406
global covid19 cases,406
19 segera berlalu,406
ta quit blaming,405
covid 19 infection,404
us covid 19,403
us get coronavirus,402
coronavirus task force,400
500 000 people,399
amid coronavirus pandemic,396
reverse reopening us,394
du covid 19,392
highest single day,390
rapid surge coronavirus,389
reopening us cases,389
blaming covid19 crappy,388
waiting shredded cheese,385
shredded cheese way,385
covid 19 fight,384
mortes covid 19,382
cheese way eat,382
private golf course,380
realdonaldtrump vp markmeadows,380
counties including angeles,380
us battles rapid,377
battles rapid surge,377
domingo 28 junio,377
vp markmeadows nytimes,377
covid19 crappy service,376
coronavirus cases rise,375
test positive covid,375
visits private golf,374
golf course us,374
coronavirus covid19 sarscov2,374
vacuna covid 19,373
course us battles,372
spike covid 19,371
superan 10 millones,371
covid19 cases exceed,366
months locked quarantine,366
covid 19 symptoms,365
mask covid 19,365
confirmados covid 19,365
date night months,365
locked quarantine waiting,364
going 18 minutes,361
breaking global covid19,361
hhs secretary warns,361
dies covid 19,360
trump visits private,358
night months locked,358
infected covid 19,357
people going 18,357
covid19 sarscov2 forecast,356
asked people going,356
location got ta,356
population coronavirus covid19,355
18 minutes unreal,355
wife date night,354
vacina covid 19,353
casos confirmados covid,351
says home secretary,351
19 antibody tests,350
10 years ago,349
leicester could locked,349
death population coronavirus,348
new death population,347
covid19 positive cases,343
27 junio 2020,341
10 million worldwide,341
confirmed cases covid19,340
cases top 10,339
quarantine waiting shredded,338
bars closed counties,338
tested covid 19,337
covid 19 numbers,336
fallecidos covid 19,336
trump hhs secretary,336
pence cancels campaign,334
could locked says,334
austerity 10 years,333
locked says home,332
deaths covid 19,331
pass 10 million,331
coronavirus control trump,331
free end summer,329
covid 19 still,328
cancels campaign events,327
return austerity 10,327
wear mask covid,326
therapy covid 19,326
control trump hhs,326
closed counties including,326
angeles citing coronavirus,326
tx location got,325
infections vastly undercounted,324
cases pass 10,324
新たに１７万人 死者 ５０万人,323
supera 10 millones,323
entertain empower educate,322
empower educate talk,322
0208 090 2121,322
090 2121 hello,322
2121 hello fantasticradio,322
hello fantasticradio co,322
fantasticradio co uk,322
co uk fantasticradiouk,322
uk fantasticradiouk homeofpossibilities,322
fantasticradiouk homeofpossibilities believeyourpossibilities,322
homeofpossibilities believeyourpossibilities stayhomesafelives,322
die covid 19,322
single day spike,322
including angeles citing,322
believeyourpossibilities stayhomesafelives buy,321
stayhomesafelives buy song,321
covid free end,320
coronavirus infections vastly,320
tested positive covid19,320
linked nursing homes,318
eat fajitas asked,318
could covid free,317
allen tx location,317
genomics guided molecular,317
guided molecular maps,317
molecular maps sars,317
maps sars cov,317
sars cov targets,317
efficient inhibitor covid,317
inhibitor covid 19,317
covid 19 tripartite,317
19 tripartite combination,317
tripartite combination prophylaxis,317
combination prophylaxis therapy,317
prophylaxis therapy covid,317
scotland could covid,316
28 junio 2020,316
educate talk us,315
talk us 0208,315
us 0208 090,315
deaths linked nursing,315
19 cases rise,315
on knife edge,315
expert says scotland,313
casos positivos covid,312
unreal allen tx,312
amp covid 19,311
fajitas asked people,311
000 new cases,310
says scotland could,310
minutes unreal allen,308
covid 19 covid19,306
actual coronavirus infections,306
000 covid 19,306
500 000 deaths,306
gov newsom orders,306
coronavirus expert says,304
coronavirus cases pass,303
global coronavirus death,302
covid 19 brasil,302
000 people died,301
covid 19 real,301
coronavirus cases worldwide,299
forget wear mask,299
kogi chief judge,299
gt gt gt,298
getting covid 19,297
19 recovery rate,296
coronavirus disease 2019,296
breaking foxnews alert,296
june 27 2020,295
perspective data fox,294
due coronavirus spread,294
people covid 19,293
2019 covid 19,293
shouting white power,293
half million people,292
covid 19 nedeniyle,292
19 covid 19,290
number coronavirus cases,290
virus covid 19,287
covid 19 isolation,287
antibody tests knew,285
know covid 19,284
hit 10 million,284
fighting covid 19,283
cases last 24,283
tests positive covid,280
surpass 10 million,280
covid 19 spike,279
test positive coronavirus,278
covid 19 hoax,278
coronainfoch covid19 corona,278
covid 19 data,277
com covid 19,275
global coronavirus infections,275
caused covid 19,274
people died coronavirus,273
2020 06 28,272
masks social distancing,272
knife edge ahead,272
distribution covid 19,271
spike coronavirus cases,271
patients critical condition,270
officials allowed distribution,270
期日前投票に行きましょう 自粛から自衛へ 小池百合子,270
pm will return,270
will return austerity,270
ahead lockdown easing,270
小池 オリンピックは中止 山本,269
オリンピックは中止 山本 いまだ決断できない,269
edge ahead lockdown,267
knew many flawed,266
lockdown easing scientist,266
covid 19 impact,265
covid 19 país,265
federal officials allowed,265
山本 いまだ決断できない 宇都宮感染者１００６万人,265
allowed distribution covid,264
tests knew many,264
muertos covid 19,264
いまだ決断できない 宇都宮感染者１００６万人 新たに１７万人,264
宇都宮感染者１００６万人 新たに１７万人 死者,264
coronavirus pm will,264
covid 19 través,263
自粛から自衛へ 小池百合子 １５兆円で底上げ,263
小池百合子 １５兆円で底上げ 山本太郎救済は予算の組換えで,263
１５兆円で底上げ 山本太郎救済は予算の組換えで 宇都宮健児都民より五輪が大事,263
山本太郎救済は予算の組換えで 宇都宮健児都民より五輪が大事 小池,263
宇都宮健児都民より五輪が大事 小池 オリンピックは中止,263
covid 19 restrictions,261
easing scientist warns,261
sábado 27 junio,260
19 death toll,259
coronavirus live news,259
people died today,259
28 juni 2020,258
uk on knife,257
19 cases surge,256
disease 2019 covid,256
surge covid 19,255
nuevos casos positivos,254
coronavirus infections pass,254
infections pass 10m,254
pass 10m mark,254
80 days welfare,254
welfare works covid19,254
coronavirus deaths linked,253
foods water poor,253
water poor peoples,253
days welfare works,253
since covid 19,252
28jun fanbygnbinvictas uniónluchaycompromiso,252
covid 19 could,251
10 million mark,251
10m mark data,251
suriyafansclub providing foods,251
providing foods water,251
poor peoples continues,251
peoples continues 80,251
continues 80 days,251
covid 19 related,248
mundo supera 10,248
covid 19 méxico,247
think covid 19,247
rise covid 19,247
distance wash hands,246
mark data show,246
past 24 hours,245
bakanlığı ünvan değişikliği,245
ünvan değişikliği sınavı,245
değişikliği sınavı covid,245
sınavı covid 19,245
new cases confirmed,244
people wear masks,244
news covid 19,244
coronavirus uk on,244
coronavirus cases top,243
deği şi kli,243
supporter shouting white,243
cure covid 19,242
19 nedeniyle ertelenmiştir,242
şi kli ği,242
nedeniyle ertelenmiştir çok,241
ertelenmiştir çok yorgunuz,241
bir defalığına sinavsiz,241
kli ği yapılmasını,240
ği yapılmasını talep,240
yapılmasını talep ediyoruz,240
asymptomatic covid 19,239
wave covid 19,238
wash hands often,237
28 june 2020,237
white power video,237
asked self quarantine,236
us coronavirus cases,236
dying covid 19,236
california gov newsom,236
defalığına sinavsiz ünvan,236
sinavsiz ünvan deği,236
ünvan deği şi,236
retweet supporter shouting,236
10 millones contagios,235
stay home much,234
total number cases,234
patients nursing homes,234
new covid19 positive,234
trump retweet supporter,234
single day record,233
de covid 19,233
senelyediyildiz ordualtastv sağlık,233
ordualtastv sağlık bakanlığı,233
sağlık bakanlığı ünvan,233
casos positivos coronavirus,232
covid 19 vía,231
millet vekilimizden destek,230
26 mil 381,229
first local lockdown,229
kits covid 19,229
talep ediyoruz sayın,229
ediyoruz sayın millet,229
sayın millet vekilimizden,229
outrage trump retweet,229
10 000 000,228
19 cases top,227
second wave coronavirus,226
half million deaths,226
slow spread covid19,225
covid 19 updates,225
500 000 mark,225
test covid 19,224
penanganan covid 19,224
crisis covid 19,224
yorgunuz pandeminin nezaman,224
pandeminin nezaman biteceği,224
nezaman biteceği bile,224
biteceği bile belli,224
bile belli değilken,224
belli değilken nasıl,224
değilken nasıl sınava,224
000 new coronavirus,223
health problems caused,222
çok yorgunuz pandeminin,222
nasıl sınava hazırlanabiliriz,222
sınava hazırlanabiliriz bir,222
hazırlanabiliriz bir defalığına,222
chief judge dies,222
wear damn mask,221
keep safe distance,221
help slow spread,221
medio millón personas,221
rising coronavirus cases,220
vacunas covid 19,220
19 906 new,220
increase covid 19,219
ever single day,219
recovery rate 58,219
migrants yemen scapegoated,219
000 americans dead,218
pasien covid 19,218
yemen scapegoated coronavirus,218
covid 19 surge,217
please wear mask,217
affected covid 19,217
10 million cases,217
covid 19 patient,217
pass 500 000,217
african migrants yemen,217
total confirmed cases,216
kasus covid 19,216
corona virus cure,216
works covid19 here,216
people wearing masks,215
covid 19 silent,215
become india biggest,215
testing kits covid,215
white power live,215
delhi wasted lockdown,214
wasted lockdown become,214
lockdown become india,214
scapegoated coronavirus outbreak,214
sfcstandscovid19welfare80d sooraraipottru suriya_offl,214
27 06 2020,213
propagación covid 19,213
vekilimizden destek istiyoruz,213
says covid 19,212
florida covid 19,212
india biggest hotspot,212
worldwide coronavirus deaths,212
10 000 new,211
new cases reported,211
covid 19 may,211
trump knew putin,211
coronavirus delhi wasted,211
world missed covid,210
missed covid 19,210
covid 19 treatment,210
window closing stop,210
cases hit 10,209
000 mark johns,207
mark johns hopkins,207
hopkins university research,207
confirmed cases covid,206
000 coronavirus cases,206
safe distance wash,205
hands often cover,205
19 silent spread,205
contagio covid 19,205
casos coronavirus mundo,205
coronavirus cases hit,205
new cases covid19,204
sets new record,202
covid 19 puede,202
california counties including,202
university research shows,202
home much keep,201
much keep safe,201
often cover cough,201
million covid 19,201
779 new cases,201
covid 19 vitamin,201
cases single day,200
351 nuevos casos,200
health minister harsh,200
cov targets reveal,200
targets reveal utility,200
reveal utility vitamin,200
utility vitamin efficient,200
vitamin efficient inhibitor,200
19 vitamin quercetin,200
vitamin quercetin estradiol,200
unfolds across divided,200
covid 19 hospital,199
rate 58 health,199
58 health minister,199
calamity unfolds across,199
212 mil 802,198
jptu jabatanpenerangan covid19,198
nearly 20 000,198
like leaning left,198
leaning left hook,198
threat seriously washington,198
closing stop coronavirus,198
coronavirus calamity unfolds,197
covid 19 going,196
minister harsh vardhan,196
closed california counties,196
spreading covid 19,195
seriously washington post,195
tweeted white power,195
bars closed california,195
article amp reuters,194
covid 19 largest,194
across divided us,194
largest ever single,194
85 people visited,193
aumento casos covid,193
10 million confirmed,193
covid19 corona trendingnews,193
single day cases,193
pela covid 19,192
knew putin hunting,192
vastly undercounted data,191
covid 19 yang,191
125 000 americans,191
two states reporting,191
visited michigan bar,190
michigan bar get,190
cases one day,190
covid 19 tally,190
people tested positive,190
pm cares fund,190
decline new cases,190
left hook coronavirus,190
sooraraipottru suriya_offl sfc,190
19 largest ever,190
stay at home,189
rate covid 19,189
fight people driven,189
anti body testing,189
knowingly sold faulty,189
trump tweeted white,189
novos casos covid,188
covid 19 kabupaten,188
19 isolation centre,188
hook coronavirus calamity,188
putin successfully killed,188
sold faulty anti,188
faulty anti body,188
covid 19 corona,187
time covid 19,187
2020 covid 19,186
people visited michigan,186
coronaviruspandemic covid19india coronavirus,186
findings dim hopes,186
covid19 here today,186
admin knowingly sold,186
self quarantine 85,185
quarantine 85 people,185
от covid 19,185
despite covid 19,185
212 802 casos,185
crise du coronavirus,185
nearly half million,185
soldiers putin successfully,185
sunday june 28,184
covid 19 world,184
death toll passes,184
hopes herd immunity,184
day cases trump,184
nuevos casos covid19,183
putin hunting soldiers,183
covid 19 helped,183
dim hopes herd,183
body testing kits,183
cases trump tweeted,183
covid 19 task,182
ministério da saúde,182
covid 19 na,182
infections tops 10m,182
successfully killed soldiers,182
counties including due,182
802 casos confirmados,181
gmt coronavirus coronavirusupdate,181
coronavirus coronavirusupdate covid19,181
coronavirusupdate covid19 coronaviruspandemic,181
cases worldwide top,181
worldwide top 10,181
says window closing,181
hunting soldiers putin,181
daily cases increase,180
casos confirmados coronavirus,180
undercounted data shows,180
covid 19 epidemic,180
covid 19 venezuela,179
recovered covid 19,179
em 24 horas,179
death toll rises,179
tops 10m worldwide,179
including due coronavirus,179
access covid 19,177
herd immunity immunity,177
immunity immunity passports,177
reported today utc,176
today utc time,176
19 task force,176
news coronavirus covid19,176
10 millones infectados,176
even feel well,176
19 fight people,176
covid 19 findings,176
feeling next decade,176
spread maximum sfcstandscovid19welfare80d,176
maximum sfcstandscovid19welfare80d sooraraipottru,176
high covid 19,175
spread covid19 identify,175
covid19 identify risk,175
identify risk cases,175
risk cases sooner,175
cases sooner self,175
sooner self reporting,175
self reporting symptoms,175
reporting symptoms daily,175
symptoms daily even,175
daily even feel,175
19 findings dim,175
could feeling next,175
virus hits college,175
19 death rate,174
covid 19 would,174
coronavirus cases one,174
au covid 19,174
usa northamerica cases,174
covid 19 news,174
feel well download,174
well download app,174
next decade virus,174
decade virus hits,174
19 infections tops,174
soldiers admin knowingly,174
pruebas covid 19,173
covid 19 guidelines,173
orders bars close,173
hits college towns,173
19 helped artist,173
helped artist work,173
covid 19 spikes,172
bbc news mundo,172
cases surpass 10,172
top covid 19,172
500 000 worldwide,172
leicester could first,172
latest covid 19,171
coronavirus cases surpass,171
coronavirus two states,171
killed soldiers admin,171
events florida arizona,170
covid 19 last,170
us coronavirus two,170
coronavirus últimas 24,169
covid 19 spreading,169
frente covid 19,169
43 coronavirus deaths,169
outbreak pandemic sars,169
daily covid 19,169
arizona florida texas,169
covid19 cases last,169
covid 19 global,168
problems caused covid,168
risk covid 19,168
new york city,168
28 jun 2020,168
warns window closing,168
take covid 19,167
update covid 19,167
doctors learned fighting,167
new record daily,166
covid 19 new,166
many health problems,166
live updates global,166
world covid 19,165
case covid 19,165
swift dangerous turn,165
covid 19 people,164
confirmed covid19 cases,164
surpass 500 000,164
of covid 19,164
here today tag,164
campaign events florida,163
events arizona florida,163
global pandemic news,163
arizona florida coronavirus,163
beginning understand many,163
vice president mike,163
president mike pence,163
symptoms covid 19,163
millones casos coronavirus,163
pandemic covid19 via,163
covid19 via ukchange,163
solo across atlantic,163
bar get covid,162
understand many health,162
people recovered disease,162
indiafightscorona stayhome staysafe,162
today tag spread,162
pandemic news coronavirus,161
coronavirus covid19 protests,161
found march 2019,161
march 2019 sewage,161
2019 sewage sample,161
way us going,161
tag spread maximum,161
sails solo across,161
contracting covid 19,160
death toll nears,160
scientists beginning understand,160
worldwide covid 19,160
covid 19 en,160
second wave covid,160
pandemic anytime soon,160
casos positivos covid19,159
new cases new,159
nuevos covid 19,159
10 millions cas,159
us going getting,159
california governor orders,159
coronavirus mundo superan,158
day record new,158
perfectly captures way,158
captures way us,158
going getting top,158
125 000 dead,157
effects covid 19,157
people driven pm,157
across atlantic reach,157
covid 19 covid,156
daily new covid,156
number new coronavirus,156
000 americans died,156
19 cases exceed,156
28 family members,156
reach father 90,156
lives matter protests,155
demand congress stop,155
congress stop corporate,155
stop corporate abuse,155
corporate abuse covid,155
abuse covid 19,155
rising covid 19,155
edit jikook taekook,155
anything ve seen,155
flights banned sails,155
coronavirus number covid,155
deaths surpass 500,155
support vulnerable children,155
sign petition demand,154
19 relief sign,154
us sets new,154
americans wear masks,154
coronavirus traces found,154
traces found march,154
terkait new normal,154
kepada masyarakat agar,154
covid19 last days,154
home minister amit,154
seen perfectly captures,154
getting top covid,154
19 pandemic anytime,154
banned sails solo,154
atlantic reach father,154
petition demand congress,153
mundo superan 10,153
covid 19 one,153
died today still,153
minister amit shah,153
covid 19 cluster,152
catch covid 19,152
think anything ve,152
counties due coronavirus,152
dead covid 19,151
million confirmed cases,151
wear fucking mask,151
covid 19 trump,151
covid 19 killed,151
satgas aman nusa,151
memberikan himbauan dan,151
new normal kepada,151
000 people worldwide,151
pm narendra modi,151
wear masks amid,151
casos nuevos covid,150
covid 19 hit,150
prevent covid 19,150
moment people died,150
toll nears 500,150
covid 19 care,150
signed petition calling,150
control covid 19,150
even covid 19,150
tim satgas aman,150
aman nusa covid,150
nusa covid 19,150
19 kabupaten cilacap,150
kabupaten cilacap memberikan,150
cilacap memberikan himbauan,150
himbauan dan woro,150
dan woro woro,150
woro woro terkait,150
woro terkait new,150
normal kepada masyarakat,150
masyarakat agar tetap,150
agar tetap memenuhi,150
tetap memenuhi protokol,150
memenuhi protokol kesehatan,150
protokol kesehatan porlescilacap,150
kesehatan porlescilacap poldajateng,150
ve seen perfectly,150
michigan college bar,150
record daily new,149
combatir covid 19,149
turbulence next week,149
sewage sample spanish,149
free covid 19,149
terra indígena yanomami,149
coronavirus indiafightscorona stayhome,149
stock market may,148
may face severe,148
face severe bout,148
beyond only one,148
sample spanish study,148
total covid 19,148
covid 19 vaccines,148
cas covid 19,148
thread au terminada,148
coronavirus cases india,148
covid 19 28jun,148
affected covid19 pandemic,148
texas medical center,148
covid19 bot covid19,148
bot covid19 last,148
last days stats,148
cases trend23 jun,148
covid19india coronavirus indiafightscorona,148
governor orders bars,148
believe covid 19,147
covid 19 like,147
said covid 19,147
market may face,147
many flawed 60,147
flawed 60 minutes,147
contracted covid 19,147
nhs saved life,147
past 72 hours,147
bout turbulence next,146
next week beyond,146
mil 802 casos,146
covid 19 não,146
60 minutes cbs,146
good news covid,146
إجمالي عدد الحالات,146
day covid 19,145
cases new deaths,145
coronavirus cases break,145
severe bout turbulence,145
week beyond only,145
only one rising,145
one rising coronavirus,145
da terra indígena,145
passes 500 000,145
modi namo app,145
new confirmed cases,144
wear mask public,144
cases break record,144
100 millones vacunas,144
reasons stock market,144
minutes cbs news,144
english covid 19,143
wear face mask,143
nears 500 000,143
حالات وفاة جديدة,143
908 حالة شفاء,143
10 million nearly,143
thomas carle new,142
carle new deutsch,142
