gram,counts
covid 19,141506
19 pandemic,5785
19 cases,5142
coronavirus pandemic,4421
coronavirus covid19,4296
coronavirus cases,3821
new cases,3557
19 vaccine,3286
covid19 coronavirus,3085
nuevos casos,2769
positive covid,2661
covid19 pandemic,2280
due covid,2250
casos covid,2242
new covid,2145
casos coronavirus,2104
24 horas,2015
tested positive,1927
public health,1901
coronavirus vaccine,1695
20 agosto,1657
new coronavirus,1640
últimas 24,1593
social distancing,1589
19 deaths,1588
new york,1582
coronavirus covid,1527
due covid19,1510
covid19 cases,1472
positive coronavirus,1448
tests positive,1411
19 testing,1362
covid_19 coronavirus,1346
casos positivos,1309
death toll,1284
test positive,1260
active cases,1240
wear mask,1238
cases covid,1206
20 08,1203
august 20,1163
vacuna covid,1161
protokol kesehatan,1157
19 via,1145
via youtube,1121
24 hours,1111
19 crisis,1111
covid_19 covid19,1096
positivo covid,1094
19 test,1078
20 2020,1071
impact covid,1060
due coronavirus,1035
donald trump,1014
coronavirus deaths,1014
casos confirmados,1006
spread coronavirus,987
sars cov,981
get well,977
000 people,963
19 patients,956
united states,954
da covid,952
live updates,951
pandemia coronavirus,946
positivo coronavirus,935
amid covid,931
news coronavirus,927
40 000,919
pandemia covid,912
170 000,912
well soon,903
stay safe,901
herd immunity,892
spread covid,892
confirmed cases,892
19 outbreak,887
gon na,885
pandemia covid19,885
aug 20,877
coronavirus covid_19,874
08 2020,872
dio positivo,857
joe biden,853
new zealand,849
19 di,849
south korea,838
long term,838
pandemi covid,818
spread covid19,811
mental health,801
coronavirus outbreak,792
nursing homes,778
agosto 2020,760
new deaths,754
19 response,752
white house,738
casos covid19,733
gt gt,733
corona virus,730
cases reported,726
many people,725
positive cases,724
19 tests,716
covid19 covid,716
contact tracing,711
casos nuevos,711
coronavirus crisis,707
amid coronavirus,705
coronavirus update,697
covid19 covid_19,683
in person,678
face masks,674
novel coronavirus,670
please help,668
bbc news,668
coronavirus argentina,667
people died,666
help us,665
vacuna coronavirus,662
contagios covid,662
last week,659
last 24,656
covid19 lockdown,654
19 update,649
nouveaux cas,645
10 000,637
19 coronavirus,637
wearing mask,634
go back,630
next week,629
coronavirus lockdown,629
health care,627
august 2020,625
second wave,624
total cases,623
new covid19,619
back school,616
covid19 vaccine,613
year old,606
fight covid,602
contagios coronavirus,599
nuevos contagios,599
casos activos,598
19 infections,595
positivos covid,591
trump administration,587
coronavirus live,580
covid19 sarscov2,570
new post,569
post covid,567
19 death,566
president trump,565
young people,563
000 americans,563
candidato vacunal,562
nuovi casi,560
69 652,554
19 impact,554
bill gates,553
ministerio salud,552
join us,552
good news,551
lost job,550
du coronavirus,549
looks like,549
cases coronavirus,548
total number,541
100 000,531
make sure,529
positive covid19,527
du masque,525
death rate,523
19 restrictions,522
get covid,519
19 virus,519
covid19 deaths,518
19 case,518
stay home,512
every day,512
wearing masks,512
coronavirus via,512
08 20,507
died covid,507
aged care,504
new death,503
around world,501
cases deaths,501
19 em,500
port du,500
health officials,498
positif covid,490
response covid,489
bill cassidy,488
children may,486
exposed covid,484
ensayos clínicos,484
global pandemic,482
jueves 20,482
000 dead,480
new normal,480
face mask,479
covid coronavirus,478
wear masks,478
19 positive,476
south africa,472
deaths reported,467
nursing home,467
coronavirus infections,466
19 data,465
please retweet,465
first time,461
per day,460
muertes covid,459
19 lockdown,459
coronavirus response,459
cases since,453
health minister,449
vacuna rusa,448
19 agosto,447
social media,446
muertes coronavirus,442
qu il,440
loved ones,438
population coronavirus,436
in the,435
от covid,434
york times,433
cases covid19,433
fake news,432
19 2020,428
virus covid,428
penyebaran covid,428
pcr test,427
sarscov2 forecast,425
single day,421
health department,421
pacientes covid,420
19 amp,420
du covid,420
death population,417
19 news,415
cassidy tests,414
covid cases,413
est pas,413
pmoindia narendramodi,412
steve bannon,412
60 000,411
corona covid19,409
2020 08,408
covid covid19,408
post covid19,408
task force,408
high school,408
19 hospital,408
il coronavirus,407
save lives,406
19 relief,405
two weeks,405
covid19 crisis,404
jee neet,401
coronavirus relief,401
slow spread,400
coronavirus disease,398
americans died,394
back work,391
died coronavirus,391
000 deaths,390
stop spread,388
jobless claims,386
het coronavirus,385
highest death,383
california wildfire,382
positivos coronavirus,381
coronavirus tests,380
coronavirus corona,380
covid19 amp,380
study finds,380
sir please,379
50 000,379
19 symptoms,377
get tested,376
health amp,372
larger role,372
vaccine trials,370
play larger,369
20 august,368
cases confirmed,367
common cold,365
response coronavirus,362
live news,361
death rates,361
died covid19,360
test results,360
since april,360
need know,359
covid19 pandemia,359
covid19 covidー19,358
clinical trials,357
sign petition,356
small businesses,356
wash hands,356
crisis coronavirus,355
department health,355
towns within,351
of the,351
corona coronavirus,350
19 infection,350
santa fe,350
potro álvarez,350
last days,349
get back,349
fight covid19,349
records highest,349
working home,347
covid19 patients,347
despite covid,347
primer candidato,347
19 través,346
miguel bosé,346
would like,344
silent spreaders,343
dr fauci,342
get coronavirus,341
via yahoo,341
stayhome staysafe,340
covid covid_19,339
co uk,338
19 situation,338
vacuna covid19,337
impact covid19,337
coping tips,337
19 meets,337
flu season,336
coronavirus death,336
lockdown coping,336
tips suggestions,336
suggestions others,336
meets california,336
positivity rate,335
neet jee,335
fox news,334
covid19 lost,334
test covid,333
prime minister,333
coronavirus australia,333
nuevo coronavirus,331
highest daily,331
dem policies,330
salud pública,329
photograph might,329
2020 encapsulated,329
covid19india coronavirus,328
coronavirus test,328
contagio covid,328
wildfire photograph,328
trump coronavirus,327
india mitega,327
covid19 testing,326
million people,325
pandemic covid19,325
american people,325
du covid19,325
19 spread,324
need help,324
might 2020,324
coronaviruspandemic covid19india,323
coronavirus testing,323
covid19 coronaviruspandemic,322
contagios covid19,322
post office,321
sen bill,321
three months,319
eduardo feinmann,318
coronavirus india,318
build wall,318
19 related,318
aumento casos,318
may play,318
nueva normalidad,317
próxima semana,317
prevent spread,316
américa latina,315
drrpnishank pmoindia,315
personal salud,315
28 36,314
covid19 bot,314
talk us,314
response covid19,314
coronavirus case,314
pls help,314
house parties,311
19 exposure,311
one day,311
24 ore,310
coronavirus infection,310
new study,310
19 treatment,309
highest number,308
deaths covid,307
kamala harris,306
última hora,306
petition via,305
entertain empower,305
empower educate,305
educate talk,305
0208 090,305
090 2121,305
2121 hello,305
hello fantasticradio,305
fantasticradio co,305
uk homeofpossibilities,305
homeofpossibilities believeyourpossibilities,305
buy song,304
look like,304
johnson amp,304
covid19 test,303
people get,303
climate change,303
believeyourpossibilities buy,302
number cases,302
post coronavirus,302
since march,302
il est,302
daily thanks,301
nuevas muertes,301
terapia intensiva,301
number covid,300
coronavirus updates,300
testing positive,300
mil casos,299
take care,299
reported today,299
past 24,298
us 0208,298
covid19 response,297
amp johnson,296
frente covid,295
000 personas,294
000 covid,293
across country,292
postpone jee,290
months ago,290
teachers could,290
mitega india,290
coronavirus través,289
agustus 2020,289
fernando simón,289
added uk,289
14 days,289
19 segera,288
last year,288
go away,287
19 safety,287
seluruh anggota,287
19 outbreaks,286
coronavirus news,286
free covid,286
wan na,286
small business,286
173 000,285
000 new,285
covid19 virus,285
20 agustus,284
let us,283
segera berakhir,283
stay classroom,283
china recomenda,283
recovery rate,282
download app,282
wear face,282
positivo covid19,281
daily coronavirus,281
pandemic via,280
semoga pandemi,280
pendisiplinan protokol,279
case numbers,279
know covid,279
via nyt,279
going back,279
mchooyah delta,279
health ministry,278
says coronavirus,278
cases amp,277
august 19,277
could stay,277
video covid,275
uso cloroquina,275
airbnb bans,275
million americans,274
novos casos,273
hong kong,272
catching covid,272
side effects,271
high risk,271
vaksin covid,271
polri dan,271
covid19 positive,271
das coronavirus,271
au coronavirus,271
kepada seluruh,270
dan semoga,270
coronavirus spread,269
tell us,269
anggota polri,269
job pls,269
pacientes recuperados,268
riesgo contagio,268
johns hopkins,267
cases rise,267
fault individuals,267
individuals result,267
cases 22,266
adaptasi kebiasaan,266
via gatewaypundit,266
update covid,266
cases per,266
realdonaldtrump trump,266
extend coronavirus,266
pm et,266
puede ser,265
kesehatan melului,265
melului polriwajibpakaimasker,265
polriwajibpakaimasker kepada,265
school year,265
top story,265
recomenda uso,265
nuevos positivos,264
social distance,264
250 000,264
penanganan covid,264
com covid,264
result neoliberalism,264
people dying,263
amid covid19,263
medidas prevención,263
unemployment benefits,263
infection rate,262
contre covid,262
whole life,262
coronavirus source,261
real estate,261
even though,261
market 2020,260
impact coronavirus,260
notre dame,260
il faut,260
debido coronavirus,260
secure job,260
confirmed covid,259
kebiasaan baru,259
abc news,259
motorcycle rally,259
feel like,259
sonu sood,259
sir due,259
covid19 last,258
coronavirus patients,258
help slow,258
drrpnishank narendramodi,257
20 20,257
well done,257
daily cases,256
covid19 corona,256
latest news,256
classroom exposed,256
au covid,256
vacunal cubano,256
infected covid,255
19 recovery,255
vice president,255
flu vaccine,255
role transmission,255
coronavirus il,254
impact analysis,254
cases today,254
spread virus,253
northamerica cases,253
coronavirus amp,253
breaking news,253
kasus covid,253
día hoy,253
hospital data,253
ripsubhasri_save30lakh ripsubhasri_save30lakh,252
covid19 via,252
people die,252
help secure,252
since covid,251
total deaths,251
economic recovery,251
increase covid,251
coronavirus indiafightscorona,250
24 heures,250
schools reopen,250
evictions ban,250
six months,249
postal service,249
caso positivo,249
19 updates,248
pandemic coronavirus,248
help corona,248
corona video,248
experts say,248
times india,248
risk covid,248
healthcare workers,248
19 plan,248
uk coronavirus,248
pandemic join,248
ministry health,247
back to,247
meri maa,247
maa song,247
song sonu,247
sood help,247
one recommendation,247
175 000,246
infected coronavirus,246
deaths covid19,246
coronavirus españa,246
prepared covid,246
next year,245
petition calling,245
via change,244
van bien,244
cases india,243
frente coronavirus,243
fallecidos covid,243
anthony fauci,243
mail in,243
daily updates,243
home pandemic,243
job one,243
59 mil,243
signed petition,242
mil muertes,242
study suggests,242
people covid,242
per cent,241
per il,241
affected covid,241
latin america,241
change whole,241
sturgis motorcycle,240
got ta,240
19 08,239
india news,239
conspiracy theory,239
rise covid,239
usa northamerica,239
recommendation change,239
quedateencasa quedateenclase,239
first wave,238
fight coronavirus,238
cosas van,238
portugal added,238
30 000,237
19 covid19,237
intendente avellaneda,237
ver si,237
fundeducation fundthefrontlines,237
indiafightscorona stayhome,236
rentrée scolaire,236
covid19 update,236
the coronavirus,236
coronavirus evictions,236
53 866,235
bot covid19,235
days stats,235
narendramodi pmoindia,235
penyebaran covid19,235
time covid,235
cada vez,235
latest covid,235
last night,235
lindseygrahamsc realdonaldtrump,235
inicio curso,235
one forced,235
state health,234
mortes covid,234
die covid,234
via 38_degrees,234
22 millones,233
come back,233
odds catching,233
urgently extend,233
ban one,233
forced home,233
stop coronavirus,232
coronavirus coronavirus,232
seems like,232
via granma_digital,232
ve signed,232
to the,232
potential covid,231
nobody could,231
coronavirus covidー19,230
19 real,230
health safety,230
di indonesia,230
coronavirus vía,230
calling robertjenrick,230
robertjenrick urgently,230
aujourd hui,229
19 patient,229
cases increase,229
months later,228
virus covid19,228
person classes,228
19 últimas,228
2020 covid,227
coronavirus coronavirusupdate,227
republican party,227
children silent,227
say nobody,227
wall donors,227
igualdad oportunidad,227
19 20,226
โคว ด19,226
20 000,226
coronavirus nursing,226
charged defrauding,226
years ago,225
19 contact,225
join via,225
could prepared,225
people tested,224
world health,224
immune system,224
da pandemia,224
thursday august,223
good job,223
pool party,223
20 21,223
dead americans,223
even feel,223
social security,223
defrauding build,223
quedateenclase educación,223
20 96,222
19 protocols,222
medio pandemia,222
number coronavirus,222
59 106,222
flu shot,221
muertos covid,221
technology ai,221
vuelta cole,221
dismissed years,221
years warnings,221
000 coronavirus,220
covid deaths,220
like covid,220
back normal,220
warnings say,220
control coronavirus,219
us covid,219
wuhan china,219
spreading coronavirus,219
distancing rules,219
test coronavirus,219
nuovi positivi,219
coronavirus últimas,219
cloroquina covid,219
tested covid,218
feel well,218
pandemic news,218
deaths due,218
coronavirus outbreaks,218
contagio covid19,218
covid19 death,218
since coronavirus,217
19 méxico,216
india covid,216
coronavirus related,216
quarantine list,216
da covid19,216
19 risks,216
public schools,216
distancia debido,216
845 nuovi,216
luchemos juntos,216
obat covid,215
looking forward,215
19 vía,215
family members,215
people like,215
150 years,215
americans dead,214
face coverings,214
drrpnishank dg_nta,213
long haulers,213
bringing total,213
cybersecurity technology,213
vocal cord,213
educación debemos,213
debemos fortalecer,213
fortalecer igualdad,213
reto aislamiento,213
aislamiento enseñanza,213
enseñanza distancia,213
pandemia luchemos,213
2020 covid19,212
coronavirus coverage,212
australia fault,212
amp amp,211
secretaría salud,211
ee uu,211
gajendra singh,211
oportunidad reto,211
juntos igualdad,211
806 casos,211
soberana 01,210
northern ireland,210
coronavirus país,209
house coronavirus,209
19 polriwajibpakaimasker,208
tratamiento covid,208
daily covid,208
reporting symptoms,208
il covid,208
meatpacking companies,208
coronavirus new,207
child care,207
coronavirus pandemia,207
new case,207
evitar propagación,207
24 agosto,207
combate covid,207
19 new,207
companies dismissed,207
igualdad quedateencasa,207
effects covid,206
plasma therapy,206
mask wearing,206
health crisis,206
update 20,206
19 vaccines,206
self reporting,206
new infections,205
disease 2019,205
covid19 cybersecurity,205
dado positivo,204
recovered cases,204
get covid19,204
washington post,204
self isolate,204
support coronavirus,203
to school,203
coronavirusupdate covid19,203
coronavirus scotland,203
oh god,203
cases state,203
risk cases,203
coronavirus vaccines,203
sero survey,203
pruebas covid,202
19 plasma,202
pasien covid,202
kids go,202
college students,202
fatality rate,202
little evidence,202
cases sooner,202
even covid19,202
number people,202
americans coronavirus,202
19 país,201
retweet please,201
exclusive coronavirus,201
sooner self,201
19 numbers,201
hari ini,201
face covering,201
click link,201
epoch times,201
times app,201
covidー19 coronavirus,200
speedy recovery,200
caso coronavirus,200
health workers,200
identify risk,200
daily even,200
covid19 outbreak,200
federal government,200
safe travel,200
take look,199
vaccine trial,199
cada día,199
19 stats,199
covid19 identify,199
symptoms daily,199
local officials,198
brote coronavirus,198
000 000,198
donors live,198
mortality rate,197
muertes covid19,197
every single,197
people need,197
scientists say,197
cases new,197
well download,197
non si,197
nuevo récord,196
human rights,196
care homes,196
related covid,196
muertos coronavirus,196
covid19 protests,196
il bollettino,196
propagación coronavirus,196
official says,196
article amp,195
amp covid,195
first half,195
fallecidos coronavirus,195
19 hoax,195
coronavirus restrictions,195
work home,195
propia vacuna,195
crisis covid19,194
19 could,194
total covid,194
work covid19,193
travel list,193
singh shekhawat,193
previously believed,193
health experts,192
killing people,192
hid coronavirus,192
community spread,192
marta lópez,192
grows children,192
sounds like,191
weeks ago,191
world news,191
cases surge,191
vacina covid,191
us coronavirus,191
teamtrump realdonaldtrump,191
news live,191
unemployment claims,191
largely ignored,191
coronavirus bailout,190
per capita,190
deaths per,190
trump covid,190
cas covid,190
inicio pandemia,190
even covid,190
coronavirus italia,190
di coronavirus,190
watch live,190
one new,190
thursdaymotivation covid19,190
justice legal,190
legal case,190
evidence grows,190
transmission previously,190
cegah penyebaran,189
redes sociales,189
amp reuters,189
five months,189
da positivo,189
casi di,189
pruebas rápidas,189
effects coronavirus,189
thelegallowdown law,189
law court,189
court lawyer,189
lawyer lawfirm,189
lawfirm justice,189
case ip,189
ip scotus,189
scotus tort,189
tort covid19,189
drive thru,189
20 août,188
crisis covid,188
read full,188
latest coronavirus,188
da saúde,188
wuhan coronavirus,188
help coronavirus,188
relief bill,188
coronavirus portugal,188
19 may,188
trump failed,187
mit dem,187
drrpnishank eduminofindia,187
gmt coronavirus,187
19 world,187
ensayo clínico,187
19 dan,187
bannon indicted,187
news covid,186
safety measures,186
go school,186
state local,186
