gram,counts
covid 19 pandemic,8027
covid 19 cases,5985
positive covid 19,3242
due covid 19,2864
casos covid 19,2859
covid 19 crisis,2815
new covid 19,2437
coronavirus covid 19,2178
covid 19 patients,2002
floyd tested positive,1871
impact covid 19,1840
tested positive coronavirus,1804
tested positive covid,1742
covid 19 deaths,1672
covid 19 vaccine,1535
últimas 24 horas,1525
pandemia covid 19,1519
da covid 19,1514
covid 19 di,1473
george floyd tested,1468
george floyd coronavirus,1446
covid 19 via,1429
covid 19 testing,1351
amid covid 19,1338
covid 19 lockdown,1321
cases covid 19,1287
pandemi covid 19,1284
new coronavirus cases,1254
covid 19 outbreak,1237
rfid microchip mark,1170
microchip mark beast,1170
covid 19 response,1057
fight covid 19,1056
covid 19 em,1037
bbc news coronavirus,1017
post covid 19,1013
covid 19 update,977
covid 19 amp,946
covid 19 death,942
black lives matter,934
covid 19 impact,929
spread covid 19,923
muertes covid 19,903
meaning behind calculating,883
hidden meaning behind,868
positivo covid 19,867
last 24 hours,865
101 mil 238,840
sign petition via,832
cashless society know,832
covid 19 test,829
response covid 19,804
covid 19 positive,784
must read article,777
covid 19 coronavirus,775
mentir robar traicionar,753
died covid 19,730
du covid 19,727
covid 19 restrictions,715
prevent covid 19,713
covid 19 policy,710
changed covid 19,694
covid 19 relief,688
nuevos casos coronavirus,687
contagios covid 19,679
positif covid 19,673
covid 19 still,670
nuevos casos covid,669
based suspect data,662
policy based suspect,661
covid 19 virus,657
suspect data tiny,656
data tiny us,651
tiny us company,645
19 policy based,643
positivos covid 19,636
mortes covid 19,632
governments changed covid,628
terra indígena yanomami,625
new york times,621
da terra indígena,619
test and trace,619
towards cashless society,616
04 06 2020,615
covid 19 tests,613
11 mil decesos,608
mil 238 contagios,605
wanted pass along,594
crisis covid 19,588
behind calculating 666,588
mark beast hidden,584
beast hidden meaning,584
contagio covid 19,582
proof rfid microchip,582
fully operational september,577
not fully operational,571
tested covid 19,564
fallecidos covid 19,561
nhs test and,556
contagios 11 mil,555
covid 19 situation,552
pacientes covid 19,549
gt gt gt,544
covid 19 case,532
coronavirus live updates,532
muertos covid 19,522
mandatory public transport,519
lopezobrador_ continúa mintiendo,515
com covid 19,506
new cases coronavirus,501
robar traicionar ayuda,498
casos positivos covid,497
garimpeiros da terra,493
covid 19 lockdowns,492
238 contagios 11,491
vacuna covid 19,487
fighting covid 19,487
vencer covid19 yanomami,484
new covid19 cases,483
get covid 19,483
epoch times app,482
covid 19 related,482
covid 19 infection,479
virus covid 19,476
mil decesos covid19,475
coronavirus cases reported,474
face coverings mandatory,473
due coronavirus pandemic,471
times app see,470
app see exclusive,470
coverage daily updates,469
exclusive coronavirus coverage,468
time covid 19,467
tested positive covid19,466
tests positive covid,465
autopsy report shows,456
see exclusive coronavirus,456
coronavirus coverage daily,455
reveals george floyd,455
coverings mandatory public,452
covid 19 través,451
exigimos veracidad seguridad,451
penanganan covid 19,448
new cases covid,446
veracidad seguridad social,446
test positive covid,445
mexicanos exigimos veracidad,444
george floyd protests,439
covid 19 infections,436
amid coronavirus pandemic,435
george floyd died,435
society know jesus,433
covid 19 brasil,429
covid 19 spread,426
alto contagio quedateencasa,426
covid 19 méxico,418
covid 19 dan,418
number covid 19,406
covid 19 april,404
combate covid 19,403
and trace system,402
penyebaran covid 19,400
infected covid 19,399
society know bible,399
gobiernomx lopezobrador_ continúa,396
despite covid 19,394
mintiendo 101 mil,393
twice likely die,392
confirmed covid 19,392
enchufados pedro sánchez,392
pedro sánchez hermano,392
sánchez hermano david,392
hermano david azagra,392
david azagra mujer,392
azagra mujer begoña,392
mujer begoña gómez,392
begoña gómez amigos,392
gómez amigos ignacio,392
amigos ignacio carnicero,392
ignacio carnicero josé,392
carnicero josé pérez,392
josé pérez añade,392
pérez añade enchufados,392
ábalosaltos cargos 15cargos,392
pleno covid19se ríen,392
affected covid 19,390
test positive coronavirus,390
die covid 19,387
di tengah pandemi,387
fase alto contagio,387
continúa mintiendo 101,385
coronavirus covid19 sarscov2,384
risk covid 19,384
frente covid 19,382
crise du coronavirus,380
coronavirus face coverings,380
covid 19 país,379
covid 19 data,378
covid 19 recovery,376
ayuda dé coronavirus,376
covid19 mexicanos exigimos,374
rajiv bajaj covid19,372
decesos covid19 mexicanos,372
help us support,371
yanomami precisam sobreviver,371
shows george floyd,370
former mi6 boss,370
covid19 yanomami precisam,368
penularan covid 19,368
die due covid19,367
system not fully,367
covid 19 covid19,366
000 covid 19,366
शर म_भ जप,366
please donate share,365
humanidade vencer covid19,365
trace system not,365
population coronavirus covid19,364
covid19 sarscov2 forecast,364
tests positive coronavirus,363
fossil fuel industry,363
seguridad social aboral,363
support bame keyworkers,361
us support bame,360
government said twice,360
said twice likely,360
likely die due,360
donate share blacklivesmatter,360
share blacklivesmatter bame,360
blacklivesmatter bame blm,360
bame blm covid19,360
pruebas covid 19,360
confirmados covid 19,359
floyd covid 19,359
test covid 19,358
pela covid 19,357
sir richard dearlove,357
death population coronavirus,355
ministério da saúde,355
covid 19 nedeniyle,355
memorial day weekend,353
petition via change,352
new death population,352
covid 19 treatment,352
george floyd autopsy,350
severe covid 19,348
covid 19 symptoms,345
unamosalpueblo alzamos voz,345
от covid 19,343
contre covid 19,342
bajaj covid19 crisis,342
reported lake ozarks,341
like covid 19,340
cases reported lake,340
em 24 horas,339
new cases covid19,338
añade enchufados ábalosaltos,337
enchufados ábalosaltos cargos,337
cargos 15cargos confianza,337
15cargos confianza 13,337
confianza 13 pleno,337
13 pleno covid19se,337
covid19se ríen únete,337
ríen únete protesta,337
el covid 19,336
surgisphere governments changed,335
alzamos voz chimalhuacán,334
caso covid 19,332
348 new cases,331
deaths covid 19,331
coronavirus death toll,331
covid 19 emergency,331
new york city,330
highest single day,330
100 mil casos,326
total number cases,323
second wave coronavirus,322
casos confirmados covid,322
2020 06 04,321
lives daily talk,321
0208 90 2121,321
90 2121 hello,321
2121 hello fantasticradio,321
hello fantasticradio co,321
fantasticradio co uk,321
co uk fantasticradiouk,321
uk fantasticradiouk homeofpossibilities,321
fantasticradiouk homeofpossibilities believeyourpossibilities,321
homeofpossibilities believeyourpossibilities stayhomesafelives,321
believeyourpossibilities stayhomesafelives buy,321
stayhomesafelives buy song,321
june 04 2020,320
accident chinese lab,320
coronavirus man made,319
traicionar ayuda dé,319
pasien covid 19,317
adding value lives,316
value lives daily,316
daily talk us,316
talk us 0208,316
us 0208 90,316
covid 19 strategy,315
covid 19 vía,315
floyd coronavirus autopsy,314
george floyd covid,313
please take time,311
covid 19 venezuela,309
crisis could cause,308
autopsy report reveals,308
covid 19 patient,308
covid 19 covert,308
vacina covid 19,307
covid 19 yang,307
19 covert id,307
covert id heading,307
id heading towards,307
heading towards future,307
towards future cashless,307
future cashless society,307
coronavirus crisis could,306
since covid 19,306
11 mil 729,305
tengah pandemi covid,305
could cause 25tn,304
take time read,304
covid 19 hospital,302
number 666 hidden,302
666 hidden meaning,302
hidden meaning finally,302
meaning finally revealed,302
sağlık bakanlığı ünvan,301
bakanlığı ünvan değişikliği,301
ünvan değişikliği sınavı,301
ders çalışacak durumda,301
başvuruda bulunan sağlık,301
bulunan sağlık personellerinin,301
sağlık personellerinin bir,301
personellerinin bir defalığına,301
ünvan deği şi,301
deği şi kli,301
şi kli ği,301
update covid 19,300
covid 19 may,300
yorgunuz ders çalışacak,300
bir defalığına sinavsiz,300
defalığına sinavsiz ünvan,300
sinavsiz ünvan deği,300
covid 19 could,299
pass along article,299
along article believe,299
article believe everyone,299
believe everyone read,299
everyone read rfid,299
read rfid microchip,299
mark beast meaning,299
beast meaning behind,299
calculating 666 revealed,299
çalışacak durumda değiliz,299
durumda değiliz sınava,299
değiliz sınava başvuruda,299
sınava başvuruda bulunan,299
kli ği yapılmasını,299
ği yapılmasını talep,299
spike covid 19,298
çok yorgunuz ders,298
değişikliği sınavı covid,297
sınavı covid 19,297
nedeniyle ertelenmiştir çok,297
ertelenmiştir çok yorgunuz,297
yapılmasını talep ediyoruz,297
finally revealed coronavirus,296
covid 19 updates,295
ever wondered meaning,295
wondered meaning behind,295
meaning behind 666,295
behind 666 wonder,295
666 wonder must,295
wonder must read,295
pass along absolute,295
along absolute proof,295
absolute proof rfid,295
behind calculating number,295
133 nuevos casos,294
fails prevent covid,294
sa covid 19,294
single day spike,293
covid 19 news,293
finally revealed covid19,293
19 nedeniyle ertelenmiştir,293
ministro da saúde,292
wave covid 19,292
cause 25tn fossil,292
25tn fossil fuel,292
fuel industry collapse,292
god holy spirit,292
centuries people wondered,291
people wondered mystery,291
wondered mystery behind,291
mystery behind number,291
behind number god,291
number god holy,291
holy spirit revealed,291
spirit revealed truth,291
revealed truth must,291
truth must read,291
day want share,290
hope ve great,289
ve great day,289
great day want,289
want share interesting,289
share interesting article,289
interesting article read,289
article read concerning,289
read concerning rfid,289
concerning rfid microchip,289
calculating 666 fascinating,289
time read pass,287
read pass friends,287
pass friends family,287
friends family proof,287
family proof rfid,287
mark beast mysterious,287
beast mysterious meaning,287
mysterious meaning behind,287
meaning behind finally,287
behind finally revealed,287
de covid 19,287
read interesting article,285
know jesus spoke,284
hope re staying,284
re staying safe,284
staying safe times,284
safe times also,284
times also hope,284
also hope ll,284
hope ll read,284
ll read interesting,284
interesting article concerning,284
article concerning hidden,284
concerning hidden meaning,284
meaning behind counting,284
behind counting fascinating,284
counting fascinating everyone,284
fascinating everyone read,284
free covid 19,283
casos positivos coronavirus,283
long term care,283
coronavirus disease 2019,283
covid 19 makes,280
total confirmed cases,279
mi6 sir richard,278
hdfc bank offering,278
bank offering customers,278
offering customers emi,278
customers emi moratorium,278
emi moratorium extension,278
moratorium extension mandated,278
extension mandated rbi,278
mandated rbi covid19,278
rbi covid19 regulatory,278
covid19 regulatory package,278
regulatory package click,278
package click details,278
protect credit score,278
credit score coronavirus,278
score coronavirus pandemic,278
nuevos casos positivos,277
covid 19 world,277
social aboral unamosalpueblo,277
covid 19 new,276
spike coronavirus cases,276
autopsy reveals george,276
bame covid 19,275
began as accident,274
covid 19 españa,274
19 amp amphan,274
coronavirus began as,273
chinese lab says,273
effects covid 19,272
front fighting covid,272
get trump normalised,271
trump normalised mayhem,271
normalised mayhem us,271
mayhem us paying,271
testing times faced,271
times faced bengal,271
led front fighting,271
amp amphan protecting,271
amphan protecting state,271
protecting state catastrophe,271
contagio quedateencasa felizjueves,271
us paying price,270
covid 19 unamosalpueblo,270
lab says former,269
know bible spoke,269
faced bengal didi,269
bengal didi led,269
didi led front,269
says former mi6,267
head mi6 sir,267
covid 19 kitasemuabersaudara,267
as accident chinese,266
alok sharma tested,266
covid 19 mundo,265
flattened wrong curve,265
positive coronavirus april,264
aboral unamosalpueblo alzamos,264
covid 19 na,262
past 24 hours,262
03 06 2020,261
casos confirmados coronavirus,261
sweden covid 19,260
covid 19 día,260
covid19 positive cases,260
2019 covid 19,259
covid 19 numbers,258
covid 19 tally,258
shows floyd tested,258
health care workers,257
kasus covid 19,256
report shows floyd,255
ex head mi6,254
indígena yanomami foragarimpoforacovid,253
yanomami foragarimpoforacovid desintrusãojá,253
got covid 19,253
au covid 19,252
tiempos covid 19,252
world health organization,252
rojo fase alto,252
george floyd death,251
semáforo rojo fase,251
talep ediyoruz sayın,250
dio positivo covid,249
due covid19 please,249
cantora gospel fabiana,247
retire garimpeiros da,246
full autopsy report,246
covid 19 changed,246
covid19 please donate,246
getting covid 19,245
alok sharma tests,245
ediyoruz sayın millet,245
vekilimizden destek sti,245
know covid 19,244
mio pezzo interessa,244
millet vekilimizden destek,244
101 238 casos,243
help slow spread,243
sayın millet vekilimizden,243
makes clearer ever,243
india covid 19,242
covid 19 black,242
number coronavirus cases,242
ever access internet,242
covid 19 vaccines,241
health official says,241
clearer ever access,241
access internet universal,241
retirar garimpeiros da,240
impacted covid 19,240
include youth offending,240
youth offending officers,240
supermarket workers ect,240
workers ect government,240
ect government said,240
read article coronavirus,240
bame keyworkers these,239
keyworkers these include,239
these include youth,239
petition via ukchange,239
gospel fabiana anastácio,239
quedateencasa felizjueves 4dejunio,239
global covid 19,238
offending officers social,237
officers social workers,237
social workers supermarket,237
workers supermarket workers,237
19 makes clearer,237
may stocks rallied,237
stocks rallied fueled,237
levando doença floresta,236
case covid 19,236
yanomami estão ameaçados,235
internet universal right,235
indígena yanomami evite,234
people covid 19,234
floyd dio positivo,234
felizjueves 4dejunio comunidadpoderosa,234
4dejunio comunidadpoderosa lunaalaire,234
says covid 19,233
combatir covid 19,233
tercera guerra mundial,233
covid 19 safety,232
spreading covid 19,232
progress covid 19,232
stay home much,231
238 casos confirmados,231
read article covid19,231
muertos coronavirus méxico,230
handling covid 19,230
covid 19 would,229
terdampak covid 19,229
covid 19 drug,229
americans filed unemployment,229
especially coronavirus pandemic,229
comunidadpoderosa lunaalaire acme,229
dangerous police let,229
lucha covid 19,228
exclusive coronavirus began,228
death covid 19,228
first time since,228
amp covid 19,228
covid 19 ini,227
way dangerous police,227
brote covid 19,226
covid 19 health,226
using tear gas,226
coronavirus últimas 24,225
police let especially,225
related covid 19,224
president donald trump,224
riesgo contagio covid,224
covid19 crisis rahulspeaksupforindia,224
gas way dangerous,224
elected officials coordinate,224
officials coordinate knowingly,224
secretary alok sharma,223
latest covid 19,223
méxico supera 100,222
current covid 19,222
covid 19 et,222
covid 19 morir,222
tear gas way,222
let especially coronavirus,222
business secretary alok,221
covid 19 único,221
04 06 20,221
genes may leave,220
state covid 19,220
coronavirus uk sleeping,219
uk covid 19,219
disease 2019 covid,219
brasil registra 349,219
homeless back streets,219
factor objetivo factor,219
objetivo factor subjetivo,219
pleno desarrollo tercera,219
desarrollo tercera guerra,219
guerra mundial presente,219
mundial presente futuro,219
llegaron terapia intensiva,219
nuevos casos covid19,217
help covid 19,217
wash hands often,217
back streets july,217
covid 19 global,216
pandémie covid 19,216
george floyd dio,216
rallied fueled supportive,216
fueled supportive fed,216
supportive fed reported,216
fed reported progress,216
reported progress covid,216
may leave people,215
people vulnerable severe,215
uk sleeping lockdown,215
safe covid 19,215
thousands homeless back,215
leave people vulnerable,214
slow spread covid19,214
coronavirus thousands homeless,214
new cases confirmed,213
patients nursing homes,213
cashless society hear,213
caused covid 19,211
2020 covid 19,211
manuel lópez obrador,211
jueves junio 2020,211
autoridad competente dote,210
andrés manuel lópez,209
covid 19 au,209
covid 19 hotspots,209
speakerpelosi senschumer housedemocrats,209
senschumer housedemocrats senatedems,209
cada diez muertos,209
and trace app,209
social distancing rules,208
housedemocrats senatedems twittermoments,208
enter state crisis,208
covid 19 fake,207
senatedems twittermoments facebook,207
destek sti yoruz,207
hit record high,207
19 único estudio,207
único estudio científico,207
vulnerable severe covid,206
shri rajiv bajaj,206
daily covid 19,205
contagiados covid 19,205
deaths last 24,205
second wave covid,204
covid19 pandemic covidactnow,204
pandemic covidactnow covidpandemic,204
covidactnow covidpandemic covid,204
covidpandemic covid coronavirus,204
covid coronavirus coronaviruslockdown,204
coronavirus coronaviruslockdown coronavirusoutbreak,204
coronaviruslockdown coronavirusoutbreak coronavirususa,204
coronavirusoutbreak coronavirususa coronavirusnewyork,204
coronavirususa coronavirusnewyork coronacrisis,204
coronavirusnewyork coronacrisis coronavirusupdates,204
coronacrisis coronavirusupdates speakerpelosi,204
coronavirusupdates speakerpelosi senschumer,204
man made says,203
twittermoments facebook dscc,203
ocho cada diez,203
app not fully,203
treat covid 19,202
14 días contactos,202
amidst covid 19,202
covid 19 affected,202
coronavirus george floyd,202
facebook dscc joebiden,202
busy performing duties,202
performing duties sole,202
duties sole focus,202
carbon dioxide levels,202
use covid 19,201
following covid 19,201
says ex head,201
dio positivo coronavirus,201
dscc joebiden ap,201
state catastrophe while,201
catastrophe while busy,201
while busy performing,201
sole focus bjp,201
focus bjp malign,201
bjp malign bengal,201
méxico llegaron terapia,201
treatment covid 19,200
made says ex,200
coronavirus méxico llegaron,200
trace app not,200
dies covid 19,199
first covid 19,199
diez muertos coronavirus,199
terapia intensiva intubados,199
people tested positive,197
covid 19 rigorous,197
covid 19 risk,197
mil casos covid,197
covid 19 social,197
usa northamerica cases,196
keep safe distance,196
coronavirus autopsy says,196
divhumas_polri thearieair tjhinfar21,196
deadline july 15th,196
supera 100 mil,195
anti terror bill,195
covid 19 research,195
1trenggalek divhumas_polri thearieair,195
year federal tax,195
federal tax filing,195
tax filing deadline,195
filing deadline july,195
july 15th working,195
15th working home,195
working home able,195
home able file,195
able file home,195
file home office,195
home office tax,195
office tax deduction,195
tax deduction learn,195
covid 19 real,194
covid 19 hoax,194
prevention covid 19,193
adapt covid 19,193
casi ocho cada,193
coronavirus task force,192
19 rigorous study,192
give 2000 month,192
every american moneyforthepeople,192
american moneyforthepeople covid19,192
ng covid 19,192
covid 19 últimas,192
covid 19 contact,192
fabiana anastácio morre,192
death george floyd,191
impacts covid 19,191
covid 19 protest,191
the covid 19,191
rise covid 19,191
selalu gunakan masker,191
dioxide levels hit,191
go back work,190
covid 19 covid,189
2000 month every,189
month every american,189
hydroxychloroquine covid 19,189
wake covid 19,189
covid 19 corona,188
new england journal,188
news times india,188
despite coronavirus related,188
protests covid 19,187
us covid 19,187
19 death toll,187
mr rajiv bajaj,187
pencegahan covid 19,186
distance wash hands,186
million americans filed,186
libro pleno desarrollo,186
factor subjetivo situación,185
subjetivo situación revolucionaria,185
presente futuro pandemia,185
futuro pandemia covid,185
think covid 19,184
report george floyd,184
dying covid 19,184
nas últimas 24,184
covid 19 puede,183
deal covid 19,183
il covid 19,183
former mi6 head,183
people die coronavirus,182
face covid 19,182
total covid 19,182
covid 19 made,182
jane goodall humanity,182
covid 19 fight,182
coronavirus vaccine could,182
demand covid 19,182
watch shri rahulgandhi,182
report shows george,181
mil 238 casos,181
covid19 sign petition,181
covid 19 regulations,181
global vaccine summit,180
second covid 19,180
ozarks among memorial,180
among memorial day,180
impacto covid 19,179
safe distance wash,179
levels hit record,179
testing covid 19,178
humanity finished fails,178
finished fails adapt,178
autopsy shows george,178
day weekend partiers,178
casos nuevos coronavirus,177
19 últimas 24,177
risk cases sooner,177
even feel well,177
home much keep,177
much keep safe,177
hands often cover,177
often cover cough,177
using covid 19,177
conversation mr rajiv,177
pelo covid 19,177
lake ozarks crowds,177
speaks shri rajiv,177
por covid 19,177
banglarshotrubjpin testing times,177
bien público mundial,177
lake ozarks partiers,177
exigimos gobierno estatal,177
gobierno estatal autoridad,177
estatal autoridad competente,177
quedado trabajo riesgo,177
trabajo riesgo contagio,177
ao covid 19,176
top medical journals,176
spread covid19 identify,176
identify risk cases,176
cases sooner self,176
self reporting symptoms,176
symptoms daily even,176
daily even feel,176
society covid 19,176
moving towards cashless,176
menghindari penularan covid,176
gunakan masker saat,176
covid19 identify risk,175
sooner self reporting,175
reporting symptoms daily,175
feel well download,175
well download app,175
floyd autopsy report,175
contain spread covid19,175
record high despite,175
dé coronavirus amlo,175
lake ozarks among,175
hambre es hora,175
mortos covid 19,174
cure covid 19,174
moneyforthepeople covid19 sign,174
fails adapt covid,174
covid 19 study,174
covid 19 people,174
care covid 19,174
dead covid 19,173
work covid 19,173
jacob rees mogg,173
pandemic covid 19,173
presidente andrés manuel,173
causa covid 19,173
coronavirus cases spike,173
untuk menghindari penularan,173
competente dote gente,173
dote gente pobre,173
control covid 19,172
floyd coronavirus died,172
coronavirus crisis económica,172
registra 349 mortes,172
autopsia george floyd,172
report reveals george,172
masker saat bepergian,172
saat bepergian untuk,172
bepergian untuk menghindari,172
rahulgandhi speaks shri,172
escapó laboratorio wuhan,172
mainstream media wrong,172
casos positivos covid19,171
на covid 19,171
covid 19 ahora,171
covid 19 economic,171
article amp reuters,171
support covid 19,171
covidー19 covid19 coronavirus,171
nasser mohammad al,171
wrong new coronavirus,171
white house coronavirus,170
autopsy report george,170
cases new deaths,170
prevención covid 19,170
spread coronavirus experts,170
shri rahulgandhi speaks,170
imam nasser mohammad,170
19 morir hambre,170
media wrong new,170
even covid 19,169
stay at home,169
died heart attack,169
covid 19 race,169
click details anay,169
gagal total urus,169
total urus covid19,169
urus covid19 jakarta,169
covid19 jakarta psbbamiesgagaltotal,169
lockdown relieves asthma,169
ozarks partiers health,169
partiers health official,169
gente pobre vulnerable,169
pobre vulnerable quedado,169
vulnerable quedado trabajo,169
covid19 covid 19,168
battle covid 19,168
goodall humanity finished,168
pasien positif covid,168
covid 19 hit,168
government covid 19,168
coronavirus covid19 pandemic,168
covid 19 inquiry,168
must read covid19,168
19 cases reported,167
hydroxychloroquine prevent covid,167
hit covid 19,167
pacientes covid19 confirmados,167
covid 19 detection,167
coronavirus related emissions,167
gobierno estatal federal,167
929 nuevos casos,167
worry cdc emerging,166
bate novo recorde,166
enfrentamiento covid 19,166
senate passes bill,165
help fight covid,165
covid 19 antibody,165
worst covid 19,165
disease covid 19,165
corona covid 19,165
covid 19 nas,165
florida iowa worry,165
iowa worry cdc,165
cdc emerging coronavirus,165
semáforo coronavirus covid19,165
selon une étude,165
uk coronavirus live,165
high despite coronavirus,165
cleaner air uk,165
air uk lockdown,165
propagación covid 19,164
diagnosed covid 19,164
per covid 19,164
cashless society covid,164
sharply despite covid,164
uk lockdown relieves,164
related emissions drop,164
