gram,counts
covid 19 cases,8694
covid 19 pandemic,7600
new covid 19,3568
casos covid 19,3277
covid 19 patients,3003
due covid 19,2995
positive covid 19,2714
new coronavirus cases,2337
coronavirus covid 19,2246
covid 19 deaths,2155
covid 19 crisis,2119
maría eugenia vidal,1796
covid 19 via,1684
da covid 19,1597
impact covid 19,1564
cases covid 19,1560
covid 19 vaccine,1556
covid 19 outbreak,1509
pandemia covid 19,1474
covid 19 testing,1408
amidst covid 19,1392
positivo covid 19,1384
spread covid 19,1369
últimas 24 horas,1367
covid 19 relief,1363
covid 19 di,1239
music amidst covid,1233
arts particularly theatres,1232
covid 19 response,1228
offer support arts,1215
support arts particularly,1212
theatres music amidst,1211
particularly theatres music,1210
china we say,1178
test positive coronavirus,1174
petition offer support,1152
amid covid 19,1147
rfid microchip mark,1147
microchip mark beast,1140
vidal dio positivo,1136
pandemi covid 19,1112
post covid 19,1097
dio positivo coronavirus,1087
bbc news coronavirus,1073
eugenia vidal dio,982
covid 19 coronavirus,966
second wave coronavirus,949
covid 19 lockdown,947
response covid 19,931
covid 19 test,925
fight covid 19,924
nuevos casos coronavirus,921
life saving drug,919
covid 19 update,917
june 17 2020,902
covid 19 death,889
covid 19 em,886
meaning behind calculating,884
hidden meaning behind,882
com covid 19,860
tested positive covid,844
covid 19 treatment,826
pacientes covid 19,824
cashless society know,815
first life saving,804
test positive covid,796
must read article,775
last 24 hours,773
covid 19 virus,757
tests positive coronavirus,745
friends test positive,726
covid 19 still,723
new cases covid,718
nuevos casos covid,712
covid 19 impact,712
juan orlando hernández,707
contagios covid 19,705
du covid 19,697
tested positive coronavirus,694
proves first life,693
dexamethasone proves first,691
17 06 2020,685
coronavirus second wave,675
covid 19 través,664
new covid19 cases,664
covid 19 infections,664
crisis covid 19,661
coronavirus dexamethasone proves,650
covid 19 case,649
died covid 19,639
new york times,623
coronavirus live updates,622
covid 19 spread,611
coronavirus death toll,605
covid 19 positive,604
towards cashless society,600
behind calculating 666,592
still first wave,576
wanted pass along,574
mark beast hidden,574
beast hidden meaning,574
covid 19 tests,573
mortes covid 19,573
tests positive covid,570
get covid 19,569
black lives matter,565
proof rfid microchip,562
positif covid 19,559
vacuna covid 19,558
ill covid 19,555
covid 19 amp,554
covid 19 restrictions,551
wave covid 19,551
coronavirus cases reported,548
trump tulsa rally,547
covid 19 situation,542
update covid 19,533
delhi health minister,531
dies covid 19,526
muertes covid 19,522
penyebaran covid 19,517
covid 19 vía,511
covid 19 related,510
spike new coronavirus,508
amid coronavirus pandemic,507
covid 19 amlonoapoyaalpueblo,507
positivos covid 19,505
number covid 19,503
hong kong china,501
severe covid 19,496
coronavirus task force,493
record spike new,491
daily covid 19,491
say hong kong,488
states reopening accelerates,475
coronavirus covid19 sarscov2,475
pasien covid 19,472
confirmed covid 19,471
risk covid 19,464
new coronavirus outbreak,454
miles millones dólares,450
pasar covid 19,449
recover covid 19,449
gobiernos imperiales dejaron,446
imperiales dejaron pasar,446
dejaron pasar covid,446
covid 19 ganarse,446
19 ganarse miles,446
ganarse miles millones,446
millones dólares pensiones,446
dólares pensiones pagarán,446
pensiones pagarán contemplar,446
pagarán contemplar consecuencias,446
contemplar consecuencias solo,446
consecuencias solo sumaron,446
solo sumaron caja,446
sumaron caja registradora,446
caja registradora genocidio,446
population coronavirus covid19,444
covid19 sarscov2 forecast,444
trump covid 19,444
death population coronavirus,438
covid 19 recovery,438
new death population,437
covid 19 infection,437
woman 15 friends,431
covid 19 covid19,430
presidente honduras esposa,429
gt gt gt,426
health care worker,423
16 friends test,423
cases reported six,422
society know jesus,419
due coronavirus pandemic,416
stay at home,415
coronavirus cases rise,415
die covid 19,411
graves covid 19,410
virus covid 19,399
fallecidos covid 19,398
say taiwan china,398
tratar covid 19,396
society know bible,396
say tibet china,395
say coronavirus china,395
new cases coronavirus,393
penanganan covid 19,392
we say taiwan,392
taiwan china we,392
we say tibet,392
tibet china we,392
kong china we,391
we say coronavirus,391
víctimas covid 19,387
tested positive covid19,384
deaths covid 19,384
orlando international airport,382
spike covid 19,379
covid 19 world,379
covid 19 quarantine,377
reported six states,376
tested covid 19,376
contact tracing app,375
sign petition via,375
covid 19 numbers,374
first drug shown,373
second wave covid,370
de covid 19,369
contagio covid 19,367
coronavirus china rt,367
china rt agree,367
16 junio 2020,365
six states reopening,365
covid 19 symptoms,365
trump scrambles suppress,364
worker 15 friends,363
19 relief funds,361
amid coronavirus crisis,360
test covid 19,359
covid 19 data,358
suppress inconvenient information,358
since covid 19,357
impacted covid 19,357
hit record highs,356
rt agree me,356
long term care,355
scrambles suppress inconvenient,353
presidente hugo lopez,351
negligencia impericia homicidio,351
rebrote covid 19,350
affected covid 19,350
hugo lopez gattel,350
care worker 15,349
casos positivos covid,348
covid 19 hoax,348
information bolton book,346
frente covid 19,345
trying spread covid,344
covid 19 dengan,344
treatment covid 19,344
inconvenient information bolton,344
outing florida bar,344
sustainable aviation industry,344
bolton book coronavirus,343
contract covid 19,342
news coronavirus dexamethasone,341
mal manejo covid19,341
create sustainable aviation,341
aviation industry recover,341
industry recover covid,340
workers test positive,339
trump trying spread,337
17 junio 2020,336
coronavirus disease 2019,335
entertain empower educate,335
empower educate talk,335
0208 090 2121,335
090 2121 hello,335
2121 hello fantasticradio,335
hello fantasticradio co,335
fantasticradio co uk,335
co uk fantasticradiouk,335
uk fantasticradiouk homeofpossibilities,335
fantasticradiouk homeofpossibilities believeyourpossibilities,335
homeofpossibilities believeyourpossibilities stayhomesafelives,335
believeyourpossibilities stayhomesafelives buy,335
stayhomesafelives buy song,335
primera guerra mundial,335
siguen muriendo mal,334
muriendo mal manejo,334
manejo covid19 contempla,334
covid19 contempla codigo,334
contempla codigo penal,334
contre covid 19,333
penalmente presidente hugo,333
lopez gattel negligencia,333
gattel negligencia impericia,333
dio positivo covid,332
honduras juan orlando,332
educate talk us,330
talk us 0208,330
us 0208 090,330
positive coronavirus outing,330
covid 19 país,329
gov greg abbott,328
covid 19 would,328
help covid 19,328
coronavirus outing florida,328
time covid 19,326
rising covid 19,325
highest single day,325
miércoles 17 junio,325
confirmed cases covid19,323
contagiados covid 19,323
know covid 19,322
beijing 27 neighbourhoods,321
covid 19 brasil,320
neighbourhoods allowed leave,320
covid 19 fears,319
27 neighbourhoods allowed,319
2019 covid 19,318
world health organization,318
flushing toilet may,318
says covid 19,317
17 june 2020,317
fear second wave,317
allowed leave spike,315
states hit record,315
native american tribes,314
coronavirus beijing 27,314
covid 19 updates,313
covid 19 contact,312
covid 19 spending,312
latest covid 19,311
covid 19 safety,310
though covid 19,310
hari bhayangkara ke,310
bhayangkara ke 74,310
india covid 19,309
delayed covid 19,309
infected covid 19,307
leave spike continues,307
impericia homicidio culposo,307
brote covid 19,305
covid 19 covert,305
19 covert id,305
finally revealed covid19,305
effects covid 19,304
dan positivo covid,304
free covid 19,303
covid 19 new,303
confirmados covid 19,302
hidden meaning finally,302
meaning finally revealed,302
covid 19 study,302
presidente honduras juan,302
2020 06 17,301
covid 19 guidance,301
denunciar penalmente presidente,301
treasury secretary steven,301
secretary steven mnuchin,301
от covid 19,300
covid 19 business,300
second wave overblown,300
please take time,299
hora denunciar penalmente,299
federal judge ordered,299
meaning behind 666,298
epoch times app,298
covert id heading,298
id heading towards,298
heading towards future,298
towards future cashless,298
future cashless society,298
coronavirus tracing app,298
even though covid,297
ordered treasury secretary,297
pacientes graves covid,296
re staying safe,296
number god holy,296
god holy spirit,296
truth must read,296
calculating 666 revealed,296
toilet may fling,296
may fling coronavirus,296
fling coronavirus aerosols,296
great day want,296
calculating 666 fascinating,296
covid 19 covid,296
trump administration give,296
number 666 hidden,294
666 hidden meaning,294
times also hope,294
interesting article concerning,294
meaning behind counting,294
pence tries declare,293
covid 19 méxico,293
take time read,293
casos positivos coronavirus,293
tries declare coronavirus,292
along absolute proof,292
17 juni 2020,292
tribes covid 19,292
judge ordered treasury,292
covid 19 na,291
patients nursing homes,291
ever wondered meaning,291
wondered meaning behind,291
behind 666 wonder,291
666 wonder must,291
wonder must read,291
exclusive coronavirus coverage,291
eugenia vidal coronavirus,291
people tested positive,290
us covid 19,290
trump white house,290
homicidio culposo miles,290
culposo miles mexicanos,290
catch covid 19,289
hope re staying,289
staying safe times,289
read interesting article,289
pass along article,289
along article believe,289
article believe everyone,289
believe everyone read,289
everyone read rfid,289
read rfid microchip,289
mark beast meaning,289
beast meaning behind,289
pruebas covid 19,289
hope ve great,289
ve great day,289
day want share,289
want share interesting,289
share interesting article,289
interesting article read,289
article read concerning,289
read concerning rfid,289
concerning rfid microchip,289
orders trump administration,289
loomis bros circus,289
bros circus lbcircus,289
cruel animal act,289
disease tell venues,289
public via peta,289
safe times also,288
also hope ll,288
hope ll read,288
ll read interesting,288
article concerning hidden,288
concerning hidden meaning,288
behind counting fascinating,288
counting fascinating everyone,288
fascinating everyone read,288
centuries people wondered,288
people wondered mystery,288
wondered mystery behind,288
mystery behind number,288
behind number god,288
holy spirit revealed,288
spirit revealed truth,288
revealed truth must,288
times app see,288
app see exclusive,288
patients covid 19,288
hundreds millions dollars,288
road even though,288
dexamethasone first drug,287
coverage daily updates,287
muertos covid 19,287
judge orders trump,287
highs covid 19,286
pass along absolute,285
absolute proof rfid,285
behind calculating number,285
people covid 19,285
steven mnuchin distribute,285
florida covid 19,284
mysterious meaning behind,284
meaning behind finally,284
behind finally revealed,284
demand transparency trump,284
transparency trump covid,284
disease 2019 covid,283
usa northamerica cases,283
spike coronavirus cases,283
know jesus spoke,283
trump rally coronavirus,283
theatre faces ruin,283
commoncause petition congress,282
petition congress demand,282
congress demand transparency,282
19 spending sign,282
covid 19 could,282
administration give tribes,282
finally revealed coronavirus,281
000 covid 19,281
florida arizona texas,281
see exclusive coronavirus,281
relief native american,281
faces ruin amid,281
circus lbcircus slated,281
lbcircus slated take,281
slated take cruel,281
take cruel animal,281
animal act road,281
act road even,281
19 still full,281
still full force,281
big cats risk,281
cats risk developing,281
risk developing disease,281
developing disease tell,281
tell venues endanger,281
venues endanger animals,281
coronavirus coverage daily,280
19 relief native,280
uk theatre faces,280
ruin amid coronavirus,280
full force big,280
force big cats,280
endanger animals public,280
animals public via,280
june 16 2020,279
coronavirus live news,279
signed commoncause petition,279
distribute hundreds millions,279
nine states hit,279
casos confirmados covid,278
pence calls fear,278
david luiz pandemic,278
luiz pandemic arsenal,278
time read pass,277
read pass friends,277
pass friends family,277
friends family proof,277
family proof rfid,277
mark beast mysterious,277
beast mysterious meaning,277
covid 19 emergency,277
give tribes covid,277
mnuchin distribute hundreds,277
millions dollars delayed,277
record highs covid,277
calls fear second,277
19 contact tracing,276
treating covid 19,276
life saving coronavirus,276
dollars delayed covid,276
testing covid 19,275
combate covid 19,275
new cases covid19,274
know bible spoke,274
like covid 19,273
critically ill covid,272
nuevo brote coronavirus,272
got covid 19,272
total confirmed cases,272
caso covid 19,271
trump pushes reopening,271
florida texas arizona,271
states see record,271
ex gobernadora maría,270
gobernadora maría eugenia,270
please help us,268
white house ignoring,268
coronavirus trump pushes,267
health care workers,267
people amp planet,267
covid 19 drug,267
kasus covid 19,267
increase covid 19,267
19 death toll,267
covid 19 news,266
pushes reopening campaigning,265
new york city,265
coronavirus matt hancock,265
esposa dan positivo,264
nuevos casos positivos,263
protect people amp,263
maria eugenia vidal,263
16 06 2020,262
covid 19 16,262
beijing coronavirus outbreak,262
mencegah penyebaran covid,262
covid 19 real,261
denial trump white,261
pandemic arsenal coronavirus,261
di tengah pandemi,260
saving coronavirus drug,260
re denial trump,260
house ignoring pandemic,259
martes 16 junio,258
american tribes via,258
patients critical condition,257
positive coronavirus night,257
get well soon,257
tribes via huffpostpol,257
slip up caught,257
social distancing slip,256
distancing slip up,256
154 863 casos,255
pela covid 19,254
people died today,254
enfermos covid 19,253
testing right cases,253
minister satyendar jain,252
cases pence calls,252
agree me hindicheenibyebye,252
declare coronavirus trump,251
florida health care,251
19 cases pence,251
stop testing right,251
they re denial,251
infectious disease experts,250
hancock social distancing,250
up caught camera,250
15 friends contract,249
matt hancock social,249
contact tracing apps,248
treat covid 19,248
covid 19 survival,247
financial goals let,247
goals let talk,247
new cases confirmed,246
fighting covid 19,245
19 covid 19,245
health minister satyendar,244
cure covid 19,244
covid 19 patient,244
read article covid19,243
sambut hari bhayangkara,243
amp covid 19,242
great news drug,240
guidance great news,239
490 new cases,238
covid 19 mundo,238
number coronavirus cases,238
covid 19 kabupaten,237
tengah pandemi covid,236
disease experts take,236
experts take look,236
take look toilet,236
look toilet plumes,236
au covid 19,235
tiempos covid 19,235
toilet plumes covid,235
plumes covid 19,235
help make sure,235
jain tests positive,235
sick covid 19,234
covid 19 china,234
news drug study,233
president donald trump,231
wednesday june 17,230
covid 19 et,229
covid 19 dan,229
penanggulangan covid 19,229
updates nine states,229
19 pandemic greenrecovery,229
would go away,228
tni polri makin,228
even covid 19,227
covid 19 yang,227
make sure create,227
sure create sustainable,227
propagación covid 19,226
polri makin bersinergi,226
ke 74 yang,225
keamanan dan ketertiban,225
dalam mencegah penyebaran,225
woman tests positive,225
18 mil 310,224
casos confirmados coronavirus,224
2020 covid 19,224
total number cases,224
tanggal juli 2020,224
wash hands often,224
wondering whether budget,224
whether budget still,224
budget still help,224
still help meet,224
help meet financial,224
meet financial goals,224
ny nj ca,223
covid 19 risk,223
news coronavirus covid19,223
article amp reuters,223
masks covid 19,223
live updates nine,223
news covid 19,222
19 cases reported,222
recovered covid 19,222
74 yang jatuh,222
pada tanggal juli,222
dan ketertiban masyarakat,222
spare kill others,222
nj ca pa,221
dr anthony fauci,221
pencegahan covid 19,221
yang jatuh pada,221
jatuh pada tanggal,221
bersinergi dalam mewujudkan,221
sueldo denunciar falta,221
juli 2020 mendatang,220
makin bersinergi dalam,220
covid 19 bar,219
2020 mendatang tni,219
mendatang tni polri,219
mewujudkan keamanan dan,219
terdampak covid 19,219
course fauci says,219
masks social distancing,218
covid 19 hit,218
petition via change,218
dalam mewujudkan keamanan,218
record number daily,218
report record number,218
felizmiercoles méxico 17junio,218
bbc news mundo,217
read article coronavirus,217
past 24 hours,217
another covid 19,217
empleo sueldo denunciar,217
mystery spare kill,217
foolproof coronavirus cure,216
friends contract covid,216
texas coronavirus hospitalizations,216
konsisten dalam mencegah,216
moves update covid,216
stable genius foolproof,215
genius foolproof coronavirus,215
masyarakat tni polri,215
cases last 24,215
em 24 horas,214
covid 19 gt,214
number daily covid,214
impacts covid 19,213
spreading covid 19,213
stay home much,213
tni polri juga,213
juga konsisten dalam,213
nuevos casos covid19,212
rise covid 19,212
polri juga konsisten,212
covid 19 mystery,212
ketertiban masyarakat tni,211
ultimate covid 19,211
154 mil 863,210
six us states,210
covid 19 hospital,210
attend trump tulsa,210
19 mystery spare,210
causa covid 19,209
treatments stable genius,209
19 guidance great,209
quedateencasa felizmiercoles méxico,209
forget vaccines treatments,208
vaccines treatments stable,208
covid 19 going,208
india indian army,208
covid 19 may,207
coronavirus one night,207
instead flexing military,207
flexing military power,207
military power china,207
power china compense,207
china compense countries,207
compense countries affected,207
countries affected chinese,207
affected chinese coronavirus,207
song tribute india,207
tribute india indian,207
oms celebra descubrimiento,206
first covid 19,206
think covid 19,206
states report record,206
beijing airports cancel,206
judge denies request,206
daily cases increase,205
reported today utc,205
today utc time,205
number positive cases,205
shown save lives,204
863 casos confirmados,204
global covid 19,204
15 friends test,204
related covid 19,204
home covid 19,204
sa covid 19,204
claves contagio coronavirus,204
bars restaurants close,203
drug shown save,203
pos covid 19,203
putin disinfection tunnel,203
covid19 positive cases,203
reduce covid 19,202
lucha covid 19,202
second wave virus,202
public covid 19,201
pandemic news coronavirus,201
work covid 19,201
texas report record,201
chinese coronavirus otherwise,201
19 patients nursing,200
global pandemic news,200
coronavirus covid19 protests,200
prueba covid 19,200
second wave another,200
distance wash hands,200
88 nuevos casos,199
people wear masks,199
melakukan berbagai upaya,199
berbagai upaya penanggulangan,199
slow spread covid19,199
arizona texas report,199
texas gov greg,198
covid 19 health,198
19 cases week,198
upaya penanggulangan covid,198
covid 19 antibodies,197
government covid 19,197
19 dengan melakukan,197
trump rally tulsa,196
covid 19 concerns,196
คร สพ รว,195
covid 19 antibody,195
despite covid 19,195
satyendar jain tests,195
friends get coronavirus,194
seguridad covid 19,194
handling covid 19,194
homenaje víctimas covid,194
dengan melakukan berbagai,194
rally due coronavirus,194
codigo penal federal,194
penal federal articulo,194
federal articulo 228,194
kasam hame maati,194
hame maati ki,194
maati ki kasam,194
ki kasam hame,194
chhati ki instead,194
ki instead flexing,194
casos positivos covid19,193
beijing cuts flights,193
covid 19 vaccines,192
covid 19 mortality,192
keep safe distance,192
articulo 228 amlomiente,192
228 amlomiente amloveteyayllevateatugatel,192
coronavirus otherwise song,192
otherwise song tribute,192
florida bars restaurants,191
at home orders,191
cas covid 19,191
covid 19 research,191
leaves americans dead,191
new zealand military,191
prove prove coordination,191
nas últimas 24,190
support covid 19,190
request stop trump,190
méxico 17junio faceapp,190
restaurants close week,189
19 di indonesia,189
cashless society hear,189
000 infected amp,189
honduras esposa dan,189
provincia buenos aires,188
covid 19 venezuela,188
covid_19 coronavirus covid19,188
total number positive,188
broken relationship nature,188
know prove prove,188
prove deliberate action,188
15 friends coronavirus,187
tangan pakai sabun,187
prevención covid 19,186
ahead trump rally,186
tulsa campaign rally,186
getting covid 19,186
china africa summit,186
help slow spread,186
new zealand puts,186
goal line technology,186
close week reopening,185
pacientes graves coronavirus,185
hospital claimed 000,185
coronavirus cases surge,185
covid 19 hospitalizations,185
part covid 19,185
coronavirus leaves americans,185
coronavirus gone away,185
coronaviruspandemic covid19india coronavirus,185
mend broken relationship,185
на covid 19,184
coronavirus warning us,184
prove prove prove,184
treating critically ill,183
covid 19 social,183
county covid 19,183
reduces coronavirus deaths,183
wake covid 19,183
medidas seguridad covid,183
da positivo coronavirus,183
us mend broken,183
hey china kasam,183
china kasam hame,183
like amp retweet,182
help save lives,182
impacto covid 19,182
record high daily,182
warning us mend,182
covid 19 transmission,181
ng covid 19,181
vidas pacientes graves,181
17 jun 2020,181
coronavirus covid19 covid_19,181
dio positivo covid19,181
oms celebra hallazgo,181
publicó claves contagio,181
deliberate action inc,181
infected amp 200,180
covid 19 ini,180
claimed 000 infected,180
people wearing masks,180
donate 125 ecoins,180
society covid 19,180
severe health effects,180
covid 19 en,180
cuci tangan pakai,180
jabón vinagre yodo,180
hit covid 19,179
comingvirus survivors could,179
survivors could suffer,179
could suffer severe,179
suffer severe health,179
puts covid 19,179
cloro desinfectar abuso,179
moment people died,178
rally coronavirus fears,178
covid 19 últimas,178
na covid 19,178
the covid 19,178
unas 10 mil,178
10 mil gotículas,178
mil gotículas saliva,178
people test positive,177
vladimir putin coronavirus,177
social distancing rules,177
17 06 20,177
miles mexicanos siguen,177
mexicanos siguen muriendo,177
prove coordination prove,177
coordination prove deliberate,177
covid 19 corona,176
night florida bar,176
total covid 19,176
dos nuevos casos,176
coronavirus pandemic via,176
explains covid 19,176
use covid 19,176
wave virus comingvirus,176
virus comingvirus survivors,176
health effects years,176
safe distance wash,176
hands often cover,176
himbauan kepada masyarakat,176
vote by mail,176
unidos publicó claves,176
health minister says,176
please wear mask,175
covid 19 argentina,175
re still first,175
covid_19 covid19 coronavirus,175
mike pence coronavirus,175
honduras tests positive,175
results dexamethasone use,174
people like amp,174
covid 19 tras,174
กแสดงต กเจ มเป,174
businesses impacted covid,174
disinfection tunnel set,174
new normal di,174
dexamethasone use treating,173
breakthrough dexamethasone first,173
friends coronavirus one,173
go away would,173
tunnel set protect,173
quarantine hands military,173
vinagre yodo quedateencasa,173
covid 19 spike,172
result covid 19,172
72 días empleo,172
días empleo sueldo,172
sering cuci tangan,172
hands military border,172
president honduras tests,172
sntesalud tomar alcohol,172
defensas coronavirus covid19,172
action inc death,172
go back work,171
use treating critically,171
stop trump rally,171
19 would go,171
away would stop,171
would stop reading,171
death toll rises,171
stop reading news,171
covid 19 guidelines,171
home much keep,171
much keep safe,171
often cover cough,171
wear face covering,171
enfermero 72 días,171
denunciar falta medidas,171
covid 19 मह,171
gov ron desantis,170
