gram,counts
covid 19,210378
terdampak covid,15513
19 baksospolripeduli,15045
masyarakat yang,14341
yang terdampak,14332
sosial untuk,14117
beban masyarakat,14092
ringankan beban,14060
untuk ringankan,14004
bakti sosial,13900
gelar bakti,13474
polri gelar,12878
coronavirus pandemic,12128
coronavirus covid19,10264
covid19 coronavirus,9182
19 pandemic,7620
coronavirus crisis,5860
coronavirus cases,5576
new york,4603
amid coronavirus,4591
via youtube,4588
coronavirus lockdown,4326
coronavirus outbreak,4323
19 cases,4295
href rel,4017
rel nofollow,4017
new cases,3987
due coronavirus,3968
stay home,3966
true href,3949
coronavirus covid,3834
pandemi covid,3822
social distancing,3802
19 crisis,3736
covid19 pandemic,3712
covidー19 coronavirus,3557
nofollow twitter,3328
due covid,3119
death toll,3109
white house,3008
suspend immigration,2811
donald trump,2775
coronavirus covidー19,2736
trump says,2713
new coronavirus,2596
coronavirus deaths,2566
at home,2558
gt gt,2541
coronavirus via,2501
bbc news,2460
news coronavirus,2458
united states,2387
tested positive,2374
president trump,2329
confirmed cases,2311
pandemia coronavirus,2302
twitter web,2301
health care,2227
task force,2206
public health,2149
coronavirus patients,2143
19 patients,2139
gon na,2069
year old,2069
due covid19,2062
fight coronavirus,2049
covidー19 covid19,2011
web app,1982
coronavirus vaccine,1962
covid19 covidー19,1937
small business,1915
19 deaths,1905
19 lockdown,1895
ditengah pandemi,1894
fake news,1864
positive coronavirus,1861
spread coronavirus,1861
april 21,1854
fox news,1852
trump coronavirus,1850
small businesses,1838
crisis coronavirus,1819
covid19 crisis,1811
corona virus,1792
stay safe,1788
du coronavirus,1762
fight covid,1741
coronavirus response,1709
coronavirus relief,1695
covid19 cases,1689
novel coronavirus,1688
nuevos casos,1687
19 via,1686
casos coronavirus,1673
amid covid,1663
second wave,1658
19 outbreak,1656
coronavirus testing,1654
polri peduli,1652
april 2020,1652
immigration us,1645
19 di,1617
fight covid19,1568
hari kartini,1547
casos confirmados,1543
many people,1533
covid19 lockdown,1479
around world,1469
death rate,1464
coronavirus test,1463
mental health,1444
21 abril,1433
get coronavirus,1432
19 testing,1429
casos covid,1428
19 baksoskartinipoldajatim,1425
live updates,1416
coronavirus task,1401
positive covid,1398
people died,1388
21 2020,1377
new covid,1374
coronavirus vía,1358
coronavirus death,1327
21 04,1314
cashless society,1313
response coronavirus,1306
pandemia covid,1304
cases covid,1302
19 coronavirus,1286
looks like,1282
coronavirus live,1272
help us,1264
stay at,1257
boris johnson,1250
trump administration,1247
sars cov,1243
york times,1243
temporarily suspend,1214
di tengah,1214
good news,1211
coronavirus stimulus,1209
cases covid19,1204
19 response,1198
24 horas,1196
healthcare workers,1193
cases coronavirus,1193
contact tracing,1178
last week,1175
coronavirus update,1170
china coronavirus,1168
go back,1160
test positive,1159
19 virus,1144
24 hours,1140
warga terdampak,1132
join us,1130
back work,1129
il coronavirus,1128
du covid,1126
04 2020,1122
every day,1114
est pas,1113
19 relief,1112
oil prices,1111
casos positivos,1110
coronavirus related,1106
qu il,1105
bhakti sosial,1102
response covid,1097
21 april,1091
pandemia covid19,1081
uk government,1080
spread covid,1079
19 test,1073
bill gates,1072
coronavirus uk,1071
coronavirus tests,1071
peduli covid,1068
long term,1067
make sure,1064
social media,1061
spread covid19,1054
study finds,1047
test kits,1044
executive order,1043
world health,1032
positive cases,1031
19 death,1031
save lives,1028
south korea,1023
tests positive,1021
home coronavirus,1021
19 update,1012
coronavirus virus,1007
first time,1004
โคว ด19,994
coronavirus argentina,992
us coronavirus,990
berbagi sembako,990
sembako ditengah,986
impact covid,985
19 vaccine,979
look like,969
covid19 patients,969
weeks ago,960
du covid19,960
died coronavirus,959
face masks,958
covid19 stayhome,958
covid covid19,955
wave coronavirus,952
press briefing,943
care workers,934
polda jatim,930
new deaths,928
please help,923
em casa,923
covid19 deaths,916
coronavirus aid,914
prime minister,913
died covid,913
sign petition,895
mortality rate,895
nursing homes,894
cdc director,888
000 people,885
jajaran polda,883
fase coronavirus,881
jatim berbagi,881
abril 2020,880
da covid,879
coronavirus covid_19,877
face mask,873
kim jong,863
coronavirus spread,859
post coronavirus,852
bagi warga,849
via gatewaypundit,845
berikan bantuan,829
coronavirus could,828
human trials,827
coronavirus infections,825
twitter android,825
uk coronavirus,825
first responders,821
health organization,820
corona coronavirus,817
home orders,814
últimas 24,813
peduli masyarakat,809
bantuan bagi,808
tengah pandemi,807
coronavirus restrictions,807
100 000,807
corona covid19,807
health workers,807
trials coronavirus,806
pandemic via,804
federal government,803
peduli berikan,803
tiempos coronavirus,802
virus covid,800
20 000,800
begin human,798
new zealand,797
coronavirus lockdowns,796
coronavirus news,791
immigration coronavirus,789
coronavirus il,786
via nypost,785
washington post,781
stayhome staysafe,780
would like,779
hot mic,779
11 mai,777
positive covid19,769
dies coronavirus,769
coronavirus trump,768
cases deaths,768
namo app,767
well done,766
front line,766
get back,763
take care,762
coronavirus disease,760
total number,759
hong kong,757
ee uu,756
god bless,756
top story,752
global pandemic,752
people dying,750
josé maría,746
sosial polri,743
19 vía,742
coronavirus corona,742
loved ones,741
people die,739
selamat hari,738
total cases,736
kartini perempuan,733
covid19 corona,733
oxford university,732
one day,732
billion coronavirus,730
post covid,729
crisis covid,729
whitehouse realdonaldtrump,728
perempuan indonesia,727
care homes,726
crisis covid19,724
19 yang,724
daily thanks,721
need help,717
covid_19 coronavirus,716
crise du,713
home order,712
infected coronavirus,712
covid19 outbreak,711
staying home,710
maría calleja,709
wan na,707
says coronavirus,705
via nytimes,704
indonesia polwan,703
let us,701
covid19 covid_19,699
new post,699
two weeks,697
trump suspend,697
19 ini,696
lt lt,694
malaria drug,690
need know,689
het coronavirus,680
nursing home,679
000 deaths,678
herd immunity,675
south africa,675
watch live,674
please share,669
front lines,669
mantap polri,666
lockdown covid19,663
19 dengan,663
response covid19,662
covid19 covid,662
negeri ini,661
post covid19,658
new covid19,657
million people,657
climate change,652
coronavirus updates,650
via franceinfo,649
jaya selalu,649
coronavirus ukraine,648
active cases,648
breaking news,647
essential workers,647
re open,647
ini ditengah,646
warns second,646
dirumahaja lawancovid19,646
bagi negeri,646
polri jaya,646
covid19 stayathome,646
selalu pengabdianmu,644
debido coronavirus,644
pengabdianmu bagi,644
impact coronavirus,643
il est,642
killing coronavirus,641
coronavirus quarantine,638
chris cuomo,636
peor mundo,635
babu manu,635
new study,632
mike lindell,632
bizbizeyeteriz covid,631
manu foraprior,631
working home,631
prior jorge,631
trump suho,631
covid_19 prior,631
cdtv covid_19,631
covid cdtv,631
lindell made,631
40 000,631
jorge babu,631
david mike,631
foraprior david,631
suho bizbizeyeteriz,631
pacientes covid,629
director warns,629
made pillow,623
trump said,623
worst yet,623
senate passes,622
muertes coronavirus,622
polri polricegahcorona,619
poldakepricegahcovid19 polri,619
nuevo coronavirus,619
poldakepri poldakepricegahcovid19,619
related deaths,618
gerakan bhakti,618
polricegahcorona coronavirus,616
satgasnusantarakepri poldakepri,616
satgasnusantara satgasnusantarakepri,616
via breitbartnews,616
virus dirumahaja,616
lawancovid19 lawancorona,616
cases reported,616
silently killing,615
says temporarily,615
of the,613
coronavirus new,613
baksospolripeduli satgasnusantara,613
coronavirus peor,612
il faut,612
lockdown coronavirus,612
world news,612
confirmed coronavirus,611
please read,610
doctors nurses,609
10 000,609
19 tests,608
19 positive,605
first at,603
coronavirus coronavirus,600
infection silently,599
stimulus checks,599
take look,599
april 20,599
per day,598
political ploy,597
meringankan beban,597
19 related,596
19 dan,595
across country,594
covid19 amp,594
testing kits,591
covid19 testing,591
dampak covid,590
test coronavirus,590
peringati hari,589
di indonesia,589
us amid,588
19 situation,587
antibody tests,585
coronavirus immigration,583
per il,583
president donald,582
press conference,582
wabah covid,580
coronavirus world,580
com um,580
suspending immigration,579
dr fauci,579
19 numbers,578
pandemic covid19,577
19 com,574
gestión española,572
in the,572
positif covid,571
health ministry,569
stop spread,569
coronavirus méxico,569
realdonaldtrump nytimes,568
500 000,568
immigration united,568
nhs staff,567
19 amp,566
sitúa gestión,565
casos covid19,565
tell us,565
relief fund,563
latest coronavirus,563
informe sitúa,562
contre coronavirus,559
memberikan bantuan,559
española coronavirus,559
york city,559
fatality rate,557
coronavirus us,557
supply chain,556
the coronavirus,556
towards cashless,555
cuarentena coronavirus,555
care home,554
died covid19,554
number deaths,553
lockdown protests,553
coronavirus briefing,550
impact covid19,550
got ta,549
wo get,549
air pollution,549
die coronavirus,548
masyarakat terdampak,547
des français,547
martes 21,547
60 days,547
médicos enfermeras,547
pandemic coronavirus,545
confirmed covid,545
government says,544
immune system,544
week covid19,542
people need,540
relief bill,540
last year,539
handling coronavirus,537
484 billion,537
new normal,537
puede ser,536
amid pandemic,535
medical supplies,533
fase covid,532
emergencia sanitaria,532
wash hands,532
virus covid19,531
american people,531
kepri indonesia,530
time coronavirus,529
feel like,529
great job,529
coronaindonesia kepri,528
lawancorona coronaindonesia,528
lópez gatell,527
like coronavirus,527
2020 04,527
health officials,526
die covid,526
via mailonline,525
sector salud,523
19 polri,523
existe um,523
coronavirus likely,522
covid coronavirus,522
di seluruh,522
one thing,521
coronavirus mutated,521
islamophobia_in_india islamophobia_in_india,520
um site,519
beban warga,519
covid19 response,513
home stay,513
people like,512
informações confiáveis,512
um bot,512
common sense,512
proteger em,511
temos cuidados,511
perguntas temos,511
kepada masyarakat,511
cuidados proteger,511
contém informações,511
bot respondem,511
confiáveis covid,511
site contém,511
respondem perguntas,511
casa acesse,511
cancelled due,509
warga yang,509
coronavirus infection,508
read article,505
19 patient,505
toll coronavirus,505
must read,504
vaccine week,504
ceux qui,503
muertos coronavirus,503
sounds like,502
reino unido,501
ver si,501
contagios coronavirus,501
virus corona,500
university begin,500
19 case,500
even though,499
wuhan coronavirus,499
bringing total,498
abc news,498
in person,497
slow spread,496
get tested,495
number people,494
coronavirus china,494
coronavirus españa,494
total deaths,493
ahead us,493
14 days,491
number cases,491
india coronavirus,491
coronavirus stayhome,490
says oxford,488
du confinement,488
covid19 virus,488
covid19 via,488
yang dilakukan,486
masyarakat di,484
coronavirus shutdown,484
deaths reported,483
qu ils,483
stop coronavirus,482
people get,482
au coronavirus,482
per million,482
45 000,482
number covid,481
seems like,481
last 24,481
antibody testing,480
society know,480
cause death,480
vía libertaddigital,479
el coronavirus,479
19 impact,478
coronavirus si,477
lutte contre,476
coronavirus fears,476
seluruh indonesia,475
entramos fase3,475
fallecidos coronavirus,475
wear mask,474
house coronavirus,474
penyebaran covid,473
américa latina,473
people coronavirus,471
days ago,471
get covid,471
help fight,471
young people,469
000 americans,468
wuhan lab,467
valle méxico,467
bloodontrumpshands bloodontrumpshands,465
green cards,465
hundreds thousands,465
cdc chief,465
cure coronavirus,464
spike coronavirus,464
prevent spread,463
800 000,462
deaths covid,462
000 000,461
42 000,461
hospitales debido,461
relief package,460
vacuna coronavirus,460
inicio fase,459
dilakukan serentak,459
ont été,459
41 higher,459
years ago,458
last month,458
saturar hospitales,458
like flu,458
petition via,458
immigration ban,457
yet ahead,457
next week,456
19 spread,455
coronavirus latest,454
get sick,454
fighting coronavirus,453
19 méxico,452
serentak di,451
est une,451
test covid,450
lucha coronavirus,450
single day,449
propagación covid,448
covid19 test,448
emergenza coronavirus,448
anyone else,445
covid_19 covid19,444
aujourd hui,444
coronavirus originated,444
fighting covid,444
good job,443
anti lockdown,443
joe biden,442
come back,442
face au,441
personal médico,441
amid covid19,441
कर रह,440
19 restrictions,440
help coronavirus,439
500 billion,438
stimulus package,437
click link,437
looking forward,436
flu season,436
matt hancock,435
could help,435
jesus spoke,435
protective equipment,435
personal salud,435
117 new,435
bible spoke,432
deaths coronavirus,432
covid19 quedateencasa,431
fase pandemia,430
04 21,430
high risk,430
penanganan covid,430
makes sense,429
affected covid,429
imran khan,429
health crisis,429
stayhome covid19,427
april 22,427
important things,427
indonesia baksospolripeduli,426
une étude,426
virgin australia,425
world leaders,425
coronavirus amp,424
coronavirus india,424
fase3 valle,424
long time,423
contre covid,421
ce qu,421
com covid,420
heading towards,420
know bible,420
back normal,420
missing deaths,419
coronavirus bill,419
true toll,419
ce qui,418
control coronavirus,417
says suspend,417
home covid,417
faisal edhi,416
lot people,416
coronavirus coverage,415
please please,414
04 20,414
people covid,414
covid self_portrait,413
letslovesuho trump,413
self_portrait covid19,413
covid19 death,413
qu on,413
apenas entramos,413
pillow letslovesuho,413
one month,412
última hora,412
experts say,412
polwan jajaran,412
camp nou,412
angela merkel,411
first coronavirus,410
oil price,410
000 coronavirus,410
vía youtube,409
frontline workers,408
latest news,408
coronavirus symptoms,408
cases confirmed,408
every single,407
deaths per,407
19 data,407
number coronavirus,406
tracking true,406
time covid19,405
kita istimewa,405
thank god,404
know jesus,404
contagios covid,404
rapid test,404
last night,404
vaccine trials,403
कड उन,403
covid19 reported,403
england wales,403
daily updates,401
ministerio salud,400
people tested,400
earth day,400
coronavirus epidemic,400
coronavirus may,400
deaths tracking,399
evidence suggests,399
work home,399
lost job,399
stimulus check,399
get covid19,399
us covid19,398
crisis via,397
170 000,397
please take,397
human rights,396
worse coronavirus,396
spread virus,395
2020 coronavirus,395
dies covid,395
da saúde,394
real time,394
people still,394
re opening,394
time covid,394
est ce,394
outbreak coronavirus,394
take action,394
new jersey,393
19 recovery,393
tom brady,393
se jajaran,392
great news,392
whole world,392
pacientes coronavirus,392
19 could,392
department health,391
turkey ppe,391
want know,391
21 avril,391
via usatoday,390
job retention,390
migrant workers,390
americans died,389
social distance,389
méxico entra,389
ramadhan kita,388
causa coronavirus,388
retention scheme,387
ppe shipment,387
fighting covid19,386
19 covid19,386
asked turkey,386
19 em,386
ils ont,386
frente coronavirus,386
je suis,384
covid19 please,384
good morning,384
frente covid,384
000 missing,383
crisis sanitaria,383
like covid19,383
covid19 โคว,382
terkena dampak,382
corona baksospolripeduli,381
study shows,380
go away,380
au covid,380
black people,379
coronavirus stay,378
let get,378
20 2020,378
00 pm,378
right wing,378
coronavirus coronaviruspandemic,378
covid19 vaccine,377
cases rise,377
19 infection,376
realdonaldtrump trump,376
coronavirus job,376
et des,376
todas medidas,376
coronavirus covid2019,376
cada vez,375
invisible enemy,375
affected coronavirus,375
covid19 relief,374
via nbcnews,374
sues china,374
disease 2019,374
conspiracy theories,374
periodista josé,374
please stay,373
coronavirus polisi,372
contre covid19,372
asks trump,372
andrew cuomo,372
crise sanitaire,371
saving lives,371
hacer frente,371
via nyt,370
daily coronavirus,370
vaccine development,369
covid19 positive,369
coronavirus país,369
19 infections,368
johns hopkins,366
coronavirus est,366
apr 21,366
des masques,366
formally asked,365
help people,364
21 20,364
reopen economy,363
mr president,363
coronavirus et,363
caso coronavirus,363
das coronavirus,363
rest world,362
uk formally,361
john roberts,361
pendemi covid,361
north korea,360
gt ramadhan,359
dying coronavirus,358
self isolation,358
people covid19,357
different strains,357
entra fase,357
health experts,357
san francisco,355
recovered covid,355
19 treatment,355
family members,355
make sense,355
company asks,355
speakerpelosi senschumer,355
covid19 covid2019,355
know coronavirus,355
going get,355
nuevas medidas,354
via googlenews,354
wearing masks,354
physical distancing,354
economic impact,354
peut être,353
number confirmed,353
selon une,352
jared kushner,352
video via,352
raise money,352
news via,352
latest updates,351
polwan se,351
casos nuevos,351
could end,351
chief says,350
coronavirus quedateencasa,350
global coronavirus,350
19 help,350
term care,350
authorizes first,350
trump company,349
epoch times,349
highest number,348
kumhampasti kumhamtanggapcorona,348
happy birthday,348
ด19 covid19,348
covid19 gt,348
kumhamtanggapcorona kumham08,348
deaths covid19,347
mensajes negativos,347
things living,347
20 04,347
antibody test,346
next year,346
untuk membantu,346
covid19 update,345
covid19 coronaviruspandemic,345
propagación coronavirus,345
pm modi,345
people want,345
été infectés,345
gobierno federal,344
richard quest,344
using coronavirus,344
coronavirus va,343
cases country,343
ve got,342
19 may,342
yet come,342
suggests coronavirus,342
many times,341
ibra_yatt coronavirus,341
kepada allah,341
petition extend,341
ils sont,341
dr birx,341
west bengal,341
seasonal flu,341
via yahoonews,341
passed away,340
sunday telling,340
home covid19,340
30 different,339
qui ont,339
2019 covid,339
apunto saturar,339
quédate casa,338
paket sembako,338
cares act,338
re going,338
death rates,338
aid package,337
least 30,337
covid19 quarantine,337
realdonaldtrump potus,337
help sunday,337
