gram,counts
covid 19,139627
coronavirus pandemic,9220
coronavirus covid19,8748
covid19 coronavirus,7284
19 pandemic,5560
stay home,5430
new york,5185
coronavirus crisis,5092
coronavirus outbreak,4294
via youtube,4272
coronavirus cases,4213
social distancing,3894
stay safe,3186
due coronavirus,3141
coronavirus covid,3122
amid coronavirus,3117
href rel,3100
rel nofollow,3100
fight coronavirus,3084
true href,3039
19 crisis,2893
19 cases,2813
coronavirus via,2742
nofollow twitter,2653
covid19 pandemic,2646
new cases,2580
health care,2560
coronavirus response,2501
coronavirus lockdown,2497
white house,2462
death toll,2354
fight covid19,2314
gon na,2194
spread coronavirus,2192
tested positive,2163
due covid,2077
bbc news,1972
public health,1969
corona virus,1951
news coronavirus,1939
april 2020,1900
19 outbreak,1873
19 patients,1859
du coronavirus,1839
positive coronavirus,1822
fight covid,1808
twitter web,1794
crisis coronavirus,1786
fox news,1772
coronavirus patients,1769
coronavirus deaths,1759
new coronavirus,1730
task force,1729
donald trump,1715
pandemia coronavirus,1709
jared kushner,1676
confirmed cases,1628
casos coronavirus,1627
united states,1623
year old,1614
novel coronavirus,1586
save lives,1585
trump administration,1582
face masks,1575
gt gt,1563
web app,1556
trump coronavirus,1512
covid19pandemic covid19,1508
due covid19,1487
bill gates,1481
around world,1424
19 via,1405
president trump,1402
many people,1393
19 ayobijakcegahcorona,1383
fake news,1373
contre coronavirus,1370
amid covid,1334
at home,1317
sign petition,1311
casos confirmados,1275
positive covid,1271
100 000,1258
covid19pandemic coronavirus,1256
coronavirus covid2019,1251
coronavirus covidー19,1248
covid19 covid19pandemic,1242
coronavirus update,1210
covidー19 coronavirus,1208
covid19 crisis,1196
19 coronavirus,1187
wear masks,1167
il coronavirus,1166
nuevos casos,1164
good news,1164
healthcare workers,1161
looks like,1160
covid19 cases,1157
stay at,1147
est pas,1140
19 lockdown,1137
response coronavirus,1134
qu il,1132
mental health,1132
coronavirus vía,1129
coronavirus spread,1119
dr fauci,1118
cases coronavirus,1111
spread covid19,1100
03 04,1093
new deaths,1090
help us,1087
live updates,1083
coronavirus death,1079
social media,1072
coronavirus live,1056
04 2020,1054
virus covid,1050
home order,1036
make sure,1033
coronavirus covid_19,1027
staying home,1018
coronavirus covid19pandemic,1015
spread covid,1001
19 response,994
coronavirus task,992
24 hours,991
washingtonpost nytimes,989
petition via,982
signez pétition,976
coronavirus vaccine,972
small businesses,969
york times,966
vaccin contre,965
every day,961
coronavirus relief,957
pétition via,953
died coronavirus,947
nytimes foreignpolicy,946
tests positive,941
covid19 covidー19,939
prime minister,939
coronavirus testing,936
dies coronavirus,934
19 virus,934
medical supplies,925
covid19 please,920
19 di,912
du covid,908
wear mask,905
us coronavirus,898
god bless,893
coronavirus test,882
stop spread,881
casos covid,879
pandemia covid19,873
small business,871
people dying,871
care workers,865
response covid,865
cases covid,858
24 horas,856
cegah covid,851
take care,850
des tests,843
get coronavirus,843
global pandemic,842
go back,841
muertos coronavirus,841
sars cov,840
du covid19,838
covid19 patients,837
faire des,834
please help,831
federal government,828
doctors nurses,825
people died,819
positive cases,815
covid_19 coronavirus,815
front line,813
two weeks,806
would like,799
weeks ago,799
19 deaths,793
mr ambassador,787
covid19 covid2019,786
may require,784
coronavirus coronaviruspandemic,784
necessary health,783
du vaccin,782
last week,780
wash hands,779
require stay,779
foreignpolicy covid19,779
fair remarks,778
thanks mr,777
casos positivos,777
coronavirus afrique,777
provide necessary,775
face mask,774
care may,773
pm modi,769
happy host,766
10 000,766
test positive,766
help fight,765
people die,765
ambassador kind,762
kind fair,761
friends provide,761
coronavirus us,758
safe washingtonpost,757
host friends,757
remarks happy,756
coronavirus could,756
covid19 coronaviruspandemic,753
rt coronavirus,751
boris johnson,751
well done,750
death rate,748
pandemia covid,747
aarogya setu,745
ee uu,743
south korea,740
aircraft carrier,739
location data,735
let us,728
via changefrance,728
โคว ด19,721
china coronavirus,720
coronavirus disease,717
fighting coronavirus,717
time coronavirus,717
covid19 covid_19,712
twitter android,703
tests du,700
het coronavirus,696
health officials,696
please download,695
need know,695
coronavirus il,693
jaga kesehatan,693
setu app,693
coronavirus argentina,691
coronavirus briefing,691
pandemic response,690
corona covid19,690
need help,690
loved ones,688
tiempos coronavirus,682
interdiction faire,682
19 test,682
chief antonioguterres,681
covid2019 coronavirus,680
19 update,680
first time,678
health workers,677
wearing masks,675
please stay,674
penyebaran virus,674
trump says,673
19 vaccine,667
using link,667
unicef interdiction,667
nuevo coronavirus,666
ceux qui,663
slow spread,663
coronavirus treatment,663
wan na,662
corona coronavirus,661
cases covid19,660
download share,659
il est,658
au coronavirus,657
americans wear,657
going get,657
covid19 lockdown,654
putus penyebaran,653
share using,653
crisis covid19,649
app fight,648
navy captain,646
afrique signez,637
back work,636
covid19 stayhomesavelives,635
coronavirus china,633
covid19 outbreak,632
coronavirus coronavirus,629
penyebaran covid,629
people coronavirus,629
total number,628
premier league,627
next week,627
self isolation,625
19 testing,624
one million,624
new covid,621
coronavirus symptoms,619
positive covid19,617
000 coronavirus,615
matt hancock,615
recommend aarogya,615
il faut,614
join us,612
via change,609
coronavirus news,605
hundreds thousands,604
front lines,604
the coronavirus,603
bus driver,596
50 000,595
lucha coronavirus,594
across country,590
prevent spread,588
brett crozier,586
total cases,586
19 relief,586
cuarentena coronavirus,584
press conference,584
coronavirus related,583
américa latina,582
long term,581
coronavirus trump,580
one day,580
000 000,579
home orders,578
york city,577
link android,574
south africa,574
muertes coronavirus,573
look like,572
pandemic via,571
american people,571
in law,571
thousands people,568
masks coronavirus,567
impact covid,567
19 dengan,565
help coronavirus,564
000 people,563
coronavirus new,562
people need,562
nhs staff,560
daily thanks,560
people like,558
via franceinfo,557
coronavirus quarantine,557
whitehouse realdonaldtrump,556
stop coronavirus,553
first coronavirus,553
last night,553
19 death,552
covid2019 covid19,551
covid19 stayhome,550
test kits,550
infected coronavirus,548
feel like,547
says coronavirus,547
top story,543
face coverings,542
protective gear,542
coronavirus tests,541
breaking news,541
us navy,537
medical equipment,536
home stay,536
response covid19,535
years ago,533
working home,530
crisis covid,528
get us,526
tablighi jamaat,526
brooke baldwin,525
house coronavirus,524
time covid,523
stayhome staysafe,523
captain crozier,522
virus corona,522
home coronavirus,520
people world,520
000 cases,520
contre covid19,519
qu ils,518
million people,516
got ta,514
coronavirus fight,513
via ukchange,512
19 vía,511
jaga jarak,511
coronavirus amp,511
treat coronavirus,510
000 deaths,510
died covid,509
tell us,508
world bank,507
like coronavirus,507
covid19 corona,506
right thing,506
new post,505
da covid,504
please share,502
19 situation,501
कर रह,500
masks public,499
emergenza coronavirus,499
vía youtube,497
washington post,497
n95 masks,496
via nypost,496
coronavirus coverage,495
aujourd hui,495
protective equipment,494
combate ao,493
die coronavirus,492
coronavirus corona,491
causing coronavirus,489
hong kong,489
even though,489
first responders,488
post coronavirus,487
spread virus,486
últimas 24,485
immune system,484
pmoindia narendramodi,483
relief fund,482
5g causing,480
next day,480
face au,480
bersama putus,480
qui ont,479
5th april,477
mundo coronavirus,476
early warning,476
je suis,475
stayhomesavelives covid19,474
covid_19 covid19,472
via breitbartnews,472
cases confirmed,471
crise du,471
get back,470
go away,470
climate change,470
protokol covid,469
nancy pelosi,466
world health,464
nursing home,463
coronavirus españa,462
patuhi protokol,462
of the,461
days ago,460
cases reported,458
covid19pandemic covid2019,458
thank god,457
est une,457
great job,454
wearing mask,453
keep safe,453
covid19pandemic coronaviruspandemic,453
14 days,452
via gatewaypundit,451
cure coronavirus,451
high risk,451
dengan jaga,450
click link,450
el coronavirus,449
medio pandemia,448
in the,447
10 million,447
covidー19 covid19,447
via nytimes,446
infectious disease,444
kesehatan dan,444
lutte contre,443
per il,443
corona covid,442
pandemic early,442
abril 2020,441
du confinement,441
whole world,440
dies covid,440
ne pas,439
nueva york,438
virus covid19,438
warning program,438
coronavirus one,437
19 related,437
dan tetap,436
crisis via,435
coronavirus may,435
mata coronavirus,434
one thing,434
people still,433
sounds like,433
supply chain,433
young people,433
tetap dirumah,433
covid19 amp,432
work home,432
world coronavirus,432
covid19 virus,431
contre covid,431
coronavirus lockdowns,430
anyone else,430
nivel mundial,429
ils ont,429
bringing total,428
help people,427
via usatoday,427
coronaviruspandemic covid19,426
million cases,426
positif covid,425
per day,425
confirmed covid,424
coronavirus bill,422
fighting covid19,422
coronavirus stayhome,422
coronavirus si,421
stayhomesavelives coronavirus,421
world war,421
cicsaudi usainksa,421
wuhan coronavirus,420
cdc recommends,419
chris cuomo,419
data shows,419
help stop,419
cdc says,418
spreading coronavirus,418
em casa,418
covid covid19,417
covid19 covid,416
impact coronavirus,416
jarak jaga,416
cases deaths,415
health minister,415
toilet paper,415
theodore roosevelt,415
human rights,414
via mailonline,414
est ce,414
please take,414
coronaviruspandemic coronavirus,414
seems like,413
good job,412
watch live,411
cloth face,410
19 positive,410
non essential,409
health crisis,408
240 000,407
coronavirus updates,407
mortality rate,407
worldwide coronavirus,406
coronavirus virus,406
puede ser,405
casos covid19,405
safe coronavirus,404
200 000,403
modi ji,403
single day,403
combat coronavirus,401
emergencia sanitaria,401
pandemic covid19,400
know coronavirus,400
press briefing,399
des masques,399
coronavirus world,397
last year,397
qu on,397
19 tests,396
5g coronavirus,395
रध नम,395
sign rt,394
number cases,393
fighting covid,393
cloth masks,392
take action,392
prince charles,392
19 spread,392
coronavirus hoax,391
confirmed coronavirus,390
every single,390
cares act,389
detroit bus,389
du monde,388
people get,387
sa mga,387
jaga kebersihan,387
medical staff,386
covid19 response,386
si coronavirus,384
lockdown coronavirus,384
2020 coronavirus,384
combatir coronavirus,384
call globalceasefire,383
new yorkers,383
amidst covid19pandemic,382
sailors cheer,382
last 24,381
test coronavirus,381
globalceasefire amidst,381
good morning,380
wear face,380
covid19pandemic sign,380
coronavirus fears,379
son in,378
dirumah ayobijakcegahcorona,378
covid19 deaths,377
johns hopkins,377
coronavirus india,377
covid19 testing,377
coronavirus spreads,376
using coronavirus,376
última hora,376
coronavirus cdc,376
bold call,375
via nbcnews,375
kita bisa,375
coronavirus stayhomesavelives,375
contagio coronavirus,374
covid2019 coronaviruspandemic,373
handling coronavirus,373
antonioguterres bold,372
time covid19,371
ayobijakcegahcorona semangatjogjakembali,371
coronavirus cómo,371
back normal,370
get tested,370
coronalockdown coronavirus,369
world standing,369
field hospital,369
san francisco,369
social distance,368
potential coronavirus,368
cases rise,367
administration ended,367
save us,367
coronavirus epidemic,366
socialdistancing coronalockdown,366
500 000,366
ve got,366
standing chief,365
salud pública,364
total deaths,364
10 935,364
number deaths,363
bersama cegah,363
fallecidos coronavirus,362
frente coronavirus,361
coronavirus aid,361
coronavirus puede,361
everyone else,361
battle coronavirus,360
ver si,360
combat covid,360
herd immunity,359
coronavirus infections,359
crisis sanitaria,359
day next,358
covid19 coronavirusoutbreak,358
affected coronavirus,358
da saúde,357
captain brett,357
please sign,357
us killed,356
testing positive,356
life saving,356
covid19 stayathome,355
real estate,355
covid19 ayobijakcegahcorona,355
people stay,354
joe biden,354
ce qui,354
03 2020,353
want know,353
corona beer,352
said coronavirus,352
dying coronavirus,352
coronavirus et,352
joining hundreds,352
vous êtes,352
world leaders,351
hand sanitizer,351
please read,350
raised alarm,350
health organization,350
uk coronavirus,349
two months,349
protect coronavirus,349
article amp,349
pandemic coronavirus,348
et des,348
impact covid19,348
global coronavirus,348
pacientes coronavirus,347
quarantine covid19,347
je ne,346
anillo dedo,346
anthony fauci,345
coronavirus hospital,345
au covid,345
ce qu,344
stay inside,344
french doctors,344
help covid19,344
víctimas coronavirus,343
au covid19,343
coronavirus would,342
this is,342
uk government,341
coronavirus join,340
via yahoo,340
medical professionals,340
narendramodi pmoindia,339
cover up,339
pacientes covid,339
deaths coronavirus,339
total contagiados,338
andrew cuomo,337
mike lindell,337
people covid19,336
affected covid,336
mobility reports,336
health insurance,336
friday april,336
common sense,336
working hard,335
months ago,335
coronavirus hit,335
lot people,335
19 em,335
kushner going,334
bersama kita,334
health ministry,334
amp reuters,334
got coronavirus,333
rest world,333
please please,333
washing hands,332
abc news,332
covid2019 covid_19,332
long time,332
number people,331
vous avez,331
coronavirus situation,330
wabah covid,330
covid19pandemic stayhomesavelives,329
passed away,329
world news,329
19 amp,329
difficult time,329
bizbizeyeteriz covid,329
prior jorge,328
cdtv covid_19,328
help slow,328
nhs nightingale,328
trump suho,328
manu foraprior,328
covid_19 prior,328
babu manu,328
covid cdtv,328
lindell made,328
suho bizbizeyeteriz,328
foraprior david,328
daily coronavirus,328
david mike,328
jorge babu,328
home save,327
pour faire,327
despite coronavirus,326
says americans,326
family members,326
fact check,325
areema nasreen,325
अप बज,324
joe exotic,324
tested negative,324
stayhome covid19,324
coronavirus italia,323
19 case,322
conspiracy theories,322
let get,322
coronavirus va,322
ils sont,322
amp covid19,322
die covid,321
coronavirus stimulus,321
positivo coronavirus,320
coronavirus impact,320
बज नट,320
experts say,319
propagación coronavirus,319
get covid,319
pay cut,319
coronavirus stay,318
new jersey,318
personal protective,318
pandemi covid,318
wuhan china,317
19 patient,317
made pillow,317
caso coronavirus,316
give us,316
coronaviruspandemic covid2019,316
pre existing,316
19 covid19,316
covid19 positive,316
hacer frente,316
nursing homes,315
latest coronavirus,315
every time,314
response team,314
coronavirus google,314
miles personas,314
vía el_pais,313
get covid19,313
coronavirus threat,313
domestic violence,312
home covid19,312
oh god,312
people infected,312
coronavirus uk,311
people tested,311
take look,311
coronavirus est,311
today coronavirus,310
117 710,310
petition calling,310
qui sont,310
penyebaran covid19,309
701 000,309
dans monde,309
chinese government,309
president donald,309
us covid19,308
testing kits,308
caused coronavirus,308
coronavirus infection,307
covid19pandemic covidー19,307
universal credit,307
causa coronavirus,306
rest peace,306
contracting coronavirus,306
stay healthy,306
test results,306
cnn brooke,306
hospital ship,305
कड उन,305
national stockpile,305
19 symptoms,305
end week,305
real time,304
looking forward,304
get rid,304
country world,304
flatten curve,303
uss theodore,303
wet markets,303
self isolate,303
coronavirus latest,303
go home,303
narendra modi,303
coronavirus global,303
workers coronavirus,302
covid19 via,302
alarm coronavirus,301
end coronavirus,301
italy spain,301
dr birx,301
blood hands,301
latest updates,300
disease 2019,300
cada vez,300
re going,300
cegah penyebaran,299
could get,298
000 americans,298
ministerio salud,298
think coronavirus,298
19 emergency,298
penanganan covid,298
coronavirus case,298
community mobility,297
get well,297
update covid,297
ont pas,297
use coronavirus,297
covid19 quarantine,297
das coronavirus,296
3rd april,296
news mundo,296
48 horas,296
trump said,296
19 ini,296
first covid,295
risk coronavirus,295
saving lives,295
come back,295
da coronavirus,295
get sick,294
ce est,294
test covid,294
nightingale hospital,294
difficult times,294
20 000,294
primer caso,294
contagios coronavirus,293
coronavirus like,293
peut être,293
physical distancing,293
19 could,293
please visit,293
par coronavirus,292
cruise ship,292
não tem,292
must act,292
trump amp,291
corea sur,291
video conferencing,291
lockdown covid19,291
day coronavirus,290
nous avons,290
cases top,290
15 000,290
coronavirus people,290
vacuna coronavirus,290
pm cares,290
negative coronavirus,289
cnn msnbc,289
number coronavirus,289
one person,289
covid19 test,289
like covid19,288
mass testing,288
help others,288
coronavirus victims,287
need get,287
april pm,287
coronavirus mundo,287
could help,287
beat coronavirus,286
great work,285
coronavirus país,285
makes sense,285
global cases,284
30 000,284
news via,284
healthcare system,284
number confirmed,284
contro il,283
grocery store,283
good thing,283
mr president,283
qui est,282
really need,282
new covid19,281
middle east,281
bad news,281
baldwin tests,281
namo app,280
ministro salud,279
must read,279
chinese virus,279
health secretary,279
ended pandemic,278
covid coronavirus,278
intensive care,278
go outside,278
signed petition,278
conspiracy theory,277
di indonesia,277
personas mundo,277
hot spots,277
lawan covid,277
19 community,276
coronaviruspandemic covid19pandemic,276
may allah,276
us covid,276
make sense,276
coronavirus france,276
navy relieves,276
defeat covid19,276
nhs nurse,276
sa covid,275
covid19 firma,275
ao coronavírus,275
people know,275
cura coronavirus,275
lawan covid19,275
matter time,275
say coronavirus,274
confirmed case,274
last days,274
disease covid,274
stay away,273
coronavirus positive,273
cheer navy,273
to the,273
great news,273
di coronavirus,273
19 infection,272
