gram,counts
covid 19,146007
19 cases,7363
coronavirus cases,6688
coronavirus covid19,5769
coronavirus pandemic,5141
covid19 coronavirus,4810
19 pandemic,4250
new cases,4180
tested positive,3478
get well,3425
well soon,3410
nuevos casos,2865
second wave,2773
social distancing,2757
death toll,2741
new coronavirus,2683
new covid,2638
positive coronavirus,2604
casos covid,2553
covid19 cases,2524
positive covid,2494
coronavirus covid,2451
casos coronavirus,2402
shahid afridi,2361
new york,2353
covid19 pandemic,2131
tests positive,2111
due covid,1837
casos confirmados,1715
gt gt,1707
wear mask,1706
via youtube,1681
june 13,1608
19 vaccine,1601
19 crisis,1599
24 horas,1578
speedy recovery,1566
24 hours,1543
confirmed cases,1525
19 patients,1513
public health,1469
due coronavirus,1464
soon lala,1444
meaning behind,1440
test positive,1425
19 deaths,1405
due covid19,1381
stay home,1376
pandemia coronavirus,1326
coronavirus lockdown,1315
news coronavirus,1314
bbc news,1306
may allah,1297
da covid,1277
coronavirus outbreak,1276
miley cyrus,1246
gon na,1234
coronavirus crisis,1233
últimas 24,1212
coronavirus deaths,1202
cases covid,1194
casos positivos,1193
wearing masks,1190
19 di,1180
coronavirus vaccine,1170
cashless society,1166
positive covid19,1161
lives matter,1141
new normal,1122
stay safe,1091
live updates,1087
19 via,1072
13 06,1071
active cases,1061
amid coronavirus,1057
19 covid,1056
amid covid,1042
single day,1040
12 junio,1017
black lives,1010
hospital bill,1009
contact tracing,1001
must read,998
13 2020,992
positive cases,991
new zealand,988
face masks,986
united states,984
signed petition,983
06 2020,980
bill gates,970
mark beast,966
pandemia covid,966
hidden meaning,964
rfid microchip,955
microchip mark,949
corona virus,949
ministro salud,948
2nd wave,947
wear masks,944
novel coronavirus,939
spread covid,937
segundo país,933
new deaths,930
donald trump,926
du coronavirus,925
afridi tests,924
health care,922
19 outbreak,910
total cases,908
many people,907
food market,904
coronavirus death,899
spread coronavirus,898
year old,888
pandemia covid19,874
coronavirus via,868
19 positive,867
nursing homes,858
june 2020,853
trump rally,850
spread covid19,844
wearing mask,843
new covid19,839
june 12,831
cases covid19,829
covidー19 coronavirus,825
casos nuevos,823
face mask,819
coronavirus argentina,815
sars cov,810
19 death,801
people died,796
junio 2020,795
coronavirus response,794
pedro sánchez,793
last week,782
total number,782
looks like,781
13 junio,781
cases reported,777
wash hands,771
wartime emergency,769
crisis coronavirus,768
wave coronavirus,767
19 testing,766
last 24,765
post covid,761
casos covid19,759
19 coronavirus,755
former pakistan,755
coronavirus covid_19,753
health minister,751
coronavirus infections,751
pandemi covid,746
cases coronavirus,744
कर अपन,743
cases rise,742
impact covid,741
अपन घर,737
reino unido,733
muertes covid,730
read article,727
coronavirus live,722
19 test,721
behind calculating,719
तरह कर,719
covid covidー19,718
boris johnson,715
181 page,714
order online,714
मर तरह,713
टर सह,711
around world,710
आपक covid,710
19 अन,710
अन यरस,710
यरस रक,710
corovyl घबर,709
घबर उस,709
उस कह,709
कह corovyl,709
corovyl आपक,709
रक इसस,709
इसस टर,709
सह 150,709
150 मर,709
घर superb,709
superb immunityclick,709
immunityclick order,709
health ministry,708
response covid,707
nuevo brote,703
defeat covid,703
100 000,696
west point,691
swimming pools,690
coronavirus update,687
society know,687
long term,684
million 181,684
brote coronavirus,680
infection free,679
covid19 patients,678
coronavirus bleach,677
ministerio salud,676
freedom spray,676
spray bleach,676
bleach air,676
air spray,676
pools stay,676
stay infection,676
korea defeat,676
bleach hypochlorite,676
hypochlorite disinfectant,676
covid19 covid,674
prime minister,673
beijing shuts,666
second highest,664
19 lockdown,664
covid19 covid_19,662
spray swimming,658
free spain,658
spain korea,658
contagios covid,655
fight covid,651
19 virus,651
fake news,646
muertes coronavirus,645
six months,643
muertos coronavirus,639
death rate,636
000 people,630
new post,627
spike covid,627
covid19 lockdown,623
via 38_degrees,615
coronavirus patients,614
dio negativo,613
first time,612
coronavirus survivor,602
help us,598
11 458,597
get covid,595
post covid19,591
white house,590
positif covid,590
george floyd,588
mortes covid,587
contagios coronavirus,587
corona covid19,587
19 situation,584
19 em,580
please help,580
coronavirus spread,578
one day,575
com covid,575
go back,566
york times,565
trump administration,564
sign waiver,563
coronavirus data,563
wave covid,563
afridi tested,558
positivo covid,555
two weeks,555
mental health,555
covid_19 coronavirus,554
fight coronavirus,552
covid19 crisis,552
loved ones,549
trump campaign,547
cases state,544
get coronavirus,541
covid19 deaths,539
every day,539
make sure,537
social media,536
gets million,536
positivo coronavirus,534
vacuna covid,533
19 impact,532
emergency mode,530
cases deaths,529
cases india,528
next week,528
number cases,528
covid19 positive,527
interesting article,526
parts beijing,525
data scientist,519
seattle coronavirus,519
19 response,518
president trump,516
page hospital,514
health officials,512
survivor gets,509
bame pages,509
cases spike,508
towards cashless,507
coronavirus news,506
save lives,505
please take,503
india news,503
months coronavirus,501
19 report,501
da saúde,497
good news,497
everyone read,495
10 000,494
nuevos contagios,491
fight covid19,490
novos casos,489
19 tests,487
अस पत,487
pass along,486
finally revealed,485
coronavirus corona,485
post coronavirus,483
spike coronavirus,483
du covid,483
calculating 666,482
são paulo,482
social distance,481
trump rallies,480
daily thanks,478
wanted pass,476
far right,475
covid19 amp,475
12 06,475
read coronavirus,474
coronavirus disease,473
fox news,473
beast hidden,472
il coronavirus,472
nursing home,470
proof rfid,469
dio positivo,468
cases confirmed,468
sábado 13,468
loss smell,468
19 update,467
take care,464
tal vez,464
protokol kesehatan,463
19 infections,463
13 june,462
coronavirus india,461
12 2020,460
allah bless,458
died covid,457
read covid19,455
health department,455
times india,452
cases total,451
coronavirus hit,451
19 patient,450
covid19 sarscov2,449
mayor mercado,449
black people,448
vacuna coronavirus,447
ve signed,447
covid covid19,446
wholesale market,446
nouveaux cas,444
number coronavirus,440
petition calling,440
free everyone,439
coronavirus china,438
nuevo coronavirus,437
herd immunity,436
people tested,436
19 case,435
number covid,435
hostile environment,434
coronavirus testing,433
nhs safe,432
missing bame,432
safe free,431
pages covid,431
matthancock pritipatel,430
demands answers,430
make nhs,429
answers missing,428
19 amp,427
get sick,427
world news,427
calling matthancock,427
end hostile,427
19 data,426
urgently end,426
environment make,426
covid coronavirus,425
mil casos,425
vaka sayısı,425
pritipatel urgently,425
patientsnotpassports via,425
lockdown coronavirus,424
19 restrictions,423
global pandemic,423
builds coronavirus,422
premier league,422
everyone join,422
quartiers pékin,421
world second,420
fauci says,420
join patientsnotpassports,420
pandemic team,419
wan na,419
new death,418
hit uk,418
bma demands,418
get tested,417
rebekah jones,414
juni 2020,413
13 juni,413
hannah montana,411
coronavirus beijing,410
smell taste,410
task force,408
pandemic covid19,407
nueva normalidad,406
breaking news,405
zero hedge,404
look like,404
state reports,403
per day,403
19 spread,402
du covid19,402
total confirmed,402
florida fired,402
casos activos,401
wearing face,401
india covid,401
pm modi,401
safe covid19,400
corona coronavirus,400
fired florida,399
deaths reported,399
41 828,397
puede ser,397
stayhome staysafe,397
well done,396
covid19 corona,396
covid19 vaccine,395
back work,394
world health,394
total deaths,394
latest news,390
muertos covid,390
cuarentena coronavirus,388
16 448,387
bible spoke,387
covid_19 covid19,387
65 nuevos,387
take look,385
19 may,384
penanganan covid,384
jesus spoke,383
000 deaths,382
join us,382
us coronavirus,381
study finds,381
fallecidos covid,381
toll world,381
first wave,379
florida scientist,379
people like,378
washington post,378
19 mundo,377
would like,377
cada vez,377
fired coronavirus,377
covid19 death,376
coronavirus restrictions,376
heading towards,376
revealed covid19,376
2020 06,376
health workers,376
300 000,375
coronavirus 2nd,373
19 treatment,373
study suggests,373
14 days,372
19 infection,372
get back,372
day spike,372
19 relief,371
sign petition,371
nuovi casi,370
health experts,370
coronavirus latest,370
market 2020,370
highest single,368
reported today,368
know bible,368
positivos covid,367
last days,367
memorial day,367
community transmission,366
com mais,365
test covid,365
dr fauci,365
total casos,364
south africa,364
19 covid19,363
covid19 virus,363
goes wartime,363
know jesus,362
lakh mark,362
19 symptoms,362
san francisco,361
19 través,361
go away,360
deaths covid19,360
new confirmed,359
cricketer shahid,359
beijing locked,358
revealed coronavirus,357
mask wearing,357
stop spread,357
19 still,354
scrapped cabinet,353
país mundo,352
coronavirus still,352
could make,352
co uk,351
second coronavirus,351
people die,350
population coronavirus,350
000 dead,349
daniel arroyo,349
200 000,349
staying safe,348
rise covid,348
coronavirus coronavirus,348
virus covid,348
16 mil,346
confirmados covid,346
get covid19,346
bruno covas,346
died coronavirus,345
blm protests,345
shuts food,345
coronavirus case,344
196 casos,344
record high,344
139 196,344
bringing total,344
still stuck,342
keep safe,342
covid19 covidー19,340
across country,340
top story,340
amit shah,339
confirmed covid,338
friends family,337
pacientes covid,337
health organization,337
coronavirus updates,337
india coronavirus,336
talk us,336
million people,336
coronavirus risk,335
even though,335
come back,335
native american,335
19 wave,334
fear second,334
market news,333
novo coronavírus,332
sarscov2 forecast,332
prayers speedy,332
martín insaurralde,331
buy song,331
personas fallecidas,331
beijing district,331
take time,330
entertain empower,330
empower educate,330
educate talk,330
0208 090,330
090 2121,330
2121 hello,330
hello fantasticradio,330
fantasticradio co,330
uk fantasticradiouk,330
fantasticradiouk homeofpossibilities,330
homeofpossibilities believeyourpossibilities,330
believeyourpossibilities stayhomesafelives,330
recovery rate,329
weeks ago,328
gov cuomo,328
people get,327
number covid19,327
stayhomesafelives buy,327
pasien covid,327
us covid19,327
covid deaths,326
infected coronavirus,326
death population,325
wave nope,324
us 0208,324
three months,324
1st one,323
coronavirus impact,323
cabinet pandemic,322
nope still,321
daily cases,320
slow spread,320
19 risk,320
627 new,319
em casa,319
tested covid,318
stuck 1st,317
000 new,317
covid19 outbreak,317
airborne transmission,316
let us,316
per il,316
like coronavirus,315
people still,315
prevent spread,315
says coronavirus,314
johnson scrapped,314
covid19 test,313
coronavirus infection,313
da covid19,313
good health,313
000 casos,312
please read,312
06 13,312
front line,311
19 hit,311
rebrote coronavirus,311
handling coronavirus,311
fresh cases,310
critical condition,310
lung transplant,310
40 000,310
ee uu,310
died covid19,310
people dying,309
coronavirus world,309
make coronavirus,309
nivel mundial,309
crisis covid,309
die coronavirus,307
china coronavirus,306
qu il,306
coronavirus racism,305
nuevo récord,305
publishing statistics,305
pandemic via,304
small businesses,303
may get,303
cases today,302
est pas,302
latest covid,302
per million,302
mode spike,302
live news,301
test coronavirus,301
scientist publishing,301
da pandemia,300
beijing market,300
nueva realidad,299
healthcare workers,299
10 days,299
like covid,299
need know,298
re education,297
got ta,297
coronavirus spikes,297
us covid,297
covid19 testing,296
de la,296
department health,294
positivos coronavirus,294
died today,294
one thing,294
coronavirus test,294
coronavirus spike,294
no mask,294
hong kong,293
jun 13,293
healthcare system,292
care homes,292
vaccine covid,292
coronavirus país,291
mercado mayorista,291
coronavirus vía,290
cases amp,290
god bless,290
die covid,290
pakistan captain,289
coronavirus través,288
contagios covid19,288
highest number,288
nuevas muertes,287
rally tulsa,287
blacklivesmatter covid19,287
tests covid,287
penyebaran covid,287
crise du,287
like covid19,287
viernes 12,286
right wing,286
coronavirus dashboard,286
au coronavirus,285
19 méxico,284
good luck,284
não tem,284
el coronavirus,284
rest world,284
in the,284
district wartime,284
people recovered,283
delcy rodríguez,283
convince folk,283
folk need,283
mask laschet,283
laschet chancellor,283
herdimmunity kill,283
kill folk,283
coronavirus social,282
19 numbers,282
since covid,282
immune system,282
50 000,282
de covid,282
coronavirus lockdowns,282
coronavirus covidー19,281
take away,281
कर रह,280
400 million,280
coronavirus infectious,280
seems like,279
coronavirus covid2019,279
impact covid19,279
allah give,279
astrazeneca agrees,279
via franceinfo,278
venezuelasoberanaydemocrática gnbypatriainvencible,278
hope re,277
new study,277
report says,277
market goes,277
salud pública,276
days ago,276
feel like,275
tiempos coronavirus,275
coronavirus may,275
nasser mohammad,275
mohammad al,275
dominant route,274
parscale realdonaldtrump,274
bu kadar,274
brazil coronavirus,274
johns hopkins,274
new infections,274
york city,274
family members,274
risk covid,274
people need,274
19 brasil,273
covid cases,273
seattle times,273
of the,273
shahidafridi tested,273
coronavirus relief,272
कड उन,272
fallecidos coronavirus,271
000 covid,271
back normal,271
coronavirus tests,271
cases new,271
pt 13,271
salud chile,271
dalga dalga,271
showing far,270
caso coronavirus,270
young people,270
lockdown covid19,270
secretaría salud,269
daily coronavirus,269
si coronavirus,269
19 related,269
health crisis,269
despite coronavirus,269
great day,268
coronavirusupdates covid19,268
coronavirus il,268
000 muertos,268
pmoindia narendramodi,268
coronavirus policy,268
tamil nadu,267
deaths covid,267
19 país,266
coronavirus si,266
000 000,266
north carolina,265
โคว ด19,265
everyone safe,264
private hospitals,264
via mailonline,264
pékin confinés,264
gnbypatriainvencible fanb,264
cases increase,263
número casos,263
covid19 india,263
19 vía,263
cada día,263
million doses,263
11 000,263
time read,262
white people,262
pola hidup,262
response covid19,262
realdonaldtrump govmurphy,262
país com,261
coronavirus could,261
covid19 response,261
brote covid,261
term care,261
infectious study,261
parents refuse,260
19 updates,260
play part,260
globalist mafia,260
beijing closes,260
high risk,259
19 covert,259
covert id,259
coronavirus amp,259
realdonaldtrump foxnews,259
patients critical,258
months ago,258
highest covid,258
follow trick,258
tell us,258
pakistan cricketer,258
bill requires,257
federal government,257
towards future,257
future cashless,257
coronavirus site,257
every single,257
deaths coronavirus,257
policy separated,257
hope ll,256
id heading,256
scientist builds,256
could get,256
hospital secret,256
mothers newborns,256
want share,255
best way,255
125 ecoins,255
19 corona,255
ministério da,255
crisis covid19,255
re opening,255
latest updates,255
coronavirus indiafightscorona,255
covid19 situation,255
spike 11,255
coronavirus fears,254
covid19 si,254
news times,254
number deaths,254
deaths total,254
05 2020,254
narendramodi pmoindia,254
coronavirusinpakistan coronavirus,254
secret coronavirus,254
rally attendees,253
re staying,253
spoke would,253
spread virus,253
ministry health,253
delhi govt,253
mutation could,253
seattle man,253
plusieurs quartiers,253
ever wondered,252
trump supporters,252
also hope,252
brasil segundo,252
site showing,252
coronavirus españa,252
recover soon,252
jun 2020,252
looking forward,252
captain shahid,252
separated native,252
sistema salud,251
di indonesia,251
earn 500,251
donate 125,251
06 20,251
watch video,251
13 juin,251
colorado bill,250
holy spirit,250
far cases,250
petition via,250
climate change,250
ver si,250
di kabupaten,250
wear face,250
nuevo caso,250
times also,249
increase covid,249
confirmed coronavirus,249
people covid,249
lockdown measures,249
american mothers,249
article read,248
día hoy,248
ll read,248
tres meses,248
toll rises,248
zonas residenciales,248
small business,247
number 666,247
meaning finally,247
daily updates,247
abc news,247
salir coronavirus,247
bild streeck,247
streeck want,247
chancellor ex,247
ex bild,247
bild diekmann,247
diekmann minister,247
söder merkel,247
merkel symbol,247
symbol stayhome,247
stayhome laschet,247
laschet opens,247
opens mask,247
mask herdimmunity,247
transmission dominant,246
god holy,246
response coronavirus,246
666 hidden,246
coronavirus fear,246
nouveau foyer,246
coronavirus waiver,245
mystery behind,245
19 hospitalizations,245
the coronavirus,245
state health,245
fear mongering,245
13th june,245
coronavirus cluster,245
common sense,244
believe everyone,244
supreme court,244
old man,244
de coronavirus,244
truth must,243
666 revealed,243
re going,243
rahul gandhi,243
000 americans,242
re open,242
realdonaldtrump hope,242
hope ve,242
day want,242
behind 666,242
route spread,242
safe times,242
article believe,242
even coronavirus,242
cases go,242
het coronavirus,242
market outbreak,242
disease 2019,241
article concerning,241
behind counting,241
centuries people,241
number god,241
convierte segundo,241
along article,241
read rfid,241
beast meaning,241
know covid,241
people covid19,241
share interesting,240
wondered meaning,240
666 wonder,240
wonder must,240
muertes covid19,240
read interesting,240
people wondered,240
behind number,240
one safe,240
spreading coronavirus,240
