gram,counts
covid 19 pandemic,9216
covid 19 cases,6590
covid 19 crisis,3462
due covid 19,3425
casos covid 19,3299
covid 19 deaths,2737
covid 19 patients,2684
covid 19 vaccine,2561
coronavirus covid 19,2559
new covid 19,2303
covid 19 via,2209
covid 19 testing,1872
positive covid 19,1844
36 000 lives,1766
amid covid 19,1723
covid 19 outbreak,1701
new coronavirus cases,1645
da covid 19,1613
covid 19 response,1591
least 36 000,1590
impact covid 19,1559
covid 19 lockdown,1545
covid 19 test,1479
fight covid 19,1458
bbc news coronavirus,1429
pandemia covid 19,1419
covid 19 di,1360
cases covid 19,1336
covid 19 death,1313
cost least 36,1281
delays cost least,1262
lockdown delays cost,1234
000 lives data,1226
lives data show,1212
does spread easily,1201
coronavirus live updates,1194
últimas 24 horas,1193
may 21 2020,1155
covid 19 virus,1154
coronavirus does spread,1143
covid 19 relief,1138
post covid 19,1136
new york times,1115
response covid 19,1077
covid 19 update,1059
pandemi covid 19,1057
covid 19 coronavirus,1032
global coronavirus cases,1023
half accounts tweeting,1017
cdc says coronavirus,1014
accounts tweeting coronavirus,1012
covid 19 em,981
covid 19 may,972
spread covid 19,965
nearly half accounts,958
stay safe stay,954
former white house,925
covid 19 data,914
amid coronavirus pandemic,911
covid coronavirus corona,898
covid 19 vía,897
contagios covid 19,885
cases surpass million,883
safe stay healthy,883
tweeting coronavirus likely,870
wanted let know,869
coronavirus likely bots,866
corona stay safe,861
quality free shipping,860
free shipping covid,860
hey wanted let,859
let know buy,859
know buy facemasks,859
buy facemasks protect,859
facemasks protect covid_19,859
protect covid_19 pretty,859
covid_19 pretty cheap,859
pretty cheap good,859
cheap good quality,859
good quality free,859
shipping covid coronavirus,859
coronavirus corona stay,859
second wave coronavirus,857
researchers nearly half,851
mass casualty incident,849
alarm health effects,848
health effects continued,848
raise alarm health,847
effects continued coronavirus,843
continued coronavirus shutdown,843
coronavirus cases surpass,837
covid 19 impact,836
doctors raise alarm,826
died covid 19,820
rfid microchip mark,818
microchip mark beast,818
says coronavirus does,816
du covid 19,808
muertes covid 19,771
positivo covid 19,762
shutdown mass casualty,756
positif covid 19,756
covid 19 tests,756
coronavirus shutdown mass,754
served 11 presidents,750
white house butler,708
covid 19 positive,699
11 presidents dies,699
nuevos casos covid,696
com covid 19,693
covid 19 infections,693
covid 19 contact,688
crisis covid 19,688
nuevos casos coronavirus,680
number covid 19,669
covid 19 related,662
spread easily surfaces,662
last 24 hours,653
covid 19 infection,645
tested positive coronavirus,643
positivos covid 19,638
covid 19 amp,637
21 05 2020,637
long term care,632
coronavirus death toll,628
19 contact tracing,628
meaning behind calculating,617
hidden meaning behind,617
surviving covid 19,609
virus covid 19,605
test positive covid,603
covid 19 could,599
potential covid 19,590
africa coronavirus successes,584
patients nursing homes,579
mortes covid 19,579
tested positive covid,577
biden trusted coronavirus,576
dies covid 19,575
covid 19 situation,573
coronavirus successes overlooked,572
gt gt gt,571
cashless society know,570
covid 19 restrictions,568
trusted coronavirus trump,568
covid 19 case,565
pacientes covid 19,561
test positive coronavirus,560
coronavirus spread easily,557
via contaminated surfaces,556
300 million doses,554
covid 19 país,553
affected covid 19,552
pruebas covid 19,546
spread easily via,544
wave covid 19,543
must read article,542
confirmados covid 19,538
19 death toll,538
easily via contaminated,528
may result immunity,523
casos confirmados covid,520
presidents dies coronavirus,519
first scientific evidence,519
hydroxychloroquine 19 years,518
new york city,517
two studies monkeys,515
result immunity reinfection,515
scientific evidence surviving,514
19 may result,510
penyebaran covid 19,507
covid 19 spread,502
evidence surviving covid,502
new cases covid,500
covid 19 ini,496
got covid 19,494
penanganan covid 19,494
studies monkeys provide,492
provide first scientific,492
due coronavirus pandemic,491
monkeys provide first,490
social distancing measures,486
de covid 19,486
may 20 2020,485
spread easily touching,485
deaths covid 19,480
stay at home,480
jueves 21 mayo,480
000 covid 19,475
mask ford plant,475
infected covid 19,473
epoch times app,473
woman took hydroxychloroquine,471
times app see,466
coverage daily updates,466
get covid 19,462
app see exclusive,457
president donald trump,452
muertos covid 19,451
easily touching surfaces,451
fox news poll,451
confirmed covid 19,448
casos positivos covid,447
dies coronavirus 91,445
world health organization,444
new cases coronavirus,443
eating wild animals,440
one week earlier,438
michael cohen released,437
21 mei 2020,435
saved 36 000,434
positively toward negative,434
20 mayo 2020,433
butler served 11,433
coronavirus coverage daily,432
covid 19 numbers,431
us covid 19,428
exclusive coronavirus coverage,427
covid 19 news,426
white house coronavirus,425
news poll biden,425
covid 19 new,423
touching surfaces objects,423
see exclusive coronavirus,423
free covid 19,419
coronavirus covid19 sarscov2,417
behind calculating 666,415
took hydroxychloroquine 19,415
coronavirus death rate,415
mark beast hidden,414
beast hidden meaning,414
second covid 19,414
21 may 2020,413
dying covid 19,409
covid 19 patient,409
time covid 19,408
wanted pass along,405
update covid 19,405
21 mayo 2020,405
vacuna covid 19,404
proof rfid microchip,403
covid 19 world,403
towards cashless society,401
covid 19 mundo,401
covid 19 wave,399
covid 19 treatment,398
data show see,397
covid 19 méxico,394
contagio covid 19,394
house butler served,394
prevent covid 19,393
poll biden trusted,385
coronavirus trump economy,384
coronavirus nursing home,382
using covid 19,379
could saved 36,379
treat covid 19,378
covid 19 brasil,378
coronavirus contact tracing,378
country second wave,378
covid 19 support,377
terdampak covid 19,376
white house employee,374
day working week,373
nhs leaders warn,372
says covid 19,364
covid 19 recovery,364
hydroxychloroquine trial begins,364
covid 19 covid19,363
nursing home policy,361
population coronavirus covid19,359
wave coronavirus hits,359
covid19 sarscov2 forecast,358
employee served 11,357
death rate per,356
via namo app,356
covid 19 na,355
coronavirus pandemic via,355
close country second,355
house employee served,354
health care workers,353
global covid 19,352
four day working,351
test covid 19,349
confirmed coronavirus cases,349
people covid 19,348
death population coronavirus,348
covid 19 antibodies,348
new yorkers died,348
frente covid 19,346
new death population,346
like covid 19,345
new covid19 cases,344
wear coronavirus mask,344
trial begins uk,344
says coronavirus spread,343
live updates npr,342
cannabis could help,340
cuomo coronavirus nursing,340
governor cuomo coronavirus,338
new cases covid19,337
since covid 19,337
coronavirus hydroxychloroquine trial,337
home policy died,337
policy died 11,337
caso covid 19,336
week earlier march,333
yorkers died governor,333
died governor cuomo,333
rate per capita,332
confirmed cases covid19,331
could help prevent,330
overlooked afua hirsch,330
die covid 19,329
wilson roosevelt jerman,329
36 000 deaths,329
still got covid,327
2020 05 21,327
us three months,327
covid 19 updates,326
highest coronavirus death,326
successes overlooked afua,326
covid 19 antibody,325
combate covid 19,322
36 000 fewer,322
por covid 19,321
pela covid 19,320
video via gatewaypundit,319
johns hopkins university,319
trace nhs leaders,319
effects covid 19,318
coronavirus disease 2019,317
number coronavirus cases,317
surfaces objects cdc,317
track trace nhs,317
world sees highest,316
news covid 19,316
million doses potential,316
shocking new yorkers,315
based tax havens,314
cases new deaths,313
flags four day,313
contact tracing app,312
prevent treat coronavirus,312
country highest coronavirus,311
people would died,311
objects cdc says,311
take coronavirus vaccine,311
million americans filed,310
apple google release,309
latest covid 19,309
gon na happen,309
covid 19 hit,308
tiempos covid 19,307
covid 19 cure,307
society know jesus,307
fighting covid 19,306
tested covid 19,306
help prevent treat,306
memorial day weekend,305
becomes country highest,304
misreporting covid 19,304
support covid 19,303
current covid 19,303
thursday may 21,302
amidst covid 19,302
2019 covid 19,301
kasus covid 19,301
méxico lopezobrador_ gobiernomx,301
covid 19 emergency,300
covid 19 symptoms,299
trump covid 19,299
ministério da saúde,299
march 36 000,299
fewer people would,299
story lockdown delays,299
likely bots coronavirus,299
america victim blaming,298
psychoses us history,298
au covid 19,297
believe cannabis could,297
victim blaming coronavirus,296
patients covid 19,295
detectar covid 19,295
scientists believe cannabis,295
el covid 19,294
tested positively toward,294
article amp reuters,293
sweden becomes country,293
history america victim,293
lives daily talk,292
0208 90 2121,292
90 2121 hello,292
2121 hello fantasticradio,292
hello fantasticradio co,292
fantasticradio co uk,292
co uk fantasticradiouk,292
uk fantasticradiouk homeofpossibilities,292
fantasticradiouk homeofpossibilities believeyourpossibilities,292
homeofpossibilities believeyourpossibilities stayhomesafelives,292
believeyourpossibilities stayhomesafelives buy,292
stayhomesafelives buy song,292
day old baby,292
uk covid 19,292
us history america,292
earlier march 36,291
top story lockdown,291
total confirmed cases,290
time running track,290
bots coronavirus live,290
know covid 19,289
coronavirus testing mess,288
adding value lives,288
value lives daily,288
daily talk us,288
talk us 0208,288
us 0208 90,288
covid 19 não,287
risk covid 19,287
000 fewer people,287
blaming coronavirus dead,287
covid 19 exposure,286
imposing social distancing,286
handling covid 19,285
running track trace,285
home covid 19,284
covid 19 global,284
bans eating wild,283
coronavirus time running,283
cure covid 19,281
new deaths today,281
cases top million,281
state covid 19,280
amp covid 19,280
cohen released prison,279
lopezobrador_ gobiernomx hacen,279
daily covid 19,278
measures one week,278
fox news host,277
19 via youtube,277
lockdowns dangerous deadly,277
term care facilities,277
covid 19 lockdowns,276
casualty incident foxnews,276
related covid 19,276
all psychoses us,276
truth cornoavirus lockdowns,275
cornoavirus lockdowns dangerous,275
past 24 hours,275
lie white house,275
begun imposing social,275
second wave covid,274
contre covid 19,274
coronavirus mask ford,274
covid 19 covid,273
miércoles 20 mayo,272
amid coronavirus crisis,272
284 new cases,271
deaths today raising,271
covid 19 venezuela,270
forced take coronavirus,270
cdc says still,270
2nd wave coronavirus,270
physicians truth cornoavirus,268
patients critical condition,267
still may possible,267
sees highest daily,266
years treat lupus,266
says still may,266
distancing measures one,265
despite covid 19,264
19 years treat,264
21 05 20,264
americans forced take,264
diáriodequarentena dia 61,264
muertes hambre méxico,264
society know bible,263
648 nuevos casos,263
covid19 muertes hambre,263
contagios covid19 muertes,262
people died today,261
treat lupus still,260
contagiados covid 19,260
gobiernomx miente pueblo,260
would died coronavirus,259
covid 19 economic,258
first dog moon,258
astrazeneca covid 19,258
hambre méxico lopezobrador_,258
case covid 19,256
deaths models find,256
led least 36,256
disease 2019 covid,255
от covid 19,255
covid 19 would,254
contact tracing apps,254
raising country total,254
gobiernomx hacen noqueremosmásmentiras,254
tests positive coronavirus,253
miente pueblo contagios,253
fallecidos covid 19,252
coronavirus antibody tests,252
pueblo contagios covid19,252
million covid 19,251
second coronavirus wave,251
covid 19 health,251
covid 19 yang,251
confirmed deaths go,251
000 deaths models,251
19 test data,251
infectados covid 19,250
today raising country,250
coronavirus vaccine video,250
three months rebuild,250
tested positive covid19,249
20 05 2020,248
easily surfaces via,248
impacts covid 19,247
died coronavirus outbreak,247
distancing week earlier,245
states misreporting covid,245
rebuild medical supplies,245
before and after,244
week earlier could,244
medical supplies stockpile,244
died 11 via,244
highest daily increase,243
covid 19 dan,243
alan dershowitz says,243
months rebuild medical,243
firms based tax,243
wave coronavirus cases,242
obama administration scientists,242
tests positive covid,241
coronavirus sars cov,241
propagación covid 19,241
coronavirus hot spots,241
happen alan dershowitz,241
support firms based,241
casos positivos coronavirus,240
go back work,240
result covid 19,240
flags half staff,240
covid 19 research,239
000 coronavirus deaths,239
trump says us,239
na happen alan,239
says americans forced,239
cdc states misreporting,239
use covid 19,238
dershowitz says americans,238
stockpile obama administration,238
trump wear coronavirus,238
reporta cifra alta,237
sa covid 19,237
sign petition via,237
covid 19 en,237
supplies stockpile obama,237
oms reporta cifra,236
covid 19 china,236
wake covid 19,236
at home order,236
covid 19 shutdown,236
uss theodore roosevelt,235
ao covid 19,235
covid19 positive cases,235
crise du coronavirus,235
covid 19 victims,234
total number cases,234
11 via gatewaypundit,234
di tengah pandemi,233
social distancing week,233
administration scientists warn,233
19 support firms,233
56 594 casos,232
une deuxième vague,231
lupus still got,230
deaths nursing homes,230
deaths go updates,230
one example lie,230
secures 300 million,230
19 covid 19,229
potential astrazeneca covid,229
world covid 19,228
new zealand pm,228
wuhanvirus wuhanvirus wuhanvirus,228
fidecine covid covid_19,228
nuevos casos positivos,227
death covid 19,227
ai gon na,227
100 000 dead,226
épidémie covid 19,226
even covid 19,226
caused covid 19,225
coronavirus live news,225
58 nuevos casos,225
covid 19 drug,224
covid 19 podría,224
covid 19 fund,224
two day old,224
fox news biden,224
ainda bem natureza,223
covid 19 hoax,223
global cases top,223
lives could saved,222
covid 19 affected,222
treatment covid 19,222
host asks one,222
asks one example,222
example lie white,222
covid covid_19 actuatec2020,222
please take time,221
deaths per million,221
โคว ด19 covid19,221
bbc news mundo,220
experts warn second,220
earlier could saved,220
covid 19 noqueremosmásmentiras,220
take time read,219
ng covid 19,219
impacto covid 19,219
new post coronavirus,219
news host asks,219
according new estimates,219
new estimates columbia,219
21demayo inah fidecine,219
going close country,219
impacted covid 19,218
inah fidecine covid,218
dangerous deadly via,217
spread easily contaminated,217
000 dead americans,217
pasien covid 19,217
doses potential astrazeneca,217
florida covid 19,216
deadly via breitbartnews,216
covid 19 quarantine,216
country 2nd wave,216
said covid19 spares,216
covid19 spares innocent,216
spares innocent children,216
innocent children know,216
children know fact,216
people died coronavirus,215
wabah covid 19,215
cinco millones casos,215
know fact covid1948,215
fact covid1948 never,215
close country 2nd,215
take covid 19,214
wuhan style lockdown,214
bans covid 19,214
hope ve great,212
ve great day,212
great day want,212
day want share,212
want share interesting,212
share interesting article,212
interesting article read,212
article read concerning,212
read concerning rfid,212
concerning rfid microchip,212
calculating 666 fascinating,212
treating covid 19,212
easily contaminated surfaces,212
brote covid 19,212
highest single day,211
causa covid 19,211
prueba covid 19,211
ever wondered meaning,211
wondered meaning behind,211
meaning behind 666,211
behind 666 wonder,211
666 wonder must,211
wonder must read,211
universidad johns hopkins,211
coronavirus world sees,210
increase virus cases,210
usa northamerica cases,210
florida coronavirus response,210
lucha covid 19,210
fallecieron 424 personas,210
race coronavirus vaccine,210
covid 19 business,210
nearly 39 million,210
total covid 19,209
daily increase virus,209
75 nuevos casos,209
covid 19 et,209
coronavirus cases new,209
second wave south,209
covid 19 tracking,209
coronavirus via youtube,209
statutory sick pay,209
covid_19 actuatec2020 baekhyun,209
know jesus spoke,208
covid 19 still,208
covid 19 covert,208
19 di indonesia,208
recovery rate 40,208
covid 19 free,208
estimates columbia university,208
access proper healthcare,208
covid1948 never palestine,208
re going close,208
number 666 hidden,207
666 hidden meaning,207
hidden meaning finally,207
meaning finally revealed,207
centuries people wondered,207
people wondered mystery,207
wondered mystery behind,207
mystery behind number,207
behind number god,207
number god holy,207
god holy spirit,207
holy spirit revealed,207
spirit revealed truth,207
revealed truth must,207
truth must read,207
news coronavirus covid19,207
combat covid 19,207
em 24 horas,207
19 covert id,207
covert id heading,207
id heading towards,207
heading towards future,207
towards future cashless,207
future cashless society,207
2020 covid 19,207
updates covid19 coronavirus,207
disease covid 19,207
coronavirus outbreak according,207
we re going,207
scotland bans covid,207
must gain access,207
gain access proper,207
proper healthcare need,207
mayores decesos reportados,207
19 relief fund,206
covid 19 safety,206
warn second wave,206
work covid 19,206
go updates covid19,206
healthcare need coronavirus,206
palestinians must gain,206
need coronavirus crisis,206
finally revealed coronavirus,205
read interesting article,205
age covid 19,205
594 casos confirmados,204
hope ll read,204
covid 19 hospital,204
teamtrump realdonaldtrump kayleighmcenany,204
exclusive us three,204
recovery plan puts,204
plan puts people,204
global response chinese,204
país fallecieron 424,204
pass along article,203
along article believe,203
article believe everyone,203
believe everyone read,203
everyone read rfid,203
read rfid microchip,203
mark beast meaning,203
beast meaning behind,203
calculating 666 revealed,203
casos confirmados coronavirus,203
battling covid 19,203
finally revealed covid19,203
hope re staying,203
re staying safe,203
staying safe times,203
safe times also,203
times also hope,203
also hope ll,203
ll read interesting,203
interesting article concerning,203
article concerning hidden,203
concerning hidden meaning,203
meaning behind counting,203
behind counting fascinating,203
counting fascinating everyone,203
fascinating everyone read,203
cas covid 19,203
control ppe factories,203
overcome economic tragedy,203
economic tragedy covid19,203
tragedy covid19 need,203
covid19 need expanded,203
vonderleyen timmermanseu vestager,203
puts people heart,203
bem natureza criou,202
pass along absolute,202
along absolute proof,202
absolute proof rfid,202
behind calculating number,202
seizes control ppe,202
greenrecovery overcome economic,202
people heart radically,202
response chinese coronavirus,202
cifra alta casos,201
sick woman took,201
covid 19 dengan,201
time read pass,201
read pass friends,201
pass friends family,201
friends family proof,201
family proof rfid,201
mark beast mysterious,201
beast mysterious meaning,201
mysterious meaning behind,201
meaning behind finally,201
behind finally revealed,201
mail in voting,201
il covid 19,201
demand greenrecovery overcome,201
need expanded boosted,201
expanded boosted eugreendeal,201
boosted eugreendeal demand,201
eugreendeal demand vonderleyen,201
demand vonderleyen timmermanseu,201
timmermanseu vestager recovery,201
vestager recovery plan,201
heart radically make,201
radically make economies,201
make economies greener,201
michigan we re,201
testing covid 19,200
hot spots erupt,200
100 000 coronavirus,200
prematura desordenada peligrosa,200
19 patients nursing,199
people tested positive,199
ppe factories sparking,199
000 americans dead,199
per covid 19,199
new coronavirus outbreaks,199
wearethenewsnow factsmatter wwg1wga,198
get back work,198
factories sparking fear,198
easyjet resume flights,198
says wo close,198
dos nuevos síntomas,197
combatir covid 19,197
wwg1wga wakeupamerica unitednotdivided,197
coronavirus palestine qudsday,197
governor ron desantis,196
qanon wearethenewsnow factsmatter,196
factsmatter wwg1wga wakeupamerica,196
wakeupamerica unitednotdivided saveamerica,196
outbreak according new,196
cases pass 5m,196
claims last week,196
close second covid,196
pandemia nueva normalidad,196
56 mil 594,195
catching covid 19,195
top hiv scientist,195
000 people died,195
china seizes control,195
wo close second,195
us wo close,195
covid 19 real,194
covid 19 20,194
country experts warn,194
small business owners,194
help covid 19,194
surpass million infections,194
39 covid 19,194
19 cases needed,194
cases needed hospital,194
needed hospital support,194
covid19 mücadelede ön,194
called covid 19,193
spots erupt across,193
erupt across country,193
yıllardır kurum içi,193
eğitimlere katılmış liyakat,193
sahibi olmuş 869,193
var covid19 mücadelede,193
mücadelede ön cephede,193
ön cephede savaşıyor,193
breaking foxnews alert,193
pandemic news coronavirus,192
largest single day,192
stay home much,192
across country experts,192
nursing home deaths,192
million infections rising,192
bakanlığı bünyesinde yıllardır,192
bünyesinde yıllardır kurum,192
kurum içi bütün,192
içi bütün eğitimlere,192
bütün eğitimlere katılmış,192
iş güvencesi almayı,192
güvencesi almayı bekliyor,192
hiv scientist says,191
emergencia covid 19,191
hospital support recovery,191
support recovery rate,191
katılmış liyakat yetenek,191
liyakat yetenek sahibi,191
yetenek sahibi olmuş,191
olmuş 869 vekilebehemşireler,191
869 vekilebehemşireler var,191
vekilebehemşireler var covid19,191
cephede savaşıyor özlük,191
savaşıyor özlük haklarını,191
says us wo,191
covid 19 us,190
gets covid 19,190
sağlık bakanlığı bünyesinde,190
özlük haklarını iş,190
haklarını iş güvencesi,190
wo close country,190
new york coronavirus,189
unitednotdivided saveamerica greatawakening,189
coronavirus relief funds,189
dr marc siegel,189
covid 19via namo,189
19via namo app,189
test data atlantic,189
total 38 million,189
coronavirus crisis palestine,189
trump michigan we,189
reportados covid 19,189
global pandemic news,188
tengah pandemi covid,188
china covid 19,188
gov andrew cuomo,188
coronavirus cases rise,188
covid 19 made,188
positive cases reported,188
coronavirus argentina gobierno,188
trump says wo,188
80 million coronavirus,187
michigan attorney general,187
the covid 19,187
crisis palestine qudsday,187
decesos reportados covid,187
nursing homes take,186
pandémie covid 19,186
día mayores decesos,186
single day increase,185
us coronavirus deaths,185
back nursing homes,185
updates covid 19,185
response coronavirus pandemic,185
424 personas 24,185
personas 24 horas,185
vaccine video via,185
centers disease control,184
new cases confirmed,184
increase covid 19,184
wash hands often,184
coronavirus cases reported,184
infections rising south,184
almayı bekliyor bizimtalebimiz,184
noqueremosmásmentiras ayer día,184
ayer día mayores,184
19 país fallecieron,184
covid 19 three,183
covid 19 fight,183
first covid 19,183
uso da cloroquina,182
think covid 19,182
know bible spoke,182
times covid 19,182
county covid 19,182
new cases reported,182
batalla covid 19,182
covid 19 tally,182
uk coronavirus live,182
legal procedures working,182
procedures working women,182
gaza strip among,182
covid 19 oms,181
negative covid 19,181
stay home stay,181
let us know,181
new coronavirus wave,181
rising south america,181
peduli covid 19,181
working women gaza,181
women gaza strip,181
strip among vulnerable,181
among vulnerable coronavirus,181
2nd wave covid,180
fear new coronavirus,180
please donate share,180
least states combined,180
light lockdown suspension,180
lockdown suspension legal,180
suspension legal procedures,180
bekliyor bizimtalebimiz reisvekilebehemsireyekadro,180
nueva normalidad prematura,180
normalidad prematura desordenada,180
20 mil mortes,179
