gram,counts
covid 19,199789
coronavirus cases,12387
19 cases,10625
19 pandemic,7669
coronavirus pandemic,7056
coronavirus covid19,6302
covid19 coronavirus,5889
new cases,5672
new coronavirus,4600
wear mask,3802
positive covid,3706
covid19 cases,3518
tested positive,3468
covid19 pandemic,3361
death rate,3157
nuevos casos,3142
social distancing,2956
new york,2930
due covid,2923
new covid,2910
united states,2901
casos covid,2867
public health,2834
inside heart,2826
donald trump,2727
casos coronavirus,2397
jair bolsonaro,2351
positive coronavirus,2347
back school,2345
due coronavirus,2302
tests positive,2284
coronavirus outbreak,2209
go back,2169
19 deaths,2152
19 testing,2120
bbc news,2093
scream inside,2087
19 patients,2079
via youtube,2047
coronavirus covid,2002
open schools,1952
july 2020,1922
wear masks,1907
task force,1900
gon na,1898
coronavirus deaths,1896
19 crisis,1871
news coronavirus,1870
death toll,1844
amid coronavirus,1836
19 vaccine,1833
spread covid,1832
cases covid,1827
due covid19,1761
000 000,1740
kanye west,1730
confirmed cases,1720
stay home,1704
60 000,1693
24 horas,1689
corona virus,1671
wearing mask,1668
white house,1641
casos confirmados,1624
19 outbreak,1615
da covid,1615
single day,1596
amid covid,1584
19 death,1582
19 test,1578
realdonaldtrump cdcgov,1561
19 via,1547
test positive,1547
world health,1546
coronavirus vaccine,1541
long term,1537
24 hours,1482
airborne transmission,1478
reopen schools,1470
coronavirus crisis,1468
000 new,1439
please scream,1438
dr fauci,1416
wearing masks,1411
spread coronavirus,1402
schools open,1394
brain damage,1393
casos positivos,1374
many people,1372
live updates,1356
gt gt,1349
novel coronavirus,1318
brain disorders,1316
schools reopen,1315
cases coronavirus,1315
president trump,1298
pandemia coronavirus,1288
19 surge,1278
serious brain,1277
positivo covid,1274
year old,1268
people dying,1268
million coronavirus,1266
new normal,1265
second wave,1257
face masks,1254
positive cases,1253
stay safe,1250
trump rally,1248
19 di,1247
trump administration,1241
every day,1225
sars cov,1222
coronavirus infections,1216
pandemia covid,1215
spread covid19,1213
coronavirus symptoms,1206
últimas 24,1198
herd immunity,1196
coronavirus via,1194
people mild,1189
coronavirus lockdown,1185
nursing homes,1182
million cases,1179
us surpasses,1171
10 000,1166
pandemic covid19,1163
coronavirus live,1159
young people,1153
around world,1152
coronavirus task,1149
sign petition,1144
getting tested,1134
mental health,1115
ivy league,1115
disorders people,1111
rishi sunak,1102
active cases,1099
mild coronavirus,1095
08 07,1094
health care,1093
get tested,1092
warning serious,1088
coronavirus surge,1087
looks like,1078
pandemia covid19,1064
19 response,1062
impact covid,1050
coronavirus spread,1048
health organization,1045
total number,1042
york times,1040
19 tests,1037
health officials,1031
positive covid19,1030
handling covid,1029
new covid19,1027
contact tracing,1018
post covid,1013
face mask,1012
07 2020,1006
covid cases,993
sees covid,971
130 000,967
casos covid19,966
fight covid,958
evidence emerging,956
total covid,955
new deaths,950
june rally,948
trump coronavirus,947
coronavirus airborne,945
cases reported,945
trump june,945
surge wake,945
get covid,943
screaming inside,943
health official,940
boris johnson,929
people died,928
mortality rate,927
covid19 deaths,926
wake trump,923
com covid,921
covid19 crisis,921
died covid,920
positivo coronavirus,918
tulsa sees,917
health department,914
fake news,911
cases covid19,909
via nytimes,904
covid19 patients,904
make sure,899
million people,897
one day,896
help us,894
wash hands,893
care homes,893
coronavirus death,886
three million,886
19 virus,885
19 coronavirus,879
brazil president,878
emerging airborne,875
total cases,874
us coronavirus,874
coronavirus update,871
join us,870
stop getting,869
reopening schools,869
kids back,867
19 lockdown,863
in person,859
emerging evidence,848
opening schools,840
petition via,838
pandemi covid,836
last 24,835
back work,834
coronavirus response,833
per day,833
ministerio salud,830
response covid,825
fatality rate,820
cases rise,820
000 total,817
19 update,812
number coronavirus,807
covid19 covidー19,806
airborne spread,806
confirmed covid,806
julio 2020,800
covid19 corona,800
corona covid19,800
likely contributed,798
post covid19,793
tested covid,790
source coronavirus,790
19 positive,789
president jair,789
get sick,789
cases deaths,788
surpasses 000,784
prime minister,780
cases surge,772
casos nuevos,767
rally likely,765
000 deaths,763
contagios coronavirus,763
send kids,758
first time,753
fight covid19,751
american people,749
across country,744
confirmed coronavirus,742
test results,740
evidence airborne,740
coronavirus testing,737
000 people,737
contagios covid,737
100 000,735
coronavirus relief,733
global pandemic,733
good news,728
small businesses,727
19 amp,727
coronavirus patients,725
demuestre contrario,725
nursing home,723
last week,723
coronavirus argentina,723
cases reports,723
south africa,717
19 spread,715
testing positive,713
months ago,711
du covid,710
reports nbc,709
major source,709
people die,704
whitehouse realdonaldtrump,701
millones casos,700
dio positivo,699
per million,697
19 situation,696
du coronavirus,696
johns hopkins,693
healthcare workers,689
get coronavirus,688
million covid,687
19 em,687
go away,686
wan na,684
coronavirus need,684
19 relief,681
look like,677
save lives,674
common sense,672
business usual,671
re open,669
transmission coronavirus,669
health amp,669
fight coronavirus,669
mike pence,666
airborne coronavirus,661
death rates,660
covid19 amp,659
scientists warn,659
coronavirus tests,658
bolsonaro tests,656
19 impact,655
dying home,655
wave coronavirus,654
number cases,654
two weeks,651
lives matter,650
false narrative,649
via gatewaypundit,648
ee uu,648
icu beds,647
government handling,647
19 infections,644
good place,644
would like,644
coronavirus updates,643
china virus,643
stop spread,639
put us,634
need know,633
covid19 lockdown,633
melaksanakan himbauan,626
social distance,626
fox news,626
cases per,624
via ukchange,622
back business,621
high risk,617
federal government,617
covidー19 covid19,616
public inquiry,611
000 cases,610
need put,610
us covid,609
brazilian president,607
kids school,606
covid19 sarscov2,605
us better,604
county health,603
coronavirus test,602
social media,600
impact covid19,600
coronavirus surges,597
covid19 sign,596
coronavirus corona,596
cualquier resfrío,596
please help,595
number covid,595
sounds like,593
get back,592
cautionary tale,591
in the,586
nuevo coronavirus,583
covid19 covid,582
died coronavirus,581
tom hanks,580
hold public,580
international students,577
new post,577
000 americans,577
loved ones,575
50 000,575
fauci warns,574
inquiry government,574
unemployed coronavirus,573
surge coronavirus,572
better path,572
made unemployed,572
time greenrecovery,570
path rishisunak,569
rishisunak time,569
sake climate,568
total deaths,567
fall sports,567
trump wants,565
usual sake,565
climate made,565
response covid19,563
take care,563
infected covid,561
india mitega,561
slow spread,560
mitega india,560
died covid19,555
become world,552
19 case,552
cases day,552
face coverings,552
abc news,549
brazil bolsonaro,548
coronavirus disease,547
wave covid,547
since march,546
hong kong,546
000 dead,545
kill coronavirus,541
brooks brothers,541
get covid19,540
sweden become,539
going back,539
seems like,538
crisis covid19,538
black lives,537
prevent spread,536
mil casos,535
small business,534
cases us,534
of the,534
spread virus,533
common cold,531
world cautionary,527
coronavirus covid_19,527
school reopening,527
feel like,526
potential wave,526
new death,526
28 days,525
get infected,524
positif covid,523
public schools,522
coronavirus trump,522
final year,522
test covid,521
trump campaign,519
people get,518
breaking news,517
positivos covid,517
economic recovery,515
covid19 testing,515
coronavirus demuestre,515
cases top,514
kepada masyarakat,512
covid19 positive,511
covidー19 coronavirus,511
president bolsonaro,511
worst hit,511
casos activos,511
watch live,511
florida texas,509
well done,509
infected coronavirus,507
post coronavirus,507
funding schools,507
next year,504
yet another,504
president donald,503
reopening guidelines,503
tulsa health,503
cases today,502
new zealand,501
bill gates,501
tell us,500
pacientes covid,500
india 3rd,499
covid19 virus,497
tested coronavirus,497
19 infection,496
got ta,496
qu il,496
coronavirus india,495
wear face,494
lack leadership,494
deaths reported,492
19 related,492
covid coronavirus,492
care home,490
hit million,489
keep safe,487
health safety,487
campaign rally,487
000 covid,485
even though,485
realdonaldtrump washtimes,484
people like,484
19 fears,484
covid19 test,483
2020 07,483
family members,483
state lawmaker,483
14 days,482
record 60,479
ryder cup,478
realdonaldtrump vp,476
19 outbreaks,476
via usatoday,476
says coronavirus,475
covid covid19,475
mark beast,475
du covid19,475
washington post,474
every single,474
22 752,473
nhs staff,472
risk covid,472
dying covid,471
nuevos contagios,471
re election,470
gop state,470
world news,470
cdc guidelines,469
covid19 covid_19,469
presidente brasil,469
muertes covid,468
08 2020,468
weeks ago,467
know coronavirus,465
deaths per,464
response coronavirus,462
covid_19 coronavirus,461
dari covid19,461
000 coronavirus,461
cut funding,461
next week,458
warn potential,458
covid19 vaccine,458
corona coronavirus,457
da positivo,457
aman dari,457
himbauan kepada,456
crisis coronavirus,455
climate change,452
coronavirus covidー19,452
30 000,452
américa latina,451
click link,451
covid19 response,451
daily thanks,448
seasonal flu,446
top story,445
health ministry,445
daily updates,445
não tem,444
19 recovery,444
population coronavirus,444
last month,444
people wear,443
die covid,443
likely die,440
looking forward,439
country world,439
daily record,439
19 world,438
children back,438
says us,438
19 real,437
il coronavirus,437
eager reopen,437
summer camp,436
mask wearing,436
stayhome staysafe,435
coronavirus related,435
wearing face,434
sarscov2 forecast,434
positivo covid19,433
19 may,433
com covid19,433
pandemic via,433
come back,432
cases hit,432
positivos coronavirus,432
masyarakat tentang,432
essential workers,432
churches eager,431
3rd worst,430
19 treatment,429
death population,429
07 08,429
day record,429
impact coronavirus,428
reopen major,428
polres padang,427
padang pariaman,427
pariaman melaksanakan,427
tentang tatanan,427
produktif aman,427
covid19 akbpdianugrahahbwps,427
akbpdianugrahahbwps polrespadangpariaman,427
polrespadangpariaman patriotdigitalpolri,427
cepatdekatbersahabat humaspoldasumbar,427
cases confirmed,426
killing people,425
rumah sakit,424
the coronavirus,424
via huffpostpol,422
people still,421
est pas,421
500 000,421
great job,420
via googlenews,420
live news,419
get full,418
thousands people,418
us hits,418
trump said,417
let us,417
million confirmed,417
need help,416
19 restrictions,416
re going,416
throw away,415
people covid,415
epoch times,415
birthday party,414
trump says,414
19 covid19,413
years ago,413
several states,413
department health,412
surge new,411
could end,411
hit country,410
wednesday july,409
betsy devos,409
increase covid,409
times app,409
protokol kesehatan,408
coronavirus the,408
academy pediatrics,408
36 000,408
coronavirus case,407
schools fall,407
positive test,406
joe biden,406
home covid,406
deaths covid,405
see exclusive,405
acknowledges evidence,404
app see,404
last days,403
people need,403
tulsa rally,403
rate us,403
miércoles julio,402
muertes coronavirus,402
19 través,402
coverage daily,402
ohio state,402
the masks,401
long time,401
coronavirus coverage,401
make sense,399
day day,399
immune system,399
lockdown one,398
positivity rate,398
makes sense,397
us covid19,397
virus corona,396
please take,395
12 million,395
away could,394
re opening,394
covid19 death,394
nouveaux cas,393
trumpvirus trumpvirus,393
recovery rate,392
masks throw,392
8jul fanb,392
last year,391
trump covid,391
care workers,391
covid deaths,390
19 numbers,390
health experts,390
cases via,390
july 08,390
face covering,390
get rid,390
trump threatens,389
fanb gnbeslealtad,389
cases new,388
gnbeslealtad venezuelatriunfanteyenbatalla,388
say coronavirus,387
linked brain,386
19 could,386
19 data,386
exclusive coronavirus,386
one thing,385
health minister,385
americans died,385
handling coronavirus,384
right thing,384
got coronavirus,383
trump amp,383
die covid19,383
masks social,381
press conference,381
000 casos,381
terms number,381
public school,380
safety measures,379
every time,379
foreign students,379
juli 2020,379
kids go,379
coronavirus australia,378
take covid,378
end killing,378
coronavirus aid,378
new study,378
cure covid,378
pence says,377
united airlines,376
got covid,376
day one,376
reported today,375
virus covid,375
back normal,375
gop convention,374
article amp,374
transmission covid,374
official says,374
vacuna covid,372
made lot,372
number deaths,370
government clearly,370
clearly made,370
per capita,369
mistakes india,369
killing whale,368
20 642,368
case numbers,368
send children,368
self isolate,368
south carolina,368
lot mistakes,368
19 hace,367
normal baru,367
must read,366
one gate,366
prueba covid,365
school year,365
held accountable,365
know covid,364
novos casos,364
ripjeffbezos covid19,364
vice president,364
tested covid19,363
working home,363
coronavirus recovery,363
deuxième vague,363
fauci says,362
19 china,362
19 patient,362
cases amp,361
bringing total,361
country terms,361
da covid19,360
co uk,360
coronavirus news,360
says evidence,359
realdonaldtrump potus,359
covid linked,359
amp reuters,358
medidas prevención,357
going get,357
il faut,356
cause covid,355
200 000,355
tatanan normal,355
resfrío invierno,355
let get,354
baru produktif,354
die coronavirus,353
case covid,353
go school,353
deaths covid19,352
19 symptoms,352
health crisis,352
handled coronavirus,352
19 airborne,351
hopkins university,351
west says,351
venezuelatriunfanteyenbatalla gnboficial,351
coronavirus infection,350
muertos coronavirus,349
puede ser,349
epa approves,349
pm et,349
42 417,348
dramatic surge,348
coronavirus coronavirus,347
dies covid,347
tested negative,347
high school,347
crise du,347
at home,346
daily coronavirus,346
good job,346
without covid,346
first wave,345
anyone else,345
related deaths,345
infection rate,345
crisis covid,345
virus covid19,345
cases single,344
texas arizona,344
like covid,344
rate covid,344
real estate,344
two days,344
patriotdigitalpolri tatanannormalbaru,344
tatanannormalbaru cepatdekatbersahabat,344
surge covid,343
19 safety,343
tough expensive,342
realdonaldtrump trump,341
take look,341
anthony fauci,341
mask mandate,341
hillingdon hospital,341
lakh mark,340
yesterday new,340
disease control,339
getting covid,339
19 aid,339
talk us,338
covid19 update,338
york city,338
death count,338
people tested,338
20 000,337
latest news,337
million new,336
new infections,335
daily cases,335
flu coronavirus,335
covid19 public,335
experts say,334
cada vez,334
take action,334
new jersey,334
rest world,333
india covid,333
good luck,333
amp covid,333
trump called,333
yet covid,333
invierno coronavirus,333
pasien covid,332
contagios covid19,332
coronavirus source,331
became new,331
coronavirus amp,331
invited nation,330
think covid,330
lot people,330
19 hoax,330
deaths coronavirus,329
to the,329
says covid,328
number people,328
mr president,328
cuarentena coronavirus,328
coronavirus restrictions,328
schools closed,328
reopening became,327
penanganan covid,327
covid19 outbreak,327
world yet,327
warns complacency,327
tell congress,327
world coronavirus,327
contributed dramatic,327
nation reopening,326
free covid,326
day spike,326
rally tulsa,326
cases 28,326
pandemic coronavirus,325
19 tally,325
positive tests,325
coronavirus may,325
falling covid,325
number one,325
19 spreads,325
realdonaldtrump countries,325
empower educate,324
fallecidos covid,324
au coronavirus,324
please read,324
última hora,324
threatens cut,324
via nbcnews,323
atlanta mayor,323
entertain empower,323
educate talk,323
0208 090,323
090 2121,323
2121 hello,323
hello fantasticradio,323
fantasticradio co,323
uk fantasticradiouk,323
fantasticradiouk homeofpossibilities,323
homeofpossibilities believeyourpossibilities,323
believeyourpossibilities stayhomesafelives,323
buy song,323
bolsonaro coronavirus,323
news covid19,323
dr birx,323
director dr,323
testing sites,322
times likely,322
read article,322
everyone else,322
stayhomesafelives buy,321
coronavirus data,321
lowest world,321
19 control,321
testing site,321
cases crossed,321
complacency amid,321
florida invited,320
like trump,320
sports fall,320
amid false,320
coronavirus epicenter,319
china coronavirus,319
cases last,319
college football,319
pela covid,318
19 hospital,318
daily covid,317
report says,317
risk coronavirus,317
number covid19,317
narrative falling,317
and or,316
infectious disease,316
coronavirus new,316
sending kids,316
covid19 schoolsreopening,316
us 0208,315
highest number,315
contagio covid,315
trump admin,315
front line,315
covid19 via,315
via nyt,315
people getting,314
trump tulsa,314
esse cara,313
term effects,313
mortes covid,313
one strongest,313
this is,313
da saúde,312
cases yesterday,312
strongest shutdowns,311
shutdowns world,311
covid19india coronavirus,310
het coronavirus,310
000 confirmed,310
trump pushes,310
since covid19,310
virus airborne,310
cause death,309
pandemic trump,309
getting sick,309
great news,308
news via,308
covid19 relief,308
since covid,308
sports due,308
city county,308
tres millones,307
crossed lakh,307
coronaviruspandemic covid19india,306
ca wait,306
good thing,306
respond covid19,306
teachers union,306
239 scientists,305
private schools,305
record high,305
said wednesday,305
bruce dart,305
study finds,304
please wear,304
amp coronavirus,304
health organisation,304
55 442,304
people covid19,303
hits million,303
schools re,303
coronavirus school,303
covid19 trump,303
safe covid19,302
health workers,302
