gram,counts
covid 19,179966
coronavirus pandemic,9836
coronavirus covid19,8038
covid19 coronavirus,6947
19 pandemic,6759
injecting disinfectant,6353
donald trump,6119
50 000,5154
new york,4985
via youtube,4319
death toll,4011
coronavirus crisis,3807
coronavirus cases,3800
19 cases,3761
cure coronavirus,3743
trump suggests,3646
president trump,3627
rel nofollow,3583
href rel,3583
coronavirus lockdown,3577
true href,3511
coronavirus outbreak,3460
kill coronavirus,3441
coronavirus covid,3431
covid19 pandemic,3431
new cases,3403
bbc news,3361
social distancing,3297
19 crisis,3240
news coronavirus,3215
stay home,3180
uv light,3000
nofollow twitter,2977
white house,2922
fight coronavirus,2910
cashless society,2884
amid coronavirus,2855
19 patients,2787
due coronavirus,2614
suggests injecting,2613
coronavirus via,2597
inject disinfectant,2548
coronavirus patients,2539
united states,2473
coronavirus cure,2471
fake news,2429
covid_19 coronavirus,2394
coronavirus covid_19,2315
due covid,2276
coronavirus deaths,2224
new coronavirus,2167
coronavirus death,2131
trump coronavirus,2129
twitter web,2098
19 via,2019
dr birx,2013
coronavirus vaccine,2001
gon na,1999
around world,1949
coronavirus trump,1927
public health,1920
fight covid19,1899
confirmed cases,1888
task force,1877
disinfectant treatment,1862
web app,1807
tested positive,1806
24 04,1748
april 24,1743
stay safe,1719
du coronavirus,1715
injecting disinfectants,1709
fight covid,1705
coronavirus relief,1700
bill gates,1668
04 2020,1661
nuevos casos,1655
gt gt,1600
bleach coronavirus,1597
treat covid,1588
amid covid,1580
due covid19,1577
treat coronavirus,1566
pandemia coronavirus,1561
casos confirmados,1558
crisis coronavirus,1552
april 2020,1532
casos covid,1524
corona virus,1493
novel coronavirus,1493
19 outbreak,1485
19 lockdown,1484
19 vaccine,1476
covid19 cases,1448
positive coronavirus,1447
fox news,1440
test positive,1436
mental health,1434
wrote trump,1430
live updates,1421
year old,1409
spread coronavirus,1409
peddling bleach,1402
il coronavirus,1401
health care,1397
looks like,1394
cure wrote,1385
19 deaths,1379
new covid,1379
casos coronavirus,1375
many people,1371
19 response,1371
19 relief,1370
24 2020,1365
covid19 crisis,1351
24 abril,1324
group peddling,1323
nursing homes,1308
positive covid,1299
small business,1282
leader group,1280
trump week,1268
trump says,1251
coronavirus response,1243
19 death,1236
drink bleach,1233
cure covid19,1231
revealed leader,1223
save lives,1221
towards cashless,1216
disinfectants could,1213
coronavirus treatment,1212
help us,1210
covid19 covid_19,1206
coronavirus live,1201
qu il,1197
people died,1196
good news,1195
19 coronavirus,1188
people inject,1188
small businesses,1181
spread covid19,1176
sign petition,1174
cure covid,1174
24 horas,1172
long term,1171
trump comments,1170
est pas,1166
covid19 lockdown,1161
pandemia covid,1155
york times,1154
inject disinfectants,1149
outcry trump,1137
via gatewaypundit,1127
coronavirus disinfectant,1127
coronavirus outcry,1125
19 testing,1120
human body,1119
du covid,1116
commitment humility,1115
beat coronavirus,1100
every day,1098
contact tracing,1096
coronavirus update,1096
24 hours,1094
us coronavirus,1083
inject bleach,1077
19 virus,1074
trump suggestion,1072
died coronavirus,1056
medical experts,1043
19 di,1028
coronavirus task,1028
cases covid,1027
du covid19,1024
casos positivos,1019
petition via,1016
coronavirus vía,1013
covid19 patients,1011
injection disinfectant,1005
top story,1002
cases covid19,1001
trump said,1001
spread covid,994
covid_19 covid19,994
at home,990
pandemia covid19,989
coronavirus testing,988
make sure,987
social media,979
jesus spoke,967
press conference,965
injecting bleach,964
last year,960
advisory group,956
bible spoke,952
covidー19 coronavirus,951
know jesus,950
sars cov,947
24 april,937
coronavirus argentina,934
coronavirus treatments,931
secret scientific,929
defeat coronavirus,927
positive cases,926
muertes coronavirus,925
society know,913
face masks,911
scientific advisory,910
people die,910
president united,909
disinfectant cure,907
death rate,907
nursing home,905
19 update,904
healthcare workers,899
kill virus,898
coronavirus could,896
new deaths,892
get coronavirus,890
inside body,890
heat light,888
heading towards,886
il est,886
trump suggested,879
response covid,876
via change,875
washington post,873
treatment covid,868
president donald,867
let us,866
cases coronavirus,865
next week,864
coronavirus briefing,860
coronavirus aid,859
covid covid19,857
light disinfectants,854
da covid,846
would like,846
society did,835
please help,834
corona covid19,833
pandemi covid,831
back work,831
go back,826
join us,821
clean lungs,813
000 people,813
lysol dettol,810
press briefing,809
group covid,808
coronavirus test,805
treatment coronavirus,803
could coronavirus,803
stayhome staysafe,801
cummings secret,800
000 deaths,799
impact covid,799
coronavirus news,792
get rid,787
tide pods,786
abril 2020,785
100 000,783
last night,782
covid19 stayhome,782
trump disinfectant,776
ee uu,775
tiempos coronavirus,774
disinfectant beat,773
19 treatment,773
world leaders,771
key workers,771
health workers,766
mr president,766
via nytimes,764
stop spread,761
global pandemic,756
new zealand,754
drinking bleach,750
19 sign,749
take look,745
may allah,744
trump supporters,744
know bible,742
first time,740
holy month,740
inject lysol,736
post coronavirus,735
suggests injection,733
contre covid,727
herd immunity,726
via nbcnews,726
look like,725
twitter android,722
coronavirus disease,721
daily coronavirus,717
19 test,714
stay at,710
coronavirus corona,710
total cases,709
need know,708
god bless,706
coronavirus tests,706
well done,705
19 ft,705
total number,704
últimas 24,704
trump covid19,702
prime minister,702
could help,702
total contagiados,699
daily thanks,697
silver lining,697
in the,697
front line,696
china coronavirus,692
coronavirus amp,689
cleaning products,688
people coronavirus,687
essential workers,687
crisis covid,686
please read,685
coronavirus clean,685
covid19 corona,682
death rates,679
dr fauci,678
new post,677
must read,677
disinfectant kill,671
climate change,669
coronavirus restrictions,668
people dying,668
contre coronavirus,666
prices covid,666
payment break,666
dominic cummings,664
weeks ago,664
post covid19,664
suggested injecting,663
post covid,663
health officials,663
decrease prices,662
corona coronavirus,662
subscribers payment,661
give subscribers,661
coronavirus quarantine,661
last week,660
โคว ด19,660
dstv give,659
died covid,659
break decrease,659
common sense,658
disinfectant body,655
dstv dstv,655
crisis covid19,654
19 vía,654
disinfectant treat,653
get back,652
response coronavirus,652
wan na,651
antibody tests,650
read article,650
second wave,649
kill covid19,648
coronavirus us,646
die coronavirus,645
inyectar desinfectante,642
coronavirus stimulus,642
tell us,640
vaccine trial,639
american people,639
suggestion heat,639
19 covert,638
month ago,638
trump suggesting,637
covert id,637
face mask,636
counter trump,633
covid19 outbreak,633
disinfectant coronavirus,631
19 briefing,630
toll passes,629
south africa,628
het coronavirus,623
officials counter,621
loved ones,621
trump sugiere,620
using uv,619
disinfectant fight,619
via mailonline,614
covid19 deaths,613
virus covid,611
000 americans,610
covid19 response,609
dies coronavirus,608
fighting coronavirus,608
trump idea,608
federal government,607
lockdown coronavirus,607
via franceinfo,606
world news,605
boris johnson,605
young people,604
muertos coronavirus,603
good idea,603
possible treatment,602
coronavirus virus,600
whitehouse realdonaldtrump,598
484 billion,598
relief bill,595
passes 50,595
trump latest,594
care workers,592
something like,591
10 000,588
relief package,587
home order,586
pacientes covid,586
south korea,581
new covid19,579
the coronavirus,579
help fight,578
air pollution,574
staying home,573
nuevo coronavirus,572
trump asks,572
got ta,572
covid19 trump,572
namo app,571
cures coronavirus,569
2020 04,569
human rights,569
hoy 0recuperados,568
breaking news,567
response covid19,565
covid19 covid,563
via googlenews,563
covid19 virus,563
disinfectant injections,562
india billion,562
team india,560
wash hands,559
infected coronavirus,559
happybirthdaysachinwe love,558
denounce trump,558
des masques,558
coronavirus coronavirus,558
players easily,557
experts denounce,557
billion players,557
now team,557
casos covid19,557
cricket now,557
sachin_rt commitment,557
humility cricket,557
coronavirus commitment,557
easily defeat,557
love sachin_rt,557
humility letswinthebattleurs,555
coronavirus updates,555
au coronavirus,555
media advisor,555
pandemic via,555
hfw govt,554
letswinthebattleurs amarprasadreddy,554
amarprasadreddy media,554
mos hfw,554
sounds like,554
advisor mos,554
coronavirus spread,554
coronavirus il,553
did know,552
crise du,550
spoke would,549
towards future,549
id heading,548
coronavirus related,548
future cashless,548
19 tests,547
take care,545
clinical trial,544
one day,544
impact coronavirus,544
coronavirus briefings,541
cedars sinai,541
il faut,541
cases deaths,541
trump administration,539
immune system,537
time coronavirus,535
million people,535
kill covid,534
care homes,533
positive covid19,533
coronavirus china,533
us covid19,533
per il,531
et des,530
deaths state,529
people need,528
april 23,528
state coronavirus,528
19 positive,527
uk government,527
york city,526
dr erickson,525
idea injecting,525
ministers warned,524
disinfectant trump,524
hong kong,524
bleach cure,524
light treatment,524
trump signs,523
world health,520
lysol maker,519
feel like,519
cases reported,519
need help,519
impact covid19,518
warned last,518
natural selection,517
covid coronavirus,514
coronavirus drug,514
uv rays,511
du monde,510
coronavirus españa,509
luz solar,507
people like,506
active cases,505
19 related,504
new yorkers,503
medical advice,503
19 patient,502
cause death,502
billion coronavirus,501
vacuna coronavirus,497
die covid,497
confirmed covid,496
puede ser,496
one thing,496
kills coronavirus,495
watch live,495
risks coronavirus,495
uk ministers,494
positif covid,493
thank god,493
erickson covid,491
mortality rate,490
disinfectants possible,490
abc news,488
muertes covid,487
trump covid,487
covid19 amp,487
stop coronavirus,486
disinfectant firm,486
would happen,485
coronavirus coverage,484
coronavirus see,482
year risks,482
test kits,482
americans dead,482
americans died,482
good job,481
realdonaldtrump trump,481
04 24,481
на covid,481
ramadan mubarak,481
us president,480
20 000,479
get covid,478
postal service,478
even though,478
light inside,478
inyección desinfectante,475
joe biden,475
high risk,474
coronavirus symptoms,474
19 case,474
19 situation,473
telling people,469
25th amendment,469
dettol manufacturer,468
disinfectant covid,468
coronavirus new,468
new normal,468
19 amp,467
contre covid19,463
viernes 24,463
home stay,463
great job,463
covid19 vaccine,462
birx reaction,462
dr trump,460
primera vez,459
years ago,457
pandemic covid19,457
virus covid19,457
23 2020,455
trump claims,455
of the,454
coronavirus people,454
seems like,453
tells customers,453
200 deaths,453
ultraviolet light,453
combatir coronavirus,453
front lines,453
health crisis,453
customers inject,453
manufacturer tells,452
apple google,452
trump asked,449
latest dangerous,449
fallecidos coronavirus,449
york state,448
covid19 testing,448
read coronavirus,448
covid19 via,447
last 24,446
nuevos 0muertes,446
revealed uk,445
कड उन,445
dying coronavirus,444
body injecting,443
two weeks,442
lutte contre,441
contingencia coronavirus,441
nueva york,440
died covid19,440
across country,440
realdonaldtrump potus,439
coronavirus latest,439
desinfectante luz,438
tratar coronavirus,438
via breitbartnews,438
lockdown covid19,437
every single,437
tell people,437
19 could,436
000 dead,436
number cases,436
of this,435
science advisor,435
blog post,435
coronavirus count,435
you know,435
injecting people,435
coronavirus infections,433
working home,433
face au,432
clinical trials,431
slow spread,431
uk coronavirus,431
24 avril,430
000 coronavirus,430
nicolle wallace,430
light human,430
time covid,429
us covid,428
wuhan lab,428
deaths coronavirus,428
kill people,427
total deaths,426
19 em,426
el coronavirus,425
contro il,425
dead coronavirus,423
com covid,423
truck drivers,423
please drink,423
aujourd hui,422
one month,421
removes 200,421
read covid19,420
disinfectant sunlight,419
fighting covid,419
cases confirmed,419
questions mount,418
latest news,417
month old,416
real life,416
reporting process,415
could cure,415
millones personas,415
cuarentena coronavirus,414
coronavirus president,414
combat coronavirus,414
wear mask,414
doctors nurses,413
23 04,413
whole world,412
oh god,412
give us,412
coronavirus covidー19,411
moving towards,411
19 cure,410
johns hopkins,410
us death,409
help save,408
please share,408
study using,408
anyone else,408
chris cuomo,408
dying strokes,407
19 spread,407
das coronavirus,407
relief fund,406
looking forward,406
issues warning,406
new blog,404
pressing towards,404
come si,404
count questions,403
coronavirus stayhome,402
mr trump,402
dangerous suggestion,402
test coronavirus,402
disinfectant comments,402
go away,402
long time,401
qu on,401
people still,401
please take,400
mount reporting,400
19 impact,399
penyebaran covid,399
single day,399
amid covid19,399
advisor study,398
could injected,398
treat covid19,397
people get,396
mata coronavirus,396
month ramadan,396
coronavirus hit,395
disinfectants kill,394
daily updates,394
realdonaldtrump vp,394
est ce,392
asks science,391
click link,391
real time,391
ver si,390
health ministry,390
via usatoday,390
reaction president,389
coronavirus infection,389
prevent spread,389
da saúde,388
people tested,387
andrew cuomo,387
vía youtube,387
872 casos,386
deaths per,386
coronavirus lockdowns,386
coronavirus dies,386
latest updates,386
emergenza coronavirus,386
social distance,386
donaldjtrumpjr realdonaldtrump,386
light disinfectant,385
plasma therapy,385
health organization,385
coronavirus first,385
per million,384
like coronavirus,384
pacientes coronavirus,383
come back,383
per day,383
supply chain,383
battle covid,383
could kill,382
world coronavirus,382
west point,382
briefing via,382
trump dangerous,382
wuhan coronavirus,381
24 20,381
disinfectant could,380
look coronavirus,380
potential coronavirus,380
total confirmed,380
apr 24,380
heat humidity,379
cada vez,379
pa removes,379
work home,379
treatment covid19,379
lutter contre,379
says coronavirus,379
coronavirus fight,378
coronavirus si,378
know coronavirus,378
tests positive,377
suggestion treat,377
handling coronavirus,376
24th april,376
real estate,376
revealed cummings,375
study finds,375
trump floats,374
brote coronavirus,374
fatality rate,374
19 restrictions,374
get tested,373
bringing total,373
19 infection,372
14 days,372
coronavirus et,372
50 mil,372
society hear,372
well being,372
look covid19,372
coronavirus victims,372
save us,371
patients injected,371
stable genius,370
revealed dominic,370
take part,370
ve got,370
lucha coronavirus,370
covid19 death,370
19 recovery,369
fact check,368
कर रह,368
last month,367
est une,367
emergencia sanitaria,367
good morning,366
fred godson,365
education front,365
please support,364
qu ils,364
want know,364
watch video,364
people disinfectant,363
coronavirus hospital,362
time covid19,362
us know,362
19 emergency,361
toll tops,360
government coronavirus,360
adultos mayores,359
avril 2020,359
every time,359
people could,359
potus realdonaldtrump,359
ce qui,359
side effects,359
je suis,359
frontline workers,358
process accuracy,357
04 20,357
combat covid,356
care home,356
injected uk,355
staysafe coronavirus,355
article amp,354
114 new,354
epoch times,354
covid19 covidー19,354
prevent coronavirus,353
pour faire,353
via nypost,353
number covid,353
em casa,353
people covid,353
new jersey,353
ne pas,353
cuomo says,352
mundo coronavirus,352
one minute,352
000 000,351
makes sense,351
penanganan covid,350
tom hanks,350
video via,350
fighting covid19,349
disinfectant covid19,349
re going,349
au covid,349
recovery rate,348
19 may,348
first responders,347
body kill,346
medical professionals,346
news via,346
19 ini,346
covid_19 covid,345
daily briefings,345
confirmed coronavirus,345
number coronavirus,345
please rt,345
go ahead,345
19 updates,344
190 000,344
coronavirus méxico,344
number deaths,344
deaths reported,343
latest coronavirus,342
term care,342
first patients,342
covid19 reported,341
like trump,341
get covid19,341
coronavirus antibody,341
000 muertos,341
positivo covid,341
msnbc nicolle,341
ministerio salud,341
view experts,340
ramzan mubarak,340
coronavirus said,340
despite coronavirus,340
frente coronavirus,339
people think,339
coronavirus recovery,339
jesus prophesied,338
exclusive coronavirus,338
drink disinfectant,338
front defeated,337
did you,337
app see,337
coronavirus press,337
re open,337
covid19 stayathome,337
health safety,336
sick covid,336
lockdownextension covid19,336
house passes,336
virus coronavirus,336
via nyt,336
pandemic coronavirus,335
human trial,335
cases total,335
times app,335
coverage daily,335
house coronavirus,335
covid19 positive,335
homeland security,335
12 872,334
il denaro,334
people recovered,334
108 new,334
cases rise,334
please please,334
gates foundation,333
good luck,333
home coronavirus,333
19 education,333
back normal,332
anteponete il,332
help covid,332
experts say,332
via huffpostpol,332
physical cash,332
coronavirus patient,332
du confinement,331
lost job,331
die covid19,331
see exclusive,331
family members,330
here dr,330
last days,329
daniel_lewis3 here,329
vía libertaddigital,329
peut être,329
pm modi,329
two months,329
next year,328
press conferences,328
covid19 test,328
health experts,328
positivo coronavirus,327
department health,327
crisis sanitaria,327
gopchairwoman realdonaldtrump,327
per coronavirus,327
injecting lysol,326
000 morts,326
jesus foretold,326
testing kits,326
support covid,326
amp reuters,326
fought covid,326
sunlight heat,326
ceux qui,326
coronavirus would,325
lungs via,325
contagios coronavirus,325
think trump,324
última hora,324
please stay,324
affected covid,324
casos nuevos,324
matt hancock,324
could become,322
us scientists,322
digial age,322
like covid,321
