coronavirus,244697
covid,224508
19,213502
covid19,184428
people,40662
amp,39681
new,35127
cases,33609
pandemic,33469
us,27082
via,24269
nan,20651
deaths,19932
news,19702
di,19435
2020,19051
health,19045
casos,18822
virus,18642
get,18086
trump,17922
one,17835
like,17758
000,16746
crisis,15719
time,15595
da,15505
help,15231
world,14806
government,14758
lockdown,14594
na,14066
still,13932
need,13247
si,13164
due,13073
please,13039
uk,12762
may,12573
today,12387
pandemia,12075
many,12074
would,12048
social,11929
june,11750
positive,11505
know,11469
total,11334
see,11227
work,11118
back,11044
china,11029
death,11012
going,10971
covid_19,10937
go,10637
could,10634
says,10550
realdonaldtrump,10407
test,10309
day,10255
home,10235
take,10069
corona,10041
et,10016
black,10004
state,9837
country,9594
support,9564
even,9557
protests,9473
10,9454
il,9375
eu,9267
em,9173
testing,9150
care,9126
data,9120
good,9111
dan,9049
per,9048
also,8973
des,8877
well,8843
read,8814
first,8777
business,8746
india,8718
response,8605
spread,8540
re,8475
patients,8455
com,8429
public,8409
think,8248
live,8238
right,8223
make,8206
said,8174
risk,8167
die,8103
não,8052
polridukungnewnormal,7831
salud,7754
last,7653
usa,7648
sa,7642
stay,7641
want,7594
lives,7532
let,7506
impact,7423
the,7409
24,7383
du,7380
latest,7321
workers,7320
way,7223
say,7173
20,7057
safe,7020
number,6883
post,6811
update,6805
police,6800
vaccine,6732
much,6689
days,6566
global,6541
tests,6508
really,6506
tested,6496
hospital,6451
keep,6420
two,6350
daily,6307
year,6295
est,6292
since,6263
pandemi,6249
must,6241
gobierno,6231
mais,6211
stop,6200
times,6154
protest,6133
distancing,6117
great,6109
come,6057
week,6052
untuk,6002
brasil,5948
man,5917
face,5902
ser,5871
pour,5860
months,5855
normal,5807
economy,5788
30,5788
país,5787
next,5716
gt,5695
personas,5690
online,5684
study,5679
another,5650
everyone,5645
100,5635
free,5612
mil,5605
every,5581
hoy,5578
racism,5532
america,5523
died,5472
masks,5470
report,5463
community,5438
use,5422
video,5404
media,5393
dos,5356
look,5351
life,5326
control,5303
outbreak,5301
case,5289
mundo,5285
dr,5277
gente,5253
president,5226
open,5215
got,5208
ng,5205
blacklivesmatter,5195
nuevos,5175
done,5155
second,5131
hope,5114
better,5102
weeks,5102
ang,5099
plan,5072
oms,5066
confirmed,5064
million,5047
hydroxychloroquine,5045
non,5039
students,5019
real,5018
made,4992
ve,4939
join,4934
pm,4926
kesehatan,4918
medical,4904
muertes,4903
mask,4900
recovery,4889
updates,4851
around,4814
um,4811
riots,4800
long,4786
de,4784
rate,4719
high,4713
día,4711
getting,4686
quarantine,4678
to,4638
end,4636
find,4631
states,4628
johnson,4614
watch,4609
working,4605
thank,4599
fight,4588
sur,4578
part,4569
15,4560
change,4554
important,4519
never,4517
money,4514
au,4509
mas,4482
amid,4477
job,4426
city,4398
businesses,4390
top,4370
muertos,4360
thanks,4354
ahora,4325
americans,4325
big,4312
thing,4290
article,4289
information,4262
yang,4260
restrictions,4243
reported,4228
ca,4225
give,4216
wave,4196
medidas,4183
yet,4180
disease,4171
12,4161
contagios,4161
borisjohnson,4159
une,4155
across,4141
14,4141
check,4140
already,4123
sweden,4120
junio,4112
share,4108
solo,4106
situation,4100
cuarentena,4100
without,4075
través,4074
11,4055
contact,4034
boris,4030
50,4000
company,3995
countries,3976
coronavírus,3974
in,3969
economic,3959
pas,3951
future,3944
dengan,3939
start,3937
market,3914
call,3907
based,3907
children,3888
covidー19,3878
away,3875
county,3871
taking,3869
years,3868
far,3859
app,3858
fallecidos,3844
full,3843
protesters,3828
protokol,3825
family,3824
van,3820
show,3808
national,3804
méxico,3803
reports,3797
put,3787
govt,3786
best,3769
webinar,3729
va,3722
policy,3713
protect,3711
youtube,3708
che,3684
research,3680
plus,3679
white,3676
used,3673
things,3665
travel,3659
place,3651
sure,3648
safety,3625
uma,3624
bame,3619
floyd,3608
something,3589
no,3579
dans,3558
george,3534
03,3529
anyone,3522
likely,3513
prevent,3511
masyarakat,3505
numbers,3494
pacientes,3493
food,3490
yanomami,3487
staff,3475
casa,3474
continue,3473
local,3469
and,3448
communities,3430
días,3424
tengah,3424
follow,3411
others,3403
person,3395
needs,3392
06,3387
00,3378
lost,3378
coming,3375
minister,3364
oh,3359
ever,3359
el,3350
month,3346
bolsonaro,3331
nuevo,3330
learn,3325
hours,3323
school,3321
nothing,3319
recovered,3315
industry,3314
making,3308
might,3305
presidente,3299
enough,3295
qui,3291
hit,3278
measures,3271
treatment,3265
así,3249
point,3238
info,3235
using,3232
drug,3232
love,3231
vote,3220
experts,3214
dead,3211
science,3208
system,3201
vía,3194
link,3188
team,3185
infected,3156
40,3153
mass,3152
la,3152
save,3149
bad,3138
confirmados,3133
protesting,3131
american,3131
increase,3124
puede,3118
ne,3104
symptoms,3103
españa,3103
cause,3102
believe,3092
proud,3092
lot,3086
sector,3075
thousands,3061
matter,3058
record,3054
anti,3052
toll,3051
mga,3041
services,3041
emergency,3033
homes,3032
en,3025
blame,3020
remember,3019
bill,3018
venezuela,3016
together,3009
caso,2999
bbc,2999
cómo,2994
yes,2994
everything,2990
schools,2975
healthcare,2969
wrong,2969
reopening,2962
18,2959
infection,2956
fuck,2955
god,2954
changed,2949
bien,2948
story,2940
someone,2931
pay,2915
looking,2909
pa,2908
tell,2885
wednesday,2876
trying,2871
rt,2864
small,2856
york,2856
shit,2851
porn,2851
sign,2845
je,2840
population,2832
self,2828
blm,2827
march,2813
saying,2802
datos,2802
ver,2801
spike,2800
human,2790
governor,2789
always,2782
feel,2774
including,2773
het,2771
mal,2770
affected,2762
personal,2758
federal,2753
menos,2750
hard,2743
horas,2742
chinese,2738
ao,2731
tem,2728
told,2727
behind,2722
thought,2720
ai,2712
yesterday,2711
positivos,2708
old,2707
left,2706
of,2704
past,2702
par,2691
three,2686
etc,2685
order,2685
mayor,2680
कर,2680
soon,2668
ll,2668
highest,2665
exams,2662
less,2662
house,2653
governments,2642
ini,2636
pra,2635
mortes,2634
pruebas,2623
breaking,2622
infections,2616
ce,2614
related,2613
positivo,2612
vida,2610
law,2609
wear,2601
georgefloyd,2584
número,2577
hace,2575
gov,2575
quedateencasa,2566
demand,2565
seen,2563
hacer,2557
it,2556
reopen,2549
das,2545
current,2541
provide,2536
anything,2534
return,2524
shows,2524
aquí,2521
der,2517
información,2511
service,2510
set,2507
families,2502
whole,2499
available,2492
actually,2490
31,2489
sir,2488
talk,2488
trial,2478
relief,2472
least,2464
parte,2464
ago,2461
spreading,2452
early,2435
key,2435
immunity,2431
rules,2425
tras,2424
fucking,2423
education,2416
jobs,2408
hospitals,2404
women,2402
cada,2399
contagio,2395
virtual,2393
mean,2391
dia,2384
16,2382
issues,2381
acuerdo,2370
true,2365
nhs,2361
fake,2360
visit,2353
vai,2349
petition,2346
ask,2343
nueva,2343
wait,2331
cnn,2328
blacklivesmattter,2325
digital,2325
action,2324
fear,2323
deal,2321
despite,2320
ou,2316
13,2308
south,2308
leaders,2301
issue,2300
possible,2299
act,2299
france,2299
questions,2297
strategy,2295
doctors,2295
mental,2294
group,2289
maybe,2288
worst,2287
kita,2278
killed,2278
brazil,2274
results,2271
canada,2267
justice,2266
frente,2261
active,2256
gracias,2255
dying,2255
plans,2250
25,2247
europe,2247
hi,2246
29,2240
understand,2239
question,2228
wuhan,2227
we,2226
close,2223
isso,2220
found,2218
different,2216
makes,2216
vous,2216
dice,2212
taken,2208
seems,2207
doctor,2197
hear,2197
fighting,2195
given,2195
rise,2187
fund,2178
twitter,2174
following,2166
worse,2166
financial,2163
happened,2158
und,2152
air,2146
avec,2144
companies,2143
leadership,2140
citizens,2139
able,2138
staysafe,2137
failed,2135
años,2130
among,2130
coronaviruspandemic,2128
wearing,2128
officials,2122
nation,2121
17,2116
huge,2116
according,2115
level,2114
italy,2112
called,2112
hands,2111
cities,2110
killing,2110
2019,2105
casi,2104
sick,2103
nigeria,2102
racist,2101
governo,2093
donate,2092
convention,2081
closed,2075
australia,2075
fact,2073
situación,2070
mano,2068
vez,2063
little,2061
que,2059
kill,2057
nacional,2057
this,2056
ppe,2055
já,2052
fauci,2052
longer,2050
ways,2050
africa,2050
especially,2049
almost,2048
for,2047
office,2039
phase,2038
result,2037
co,2035
on,2034
north,2032
esse,2031
selama,2031
chance,2029
started,2028
21,2028
argentina,2027
low,2027
all,2026
gop,2025
went,2023
general,2022
higher,2019
yung,2017
interesting,2013
problem,2012
vulnerable,2011
evitar,2005
últimas,2001
london,1999
crise,1998
hoax,1998
happening,1996
society,1995
move,1995
become,1992
kids,1982
stayhome,1978
ok,1974
gone,1974
employees,1972
forget,1967
poor,1965
else,1956
healthy,1956
moment,1955
pakistan,1954
you,1954
political,1944
nursing,1941
forward,1940
на,1940
suspect,1934
large,1933
guidelines,1932
पर,1930
mumbai,1926
vacuna,1925
chief,1925
power,1924
members,1922
tomorrow,1920
resources,1919
united,1916
estão,1915
play,1912
mejor,1911
meu,1908
talking,1908
trabajo,1905
idea,1905
60,1901
war,1898
garimpeiros,1897
party,1896
rights,1891
niyo,1890
italia,1889
caused,1877
combate,1877
access,1877
brexit,1877
means,1872
threat,1871
ready,1871
registra,1870
april,1869
blog,1863
admits,1863
looks,1861
survey,1861
needed,1858
street,1857
200,1854
vacina,1854
register,1853
lead,1850
critical,1846
después,1845
millions,1845
summer,1844
opportunity,1840
desintrusãojá,1840
looting,1839
sars,1839
focus,1834
advice,1826
sigue,1825
try,1825
só,1825
scientists,1825
race,1824
mps,1824
mengikuti,1823
friends,1822
cdc,1818
gas,1813
millones,1813
2nd,1810
humanity,1806
chile,1806
tv,1806
single,1803
cover,1800
meses,1798
challenges,1794
500,1793
cas,1793
22,1791
wo,1789
sense,1789
listen,1789
england,1788
unemployment,1787
technology,1784
tiny,1781
concerns,1779
médicos,1779
noticias,1775
essential,1774
details,1774
sua,1773
residents,1772
is,1772
kantor,1772
line,1769
hand,1767
op,1763
continues,1762
tetap,1761
forced,1760
colombia,1759
02,1753
guardian,1752
helping,1752
ahead,1750
wants,1749
evidence,1746
tweet,1743
university,1741
reason,1741
bring,1740
48,1737
instead,1737
distance,1736
vamos,1734
trust,1733
shut,1732
violence,1732
happen,1731
lol,1731
official,1731
hold,1730
nyc,1729
took,1728
guess,1726
protection,1726
international,1725
flu,1724
momento,1721
major,1719
patient,1711
terra,1710
muerte,1709
atención,1708
kapolri,1706
yg,1700
ada,1698
são,1697
entire,1697
though,1693
ka,1692
stupid,1692
blood,1690
delhi,1689
living,1689
click,1689
late,1688
wonder,1686
mengedukasi,1680
ayo,1679
según,1678
todas,1676
event,1676
mengatur,1676
reporting,1675
menempatkan,1673
director,1672
qu,1666
met,1665
cure,1664
force,1664
calling,1658
dangerous,1655
ba,1655
hidroxicloroquina,1654
course,1653
recuperados,1653
officers,1651
positif,1649
recent,1648
message,1648
source,1644
analysis,1643
russia,1642
personilnya,1641
se,1640
indígena,1639
term,1639
heard,1638
países,1635
department,1635
causa,1634
riesgo,1628
dont,1627
potential,1627
dari,1627
truth,1626
san,1624
comes,1622
allowed,1621
date,1621
emergencia,1618
ibuprofen,1617
changes,1617
mark,1617
saúde,1614
clear,1613
foragarimpoforacovid,1612
wow,1611
sales,1610
democrats,1610
tiempos,1609
nytimes,1609
efforts,1609
uso,1607
florida,1606
tuesday,1606
tener,1605
tracing,1604
season,1602
handling,1600
guidance,1596
cuba,1594
lies,1591
sido,1590
favor,1588
ensure,1588
ah,1588
funding,1588
discuss,1587
tan,1587
80,1586
nunca,1586
within,1581
pela,1579
और,1579
ppl,1574
28,1572
rest,1572
takes,1572
head,1571
special,1570
probably,1568
funds,1567
along,1565
running,1564
tiempo,1563
nearly,1563
रह,1563
run,1562
nous,1560
gets,1559
70,1558
announced,1557
young,1556
goes,1555
lack,1553
leave,1551
civil,1549
stand,1548
fall,1547
sont,1546
