gram,counts
covid 19 pandemic,8072
covid 19 cases,5770
covid 19 crisis,3584
due covid 19,3391
pandemi covid 19,3277
di tengah pandemi,2996
casos covid 19,2705
positive covid 19,2354
new covid 19,2315
covid 19 deaths,2285
covid 19 polridukungnewnormal,2128
coronavirus covid 19,2069
impact covid 19,1986
covid 19 patients,1896
tengah pandemi covid,1887
covid 19 di,1841
mengikuti protokol kesehatan,1699
protokol kesehatan di,1698
kesehatan di tengah,1672
mengedukasi masyarakat untuk,1671
untuk mengikuti protokol,1670
masyarakat untuk mengikuti,1668
dan mengedukasi masyarakat,1662
da covid 19,1661
untuk mengatur dan,1661
mengatur dan mengedukasi,1661
menempatkan personilnya untuk,1639
personilnya untuk mengatur,1639
kapolri menempatkan personilnya,1630
covid 19 testing,1605
changed covid 19,1576
covid 19 policy,1574
based suspect data,1545
policy based suspect,1543
terra indígena yanomami,1534
suspect data tiny,1522
data tiny us,1519
19 policy based,1518
tiny us company,1518
da terra indígena,1516
cases covid 19,1510
pandemia covid 19,1480
governments changed covid,1464
bbc news coronavirus,1454
covid 19 via,1450
amid covid 19,1355
covid 19 lockdown,1252
últimas 24 horas,1243
garimpeiros da terra,1226
covid 19 outbreak,1214
covid 19 response,1170
covid 19 vaccine,1165
vencer covid19 yanomami,1133
response covid 19,1114
post covid 19,1111
fight covid 19,1085
spread covid 19,1076
last 24 hours,1055
covid 19 update,1039
covid19 selama di,979
covid 19 death,970
jaga kesehatan dengan,969
covid 19 em,959
selama di kantor,950
sign petition via,943
covid 19 impact,943
black lives matter,932
semangat jaga kesehatan,914
covid 19 coronavirus,901
covid 19 test,890
yanomami precisam sobreviver,865
adapt covid 19,863
new coronavirus cases,858
humanity finished fails,855
finished fails adapt,855
covid19 yanomami precisam,853
humanidade vencer covid19,849
prevent covid 19,846
goodall humanity finished,835
jane goodall humanity,831
fails adapt covid,831
covid 19 still,829
tests positive covid,802
divhumas_polri thearieair tjhinfar21,802
tested covid 19,766
covid 19 amp,745
positif covid 19,743
covid 19 virus,738
twice likely die,737
penyebaran covid 19,736
tests positive coronavirus,715
covid 19 restrictions,708
vacina covid 19,702
du covid 19,699
03 06 2020,698
new cases covid,686
tengah pandemi covid19,686
tetap semangat jaga,680
contagios covid 19,677
bekerja di tengah,677
covid 19 situation,676
berelasi beraktifitas bekerja,671
beraktifitas bekerja di,671
pandemi covid19 dengan,670
died covid 19,669
intinya berelasi beraktifitas,664
positivo covid 19,662
normal intinya berelasi,656
new normal intinya,655
dengan memperhatikan hal,654
memperhatikan hal hal,654
covid 19 tests,653
covid19 dengan memperhatikan,652
hal hal tersebut,652
hal tersebut di,652
tersebut di atas,651
di atas stay,651
atas stay save,650
sederhana new normal,649
gambaran sederhana new,648
berikut gambaran sederhana,647
stay save polridukungnewnormal,642
new york times,640
tested positive covid,639
pacientes covid 19,637
gt gt gt,636
youth offending officers,635
kesehatan dengan protokol,634
covid 19 positive,631
tulang punggung bangsa,626
punggung bangsa tetap,626
bangsa tetap semangat,626
ayo tulang punggung,622
dengan protokol covid19,617
retirar garimpeiros da,616
tested positive coronavirus,611
walau di kantor,608
bukan berarti lengah,608
di kantor bukan,607
kantor bukan berarti,607
coronavirus live updates,606
berarti lengah pandemi,606
yanomami foragarimpoforacovid desintrusãojá,603
lengah pandemi ayo,603
indígena yanomami foragarimpoforacovid,602
generasi pembangun bangsa,599
produktif adalah generasi,597
adalah generasi pembangun,597
bangsa walau di,597
pembangun bangsa walau,596
pandemi ayo tulang,594
mortes covid 19,593
retire garimpeiros da,593
generasi produktif adalah,592
include youth offending,591
ect government said,591
offending officers social,590
officers social workers,590
admits many died,588
crisis covid 19,583
covid 19 spread,583
nuevos casos coronavirus,580
kesehatan dengan ptotokol,577
dengan ptotokol covid19,574
muertes covid 19,572
yanomami estão ameaçados,572
indígena yanomami evite,569
levando doença floresta,564
covid 19 brasil,556
covid 19 relief,556
com covid 19,553
ptotokol covid19 selama,553
penanganan covid 19,552
covid 19 related,552
coronavirus disease 2019,552
covid 19 case,543
ibuprofen tested treatment,541
getting covid 19,534
second wave coronavirus,533
test positive coronavirus,532
nuevos casos covid,523
positivos covid 19,522
di kantor polridukungnewnormal,517
covid 19 black,515
petition via change,514
premio princesa asturias,514
top medical journals,510
covid 19 infection,509
donate share blacklivesmatter,509
coronavirus death toll,504
covid 19 recovery,500
amid coronavirus pandemic,497
new cases coronavirus,493
coronavirus ibuprofen tested,492
covid 19 través,491
help us support,485
virus covid 19,484
due covid19 please,482
deaths last 24,480
convention north carolina,478
test positive covid,477
drug promoted trump,476
share blacklivesmatter bame,472
blacklivesmatter bame blm,472
bame blm covid19,472
please donate share,471
die due covid19,471
combate ao coronavírus,470
confirmed covid 19,469
1trenggalek divhumas_polri thearieair,468
likely die due,468
medical journals may,465
us support bame,465
support bame keyworkers,464
government said twice,464
said twice likely,464
papers top medical,461
covid19 please donate,459
supermarket workers ect,459
workers ect government,458
fallecidos covid 19,457
social workers supermarket,457
workers supermarket workers,457
vacuna covid 19,456
children covid 19,453
muertos covid 19,448
second coronavirus wave,448
sa covid 19,444
journals may unraveling,444
risk covid 19,444
princesa asturias concordia,444
mysterious company coronavirus,442
company coronavirus papers,442
new covid19 cases,442
covid 19 covid19,440
coronavirus papers top,437
prevent healthy people,437
covid 19 updates,436
coronavirus covid19 sarscov2,435
asian minority ethnic,435
black asian minority,433
protokol covid19 selama,428
die covid 19,426
number covid 19,424
frente covid 19,423
population coronavirus covid19,422
covid19 sarscov2 forecast,422
world health organization,420
healthy people getting,419
death population coronavirus,416
combate covid 19,415
new death population,415
eu passando mal,415
covid 19 infections,413
tegnell admits many,413
sweden tegnell admits,413
pm get grip,409
get grip risk,409
covid 19 trial,408
ve signed petition,408
signed petition calling,408
minority ethnic communities,407
grip risk second,406
microchip mark beast,404
coronavirus sweden tegnell,404
rfid microchip mark,402
no deal brexit,402
covid 19 may,400
every american moneyforthepeople,400
american moneyforthepeople covid19,399
19 crisis pandemic,399
give 2000 month,398
inquiry impact covid,398
19 black asian,398
covid 19 méxico,397
ethnic communities across,397
communities across uk,397
like covid 19,396
help poor man,395
people getting covid,395
get covid 19,394
launch inquiry impact,394
affected covid 19,393
poor man woman,393
man woman children,393
woman children covid,393
matthancock launch inquiry,393
petition calling borisjohnson,392
borisjohnson matthancock launch,392
calling borisjohnson matthancock,391
2000 month every,390
month every american,390
casos positivos covid,389
failed prevent healthy,389
covid19 sign petition,388
george floyd protests,388
48 000 muertes,388
wave covid 19,386
across uk join,386
uk join via,386
join via 38_degrees,386
epoch times app,385
warns pm get,383
times app see,383
app see exclusive,383
moneyforthepeople covid19 sign,382
deaths covid 19,382
exclusive coronavirus coverage,381
dr anthony fauci,380
see exclusive coronavirus,378
coverage daily updates,378
semáforo coronavirus covid19,378
functioning democracy skin,378
claims functioning democracy,377
new cases covid19,376
000 muertes pandemia,376
241 new cases,375
democracy skin deep,375
reprise des essais,375
coronavirus coverage daily,373
new york city,373
contagio covid 19,371
testes com hidroxicloroquina,371
starmer warns pm,370
covid 19 data,370
essais cliniques sur,370
keir starmer warns,369
britain claims functioning,369
number coronavirus deaths,367
confirmados covid 19,365
trump normalised mayhem,364
mayhem us paying,362
past 24 hours,361
normalised mayhem us,361
us paying price,361
infected covid 19,360
get trump normalised,358
trump says gop,358
laprioridadeslasalud nicolasmaduro dcabellor,358
covid 19 país,357
due coronavirus pandemic,357
coronavirus deaths last,357
ola covid 19,356
time covid 19,355
covid 19 symptoms,355
gnbypueblounido laprioridadeslasalud nicolasmaduro,355
covid 19 news,354
covid 19 could,353
19 death toll,351
covid 19 world,350
pandemic used cover,350
annonce reprise des,350
how get trump,349
cover no deal,349
india covid 19,348
update covid 19,348
des essais cliniques,348
eleva 48 000,348
selama pandemi covid19,347
used cover no,347
long term care,346
new state host,346
brazil registered record,345
covid 19 venezuela,342
record number coronavirus,342
covid 19 goes,341
registered record number,341
oms annonce reprise,341
covid 19 puede,339
cliniques sur hydroxychloroquine,339
pruebas covid 19,338
convention charlotte due,337
charlotte due covid,337
rnc convention charlotte,336
marches leftist mob,336
anti terror bill,336
ine eleva 48,336
muertes pandemia datos,336
covid 19 strategy,335
covid 19 vía,334
goes marches leftist,334
pencegahan covid 19,334
cooper kills rnc,333
kills rnc convention,333
leftist mob street,333
governor cooper kills,332
19 goes marches,331
coronavirus vaccine may,331
test covid 19,328
spike covid 19,326
pandemia datos registros,325
lives daily talk,324
0208 90 2121,324
90 2121 hello,324
2121 hello fantasticradio,324
hello fantasticradio co,324
fantasticradio co uk,324
co uk fantasticradiouk,324
uk fantasticradiouk homeofpossibilities,324
fantasticradiouk homeofpossibilities believeyourpossibilities,324
homeofpossibilities believeyourpossibilities stayhomesafelives,324
believeyourpossibilities stayhomesafelives buy,324
stayhomesafelives buy song,324
casos confirmados covid,323
mob street video,322
baru di tengah,322
thearieair tjhinfar21 sambut,322
disease 2019 polridukungnewnormal,321
adding value lives,320
value lives daily,320
daily talk us,320
talk us 0208,320
us 0208 90,320
от covid 19,319
entire existence moment,319
covid 19 patient,318
di kantor masing,318
covid 19 na,317
leftie governor cooper,316
vaccine may provide,316
increase work benefits,315
pode fazer governo,314
lucha covid 19,314
may provide immunity,314
pasien covid 19,314
menuju new normal,314
latest covid 19,314
caso covid 19,313
shell amp total,313
governo federal retirar,312
uk covid 19,311
10 mil 637,310
people covid 19,310
антитела covid 19,309
federal retirar garimpeiros,308
provide immunity long,308
state host convention,308
nasser mohammad al,308
normal baru di,308
june 03 2020,307
20 covid19 increase,307
trump failed prevent,307
ameaçados pela covid19,306
hidroxicloroquina covid 19,306
на антитела covid,306
tjhinfar21 sambut dan,306
covid19 increase work,306
promoted trump failed,306
senhor pode fazer,305
faça sua parte,305
meaning behind calculating,305
tatanan normal baru,305
emergency 20 covid19,305
extend emergency 20,304
fighting covid 19,303
hidden meaning behind,302
fanb gnbypueblounido laprioridadeslasalud,302
sobreviver rodrigomaia camaradeputados,301
rodrigomaia camaradeputados deve,301
camaradeputados deve agir,301
fazer governo federal,301
garimpeiros estão levando,301
tengah pandemi coronavirus,301
3jun fanb gnbypueblounido,301
precisam sobreviver rodrigomaia,300
deve agir imediatamente,300
pandemi coronavirus disease,300
waited entire existence,299
cashless society know,298
2020 06 03,298
host convention north,298
imam nasser mohammad,298
ditsamaptapmj divhumas_polri thearieair,298
hydroxychloroquine drug promoted,298
bame keyworkers include,298
keyworkers include youth,298
tiempos covid 19,297
since covid 19,297
existence moment went,297
moment went wrong,297
covid 19 new,296
agir imediatamente senhor,296
imediatamente senhor pode,296
terdampak covid 19,296
covid 19 ini,296
covid 19 dan,294
bauchi deputy governor,294
governor tests positive,294
china delayed releasing,293
deputy governor tests,293
governo federal retire,292
urgentemente foragarimpoforacovid desintrusãojá,292
uma tragédia foragarimpoforacovid,292
tragédia foragarimpoforacovid desintrusãojá,292
floresta foragarimpoforacovid desintrusãojá,292
covid 19 global,292
davialcolumbre senadofederal deve,291
senadofederal deve agir,291
total number cases,291
на тест на,291
тест на антитела,291
india coronavirus cases,291
tomar medidas urgentes,290
записаться на тест,290
covid 19 теперь,290
19 теперь можно,290
теперь можно через,290
можно через приложение,290
menuju grobogan new,290
grobogan new normal,290
parte governo federal,289
covid19 eduardo fortunato,289
городскую новинку записаться,289
новинку записаться на,289
precisam sobreviver davialcolumbre,288
sobreviver davialcolumbre senadofederal,288
deve agir faça,288
agir faça sua,288
sua parte governo,288
federal retire garimpeiros,288
estão ameaçados pela,288
pela covid19 eduardo,288
eduardo fortunato sua,288
fortunato sua obrigação,288
sua obrigação combater,288
obrigação combater garimpo,288
floresta brasil_ibama precisa,288
brasil_ibama precisa retirar,288
garimpeiros urgentemente foragarimpoforacovid,288
sua obrigação retirar,288
evite uma tragédia,288
через приложение проекте,288
precisa retirar garimpeiros,286
da floresta foragarimpoforacovid,286
covid 19 3jun,286
mohammad al yemeni,286
yanomami devem sobreviver,285
justicagovbr deve tomar,285
deve tomar medidas,285
medidas urgentes sua,285
urgentes sua obrigação,285
yanomami evite uma,285
devem sobreviver amendoncamjsp,284
sobreviver amendoncamjsp justicagovbr,284
amendoncamjsp justicagovbr deve,284
obrigação retirar garimpeiros,284
ajudem afastar covid19,284
afastar covid19 dos,284
covid19 dos indígenas,284
covid 19 health,284
combater garimpo levando,283
garimpo levando doença,283
doença floresta brasil_ibama,283
retirar garimpeiros urgentemente,283
estão levando doença,283
estão ameaçados fernando,283
ameaçados fernando azevedo,283
fernando azevedo ffaabrasil,283
azevedo ffaabrasil ajudem,283
ffaabrasil ajudem afastar,283
dos indígenas defesagovbr,283
indígenas defesagovbr retire,283
yanomami evite mortes,283
povo da floresta,283
pela covid 19,283
drug touted trump,283
business secretary tested,283
delayed releasing coronavirus,282
quedateencasa felizmiercoles 3dejunio,282
covid19 yanomami devem,281
treat covid 19,280
garanta desintrusão da,280
desintrusão da terra,280
crise du coronavirus,280
defesagovbr retire garimpeiros,279
evite mortes povo,279
mortes povo da,279
forced find new,279
must read article,278
casos positivos coronavirus,278
casos confirmados coronavirus,278
segunda ola covid,278
find new state,278
sambut dan dukung,278
felizmiercoles 3dejunio méxico,278
precisam sobreviver generalmourao,277
floresta devem ser,277
devem ser expulsos,277
ser expulsos garanta,277
expulsos garanta desintrusão,277
indígena yanomami foracovidforagarimpo,277
yanomami foracovidforagarimpo desintrusãojá,277
says gop forced,277
3dejunio méxico unidosyfuertes,277
97 mil 326,276
contre covid 19,276
covid 19 risk,275
generalmourao garimpeiros estão,275
please help us,275
gop forced find,275
anthony fauci says,274
siaga covid 19,274
sweden covid 19,274
sobreviver generalmourao garimpeiros,273
doença floresta devem,273
pandemic covid 19,273
second wave covid,272
dan dukung tatanan,272
unidosyfuertes salud mental,272
ng covid 19,271
70 covid 19,271
north carolina stands,271
méxico unidosyfuertes salud,271
salud mental 4dejunio,271
spike coronavirus cases,270
carolina stands coronavirus,270
work benefits watch,269
amp covid 19,268
disiplin selama pandemi,268
benefits watch full,268
watch full message,268
free covid 19,267
jatim tambah tenaga,267
tambah tenaga dan,267
tenaga dan fasilitas,267
dan fasilitas kesehatan,267
fasilitas kesehatan untuk,267
kesehatan untuk menekan,267
untuk menekan pandemi,267
menekan pandemi covid,267
stay at home,266
anti terrorism bill,266
kampung siaga covid,266
help black communities,266
covid 19 emergency,265
effects covid 19,265
us covid 19,265
covid 19 treatment,264
polda jatim tambah,264
deaths chicago black,264
black communities recover,264
know covid 19,263
communities recover pandemic,263
chance coronavirus vaccine,262
covid 19 numbers,262
feeling ill commons,262
02 06 2020,261
propagación covid 19,261
safe covid 19,261
current covid 19,261
risk second coronavirus,261
recover pandemic police,261
mental 4dejunio cristóbal,261
police brutalize protesters,260
black people due,260
thearieair tjhinfar21 polda,260
tjhinfar21 polda jatim,260
chicago black people,260
demand resources used,260
resources used help,260
used help black,260
pandemic police brutalize,260
handling covid 19,259
stands coronavirus measures,259
case covid 19,258
de covid 19,258
releasing coronavirus info,257
due structural racism,257
covid 19 high,254
contagiados covid 19,253
fauci says chance,253
says chance coronavirus,253
coronavirus últimas 24,253
dukung tatanan normal,253
covid 19 feeling,253
000 covid 19,252
slow spread covid19,252
19 deaths chicago,252
people due structural,252
ao covid 19,251
public health experts,251
tested positive covid19,251
covid 19 protest,250
covid 19 yang,250
19 crisis join,250
hydroxychloroquine prevent covid,249
mari kita dukung,249
health care workers,248
the covid 19,248
menjaga kesehatan dengan,248
west point cadets,247
death george floyd,247
pencegahan penyebaran covid,246
new normal grobogan,246
sweden top epidemiologist,246
bolsonaro veta repasse,246
help slow spread,245
diam namun terus,245
brutalize protesters goodmorninglori,245
97 326 casos,244
au covid 19,244
reduce covid 19,244
demi menjaga keamanan,244
coronavirus oms annonce,244
covid 19 social,243
nuevos casos positivos,243
kasus covid 19,243
coronavirus info frustrating,242
19 feeling ill,242
telah disiplin selama,241
despite covid 19,240
musim wfh polri,240
bekerja demi menjaga,240
terimakasih bagi masyarakat,240
total confirmed cases,239
ill commons speech,239
covid 19 contact,238
2019 covid 19,238
covid19 recovery funds,238
secretary tested covid,238
covid 19 hospital,237
mio pezzo interessa,237
combatir covid 19,236
impacts covid 19,236
20 000 casos,236
selama musim wfh,236
swedish expert admits,236
epidemia covid 19,235
usa northamerica cases,235
control coronavirus crisis,235
terus bekerja demi,235
oxford covid 19,235
tanpa ada dukungan,234
recovery funds finance,234
funds finance fossil,234
video via gatewaypundit,233
com hidroxicloroquina covid,233
covid 19 mundo,232
trabajadores ficticios ertes,232
menjaga kesehatan dan,232
mayor demand resources,232
nicolasmaduro dcabellor libertad020,232
towards cashless society,231
326 casos confirmados,231
dying covid 19,231
jacob rees mogg,231
people died coronavirus,230
irjen pol drs,230
fraude trabajadores ficticios,230
tetap menjaga kesehatan,230
covid 19 people,229
street video via,229
dies covid 19,229
coronavirus latest news,229
namun terus bekerja,229
groboganpolres semangat jaga,229
new cases confirmed,228
yang telah disiplin,228
untuk tetap menjaga,228
kesehatan dan menerapkan,228
dan menerapkan protokol,228
covid19 saat beraktifitas,228
miércoles junio 2020,228
maintained mayor demand,228
tercipta terimakasih bagi,227
menerapkan protokol covid19,227
protokol covid19 saat,227
amidst covid 19,226
malaria drug hydroxychloroquine,226
fails prevent covid,226
spreading covid 19,225
pandemi covid19 polridukungnewnormal,225
saat beraktifitas bersama,225
beraktifitas bersama berbagi,225
bersama berbagi info,225
groboganpolres mari kita,225
related covid 19,224
bagi masyarakat yang,224
masyarakat yang telah,224
ayo bersama mengingatkan,224
bersama mengingatkan lingkar,224
mengingatkan lingkar pertemanan,224
lingkar pertemanan kita,224
pertemanan kita utamanya,224
yang lebih senior,224
lebih senior untuk,224
senior untuk tetap,224
kita utamanya yang,223
utamanya yang lebih,223
covid 19 safety,221
000 casos pandemia,221
kita dukung pemerintah,221
like shell amp,221
covid 19 covid,220
covid 19 corona,220
dukungan masyarakat sinergitas,220
berbagi info positif,220
hari libur polri,220
réponse au covid19,220
156 nuevos casos,219
help save lives,219
pandémie covid 19,219
03 06 20,219
people tested positive,219
ada dukungan masyarakat,219
19 puede evitar,219
impacto covid 19,218
nuevos casos covid19,218
covid 19 hoax,218
wash hands often,218
akan tercipta terimakasih,217
president lagarde ecb,217
covid 19 com,216
info positif polridukungnewnormal,216
highest single day,215
skin deep george,215
malaria drug touted,215
think covid 19,214
il covid 19,214
rs 000 crore,214
14 días contactos,214
deep george monbiot,214
ministério da saúde,213
cegah covid 19,213
bame covid 19,213
hundred million doses,213
realdonaldtrump nytimes washingtonpost,213
covid 19 would,212
tidak diam namun,212
kantor masing masing,212
causa covid 19,211
blood vessel disease,211
single day spike,211
tô passando mal,211
bame deaths covid19,210
says covid 19,209
first covid 19,209
wanted pass along,208
covid 19 et,208
ministro da saúde,207
ficticios ertes inspección,207
daily covid 19,207
jptu jabatanpenerangan covid19,207
zero rs 000,207
000 crore industry,207
industry two months,207
sector developed rapidly,207
developed rapidly onset,207
recovery covid 19,206
ertes inspección detecta,206
inspección detecta 20,206
couple hundred million,206
manufacturing sector developed,206
made population control,206
hit covid 19,205
detecta 20 000,205
crore industry two,205
bilhões combate ao,205
keamanan dan ketertiban,205
two government officers,205
government officers confirm,205
officers confirm aids,205
confirm aids hiv,205
aids hiv man,205
hiv man made,205
man made population,205
population control used,205
control used target,205
used target black,205
target black community,205
mknaomi projectmknaomi projectorion,205
projectmknaomi projectorion riseordie,205
public health england,204
19 contact tracing,204
stay home much,204
republican national convention,204
ppe kits manufacturing,204
kits manufacturing sector,204
rapidly onset coronavirus,204
risk cases sooner,204
symptoms daily even,204
study finds hydroxychloroquine,204
per covid 19,203
covid 19 first,203
months ppe kits,203
onset coronavirus pandemic,203
spread covid19 identify,203
covid19 identify risk,203
identify risk cases,203
cases sooner self,203
sooner self reporting,203
self reporting symptoms,203
reporting symptoms daily,203
daily even feel,203
even feel well,203
covid19 recovery rate,203
true mknaomi projectmknaomi,203
treatment covid 19,202
19 cases reported,202
disease 2019 covid,202
2020 covid 19,202
two months ppe,202
polri tidak diam,202
sinergitas tidak akan,202
proof rfid microchip,201
mark beast hidden,201
beast hidden meaning,201
behind calculating 666,201
tidak akan tercipta,201
feel well download,201
work covid 19,200
home covid 19,200
george floyd death,200
covid 19 dengan,200
máximo nivel intensidad,200
online voter registration,200
well download app,200
say blacklivesmatter ignore,200
blacklivesmatter ignore dying,200
ensayos clínicos hidroxicloroquina,200
labour urges pm,199
keep safe distance,199
demand 50 states,199
50 states offer,199
states offer online,199
coronavirus strategy admits,199
borisjohnson say blacklivesmatter,199
ignore dying racism,199
dying racism uk,199
em 24 horas,198
distance wash hands,198
patients covid 19,198
new england journal,198
offer online voter,198
voter registration response,198
menjaga keamanan dan,198
polri belum berjumpa,198
go back work,197
battle covid 19,197
dari covid 19,197
urges pm stop,197
trump covid 19,197
signed petition demand,197
petition demand 50,197
registration response covid,197
crisis join signing,197
proud coronavirus response,197
racism uk act,197
uk act bame,197
act bame deaths,197
president donald trump,196
organización panamericana salud,196
highest death rate,196
sweden coronavirus strategy,196
inquiries enough investigations,196
enough investigations enough,196
investigations enough borisjohnson,196
brote covid 19,195
masyarakat sinergitas tidak,195
enough borisjohnson say,195
covid 19 information,194
penularan covid 19,194
recuperados covid 19,194
coronavirus labour urges,194
winging easing restrictions,194
even covid 19,194
masks social distancing,194
bolsonaro veta uso,194
stop winging easing,193
covid 19 confirmed,193
covid 19 attending,193
post covid19 world,193
people twice likely,193
19 3jun fanb,193
mil 326 casos,192
response coronavirus pandemic,192
impacted covid 19,192
3rd june 2020,192
corona virus pandemic,192
hydroxychloroquine coronavirus trials,192
casos positivos covid19,191
pm stop winging,191
deal brexit mujtaba,190
uk quarantine plans,190
covid 19 economic,189
prevención covid 19,188
brexit mujtaba rahman,188
cure covid 19,187
updates covid 19,187
per latest reports,187
latest reports today,187
karnataka covid19 recovery,187
hoping 100 percent,187
100 percent recovery,187
percent recovery karnataka,187
recovery karnataka kannada,187
karnataka kannada covid19,187
kannada covid19 coronawarriors,187
help fight covid,186
black people twice,186
