coronavirus,321032
covid,186974
19,176959
covid19,169710
nan,78109
trump,49049
people,47988
amp,42142
via,37496
new,35519
cases,32024
us,29866
pandemic,28992
news,25642
virus,24709
lockdown,23507
realdonaldtrump,23440
deaths,23100
like,22643
one,21631
get,20709
000,20546
covid_19,20192
china,19481
world,19143
time,18420
health,17623
would,17142
know,16833
crisis,16357
death,15989
help,15938
need,15737
si,15667
home,15486
2020,15092
could,15058
di,14980
et,14609
patients,14326
please,14190
il,13776
des,13511
see,13487
may,13194
25,13047
government,12971
casos,12825
go,12476
state,12439
good,12437
corona,12087
even,11890
total,11781
says,11770
many,11602
du,11518
est,11483
day,11354
test,11223
said,11201
take,11181
going,11126
work,10896
the,10895
president,10759
back,10728
die,10645
say,10634
think,10543
still,10473
today,10402
make,10341
da,10249
stay,10168
per,10088
right,9966
country,9965
well,9889
due,9842
pour,9742
also,9673
daily,9666
uk,9515
testing,9467
live,9335
24,9300
first,9290
way,9177
positive,9140
care,9041
re,8975
india,8861
let,8857
read,8848
vaccine,8822
hospital,8812
really,8725
youtube,8720
na,8704
april,8672
video,8638
20,8627
pas,8615
spread,8579
want,8533
dr,8523
stop,8504
social,8439
10,8218
fight,7987
must,7965
times,7934
much,7862
pandemia,7823
media,7676
cure,7659
response,7577
life,7560
days,7526
support,7526
workers,7488
disinfectant,7488
died,7427
tests,7414
great,7388
medical,7362
states,7359
public,7258
look,7095
global,7072
keep,7050
true,7046
last,7044
bleach,7036
post,7004
got,6998
une,6976
man,6952
come,6877
every,6876
data,6796
never,6760
non,6750
number,6723
outbreak,6716
to,6706
week,6687
economy,6677
york,6650
use,6599
real,6580
au,6482
year,6445
thank,6437
end,6424
latest,6388
americans,6352
money,6340
toll,6309
vía,6261
confirmed,6245
face,6235
thanks,6162
update,6146
lives,6140
safe,6071
free,5991
usa,5969
business,5962
another,5953
america,5946
open,5930
mais,5923
made,5904
gt,5867
stayhome,5864
50,5828
dans,5813
everyone,5777
dan,5725
twitter,5715
hope,5706
ca,5683
evidence,5682
amid,5658
god,5654
mundo,5644
qui,5627
sur,5623
doctors,5620
treatment,5579
gobierno,5576
watch,5561
long,5534
case,5527
two,5525
since,5507
million,5497
family,5486
better,5481
next,5474
believe,5470
recovered,5417
ne,5414
in,5395
200,5393
30,5379
risk,5368
getting,5345
give,5318
check,5296
plus,5295
around,5294
yet,5238
100,5223
quarantine,5213
needs,5210
without,5196
salud,5194
va,5193
app,5192
show,5188
personas,5150
plan,5140
working,5125
tested,5120
flu,5115
society,5073
thing,5064
em,5055
article,5049
report,5048
immunity,5021
cnn,5014
cuarentena,5013
com,5005
love,4988
ce,4977
ser,4967
best,4943
reported,4919
updates,4910
país,4880
infection,4878
eu,4877
dying,4858
point,4849
kill,4811
done,4803
years,4794
fake,4769
france,4763
light,4746
something,4734
ve,4732
and,4726
countries,4723
gente,4721
already,4715
put,4683
je,4676
control,4658
food,4652
might,4651
donald,4624
far,4620
house,4604
rate,4590
dead,4588
call,4586
using,4576
numbers,4575
infected,4566
of,4548
things,4547
disease,4544
stupid,4517
yes,4511
part,4504
masks,4501
big,4472
story,4449
online,4444
sick,4441
away,4440
govt,4429
science,4411
anyone,4385
hoy,4376
change,4365
12,4363
group,4362
weeks,4360
job,4345
casa,4325
españa,4304
sure,4297
15,4293
top,4292
no,4290
old,4272
de,4237
symptoms,4234
someone,4234
par,4220
enough,4214
reports,4201
bbc,4200
bad,4199
this,4184
hoax,4170
covidー19,4159
nuevos,4153
making,4149
trying,4144
it,4114
solo,4112
city,4107
van,4058
important,4046
distancing,4035
ever,4034
leaders,4033
11,4033
find,4028
che,4022
muertos,4015
high,4014
bien,4012
nothing,3995
future,3990
human,3979
briefing,3959
actually,3946
taking,3939
nigeria,3937
chinese,3924
rt,3918
saying,3915
second,3914
american,3913
person,3899
mask,3897
día,3892
oms,3882
कर,3844
hospitals,3844
tell,3837
month,3806
protect,3797
information,3791
não,3786
der,3784
vous,3783
oh,3776
used,3775
start,3757
ahora,3754
04,3726
follow,3724
county,3704
study,3703
order,3675
potus,3675
situation,3672
shit,3660
und,3657
coming,3652
muertes,3647
save,3646
sa,3637
thought,3635
always,3633
community,3620
qu,3615
air,3600
police,3592
así,3574
relief,3558
pay,3556
cause,3541
together,3539
team,3534
wrong,3532
hit,3523
is,3521
businesses,3520
experts,3514
population,3496
children,3496
nursing,3493
you,3492
others,3488
maybe,3480
um,3477
white,3470
pm,3465
anything,3455
homes,3442
idea,3435
hacer,3435
doctor,3419
cuomo,3416
dos,3411
research,3410
place,3396
avec,3396
hard,3393
saturday,3391
staff,3378
lost,3366
towards,3325
impact,3321
gop,3320
everything,3317
mil,3316
national,3307
leader,3296
full,3296
bill,3275
young,3267
press,3264
body,3258
wuhan,3251
less,3233
soon,3232
months,3230
lot,3228
possible,3216
uv,3213
recovery,3203
system,3196
quedateencasa,3194
18,3184
en,3173
across,3159
nhs,3157
puede,3154
hear,3150
small,3150
called,3145
contact,3144
truth,3143
ramadan,3140
economic,3140
feel,3122
cashless,3121
least,3120
stayathome,3119
el,3115
briefings,3114
14,3108
40,3107
continue,3103
share,3103
presidente,3101
nous,3094
blood,3093
comments,3088
we,3083
ai,3076
href,3073
disinfectants,3069
rel,3068
heart,3067
un,3064
fact,3063
link,3061
nofollow,3060
das,3057
told,3047
local,3030
13,3027
sign,3023
etc,3022
mas,3012
injecting,3010
south,3010
democrats,2997
abril,2995
reopen,2995
breaking,2986
confinement,2984
restrictions,2973
on,2967
little,2959
gov,2945
sir,2945
questions,2942
ll,2938
dangerous,2929
sont,2928
question,2916
fuck,2902
governor,2900
war,2899
self,2893
nation,2888
ago,2883
jesus,2878
ppe,2875
medidas,2869
worse,2869
kano,2859
la,2845
looking,2841
shows,2835
left,2833
22,2831
talking,2826
hours,2823
argentina,2820
hi,2816
ini,2808
mean,2804
healthcare,2797
pacientes,2793
ver,2792
पर,2788
26,2783
strokes,2777
kids,2773
yang,2767
hace,2762
united,2761
coronaviruspandemic,2761
normal,2760
fucking,2759
fallecidos,2758
treat,2749
join,2745
friends,2739
understand,2733
makes,2728
listen,2716
gracias,2710
lysol,2708
africa,2706
info,2702
anti,2700
measures,2695
nyc,2685
early,2683
méxico,2682
ça,2680
for,2675
caso,2666
emergency,2662
seen,2656
found,2645
seems,2636
millions,2635
following,2630
try,2628
different,2626
service,2623
personal,2619
sad,2610
lies,2606
provide,2604
talk,2603
whole,2598
días,2597
including,2594
increase,2590
contre,2583
cómo,2579
ask,2577
become,2574
het,2562
california,2557
años,2554
killed,2554
malaria,2552
ou,2549
tweet,2548
women,2541
रह,2540
cdc,2535
menos,2534
travel,2525
remember,2524
families,2520
fear,2517
advice,2517
political,2507
officials,2500
force,2497
closed,2496
kim,2495
ils,2481
staysafe,2480
based,2476
essential,2473
pruebas,2469
spoke,2465
brasil,2463
patient,2452
fighting,2450
tv,2449
all,2440
poor,2437
march,2436
problem,2434
italy,2430
residents,2426
party,2425
school,2424
wants,2420
wait,2417
nuevo,2416
thousands,2415
key,2413
narendramodi,2412
given,2401
calls,2399
three,2399
ny,2398
500,2397
scientists,2396
likely,2394
washington,2393
federal,2389
hands,2389
calling,2389
related,2384
covid2019,2376
vida,2369
learn,2369
23,2369
according,2367
inject,2363
wo,2361
current,2359
hey,2356
bible,2355
spike,2350
instead,2346
line,2345
interesting,2343
behind,2330
web,2328
gates,2327
reason,2326
sense,2325
gets,2324
return,2324
infections,2323
thread,2318
wow,2315
coronavírus,2310
21,2308
else,2305
que,2303
confirmados,2300
mr,2294
scientific,2291
at,2289
means,2288
inside,2284
action,2283
serious,2279
immune,2274
bring,2268
spreading,2268
minister,2263
outside,2262
aux,2261
shut,2259
lol,2257
leadership,2249
probably,2235
black,2233
started,2231
donate,2226
past,2225
course,2223
revealed,2218
clear,2218
और,2216
contagios,2214
front,2213
00,2212
tom,2211
dice,2208
almost,2205
cas,2201
rise,2197
salir,2192
close,2188
ok,2184
heard,2183
italia,2182
handling,2177
aquí,2176
mayor,2175
level4lockdown,2175
2019,2175
services,2172
rest,2172
that,2171
nearly,2169
16,2163
needed,2156
students,2155
foxnews,2152
vote,2151
mejor,2145
happen,2145
pmoindia,2144
despite,2144
citizens,2130
dies,2127
warns,2125
cada,2117
er,2114
sars,2112
17,2106
trust,2104
run,2100
canada,2099
mal,2098
able,2092
taken,2091
venezuela,2087
healthy,2082
isolation,2081
guy,2080
ont,2073
words,2071
horas,2069
australia,2067
safety,2065
administration,2061
came,2059
center,2057
living,2057
agree,2052
giving,2043
guys,2042
reporting,2042
helping,2041
moment,2041
cummings,2040
seriously,2034
yesterday,2032
west,2032
available,2026
allah,2021
killing,2021
power,2018
worst,2015
lie,2008
fund,2007
took,1997
happy,1994
coronavirusoutbreak,1993
special,1986
low,1984
especially,1983
ppl,1979
guardian,1977
número,1976
common,1974
crise,1970
play,1969
uma,1966
list,1965
datos,1962
europe,1961
move,1960
friday,1956
ist,1955
market,1954
morning,1954
efforts,1952
vez,1950
petition,1947
san,1945
hanks,1945
prevent,1944
aid,1944
act,1943
history,1941
comment,1940
fait,1940
potential,1939
are,1933
den,1932
antibodies,1932
set,1930
positivos,1930
general,1928
within,1928
thinking,1926
age,1921
name,1920
नह,1918
untuk,1916
amazing,1916
deadly,1915
hai,1914
facebook,1913
60,1912
vaccines,1909
vulnerable,1906
though,1905
novel,1903
critical,1902
drink,1901
ready,1899
tech,1898
saw,1896
office,1895
facts,1893
sent,1892
wonder,1892
im,1890
looks,1887
single,1886
results,1885
plans,1885
company,1883
pakistan,1882
campaign,1876
woman,1875
blame,1874
official,1872
después,1869
lying,1868
drug,1867
socialdistancing,1865
message,1865
ones,1865
send,1856
gon,1855
28,1854
tras,1852
worth,1852
tan,1851
ways,1849
worldwide,1848
antibody,1846
yg,1844
issues,1843
lead,1842
knew,1836
companies,1831
caused,1830
reopening,1830
florida,1829
contagiados,1822
pays,1819
hand,1818
parte,1815
kind,1812
dia,1811
sorry,1810
கள,1809
source,1809
hell,1808
claims,1807
wrote,1806
deal,1805
takes,1801
matter,1801
among,1800
faire,1798
asking,1797
idiot,1795
positivo,1794
they,1791
election,1790
pass,1789
korea,1783
germany,1783
google,1781
affected,1778
area,1773
52,1773
jong,1773
count,1772
higher,1769
bir,1768
level,1766
noticias,1765
whitehouse,1764
países,1761
tiempo,1760
dear,1760
issue,1760
mental,1757
click,1756
british,1754
comes,1753
law,1753
orders,1753
trumpisalaughingstock,1750
ventilators,1750
night,1749
guess,1748
mit,1748
head,1747
médicos,1745
bu,1744
indiafightscorona,1743
vs,1741
cette,1739
went,1738
crazy,1738
cleaners,1738
mind,1737
ke,1734
either,1732
monde,1732
goes,1731
être,1730
ingesting,1730
nytimes,1722
huge,1721
members,1720
53,1718
visit,1716
reality,1716
della,1715
leave,1715
employees,1714
zu,1713
situación,1712
absolutely,1711
80,1709
asked,1708
spain,1705
colombia,1705
après,1705
currently,1704
industry,1701
protection,1699
rules,1698
men,1698
fauci,1696
middle,1696
active,1694
comme,1693
continues,1692
technology,1690
dumb,1690
word,1685
highest,1683
hate,1682
politics,1682
iran,1680
nicht,1679
date,1678
stand,1678
conditions,1677
tout,1677
finally,1676
als,1676
favor,1675
international,1674
north,1669
happening,1669
running,1668
millones,1667
kills,1664
allowed,1659
fox,1657
cancer,1653
dont,1651
vacuna,1649
tracing,1647
hydroxychloroquine,1644
cut,1644
5g,1643
johnson,1643
hold,1637
demand,1636
climate,1636
four,1633
tiempos,1632
strategy,1632
buy,1631
till,1630
casi,1625
contagio,1624
vamos,1622
tener,1620
not,1619
biden,1613
reuters,1613
up,1611
jobs,1609
wife,1608
known,1607
yeah,1601
imagine,1600
term,1598
household,1597
policy,1593
