gram,counts
covid 19,213453
jair bolsonaro,9898
19 cases,9353
coronavirus cases,8259
19 pandemic,7549
tests positive,7418
coronavirus pandemic,6789
positive coronavirus,6312
positive covid,6055
coronavirus covid19,5953
covid19 coronavirus,5299
new cases,5007
tested positive,4899
bolsonaro tests,4894
wear mask,4111
president jair,3597
brazil president,3537
protokol kesehatan,3315
positivo covid,3207
death rate,3112
care homes,3062
covid19 pandemic,3058
bbc news,2976
death toll,2956
spread covid,2951
new covid,2940
realdonaldtrump washtimes,2916
due covid,2912
social distancing,2906
covid19 cases,2832
herd immunity,2830
news coronavirus,2779
casos covid,2723
new coronavirus,2712
nuevos casos,2700
united states,2688
pandemi covid,2680
new york,2570
positivo coronavirus,2445
boris johnson,2439
19 vaccine,2437
test positive,2420
brazilian president,2409
com covid,2388
public health,2367
donald trump,2325
world health,2311
coronavirus covid,2277
da positivo,2251
dio positivo,2238
19 deaths,2217
presidente brasil,2159
tom hanks,2155
casos coronavirus,2149
coronavirus vaccine,2127
19 patients,2123
via youtube,2086
president bolsonaro,2038
health organization,2026
coronavirus deaths,1994
coronavirus outbreak,1957
care home,1954
penyebaran covid,1928
amid coronavirus,1915
gon na,1910
wear masks,1861
19 crisis,1848
due coronavirus,1845
19 via,1844
19 testing,1811
july 2020,1808
wearing mask,1771
confirmed cases,1755
130 000,1745
due covid19,1737
da covid,1729
fight covid,1696
coronavirus death,1681
wearing masks,1679
trump administration,1662
white house,1631
coronavirus crisis,1609
19 death,1602
24 horas,1595
bolsonaro coronavirus,1583
amid covid,1573
patuhi protokol,1565
uma gripezinha,1565
nursing homes,1564
cases covid,1562
casos confirmados,1561
gt gt,1538
stay home,1521
contact tracing,1517
07 07,1505
coronavirus relief,1468
spread coronavirus,1467
airborne spread,1458
first time,1455
novel coronavirus,1452
covidー19 covid19,1450
new normal,1446
coronavirus lockdown,1435
covidー19 coronavirus,1431
many people,1400
coronavirus via,1400
president trump,1365
bolsonaro da,1365
07 2020,1346
19 test,1344
só uma,1343
corona virus,1321
casos positivos,1311
first wave,1290
19 dengan,1288
di masa,1278
masa pandemi,1269
live updates,1264
24 hours,1262
10 000,1243
positive covid19,1240
long term,1237
pandemia coronavirus,1233
sars cov,1223
face masks,1210
menggunakan masker,1205
testing positive,1204
19 di,1198
active cases,1198
evidence emerging,1197
stay safe,1195
spread covid19,1191
second wave,1176
fake news,1173
year old,1163
últimas 24,1159
pandemia covid,1156
looks like,1153
covid tracker,1152
cases surge,1147
died covid,1146
positive cases,1144
19 response,1141
mortality rate,1138
sign petition,1138
sarung tangan,1128
go back,1128
testa positivo,1127
airborne transmission,1126
masker sarung,1122
19 polriajaktatananhidupbaru,1118
health care,1118
jaga jarak,1117
baju lengan,1111
new deaths,1109
atlanta mayor,1109
pandemic covid19,1108
lengan panjang,1107
tangan memakai,1100
impact covid,1098
knee deep,1098
memakai baju,1096
pandemia covid19,1093
coronavirus live,1088
make sure,1088
coronavirus brazil,1087
19 outbreak,1084
young people,1083
virus corona,1080
coronavirus patients,1070
emerging airborne,1068
reopen schools,1060
hidup bersih,1056
19 tests,1054
cases coronavirus,1052
covid19 covidー19,1050
brazil bolsonaro,1049
bersih dan,1042
back school,1040
nursing home,1032
hand sanitizer,1027
brasil jair,1013
19 virus,1011
coronavirus response,1008
months ago,998
mental health,996
wash hands,992
pubs close,985
petition via,982
small businesses,977
dr fauci,973
handling covid,972
people died,967
19 lockdown,967
prueba covid,965
coronavirus covidー19,963
penyebaran virus,954
pencegahan penyebaran,952
covid19 deaths,952
post covid,946
coronavirus airborne,945
positivo covid19,937
cegah penyebaran,930
panjang membawa,930
single day,927
small business,924
covid19 crisis,919
tisu basah,914
face mask,910
membawa tisu,907
100 000,904
coronavirus aid,901
get tested,900
19 coronavirus,899
deep first,898
us coronavirus,888
di tengah,883
new covid19,881
bolsonaro com,881
florida teen,877
every day,875
good news,870
join covid,868
china virus,865
cases rise,860
anthony fauci,857
wave coronavirus,856
open schools,856
dengan menggunakan,853
total cases,852
19 case,852
com covid19,850
julio 2020,846
tracker ireland,844
000 people,841
schools reopen,841
cases deaths,840
last week,838
ireland fight,832
positive tests,830
international students,830
tuckercarlson foxnews,829
000 new,829
via nytimes,828
get covid,827
prueba coronavirus,827
york times,826
casos covid19,825
around world,824
fauci says,823
basah hand,823
coronavirus update,822
high risk,819
join us,814
bolsonaro tested,811
us_fda tuckercarlson,808
não tem,808
20 000,807
fight coronavirus,807
donaldjtrumpjr kimguilfoyle,807
died coronavirus,805
post covid19,804
berbelanja di,802
mattgaetz richardgrenell,800
two weeks,797
richardgrenell donaldjtrumpjr,797
bolsonaro testa,795
contagios coronavirus,789
19 positive,787
cases reported,785
coronavirus updates,782
coronavirus argentina,782
close positive,781
histórico atleta,781
joe west,779
trump coronavirus,778
kepada masyarakat,774
in person,774
testou positivo,772
covid19 covid,772
million people,771
realdonaldtrump us_fda,771
19 relief,764
help us,762
vacuna covid,761
eu não,760
medidas prevención,756
deu positivo,754
du coronavirus,753
positivo prueba,752
kesehatan covid,749
back work,749
covid19 sign,746
da puta,746
da cloroquina,742
200 000,741
bolsonaro dio,739
fauci warns,739
realdonaldtrump mattgaetz,733
trumpstudents realdonaldtrump,733
response covid,732
across country,729
19 update,727
foreign students,726
india mitega,726
mayor keisha,725
mitega india,724
19 impact,721
coronavirus test,720
000 000,718
last 24,716
du covid,711
in the,711
new post,708
coronavirus infections,705
people dying,702
covid19 patients,701
19 em,700
corona di,698
global pandemic,698
johns hopkins,697
coronavirus testing,697
via gatewaypundit,696
19 infections,695
got covid,695
social media,694
casos nuevos,691
killing people,691
contagios covid,691
get sick,688
covid19 amp,687
ee uu,687
coronavirus tests,687
000 deaths,684
people die,682
total number,681
ayo bersama,680
19 amp,680
dan tetap,679
us covid,678
cases covid19,675
mencegah penyebaran,674
coronavirus spread,674
of the,673
tetap jaga,671
via breitbartnews,669
di pusat,667
bersama cegah,666
one day,666
dan sehat,664
via ukchange,664
coronavirus loans,658
test results,658
breaking news,658
two months,656
need know,656
physical distancing,654
fox news,654
government handling,653
health officials,652
nuevo coronavirus,651
coronavirus trump,651
social distance,651
polriajaktatananhidupbaru ayo,644
death rates,643
lance bottoms,642
fight covid19,641
000 covid,641
daily coronavirus,640
keisha lance,638
warp speed,638
washington post,637
schools open,636
get coronavirus,635
stop spread,634
pusat pembelanjaanaman,633
pembelanjaanaman berbelanja,633
save lives,632
public inquiry,630
lives matter,628
filho da,628
000 americans,627
com cloroquina,624
covid covid19,623
per million,623
take action,621
bill gates,619
com coronavirus,618
sanitizer dan,617
prime minister,616
church party,613
nick cordero,613
19 spread,613
ele não,610
trump donors,610
take covid,608
test coronavirus,607
muertes covid,605
would like,605
reviewing evidence,604
sehat di,603
wabah pandemi,599
look like,599
fatality rate,598
hold public,598
final year,597
tengah wabah,597
airborne coronavirus,597
prinsip hidup,595
federal government,595
bolsonaro diz,594
19 sangat,593
sebagai upaya,592
covid19 lockdown,592
face covering,591
tested covid,591
schools amid,591
upaya mencegah,590
aman dari,590
inquiry government,590
loved ones,589
tá com,589
sangat diutamakan,588
epa approves,588
diutamakan sebagai,586
presidente jair,586
coronavirus pubs,585
19 patient,582
covid19 corona,580
wan na,580
muertes coronavirus,579
covid coronavirus,579
relief program,578
exame covid,577
cautionary tale,576
bolsonaro presidente,576
casos activos,575
il coronavirus,575
people like,574
menerapkan protokol,569
go away,568
bolsonaro covid,567
dari covid,566
polriajaktatananhidupbaru polriajaktatananhidupbaru,566
common sense,565
cheatingskill land,564
land acquisition,564
acquisition neighborseducation,564
neighborseducation master,564
massacre innocentsachievements,564
china updated,563
1949hobby cheatingskill,562
master ditchingexperience,562
ditchingexperience massacre,562
innocentsachievements spread,562
american people,561
coronavirus covid_19,560
crisis coronavirus,555
since march,553
south africa,552
wear face,551
19 situation,551
ministerio salud,551
distancia social,549
operation warp,548
china coronavirus,547
take care,547
19 related,546
coronavirus disease,546
study finds,545
really good,544
dr anthony,543
cases today,543
care workers,543
world cautionary,543
hernán alemán,542
number covid,541
covid19 positive,540
florida texas,540
next year,540
still knee,538
pressure governors,537
bolsonaro positivo,535
become world,534
covid19 sarscov2,533
positif au,533
positif covid,531
covid19 testing,530
contagio coronavirus,530
black lives,529
kesehatan untuk,528
health department,527
millions coronavirus,526
get back,526
impact covid19,524
little flu,524
people get,523
per day,523
2020 07,521
slow spread,521
whitehouse realdonaldtrump,521
federal coronavirus,519
covid_19 coronavirus,517
spread virus,517
hong kong,517
reopening schools,516
task force,516
welcome back,514
sweden become,514
nuevos contagios,513
covid deaths,512
says coronavirus,511
qu il,511
please help,510
healthcare workers,510
number cases,509
climate change,508
untuk pencegahan,508
brasil da,507
teen died,507
ele vai,506
billion coronavirus,506
us world,506
top story,506
donors among,505
negativo prueba,504
lawan covid,503
agar tetap,502
não sou,502
well done,501
hal ini,499
mil casos,499
icu beds,498
19 seriously,498
testé positif,498
get covid19,497
seems like,496
evidence airborne,496
mejor vacuna,496
post coronavirus,495
covid cases,494
prevent spread,494
recipients coronavirus,494
test covid,493
au covid,492
million covid,491
died covid19,491
hit capacity,491
new zealand,489
expert says,489
lávate manos,488
need help,487
keep safe,487
total deaths,487
meu deus,487
early recipients,487
kita lawan,485
response covid19,485
common cold,484
surge coronavirus,483
among early,483
14 days,481
mask wearing,481
covid19 virus,481
quer eu,480
si puede,480
salah satu,479
usa tapabocas,479
mais uma,478
eu faça,478
cuarentena radical,478
new jersey,477
health minister,476
coronavirus corona,476
covid19 vaccine,476
beat covid,476
positive symptoms,475
new death,475
people wear,474
people wearing,472
cases hit,472
tracker app,471
coronavirus majority,470
the coronavirus,470
acatando medidas,469
stayhome staysafe,467
19 cuidarse,467
menghimbau kepada,466
coronavirus bolsonaro,464
muertos coronavirus,464
cuidarse acatando,464
trumpvirus trumpvirus,463
presidente bolsonaro,463
tetap patuhi,462
positivo test,461
report says,459
majority testing,459
deaths covid,458
corona covid19,457
000 dead,457
time since,457
19 two,457
mantén distancia,457
india coronavirus,456
must read,456
got coronavirus,455
got ta,455
going back,453
false narrative,453
good job,452
people need,451
president donald,451
virus covid,450
coronavirus surges,449
infected coronavirus,449
even though,449
19 may,449
handling coronavirus,449
manos usa,449
tapabocas mantén,448
respeta cuarentena,447
spanish study,446
mari kita,445
coronavirus new,445
coronavirus concerns,444
recovery rate,444
weeks ago,444
americans died,443
positivos covid,443
cases day,443
polriajaktatananhidupbaru dengan,442
dies covid,442
come back,442
hospital icus,442
response coronavirus,440
right thing,440
population coronavirus,440
prevención lávate,440
tell us,439
tetap menerapkan,438
covid19 covid_19,438
19 través,438
last days,437
au coronavirus,437
trump says,436
robert niro,436
19 infection,435
kanye west,435
war covid,435
florida hospital,435
coronavirus coronavirus,433
com uma,433
deaths per,433
salah satunya,432
28 million,432
19 restrictions,432
bersepeda sehat,431
lysol products,431
social respeta,430
says tested,429
daily thanks,429
teste covid,429
esse cara,429
000 coronavirus,429
bolsonaro brazil,428
masyarakat saat,427
deaths reported,427
let us,427
groboganpolres polriajaktatananhidupbaru,426
covid19 response,425
pacientes covid,424
ago still,422
um dia,421
coronavirus australia,420
joe biden,419
du covid19,419
every single,418
state fair,418
sounds like,417
deaths coronavirus,417
given hydroxychloroquine,417
000 cases,416
die covid,415
next month,414
coronavirus related,414
acknowledges evidence,414
miami dade,413
high covid,413
positivo pra,413
pela covid,413
terapkan hidup,412
coronavirus india,412
data shows,412
víctimas covid,412
masks social,411
news covid19,410
président brésilien,409
puede venezuela,409
satu upaya,408
wearing face,408
19 deu,408
polriajaktatananhidupbaru bersepeda,407
coronavirus surge,407
coronavirus may,407
19 could,407
transmission covid,407
upaya menjaga,406
penggunaan masker,406
feel like,405
menjaga kebugaran,404
martes julio,404
opening schools,404
da covid19,404
richard quest,404
kebugaran tubuh,403
immune system,403
bubonic plague,403
kini tengah,402
tengah ramai,402
case covid,402
cases per,402
50 000,402
betsy devos,402
discovering new,402
rest world,401
américa latina,401
19 bolsonaro,401
sou coveiro,401
kebijakan pemerintah,400
langkah pencegahan,400
corona coronavirus,400
239 scientists,400
new areas,399
bertujuan untuk,398
home comments,398
distancing dan,397
ini bertujuan,397
19 covid19,397
covid19 death,397
covid19 test,397
presidente brasileño,397
still discovering,397
sebagai salah,396
19 airborne,396
pandemic via,395
years ago,395
reported today,395
karma bitch,395
areas damage,395
mas não,394
die coronavirus,394
people tested,394
kesehatan sesuai,393
dan penggunaan,393
penanganan covid,393
anyone else,393
cases confirmed,393
to the,393
sesuai kebijakan,392
pemerintah salah,392
satunya physical,392
masker hal,392
corea sur,392
patients nursing,392
si puedes,392
untuk langkah,391
ppp loans,391
bersepeda sebagai,390
coronavirus stimulus,390
sehat dan,390
ver si,390
radical si,390
19 numbers,389
confirmed covid,389
department health,388
trump wants,387
bekerja di,387
home workers,387
hit record,387
cases amp,386
polriajaktatananhidupbaru polri,386
14 coronavirus,386
loans worth,386
people take,386
polri menghimbau,385
read article,385
juli 2020,385
novos casos,385
took 14,384
program loans,384
world leaders,384
meaning behind,384
positivo bolsonaro,384
via googlenews,384
great job,384
sarscov2 forecast,384
saat aktivitas,383
dan aman,383
coronavirus restrictions,383
health amp,383
vows pressure,383
polriajaktatananhidupbaru saat,382
new study,382
relief loans,382
dan sehatbersama,381
sehatbersama kita,381
19 impacted,381
positivos coronavirus,381
coronavirus vía,380
da pandemia,380
totally harmless,380
looking forward,380
coronavirus indiafightscorona,379
nobu restaurants,379
seu exame,379
economic recovery,379
death population,379
lockdownextension covid19,379
coronavirus través,379
number deaths,378
prueba covid19,378
cases rising,377
health crisis,377
nueva normalidad,377
brazil jair,377
lópez obrador,377
people covid,376
positivity rate,376
lost war,376
última hora,376
restaurants hotels,375
kesehatan polriajaktatananhidupbaru,374
mais um,374
ter empatia,374
19 não,374
dengan terapkan,373
ron desantis,373
re going,373
said coronavirus,373
public schools,373
president tests,373
19 symptoms,372
19 tally,372
hotels took,372
workers get,372
amp amp,371
deaths continue,371
19 vía,371
india covid,371
next week,371
56 florida,371
family members,370
america lost,369
coronavirus surfaces,369
bottoms tests,368
going get,368
health safety,368
niro nobu,368
coronavirus boris,368
respect people,367
one thing,367
face coverings,367
bolsonaro says,367
19 data,367
bekerja agar,366
worth 28,366
help fight,366
65 000,366
life saving,366
aktivitas bekerja,365
saat kembali,365
kembali bekerja,365
trump campaign,365
coronavirus news,365
long time,365
memakai masker,364
like covid,364
study shows,364
contagio covid,364
via nbcnews,364
19 attended,364
covid19india coronavirus,363
take look,363
het coronavirus,363
tens thousands,363
dengan bersepeda,362
transmission coronavirus,362
lakh mark,362
coronavirus case,362
click link,362
everyone else,362
uk coronavirus,362
party given,362
coronaviruspandemic covid19india,361
ramai dengan,361
spike coronavirus,361
tested coronavirus,361
força covid,361
please take,361
est pas,361
pode ser,361
abc news,360
number coronavirus,359
huge church,359
puede ser,358
last year,358
masker jaga,357
deaths covid19,357
record high,357
without covid,357
jarak dan,356
july 07,356
protective gear,356
da saúde,355
back normal,355
com bolsonaro,355
19 months,355
tuesday july,355
paycheck protection,354
nuevas muertes,354
ao covid,354
coronavirus world,353
mandate masks,353
coming back,353
19 new,353
infected covid,353
ele tem,353
trump amp,352
contagios covid19,352
aumento casos,352
wall street,352
pm et,352
puedes quedateencasa,352
die covid19,351
19 méxico,351
attended huge,351
total covid,350
update covid,350
six weeks,350
covid19 bot,349
covid 19masyarakat,349
let get,349
propagación covid,349
via nyt,349
wave covid,348
longer possible,348
19masyarakat kini,347
says covid,347
public spaces,347
dado positivo,346
casts doubt,346
impact coronavirus,346
alternative reality,346
risk covid,345
virus covid19,344
bolsonaro covid19,344
dying covid,343
vai ser,343
across us,343
health workers,342
makes sense,342
like coronavirus,342
crisis covid19,342
watch live,342
tracing longer,342
people still,341
19 antibodies,341
co uk,341
human rights,341
bringing total,341
da negativo,341
síntomas coronavirus,340
cases spike,340
uma notícia,340
covid19 last,339
homes high,339
133 000,339
vai tomar,339
re opening,338
spike covid,338
presidente jairbolsonaro,338
florida coronavirus,338
cases new,337
cada vez,337
jangan lupa,336
coronavirus us,336
19 real,336
tracing app,336
spreading coronavirus,335
frente covid,335
know covid,335
schools fall,335
government coronavirus,335
world news,335
diz seu,335
study casts,334
fury boris,334
via change,334
amp covid,334
grow numb,333
