gram,counts
covid 19,209532
100 000,18059
coronavirus pandemic,9663
19 pandemic,8057
coronavirus covid19,7497
covid19 coronavirus,6182
19 cases,5644
death toll,5301
new cases,5235
nursing homes,5022
19 deaths,4768
coronavirus cases,4756
new normal,4701
coronavirus deaths,4539
covid19 pandemic,3890
death rate,3502
19 patients,3430
19 crisis,3381
new york,3273
social distancing,3067
due covid,3005
meaning behind,2852
coronavirus covid,2851
coronavirus lockdown,2798
coronavirus crisis,2762
coronavirus death,2728
nuevos casos,2676
via youtube,2667
casos covid,2618
due coronavirus,2589
positive covid,2524
public health,2512
may 28,2452
penyebaran covid,2427
new coronavirus,2379
tested positive,2369
casos coronavirus,2292
dominic cummings,2292
news coronavirus,2249
nursing home,2240
000 deaths,2220
000 people,2210
bbc news,2208
cashless society,2183
coronavirus outbreak,2178
new covid,2167
000 americans,2143
due covid19,2076
social media,2051
positive coronavirus,2048
normal baru,1986
confirmed cases,1982
people died,1964
casos confirmados,1961
must read,1954
19 di,1944
covid19 cases,1911
mark beast,1902
hidden meaning,1902
rfid microchip,1888
microchip mark,1886
second wave,1881
pandemia coronavirus,1867
amid coronavirus,1850
stay home,1838
amid covid,1823
united states,1804
year old,1798
test trace,1789
donald trump,1782
protokol kesehatan,1780
jaga jarak,1768
kehidupan normal,1767
baru disiplinpolahidupbaru,1751
siap menyongsong,1747
menyongsong pelaksanaan,1746
pelaksanaan kehidupan,1742
19 via,1728
care homes,1695
di tempat,1694
gt gt,1692
covid 19polri,1690
19polri siap,1689
pandemia covid19,1644
contact tracing,1632
jarak di,1624
mental health,1616
supreme court,1615
tempat umumputus,1600
umumputus penyebaran,1600
28 2020,1582
highest death,1577
live updates,1574
000 dead,1566
coronavirus covid_19,1563
pandemia covid,1550
long term,1513
died coronavirus,1507
fake news,1499
health care,1491
boris johnson,1490
impact covid,1489
coronavirus test,1485
read article,1483
19 outbreak,1480
covid19 crisis,1474
cases covid,1470
many people,1465
wear mask,1465
porn usa,1453
gon na,1452
coronavirus via,1450
south korea,1440
test positive,1440
19 vaccine,1436
24 horas,1426
stay safe,1422
behind calculating,1417
coronavirus live,1415
may 2020,1410
covid19 deaths,1408
rate coronavirus,1406
19 testing,1405
19 lockdown,1401
new zealand,1395
coronavirus patients,1385
da covid,1376
19 test,1371
000 coronavirus,1367
casos positivos,1365
19 death,1354
looks like,1354
us coronavirus,1341
covid_19 coronavirus,1327
pandemi covid,1308
post covid,1293
24 hours,1292
spread coronavirus,1290
deaths coronavirus,1282
19 response,1277
society know,1277
join us,1263
coronavirus response,1251
uk suffers,1247
novel coronavirus,1243
penularan covid,1240
hong kong,1225
28 05,1207
post covid19,1202
positive cases,1199
suffers highest,1197
new deaths,1190
sars cov,1175
du coronavirus,1173
free read,1158
coronavirus free,1152
fight covid19,1150
coronavirus vaccine,1148
crisis coronavirus,1137
penanganan covid,1130
corona virus,1126
28 mayo,1116
white house,1110
via breitbartnews,1110
05 2020,1105
aktivitas normal,1105
died covid,1101
last week,1096
may 27,1095
black people,1093
americans died,1091
menjalankan aktivitas,1091
cases coronavirus,1077
fight covid,1075
coronavirus update,1074
executive order,1073
covid19 covid_19,1073
covid19 lockdown,1067
make sure,1054
first time,1053
interesting article,1053
active cases,1051
york times,1045
thearieair tjhinfar21,1045
cases covid19,1040
du covid,1039
1trenggalek divhumas_polri,1038
divhumas_polri thearieair,1038
spread covid19,1037
around world,1036
tjhinfar21 aryprasetyo85,1035
common sense,1031
mencegah penularan,1029
27 mayo,1028
wearing mask,1026
covid19 patients,1020
fact check,1019
menerapkan protokol,1018
cases deaths,1014
save lives,1010
president trump,1007
texas supreme,1002
response covid,997
000 covid,978
muertes coronavirus,978
everyone read,971
total cases,968
pass along,964
coronavirus infection,960
mayo 2020,958
finally revealed,954
coronavirus emergency,953
calculating 666,949
go away,948
wanted pass,947
40 million,947
spread covid,945
últimas 24,942
beast hidden,938
proof rfid,937
850 deaths,928
normal dengan,925
19 positive,924
19 update,922
mail in,920
towards cashless,915
19 symptoms,913
crisis covid19,912
help us,912
durham police,910
new covid19,908
coronavirus testing,908
du covid19,907
total number,903
good news,899
coronavirus restrictions,898
cegah covid19,897
sambit patra,892
read coronavirus,891
casos covid19,890
ends coronavirus,889
19 coronavirus,883
emergency 850,883
people die,881
deaths lockdown,880
coronavirus recovery,879
premier league,878
trace system,875
dengan menerapkan,875
000 us,874
wearing masks,874
covid19 disiplinpolahidupbaru,874
japan ends,869
excess deaths,868
contagios covid,862
19 virus,859
coronavirus argentina,854
look like,850
fight coronavirus,850
go back,849
loved ones,847
fox news,846
would like,837
herd immunity,836
deaths us,835
back work,833
read covid19,832
via gatewaypundit,822
every day,819
personal loans,817
debt consolidation,816
post coronavirus,814
prime minister,809
000 muertos,806
need know,804
trump administration,803
next week,800
lockdown rules,799
new post,795
face masks,794
total pop,794
prosedur standar,793
gugus tugas,792
tatanan baru,792
19 em,784
bill gates,779
tests positive,778
19 relief,777
please take,777
track trace,777
standar tatanan,774
coronavirus news,770
crisis covid,769
penerapan prosedur,768
impact covid19,767
kesehatan mencegah,765
may never,761
cases reported,761
19 new,761
ee uu,758
positive covid19,758
muertes covid,758
contagios coronavirus,756
see tips,756
wear masks,755
million people,754
casos nuevos,754
19 disiplinpolahidupbaru,753
tips personal,753
loans debt,753
gcq na,750
term care,735
muertos coronavirus,731
died covid19,730
revealed coronavirus,729
two weeks,726
19 impact,726
trump coronavirus,725
deaths covid,723
28 may,722
civic duty,721
coronavirus may,716
factsmatter wwg1wga,716
americans dead,712
care workers,712
wwg1wga wakeupamerica,711
wearethenewsnow factsmatter,711
unitednotdivided saveamerica,711
revealed covid19,710
bible spoke,710
response covid19,710
mei 2020,709
garda terdepan,709
qanon wearethenewsnow,709
wakeupamerica unitednotdivided,709
20 000,708
jesus spoke,708
cuarentena coronavirus,708
positif covid,708
saveamerica greatawakening,704
infection rate,703
coronavirus disease,703
corona covid19,702
coronavirus corona,701
top 100,700
joe biden,700
heading towards,700
single day,699
baru adalah,698
twitter fact,697
get coronavirus,696
vote mail,696
face mask,693
george floyd,692
matt hancock,691
américa latina,689
last 24,687
know bible,687
100 mil,686
coronavirus could,684
well done,683
sebagai garda,683
bravo polri,682
aturan cegah,682
small businesses,681
aryprasetyo85 bravo,681
polri sebagai,681
terdepan tegakkan,681
tegakkan aturan,681
fatality rate,678
great day,674
covid19 amp,672
19 may,670
know jesus,664
get covid,664
virus covid,662
adalah menjalankan,662
young people,659
people dying,658
19 vía,651
latin america,647
boston marathon,647
friends family,645
mass testing,639
19 amp,637
19 tests,637
muertes covid19,635
response coronavirus,634
coronavirus victims,633
103 year,631
lives lost,630
one day,629
coronavirus updates,629
breaking news,628
looking forward,627
il coronavirus,626
admit covid,626
task force,623
deaths covid19,622
coronavirus relief,622
self isolate,621
coronavirus vía,620
pacientes covid,620
28 mei,619
deaths 100,617
27 2020,615
take time,615
global pandemic,614
homes admit,613
two months,611
get well,611
अस पत,610
bringing total,609
surpasses 100,607
covid19 positive,606
take look,606
coronavirus related,604
19 related,604
please help,604
patients nursing,603
well soon,603
muertos covid,601
get back,601
staying safe,601
via financialtimes,599
covid covid19,597
washington post,594
uk coronavirus,594
total deaths,591
kampung tangguh,587
read via,586
qu il,584
covid19 response,583
covid19 death,581
10 000,580
at home,579
cada vez,578
coronavirus coronavirus,577
ministerio salud,577
wash hands,577
कड उन,577
pandemic via,572
still allows,572
000 morts,570
deaths reported,569
deaths population,568
allows nursing,568
hope re,567
dos meses,567
19 patient,565
human rights,565
covid19 covid,565
please read,563
539 new,563
19 situation,562
health officials,562
total confirmed,561
american people,561
deaths due,560
reclassified murder,558
across country,557
000 muertes,557
people coronavirus,557
recovery rate,557
point reclassified,557
we ve,555
daily thanks,555
number cases,554
โคว ด19,554
still high,554
let us,552
johns hopkins,551
coronavirus symptoms,551
tiempos coronavirus,550
covid coronavirus,549
covid19 corona,549
tapos gcq,546
toll surpasses,545
last year,545
14 days,545
casos activos,543
27 05,542
prevent spread,542
de la,541
passes 100,538
wan na,538
south africa,537
number new,537
minnesota still,536
dr fauci,535
tni polri,535
crise du,535
corea sur,534
murder point,534
fact checked,533
200 000,530
deaths nursing,528
fact checking,528
19 restrictions,526
god bless,526
time read,526
small business,525
fallecidos covid,523
est pas,523
health workers,523
19 infections,521
immunity coronavirus,520
43 deaths,519
study finds,518
patients via,518
rate still,518
mortes covid,516
india coronavirus,515
coronavirus fatalities,514
number coronavirus,512
realdonaldtrump yoyoel,512
want share,511
sign petition,510
number covid19,510
tell us,510
take care,509
never go,508
25 000,508
covid19 testing,508
economic recovery,508
statistic 43,508
लक षण,508
com covid,507
het coronavirus,507
bud light,505
japan total,505
от covid,504
high risk,504
point ignorance,504
right thing,502
hope ll,502
pandemic covid19,501
claude goasguen,501
us covid,500
watch live,500
namo app,500
four months,499
spread virus,499
dead covid,498
good job,498
per capita,498
virus corona,498
us dead,497
nuevo coronavirus,497
dead americans,495
sense longer,495
ignorance common,495
also hope,494
physical distancing,494
realdonaldtrump trump,493
000 000,493
article read,492
via nytimes,491
number covid,490
re staying,490
times also,490
ever wondered,489
read interesting,489
impact coronavirus,487
believe everyone,486
number 666,486
positivo covid,486
people like,486
towards future,486
wonder must,486
19 covert,485
wondered meaning,485
behind 666,485
666 wonder,485
safe times,485
666 hidden,484
meaning finally,484
day want,484
covert id,484
id heading,484
future cashless,484
care facilities,484
ll read,483
jueves 28,483
lack immunity,482
even though,482
shut 100,481
hope ve,481
experts say,481
longer valid,481
along article,480
article believe,480
coronavirus we,480
patra hospitalised,480
read rfid,479
beast meaning,479
666 revealed,479
article concerning,479
concerning hidden,479
behind counting,479
counting fascinating,479
fascinating everyone,479
19 infection,479
ve shut,478
mask wearing,477
chronic illnesses,477
take action,477
covid_19 covid19,477
60 000,477
spokesperson sambit,477
coronavirus latest,476
covid19 virus,476
wave coronavirus,474
tops 100,474
positivos covid,474
million covid,474
10 weeks,473
contagios covid19,473
na lang,473
ve great,472
nueva normalidad,471
metro manila,471
gobierno federal,471
absolute proof,470
share interesting,470
read concerning,470
concerning rfid,470
666 fascinating,470
valid excuse,470
read pass,469
pass friends,469
family proof,469
beast mysterious,469
mysterious meaning,469
behind finally,469
cuomo says,469
along absolute,468
calculating number,468
novos casos,467
die coronavirus,467
help save,466
19 case,466
mil casos,466
389 new,466
puede ser,465
78 023,465
nouveaux cas,465
need help,465
us death,465
fatalities chronic,464
deaths per,464
corona coronavirus,463
milestone 100,463
healthcare workers,462
di tengah,462
96 coronavirus,462
three months,462
spoke would,462
holy spirit,462
2020 05,460
pneumonia deaths,459
whole world,459
new death,459
normal disiplinpolahidupbaru,458
dead coronavirus,457
stayhome staysafe,457
andrew cuomo,457
19 nursing,457
kogi state,456
truth must,455
covid19 sarscov2,454
million americans,454
article coronavirus,454
behind number,454
per million,454
italy 96,453
god holy,453
covidー19 coronavirus,452
number god,452
slow spread,452
drive thru,452
spreading covid,452
centuries people,451
revealed truth,451
na sa,451
get tested,450
lockdown measures,450
people wondered,450
wondered mystery,450
mystery behind,450
spirit revealed,450
uk government,450
evil surrounds,450
latest news,449
di daerah,449
immune system,449
surrounds us,449
19 could,448
antibody tests,448
health organization,446
migrant workers,446
new study,445
like coronavirus,445
da pandemia,444
rate world,444
normal atau,444
tugas penanganan,443
unidoscontralacrisis gobierno,442
testing positive,441
coronavirus spread,441
health minister,440
jawa barat,440
via nbcnews,439
eric trump,439
coronavirus uk,438
re opening,437
stop spread,437
free covid,436
coronavirus tests,435
us passes,435
2nd wave,435
weeks ago,435
excuse evil,435
000 lives,434
people need,434
19 ini,433
rest world,433
people dead,431
china coronavirus,431
job losses,431
yr old,431
uk highest,430
bjp spokesperson,430
gobierno 4t,429
whitehouse realdonaldtrump,429
click link,428
mortality rate,428
like covid,427
coronavirus trump,427
lockdown covid19,427
via nyt,427
important covid,427
sama dengan,427
contagios muertes,426
jobless claims,425
working home,425
जनस पर,425
cases confirmed,424
deadly viruses,424
federal government,423
05 28,423
number deaths,423
realdonaldtrump usdot,423
lópez gatell,421
take covid,421
da saúde,421
000 american,420
recovery plan,420
people get,419
time covid,419
us covid19,419
caso coronavirus,419
dan gugus,419
front line,418
au coronavirus,418
viruses killing,417
even vaccine,416
grim milestone,415
bekerja sama,415
coronavirus us,414
the coronavirus,414
people covid,413
pennsylvania democrats,413
two deadly,413
stay at,412
every crisis,412
atau penerapan,412
press conference,411
19 racism,411
reject coronavirus,411
40 000,411
28 mai,411
one thing,410
coronavirus india,410
world news,409
daerah kota,409
126 million,409
seems like,408
coronavirus threat,408
cummings breach,408
climate change,407
19 recovery,407
dalam pelaksanaan,407
dengan pemda,407
polri akan,407
saving lives,406
infected coronavirus,406
months ago,406
conspiracy theories,406
pendisiplinan new,406
normal tni,406
pemda dan,406
amid covid19,405
akan bekerja,405
lockdown japan,405
pelaksanaan awal,404
awal pendisiplinan,404
pop 126,404
pruebas covid,403
article covid19,403
people still,403
19 dan,402
19 statistic,402
provinsi jawa,402
328 million,402
away even,401
toll tops,401
000 lockdown,401
virus covid19,400
every single,400
deaths 850,400
latest updates,399
real estate,399
marathon canceled,398
related covid,397
crisis sanitaria,397
mai 2020,397
in the,397
hacer frente,396
health amp,396
die covid,396
confirmed covid,396
pop 328,396
cases new,395
19 covid,395
pandemi covid19,395
cases today,395
19 updates,394
lost jobs,394
care home,394
percepatan penanganan,394
of the,393
número contagios,392
critical thinking,392
test results,392
kota disiplinpolahidupbaru,392
million condensed,392
social distance,391
island covid,391
condensed island,391
19 covid19,390
would get,390
feel like,389
killed 100,388
tiempos covid19,388
want know,388
back normal,388
great job,388
covid19 outbreak,388
covid19 via,386
toll passes,386
matira matibay,386
radical lockdown,386
tens thousands,385
via forbes,385
positivo coronavirus,384
nancy pelosi,384
trump pushes,384
cases rise,384
850 lockdown,384
coronavirus opportunity,383
killing americans,382
positive patients,382
highest rate,382
पत भर,382
reported today,380
nuevos contagios,380
fallecidos coronavirus,380
keep safe,380
cifras contagios,380
realdonaldtrump potus,379
since march,379
da covid19,379
health crisis,379
lockdown england,379
police brutality,378
despite covid,378
update covid,378
coronavirus amp,377
since coronavirus,377
recovery covid,376
time coronavirus,375
28 20,373
covid19 vaccine,372
causa covid,372
supply chain,372
deaths via,371
world health,371
us deaths,371
white people,371
good luck,371
tracing app,371
19 numbers,370
supera 100,370
help fight,370
re open,370
in ballot,369
immunity covid,369
world coronavirus,369
il est,369
york city,369
gop colleague,369
england care,369
19 méxico,368
positivos coronavirus,367
us top,367
कर रह,367
record number,367
rejected radical,367
highest number,366
full story,365
number people,365
next year,365
look coronavirus,364
health department,363
per day,363
minor breach,363
risk covid,362
people covid19,362
got ta,362
anyone else,361
di indonesia,361
19 hit,360
realdonaldtrump 100,359
toll coronavirus,359
2020 coronavirus,359
frente covid,359
coronavirus infections,359
per il,359
come back,358
tested covid,358
brian sims,358
government rejected,358
50 000,356
dan abasto,356
could look,355
19 data,355
national guard,355
world leaders,354
live news,354
death rates,354
patients cuomo,354
bad gift,354
new jersey,353
coronavirus il,353
news new,352
answer questions,352
covid19 stayhome,352
deaths top,351
cases state,351
crisis económica,351
sounds like,351
covid19 recovery,351
infected covid,350
right reject,350
lost lives,349
coronavirus hit,349
trump tweets,349
covid deaths,349
19 free,349
health safety,348
barnard castle,348
since covid,347
covid19 quedateencasa,347
lockdown easing,345
menujunormalbaru kumhampasti,345
kumhampasti kumham16,345
19 news,344
work home,344
coronavirus virus,344
mr president,343
essential workers,343
result coronavirus,343
co uk,342
department health,342
health ministry,342
daily coronavirus,342
like covid19,342
first case,341
population coronavirus,341
el coronavirus,341
05 20,341
last days,341
coronavirus impact,340
raise money,339
last night,339
family members,338
latest covid,338
total casos,338
affected covid,338
