gram,counts
covid 19 cases,7993
covid 19 pandemic,7342
covid 19 vaccine,6119
positive covid 19,4061
covid 19 data,2910
casos covid 19,2571
covid 19 polriadaptasikebiasaanbaru,2470
due covid 19,2418
new covid 19,2288
control coronavirus data,2031
covid 19 patients,1995
covid 19 deaths,1905
adaptasi kebiasaan baru,1769
covid 19 di,1733
covid 19 crisis,1710
cegah covid 19,1702
first covid 19,1668
vacuna covid 19,1650
coronavirus hospital data,1613
hospital data sent,1611
covid 19 testing,1611
tested positive covid,1600
19 vaccine tested,1502
covid 19 test,1497
new york times,1485
positivo covid 19,1478
pandemi covid 19,1475
amid covid 19,1454
strips control coronavirus,1447
untuk cegah covid,1436
trump administration instead,1425
administration strips control,1419
trump administration strips,1415
covid 19 via,1394
secret coronavirus contracts,1392
coronavirus contracts awarded,1389
awarded without competition,1387
coronavirus covid 19,1385
contracts awarded without,1385
without competition deadly,1366
competition deadly serious,1351
vaccine tested us,1334
cases covid 19,1322
tests positive coronavirus,1317
new coronavirus cases,1311
administration instead cdc,1233
tested positive coronavirus,1219
últimas 24 horas,1211
sent trump administration,1161
data sent trump,1158
impact covid 19,1147
coronavirus cover up,1145
claiming coronavirus cover,1096
cover up tells,1096
da covid 19,1095
hong kong virologist,1074
tells bill hemmer,1073
spread covid 19,1072
kong virologist claiming,1072
virologist claiming coronavirus,1071
up tells bill,1071
bill hemmer reports,1071
hemmer reports we,1070
mencegah covid 19,1038
infeksi virus corona,1025
penyebaran infeksi virus,1018
virus corona dan,1018
mengendalikan penyebaran infeksi,1017
corona dan mencegah,1017
dan mencegah covid,1017
untuk mengendalikan penyebaran,1016
dilakukan untuk mengendalikan,1012
tests positive covid,1010
yang dilakukan untuk,1010
upaya yang dilakukan,1005
adalah upaya yang,1004
pandemia covid 19,1003
distancing adalah upaya,999
covid 19 outbreak,996
physical distancing adalah,996
promising immune response,992
shows promising immune,982
ccp virus hong,980
virus hong kong,980
covid 19 response,978
us shows promising,975
tested us shows,974
immune response ahead,957
response ahead large,954
ahead large trial,953
covid 19 virus,945
dr anthony fauci,906
we much time,906
july 15 2020,893
reports we much,890
covid 19 positive,877
bbc news coronavirus,864
send covid 19,857
deadly serious george,840
serious george monbiot,837
gov kevin stitt,835
contagios covid 19,831
covid 19 update,828
covid 19 death,822
truth ccp virus,804
send coronavirus data,803
moderna covid 19,796
pls spread truth,787
spread truth ccp,787
covid 19 tests,782
hospitals bypass cdc,773
fight covid 19,772
covid 19 coronavirus,761
last 24 hours,755
covid 19 infections,755
kebiasaan baru polriadaptasikebiasaanbaru,750
response covid 19,734
india mitega india,732
oklahoma gov kevin,726
covid 19 relief,715
polri kawal adaptasi,712
kawal adaptasi kebiasaan,712
tuh apa sih,709
apa sih physical,703
covid 19 numbers,701
sih physical distancing,698
15 07 2020,697
distancing tuh apa,695
get covid 19,690
says tested positive,686
florida department health,685
physical distancing tuh,682
invade internationally recognized,659
azerbaijan territory tovuz,653
starting 12th july,652
internationally recognized azerbaijan,650
recognized azerbaijan territory,649
mitega india mitega,643
armed forces armenia,641
coronavirus data cdc,641
coronavirus live updates,640
negative covid 19,637
july armed forces,634
covid 19 em,634
tovuz time nations,633
time nations busy,632
territory tovuz time,630
12th july armed,629
pacientes covid 19,624
test positive covid,619
died covid 19,619
post covid 19,613
covid 19 situation,612
masa adaptasi kebiasaan,612
3t testing tracing,599
nations busy covid,598
busy covid 19,598
testing tracing dan,596
covid 19 infection,595
tracing dan treatment,595
000 covid 19,590
nuevos casos coronavirus,588
dampak pandemi covid,586
governor tests positive,586
dari covid 19,584
kita lawan corona,581
treatment kita lawan,580
percepatan penanganan dampak,579
dan treatment kita,578
untuk memasifkan 3t,577
hbd kenia felizmiercoles,577
masifkan 3t testing,576
mengenai percepatan penanganan,576
terbatas mengenai percepatan,575
rapat terbatas mengenai,574
di istana merdeka,573
ri menginstruksikan untuk,573
menginstruksikan untuk memasifkan,573
memasifkan 3t dalam,573
3t dalam rapat,573
dalam rapat terbatas,573
19 di istana,573
positif covid 19,572
penanganan dampak pandemi,572
istana merdeka jakarta,570
attack invade internationally,569
estallido2 vazou joseramonbarreto,568
covid 19 impact,567
argentinians estallido2 vazou,567
centers disease control,565
nuevos casos covid,564
merdeka jakarta senin,563
jakarta senin 13,563
covid 19 case,562
armenia attack invade,562
joseramonbarreto claudiacobarde covid19,561
btsarmy hbd kenia,560
tested positive covid19,559
bypass cdc send,557
claudiacobarde covid19 小池百合子生誕祭2020,557
amishijosloseducoyo argentinians estallido2,556
forces armenia attack,549
dan jaga jarak,548
penyebaran covid 19,547
lawan corona polriadaptasikebiasaanbarupresiden,546
corona polriadaptasikebiasaanbarupresiden ri,546
polriadaptasikebiasaanbarupresiden ri menginstruksikan,546
chinese communist party,545
trump orders hospitals,543
covid 19 lockdown,541
amid coronavirus pandemic,541
kenia felizmiercoles amishijosloseducoyo,541
muertes covid 19,539
felizmiercoles amishijosloseducoyo argentinians,539
oklahoma governor tests,538
protokol kesehatan agar,535
hospitals stop sending,534
vazou joseramonbarreto claudiacobarde,530
luis fernando tena,529
covid 19 related,527
bts blackpink btsarmy,527
muestra resultados prometedores,525
15 julio 2020,525
aman dari covid,525
white house attacks,524
produktif dan aman,523
blackpink btsarmy hbd,523
dan aman dari,520
penting bagi kita,518
kesehatan agar tetap,518
bagi kita untuk,517
kita untuk senantiasa,517
untuk senantiasa mematuhi,517
agar tetap bisa,517
tetap bisa produktif,517
bisa produktif dan,517
kebiasaan baru penting,516
baru penting bagi,516
senantiasa mematuhi dan,516
mematuhi dan disiplin,516
hospitals send coronavirus,515
positivos covid 19,510
disease control prevention,508
covid 19 could,508
masker dan jaga,504
orders hospitals stop,504
control covid 19,495
world health organisation,490
sending coronavirus data,488
covid 19 amp,487
cdc control coronavirus,486
stitt tests positive,486
new cases covid,481
covid 19 patient,479
disiplin protokol kesehatan,474
stop sending coronavirus,473
new covid19 cases,471
du covid 19,469
000 new cases,466
cdc covid 19,462
kevin stitt tests,460
covid 19 results,459
moderna coronavirus vaccine,457
coronavirus data washington,455
walmart sam club,455
dio positivo coronavirus,453
test positive coronavirus,449
strips cdc control,448
data washington cdc,444
covid 19 través,443
due coronavirus pandemic,441
cdc send covid,438
possible cover up,436
covid 19 creada,434
com covid 19,434
dengan masker dan,434
hospitals ordered bypass,432
aryprasetyo85 thearieair ariestariico_,432
thearieair ariestariico_ 1802_kimmi,432
covid 19 less,431
1trenggalek aryprasetyo85 thearieair,427
ee uu muestra,423
uu muestra resultados,422
show covid 19,422
19 creada ee,421
creada ee uu,421
number covid 19,421
warnings possible cover,417
virus covid 19,416
us covid 19,416
covid 19 recovery,416
delusion pandemic crisis,416
pandemic crisis overtakes,416
offers denial delusion,414
denial delusion pandemic,414
tested covid 19,413
dio positivo covid,413
governor kevin stitt,412
1802_kimmi untuk cegah,411
get well soon,410
covid 19 spread,409
oxford covid 19,408
penanganan covid 19,406
crisis overtakes presidency,405
confirmed covid 19,404
ariestariico_ 1802_kimmi untuk,404
data sent dc,402
worst pandemic president,402
handling covid 19,401
covid 19 covid19,400
coronavirus covid19 sarscov2,400
sent dc instead,397
last two flu,397
miércoles 15 julio,396
less lethal last,395
attention international friends,395
people wear masks,394
vacina covid 19,392
19 data directly,392
coronavirus inspired artwork,392
rose parade canceled,392
covid 19 restrictions,391
lethal last two,391
infected covid 19,391
new cases coronavirus,390
confirms coronavirus hospital,390
casos positivos covid,390
population coronavirus covid19,389
call urgent help,389
two flu seasons,388
port du masque,388
covid19 sarscov2 forecast,388
italy call urgent,388
coronavirus numbers show,387
19 less lethal,386
directly trump administration,386
international friends starting,385
pasien covid 19,384
texas coronavirus numbers,384
friends starting 12th,384
trump worst pandemic,384
surge coronavirus cases,382
numbers show covid,382
ignored coronavirus swept,382
trump offers denial,381
ordered bypass cdc,381
coronavirus swept europe,380
removed london underground,379
new death population,378
death population coronavirus,378
covid 19 symptoms,376
single day spike,374
2021 rose parade,373
urgent help ignored,372
lost health insurance,371
die covid 19,371
surge covid 19,369
dc instead cdc,368
governor says tested,368
19 cases rise,366
oklahoma governor kevin,366
poised final testing,365
help ignored coronavirus,365
instead cdc cnnpolitics,364
19 test results,361
oklahoma governor says,361
produktif dengan masker,360
test covid 19,359
since covid 19,358
global covid 19,354
data directly trump,354
mortes covid 19,352
stunning texas coronavirus,352
revealed italy call,352
labs reported negative,351
florida covid 19,348
health human services,348
fanb gnbypueblounido cuarentenaradicalysegura,348
gt gt gt,347
coronavirus task force,346
deaths covid 19,344
crisis covid 19,343
people covid 19,342
department health says,342
covid 19 hoax,342
data covid 19,340
read winter coronavirus,340
admin wisely strips,340
hhs confirms coronavirus,339
reported negative covid,339
health says labs,338
central dc database,338
wisely strips cdc,337
sent central dc,337
public health experts,336
coronavirus data information,336
says labs reported,335
pada masa adaptasi,335
medida cortar cadena,335
tomar nuevas decisiones,334
única medida cortar,334
information sent central,334
dan disiplin protokol,333
obligado tomar nuevas,333
winter coronavirus report,333
coronavirus obligado tomar,332
trump admin wisely,332
jaga jarak pada,331
jarak pada masa,331
indicates pmqs read,331
pmqs read winter,331
artwork removed london,330
data information sent,330
ordered hospitals bypass,329
effects covid 19,329
much much worse,328
data coronavirus patients,328
exitoso población economía,328
sido exitoso población,327
población economía coronavirus,326
decisiones única medida,325
coronavirus disease 2019,324
economía coronavirus obligado,324
nuevas decisiones única,324
returncv19datatothecdc returncv19datatothecdc returncv19datatothecdc,324
coronaviruspandemic covid19india coronavirus,323
tested us poised,321
covid 19 risk,321
contagio covid 19,319
bypass cdc covid,319
potential covid 19,319
investigates florida department,318
covid 19 vía,318
new york new,318
johnson indicates pmqs,318
calls white house,318
breaking trump admin,317
know covid 19,316
recovery could create,316
lawan covid 19,316
1trenggalek untuk cegah,316
coronavirus matt hancock,316
coronavirus recovery could,315
free covid 19,315
us poised final,314
cortar cadena contagios,314
35 investigates florida,313
led coronavirus recovery,313
cegah penyebaran covid19,313
covid 19 puede,312
fauci white house,312
fauci calls white,312
nature led coronavirus,311
covid 19 hospital,311
entertain empower educate,310
empower educate talk,310
0208 090 2121,310
090 2121 hello,310
2121 hello fantasticradio,310
hello fantasticradio co,310
fantasticradio co uk,310
co uk fantasticradiouk,310
uk fantasticradiouk homeofpossibilities,310
fantasticradiouk homeofpossibilities believeyourpossibilities,310
homeofpossibilities believeyourpossibilities stayhomesafelives,310
believeyourpossibilities stayhomesafelives buy,310
stayhomesafelives buy song,310
could create 10tn,310
create 10tn year,310
covid 19 dan,309
york new jersey,308
fox 35 investigates,307
deliver copy officials,306
2020 07 15,306
hospital data coronavirus,306
update covid 19,305
says covid 19,304
jauh lebih baik,304
19 data reporting,303
10tn year says,303
boris johnson indicates,303
educate talk us,302
talk us 0208,302
us 0208 090,302
baik kenapa tidak,302
yg jauh lebih,302
kebiasaan baru yg,302
baru yg jauh,301
lebih baik kenapa,301
kenapa tidak polriadaptasikebiasanbaru,301
tidak polriadaptasikebiasanbaru cegah,301
polriadaptasikebiasanbaru cegah penyebaran,301
covid 19 real,300
could get much,300
cadena contagios cuarentena,300
central database washington,299
covid 19 surge,299
latest coronavirus inspired,299
vaccine covid 19,297
time covid 19,297
gnboficial gnbgdjfl fabiozavarsep,297
patient information central,296
information central database,296
pandemic could get,296
contagios cuarentena radical,296
year says wef,294
covid 19 treatment,294
coronavirus vaccine trial,293
get much much,293
coronavirus south africa,293
ayo cegah corona,292
starting july 20,292
covid 19 may,291
banksy latest coronavirus,291
covid 19 world,290
15 juli 2020,288
inspired artwork removed,287
dies covid 19,284
kids back school,284
19 polriadaptasikebiasaanbaru ayo,284
cover up progress,284
bad flu season,283
polriadaptasikebiasaanbaru ayo cegah,283
people killed police,283
penularan covid 19,282
trump tulsa rally,281
coverup human history,280
white people killed,280
go back school,279
kasus covid 19,279
much worse must,278
hospitals send data,278
inside port elizabeth,278
port elizabeth hospitals,278
sam club require,278
covid 19 venezuela,277
progress trump orders,277
killed police black,277
administration orders hospitals,276
up progress trump,276
police black people,276
south africa inside,275
africa inside port,275
elizabeth hospitals horrors,275
indiafightscorona stayhome staysafe,274
like covid 19,274
dopeydon wackadoo wednesday,274
wackadoo wednesday turns,274
wednesday turns press,274
turns press conf,274
press conf campaign,274
black people 4m,274
people 4m lost,274
4m lost health,274
health insurance covid_19,274
insurance covid_19 138k,274
covid_19 138k dead,274
138k dead amp,274
dead amp 5m,274
amp 5m infecteddemands,274
5m infecteddemands hospitals,274
infecteddemands hospitals send,274
wear face masks,273
get coronavirus control,273
worse must act,273
trump covid 19,272
wave covid 19,271
black lives matter,271
confirmed coronavirus cases,269
prueba covid 19,269
cuarentenaradicalysegura gnboficial gnbgdjfl,269
data hhs cdc,268
experimental covid 19,267
study confirms exception,267
new jersey overall,266
15jul fanb gnbypueblounido,266
anthony fauci white,266
different bad flu,265
pruebas covid 19,265
coronavirus study confirms,265
overall mortality much,265
much different bad,265
20 covid 19,264
covid 19 hospitalizations,264
mortality much different,264
covid19 last days,263
confirms exception new,263
exception new york,263
jersey overall mortality,263
increase covid 19,262
gnbypueblounido cuarentenaradicalysegura gnboficial,261
covid19 bot covid19,260
bot covid19 last,260
last days stats,260
covid19india coronavirus indiafightscorona,260
coronavirus indiafightscorona stayhome,260
report covid 19,260
trump administration orders,260
coronavirus data hhs,260
number coronavirus cases,259
muertos covid 19,259
think covid 19,259
matt hancock rejects,259
hancock rejects face,259
canada covid 19,258
19 pandemic stoparmenianagression,258
covid 19 na,256
15 july 2020,256
got covid 19,256
case covid 19,256
от covid 19,255
long term care,255
exclusive coronavirus study,255
house tells hospitals,254
covid 19 país,254
told send coronavirus,254
latest covid 19,253
rusa covid 19,253
vacuna rusa covid,253
white house tells,252
fallecidos covid 19,252
hospitals told send,252
kevin stitt says,252
data new york,251
dc database via,251
let stop nonsense,251
coronavirus data new,250
nuevos casos positivos,250
cuarentenaradicalysegurael sido exitoso,250
database via gatewaypundit,250
da positivo covid,249
es hora cuidarse,249
stitt says tested,249
wearing face mask,248
2019 covid 19,247
dying covid 19,247
highest single day,246
covid19 positive cases,245
radical es hora,244
hospitalized covid 19,243
flu seasons via,243
risk covid 19,243
covid 19 still,243
recover covid 19,243
canceled due coronavirus,243
covid 19 curve,243
cuarentena radical es,243
covid 19 control,242
seasons via gatewaypundit,242
covid 19 information,242
new cases confirmed,242
coronavirus death toll,240
covid 19 guidelines,240
getting covid 19,240
conf campaign speechclaims,240
campaign speechclaims white,240
speechclaims white people,240
last two weeks,238
administration ordered hospitals,238
covid 19 updates,237
covid 19 would,237
tells hospitals bypass,236
sign covid 19,236
sign petition via,236
affected covid 19,235
first time since,235
deadly new coronavirus,235
covid 19 méxico,234
covid 19 news,234
first coronavirus vaccine,234
li meng yan,234
โคว ด19 covid19,233
could get coronavirus,233
virus resurgence threatens,233
con quédateencasa felizmiercoles,233
past 24 hours,232
covid 19 safety,232
wednesday july 15,232
updates virus resurgence,232
house attacks atlantic,232
distance wash hands,231
combate covid 19,231
contract covid 19,231
unraveling deadly new,231
sa covid 19,230
la etiqueta día,230
groboganpolres physical distancing,229
live updates virus,229
coronavirus cases surge,228
rate 10x lower,228
covid 19 new,228
vuelve dar positivo,228
patients nursing homes,227
resurgence threatens economy,227
disease 2019 covid,226
covid 19 lockdowns,225
covid 19 outbreaks,225
usa northamerica cases,225
club require masks,225
slow spread covid19,224
casos positivos coronavirus,223
covid 19 nigeria,222
hhs cdc trump,222
anthony fauci calls,222
house attacks bizarre,222
hospitals send covid,221
confirmados covid 19,220
covid 19 stats,220
300 000 covid,220
tests covid 19,219
wear damn mask,219
daily covid 19,219
2020 covid 19,219
coronavirus vaccine tested,219
frente covid 19,219
nationwide starting july,219
29 000 new,218
protokol kesehatan langkah,218
kesehatan langkah tegas,218
langkah tegas lawan,218
tegas lawan covid,218
tetap produktif dengan,218
department health human,217
total covid 19,217
masks nationwide starting,217
require masks nationwide,216
profile killer unraveling,215
killer unraveling deadly,215
sekarma29915870 1trenggalek aryprasetyo85,215
15jul la etiqueta,215
july 14 2020,214
coronavirus vaccine hopes,214
world youth skills,213
youth skills day,213
19 cases last,213
governor test positive,213
health care workers,213
cdc longer control,213
us disease chief,212
19 vaccine trial,212
help slow spread,212
covid 19 diagnosis,212
july 20 covid,212
trump administration ordered,211
disease chief dr,210
orders hospitals send,210
rate covid 19,209
covid 19 cause,209
memutus mata rantai,209
anthony fauci wrong,209
despite covid 19,208
house to house,208
covid 19 vaccines,208
coronavirus us disease,208
cases trend11 jul,208
take covid 19,207
chief dr anthony,207
another covid 19,207
require face masks,207
36 mil 906,207
everyone wears mask,206
coronavirus herd immunity,206
cdc data collection,206
whitehouse realdonaldtrump icegov,206
covid 19 health,205
could go wrong,205
lied people died,205
daily cases increase,205
rantai penyebaran covid,205
please wear mask,204
patients covid 19,204
gon na go,204
quédateencasa felizmiercoles 15dejulio,204
wash hands often,203
data cdc via,203
reported today utc,203
today utc time,203
rerouted trump administration,203
seguridad vacuna rusa,203
weeks attending trump,203
second wave covid,202
least 26 flights,202
covid 19 weeks,202
president donald trump,201
casos confirmados covid,201
total confirmed cases,201
records another surge,201
rise covid 19,200
26 flights arrived,200
covid 19 mundo,200
wear face mask,200
the truth about,200
covid 19 yang,199
flights arrived canada,199
impacts covid 19,199
patients rerouted trump,199
dar positivo coronavirus,199
bolsonaro tests positive,199
peter navarro dr,199
navarro dr anthony,199
related covid 19,198
mata rantai penyebaran,198
groboganpolres kebiasaan baru,198
news coronavirus covid19,197
herd immunity crowd,197
we don have,197
zero covid 19,196
cases last two,195
amp covid 19,194
pandemic news coronavirus,194
ccp lied people,194
another surge covid,194
keep safe distance,193
contre covid 19,193
shows early promise,193
masks social distancing,193
global pandemic news,193
curve since april,193
india records another,193
fauci wrong coronavirus,193
pls spread the,193
spread the truth,193
truth about ccp,193
about ccp virus,193
reports we don,193
don have much,193
have much time,193
center disease control,192
orders hospitals bypass,192
quit highest numbers,192
covid 19 even,192
coronavirus covid19 protests,192
announces tested positive,192
infections 29 000,192
stay home much,191
arrived canada covid,191
smokers quit highest,191
new york city,191
mematuhi protokol kesehatan,191
vaccine front runner,191
of covid 19,191
news covid 19,190
highest numbers decade,190
covid 19 covid,190
nuevos casos covid19,189
covid positivity rate,189
reporting covid 19,189
jalankan protokol kesehatan,189
guna memutus mata,189
wrong coronavirus fight,189
contracted covid 19,188
vaccine tested humans,187
flu season via,187
19 infections 29,187
covid 19 brasil,186
battle covid 19,186
daño covid 19,186
parade canceled due,186
covid 19 spike,185
país peor gestionado,185
000 new coronavirus,185
white house coronavirus,185
datos muestran seguridad,185
rejects face coverings,185
bolsonaro vuelve dar,185
tested humans shows,184
humans shows early,184
19 puede causar,184
contracting covid 19,184
coronavirus patients rerouted,184
dr li meng,184
polrespklkota tetap produktif,184
jaga jarak gaeeesspada,184
jarak gaeeesspada masa,184
gaeeesspada masa adaptasi,184
dan disiplin jalankan,184
disiplin jalankan protokol,184
covid 19 oke,184
19 oke brooo,184
oke brooo polriadaptasikebiasaanbaru,184
season via gatewaypundit,184
india covid 19,183
positivity rate 10x,183
españa país peor,183
coronavirus smokers quit,183
spike covid 19,183
governor showed receipts,183
masks offer much,182
da positivo coronavirus,182
admits covid positivity,182
10x lower first,182
caso covid 19,182
contagiados covid 19,182
muestran seguridad vacuna,182
republican governor showed,182
showed receipts coronavirus,182
receipts coronavirus herd,182
covid19 小池百合子生誕祭2020 1billionviews_challenge,182
covid19 coronavirus realdonaldtrump,182
stop covid 19,181
lower first reported,181
covid 19 ini,181
face coverings offices,181
19 data hospitals,181
coronavirus realdonaldtrump blacklivesmatter,181
realdonaldtrump blacklivesmatter cashapp,181
blacklivesmatter cashapp joebiden,181
cashapp joebiden breakingnews,181
joebiden breakingnews covid_19,181
breakingnews covid_19 news,181
offer much protection,180
much protection coronavirus,180
coronavirus vaccine safe,180
hospital admits covid,180
say covid 19,180
pela covid 19,180
the covid 19,180
day covid 19,179
recovered covid 19,179
covid 19 going,179
317 mil 635,179
using covid 19,178
protection coronavirus many,178
coronavirus many think,178
covid 19 global,178
fighting covid 19,178
covid_19 coronavirus covid19,178
washington cdc via,178
19 weeks attending,178
world health organization,177
florida hospital admits,177
rising covid 19,177
people tested positive,177
months ahead competition,177
entra fase final,176
safe distance wash,176
covid 19 concerns,176
falsehoods police shootings,176
primer caso contagio,176
covid 19 et,176
covid 19 social,176
governor cuomo crowing,176
first governor test,176
hands often cover,175
covid 19 like,175
covid 19 get,175
police shootings biden,175
shootings biden coronavirus,175
customers wear masks,175
covid 19 risks,175
19 covid 19,175
covid 19 one,175
puede causar pacientes,175
19 via youtube,174
coronavirus cases deaths,174
sabe daño covid,174
protect covid 19,174
alta primer grupo,174
house strips cdc,174
current covid 19,173
regarding covid 19,173
ng covid 19,173
víctimas covid 19,173
organización mundial salud,173
dan alta primer,173
attending trump tulsa,173
crisis spins control,173
rush limbaugh slams,173
cas covid 19,172
instead first sent,172
primer grupo participantes,172
limbaugh slams florida,172
slams florida labs,172
report negative covid,172
negative covid tests,172
ongoing covid 19,171
covid 19 hit,171
vaccine safe induces,171
often cover cough,171
administration instead first,171
nigeria mr ibu,171
white house strips,171
cover up trump,171
wearing face masks,170
coronavirus cases rise,170
covid 19 entra,170
nurses wearing masks,170
coronavirus crisis spins,170
tratar covid 19,169
biden coronavirus china,169
covid 19 emergency,169
front runner months,169
runner months ahead,169
induces immune response,168
says coronavirus vaccine,168
new coronavirus infections,168
every single day,168
fact covid 19,168
kpop bts blackpink,168
covid tests incompetence,168
