coronavirus,352661
covid,255660
19,244463
covid19,218508
nan,87606
amp,49595
people,47358
via,40744
polmascegahcovid19,39672
pandemic,39469
trump,39342
new,39166
us,38586
dalam,30765
dan,30704
cases,30140
virus,29608
news,26457
like,24967
get,24552
deaths,23883
masyarakat,23802
one,23297
china,23122
lockdown,23057
crisis,22963
health,22602
di,22578
world,22196
help,21988
time,21283
need,19124
home,18647
memerangi,18094
know,17474
would,17257
2020,16983
realdonaldtrump,16976
says,16763
could,16746
et,16710
si,16542
death,16463
000,16035
first,16000
day,15961
state,15495
adalah,15033
des,14986
government,14855
test,14631
see,14555
il,14530
may,14518
kedisiplinan,14462
go,14378
today,14284
please,14236
work,14211
patients,14191
pemerintah,14017
many,13986
testing,13852
corona,13649
due,13637
back,13607
good,13302
untuk,13020
even,12758
du,12734
going,12719
take,12710
vaccine,12659
support,12582
da,12558
die,12414
make,12280
sangat,12272
care,12256
live,12064
casos,12009
still,11909
22,11864
est,11853
covidー19,11729
per,11713
stay,11705
response,11637
polri,11549
uk,11485
na,11396
read,11322
salah,11301
right,11242
positive,11222
the,11136
country,11132
re,11077
spread,11056
let,11000
think,10912
also,10827
social,10771
pour,10707
said,10654
workers,10427
well,10348
say,10307
pandemia,10229
want,10202
10,10178
april,10176
way,10121
total,10071
states,9848
pandemi,9728
business,9602
outbreak,9600
hospital,9511
dprriapresiasipolri,9423
money,9341
much,9245
tests,9177
dr,9125
great,9068
really,8966
keep,8965
fight,8941
president,8856
must,8789
dengan,8687
india,8668
post,8618
times,8574
harus,8440
public,8437
look,8395
year,8340
20,8320
stop,8313
come,8282
free,8254
pas,8239
data,8213
menangkal,8196
economy,8188
true,8145
two,8142
itu,8094
thank,8051
flu,7999
global,7980
life,7939
amid,7905
days,7893
every,7864
latest,7854
bentuk,7836
non,7776
partisipasi,7751
au,7735
daily,7666
une,7665
died,7648
covid_19,7623
york,7610
youtube,7565
last,7561
cara,7523
gt,7521
earthday,7433
video,7416
got,7382
thanks,7367
weeks,7353
use,7346
lives,7303
working,7298
vía,7269
update,7253
diri,7249
face,7183
em,7145
media,7126
bumi,7084
made,7082
medical,7075
earth,7024
real,7013
everyone,6987
relief,6961
safe,6948
america,6940
setiap,6936
open,6931
to,6864
never,6856
insan,6849
diperlukan,6838
kuat,6828
earthday2020,6820
food,6805
another,6770
americans,6763
tertanam,6753
pertiwi,6745
number,6736
check,6717
gobierno,6708
study,6702
long,6682
next,6680
tested,6656
com,6644
membantu,6635
better,6591
million,6584
persatuan,6570
man,6493
online,6477
plan,6472
twitter,6470
usa,6447
cdc,6386
sur,6362
getting,6351
app,6346
himbauan,6341
satu,6335
confirmed,6314
mais,6302
end,6268
dans,6264
va,6247
around,6235
tni,6229
hope,6218
salud,6187
risk,6183
30,6175
family,6153
week,6147
watch,6127
yang,6095
give,6093
report,6092
since,6082
find,6054
best,6029
eu,6024
second,6021
ca,5980
quarantine,5975
article,5965
in,5965
não,5961
turut,5956
ser,5932
already,5919
andil,5910
cnn,5908
qui,5900
businesses,5898
impact,5898
information,5892
plus,5865
24,5864
case,5859
mematuhi,5854
coronaviruspandemic,5803
community,5717
stayhome,5683
important,5678
kebijakan,5659
without,5584
call,5564
updates,5561
top,5559
yaitu,5539
god,5531
show,5523
100,5518
needs,5505
doctors,5495
mundo,5474
peraturan,5470
far,5468
part,5463
start,5449
ini,5430
federal,5408
county,5393
love,5378
big,5375
change,5365
job,5365
put,5365
ve,5354
human,5344
done,5337
story,5330
countries,5320
21,5313
yet,5274
years,5261
aktif,5251
mentaati,5243
chinese,5240
believe,5230
disease,5229
future,5224
economic,5209
personas,5200
city,5186
berharap,5180
11,5176
rate,5171
ne,5165
hoy,5126
satunya,5122
house,5106
thing,5081
reported,5075
bill,5060
protect,5038
director,5020
distancing,5019
masks,5006
sure,4996
15,4985
numbers,4975
things,4974
ce,4956
small,4924
staff,4913
país,4905
che,4894
society,4883
national,4878
wave,4870
early,4866
order,4860
and,4815
making,4812
treatment,4798
casa,4796
pay,4793
together,4792
cuarentena,4770
pm,4745
using,4720
might,4718
je,4714
join,4709
save,4703
sa,4698
ppe,4677
hospitals,4676
coming,4675
something,4674
mayor,4672
local,4667
12,4660
thought,4649
away,4645
ever,4632
anyone,4631
der,4631
gov,4622
medidas,4602
gente,4600
american,4586
enough,4576
hydroxychloroquine,4573
par,4565
wuhan,4551
doctor,4548
infected,4536
04,4520
healthcare,4501
high,4453
taking,4451
um,4447
person,4446
research,4446
students,4438
old,4424
trying,4420
govt,4397
drug,4377
someone,4376
share,4372
likely,4321
across,4303
oh,4303
bad,4296
nhs,4291
hit,4285
emergency,4284
nothing,4276
worse,4274
yes,4256
cats,4245
rel,4227
toll,4222
action,4221
symptoms,4217
href,4215
nofollow,4215
reopen,4185
air,4184
place,4171
vous,4153
kita,4152
mask,4149
control,4138
team,4134
día,4121
50,4119
así,4115
continue,4111
month,4093
situation,4092
de,4089
saying,4086
tell,4079
van,4075
others,4063
ahora,4061
dos,4051
25,4045
of,4034
bien,4029
stayathome,4028
cause,4024
contact,4019
fake,4016
france,4012
tegas,4012
war,4003
california,4002
hard,3990
experts,3986
soon,3969
link,3968
solo,3959
und,3953
follow,3929
science,3925
el,3907
system,3904
कर,3899
less,3879
population,3879
rt,3869
bersama,3866
lot,3857
it,3845
always,3836
governor,3835
children,3835
warns,3823
related,3822
masa,3816
das,3810
shows,3804
coronavírus,3802
possible,3793
info,3785
full,3782
españa,3776
questions,3763
months,3761
force,3752
learn,3726
aid,3723
measures,3722
quedateencasa,3722
police,3722
ll,3699
sick,3699
this,3692
shit,3680
14,3678
climate,3662
reports,3652
happy,3650
recovered,3649
tindak,3641
nuevos,3620
south,3618
breaking,3617
feel,3608
least,3607
18,3603
point,3601
actually,3599
nous,3582
minister,3573
used,3568
little,3528
fund,3525
confinement,3516
looking,3512
current,3501
ai,3500
anything,3497
iii,3496
no,3486
puede,3480
ago,3480
families,3473
gop,3463
web,3454
political,3449
bbc,3448
restrictions,3446
everything,3444
dead,3438
qu,3432
mas,3413
millions,3404
white,3386
different,3386
on,3367
semua,3365
fighting,3362
hacer,3336
essential,3329
lost,3327
fox,3325
makes,3323
school,3321
avec,3319
services,3309
maybe,3308
23,3295
hear,3292
40,3282
wrong,3278
chief,3278
available,3272
baksoskartinipoldajatim,3264
normal,3261
pada,3261
kepolisian,3260
towards,3257
komisi,3256
pacientes,3246
recovery,3242
we,3241
pelaku,3230
staysafe,3226
truth,3220
infection,3218
cegah,3210
homes,3209
anti,3205
fact,3203
dying,3203
seen,3199
leaders,3196
sign,3191
officials,3191
including,3188
fall,3183
question,3180
fuck,3173
la,3171
gates,3160
muertos,3154
financial,3153
left,3152
45,3148
become,3145
personal,3144
muertes,3143
wants,3136
méxico,3134
dpr,3131
en,3129
tidak,3127
nigeria,3125
is,3118
told,3115
provide,3112
you,3108
citizens,3107
abril,3104
increase,3098
found,3096
service,3082
united,3081
kids,3076
official,3063
safety,3062
wednesday,3057
webinar,3057
billion,3056
travel,3047
efforts,3044
etc,3043
blood,3037
cómo,3026
foxnews,3023
nation,3018
kill,3014
called,3008
на,3001
kriminal,2999
press,2998
immigration,2995
ask,2993
march,2989
for,2979
lab,2975
visit,2964
patient,2964
leadership,2959
key,2957
companies,2948
hi,2946
indonesia,2943
presidente,2943
terhadap,2941
ways,2933
higher,2932
mean,2925
पर,2920
industry,2920
oil,2911
gracias,2909
fear,2905
briefing,2905
idea,2901
potus,2897
helping,2894
based,2892
given,2891
three,2886
georgia,2884
act,2884
00,2880
días,2877
wait,2875
ou,2872
hace,2871
dari,2870
africa,2866
at,2865
understand,2864
living,2863
group,2862
line,2859
argentina,2859
jobs,2859
talk,2858
residents,2854
ver,2853
green,2838
mil,2834
needed,2833
self,2830
sont,2823
administration,2823
listen,2818
able,2800
años,2799
remember,2795
employees,2792
seems,2788
penyebaran,2787
oms,2785
narendramodi,2784
closed,2777
ça,2775
interesting,2775
kejahatan,2772
return,2768
2019,2766
cure,2758
according,2758
general,2754
dia,2750
close,2749
harvard,2747
low,2745
earlier,2741
resources,2735
whole,2735
caso,2729
uma,2727
means,2725
tweet,2722
brasil,2722
market,2716
instead,2715
wow,2712
issues,2708
set,2696
germany,2693
digital,2691
co,2690
stupid,2690
het,2685
sir,2680
fauci,2678
reason,2677
cuomo,2676
killing,2673
talking,2673
sars,2671
despite,2666
fucking,2665
hands,2663
facebook,2662
friends,2660
special,2659
known,2656
cashless,2656
deal,2653
fallecidos,2651
wo,2647
spreading,2641
virtual,2637
task,2628
tv,2626
donald,2625
stimulus,2624
aux,2624
university,2623
demand,2619
canada,2618
women,2610
advice,2610
company,2608
nurses,2605
problem,2605
crise,2604
australia,2594
funds,2591
contre,2591
ok,2578
message,2574
vulnerable,2574
hey,2567
moment,2566
access,2563
13,2562
60,2561
17,2560
bisa,2557
vida,2555
lead,2553
calls,2534
evidence,2527
affected,2525
thousands,2523
black,2515
500,2513
calling,2511
ri,2511
nytimes,2507
nursing,2506
communities,2504
law,2502
else,2501
members,2501
nuevo,2497
ny,2495
tindakan,2490
taken,2489
cada,2485
hours,2483
aquí,2479
behind,2478
thread,2469
almost,2465
gets,2465
novel,2461
all,2457
poor,2456
among,2454
vote,2452
power,2445
menos,2445
vegas,2444
pruebas,2438
try,2434
sector,2431
area,2429
missouri,2424
infections,2419
reopening,2418
mental,2418
huge,2416
heart,2415
whitehouse,2414
europe,2403
planet,2400
looks,2392
leader,2388
healthy,2386
ready,2386
rest,2386
probably,2381
funding,2381
tomorrow,2374
jesus,2372
mejor,2370
happen,2368
caused,2367
contagios,2360
iran,2353
coba,2353
isolation,2352
pakistan,2352
party,2350
16,2343
giving,2334
started,2333
name,2329
course,2329
office,2329
और,2327
front,2327
worst,2316
tem,2313
especially,2310
list,2309
sad,2308
deadly,2306
morning,2305
past,2302
रह,2300
term,2297
spoke,2297
program,2295
claims,2288
came,2285
yesterday,2285
killed,2282
february,2279
tengah,2271
protection,2267
ramadan,2267
results,2263
lol,2263
move,2260
mal,2259
italia,2259
un,2258
sense,2257
negative,2253
lies,2253
hand,2250
scientists,2249
saat,2245
dies,2243
democrats,2237
información,2233
tiempo,2231
ones,2231
package,2230
கள,2229
hold,2227
hoax,2226
rise,2222
policy,2222
millones,2215
prevent,2209
confirmados,2207
shut,2204
international,2199
ist,2199
governors,2191
plans,2190
issue,2189
mari,2187
gon,2186
dangerous,2185
que,2185
yg,2181
im,2180
vez,2179
comes,2179
italy,2174
critical,2170
play,2169
washington,2167
run,2159
bring,2159
leave,2155
that,2152
woman,2150
orders,2148
vs,2145
agree,2142
ils,2138
education,2137
proud,2133
dice,2132
season,2132
though,2131
security,2129
tips,2110
finds,2109
benefit,2109
nature,2108
difficult,2108
opening,2107
frente,2103
favor,2098
parte,2095
handling,2088
nyc,2086
facing,2084
decision,2082
kits,2079
ditengah,2076
socialdistancing,2070
agency,2070
clear,2068
vacuna,2068
reuters,2066
ke,2065
announced,2063
forward,2060
took,2059
mit,2059
akan,2049
goes,2048
head,2047
comment,2045
animals,2044
blame,2042
click,2042
trials,2035
up,2034
release,2033
número,2030
age,2028
cas,2028
details,2026
heard,2025
guy,2024
late,2022
serious,2022
following,2020
fase,2019
buy,2018
médicos,2011
not,2010
politics,2008
side,2008
tracing,2005
bible,2005
went,2004
election,1998
date,1997
trust,1996
apresasi,1991
situación,1986
ont,1983
ppl,1981
department,1980
den,1980
pra,1979
cash,1978
wonder,1978
ng,1977
san,1972
venezuela,1969
kartini,1966
knew,1965
ao,1965
blog,1961
covid2019,1961
jangan,1960
frontline,1958
send,1957
add,1953
thinking,1946
tan,1945
source,1944
reporting,1944
congress,1943
finally,1943
center,1942
nicht,1942
florida,1941
major,1941
nueva,1941
guidelines,1938
lack,1937
threat,1936
indian,1933
opportunity,1931
asked,1927
amazing,1926
facts,1925
