gram,counts
covid 19,198823
coronavirus pandemic,8692
19 pandemic,7883
19 cases,6995
coronavirus cases,6920
coronavirus covid19,6830
covid19 coronavirus,5403
new cases,4759
covid19 pandemic,3586
social distancing,3184
casos covid,3113
due covid,3077
nuevos casos,2864
new coronavirus,2795
covid19 cases,2770
coronavirus covid,2718
death toll,2715
19 crisis,2676
coronavirus outbreak,2675
casos coronavirus,2586
due coronavirus,2426
tested positive,2298
new york,2255
june 10,2254
news coronavirus,2212
coronavirus crisis,2201
bbc news,2165
new normal,2162
due covid19,2158
positive covid,2122
george floyd,2090
second wave,2090
casos confirmados,2076
via youtube,2020
new covid,1993
public health,1989
edomex alfredodelmazo,1931
pandemia coronavirus,1927
memorial day,1916
24 horas,1841
meaning behind,1828
casos covid19,1808
19 di,1763
amid coronavirus,1755
active cases,1743
spread coronavirus,1742
coronavirus lockdown,1739
19 via,1730
da covid,1724
positive coronavirus,1691
new zealand,1681
contact tracing,1669
19 testing,1667
pandemia covid,1661
19 patients,1644
cases covid,1642
90 camas,1641
casos positivos,1632
19 deaths,1607
gon na,1578
coronavirus hospitalizations,1553
lopezobrador_ hlgatell,1531
impact covid,1531
10 2020,1529
hospitales chimalhuacán,1513
june 2020,1511
spread covid,1507
wear mask,1495
pandemia covid19,1483
24 hours,1474
atender pacientes,1472
test positive,1472
post covid,1452
bill gates,1446
10 06,1437
cashless society,1432
stay home,1396
live updates,1386
white house,1377
19 vaccine,1373
coronavirus deaths,1365
vicente guerrero,1352
pacientes covid,1350
19 response,1340
confirmed cases,1325
gt gt,1308
coronavirus vaccine,1297
últimas 24,1293
dr fauci,1272
covid__19 coronavirus,1262
must read,1255
mark beast,1234
19 lockdown,1229
first time,1226
join us,1225
hidden meaning,1221
rfid microchip,1221
amid covid,1219
mental health,1217
pandemi covid,1216
microchip mark,1216
boris johnson,1214
donald trump,1210
stay safe,1209
coronavirus live,1181
response covid,1175
many people,1172
worst nightmare,1164
sars cov,1160
insumos atender,1155
positive cases,1148
post covid19,1143
new deaths,1140
06 2020,1131
health care,1117
19 outbreak,1105
corona virus,1098
exigimosinsumosdecalidad hospitales,1087
lopezobrador_ ssalud_mx,1087
positivo covid,1085
covid19 crisis,1082
post coronavirus,1080
covid__19 covid19,1079
uk economy,1079
fight covid,1077
novel coronavirus,1068
two weeks,1066
face masks,1056
spread covid19,1049
du coronavirus,1041
around world,1036
nursing homes,1022
long term,1015
read article,1009
united states,1008
small businesses,1008
materno infantil,989
positif covid,988
face mask,983
19 update,982
asymptomatic spread,979
covid19 lockdown,973
anthony fauci,969
coronavirus spread,969
coronavirus covid__19,961
coronavirus via,960
crisis coronavirus,957
cases coronavirus,954
people died,940
contagios covid,939
hospitalizations rise,934
says oecd,934
primer caso,932
hospitales 90,930
10 junio,919
hospitales atienden,916
good news,915
behind calculating,915
coronavirus testing,914
new covid19,913
coronavirus update,903
total number,896
looks like,896
tests positive,895
wearing masks,891
ssalud_mx edomex,881
year old,869
lives matter,868
black lives,864
next year,858
fake news,858
cases reported,857
total cases,856
coronavirus covid_19,851
junio 2020,850
19 impact,849
prevent covid,848
society know,841
atienden casos,838
000 people,837
alfredodelmazo hlgatell,836
10 000,836
atienden covid19,834
last week,834
week earlier,833
sign petition,832
get back,827
mask wearing,825
coronavirus infections,825
realdonaldtrump foxandfriends,820
19 em,812
york times,812
caso coronavirus,809
last 24,809
19 spread,807
infantil vicente,804
several states,804
covid19 chimalhuacán,803
fauci says,798
rise sharply,796
19 test,786
contagio covid19,781
coronavirus argentina,779
get tested,778
loved ones,777
wear masks,776
100 000,775
19 coronavirus,774
hlgatell edomex,771
19 death,771
go back,770
pandemic far,769
states following,764
wash hands,760
coronavirus uk,759
world health,758
wave coronavirus,758
casos nuevos,752
following memorial,751
protokol kesehatan,747
coronavirus death,742
dio positivo,741
testing sites,739
help us,736
prime minister,734
states see,734
fight covid19,727
contagios coronavirus,723
goes quiet,720
interesting article,719
please take,719
outbreak spikes,717
sharply several,716
quiet coronavirus,716
look like,715
19 situation,713
impact covid19,713
spikes across,712
19 virus,709
dr anthony,709
cases covid19,709
trump administration,708
johnson amp,707
du covid,705
health organization,702
atiende demandas,699
task force,699
ministerio salud,697
san agustín,696
social media,696
says coronavirus,694
house goes,692
covid19 hospitales,690
juni 2020,690
amp johnson,689
positivo coronavirus,685
pacientes covid19,679
president trump,679
da saúde,677
could prevent,676
19 second,676
uk coronavirus,675
make sure,674
emergency plans,674
escasez insumos,670
mortes covid,669
hlgatell atiendan,667
petition via,667
nueva normalidad,666
new post,666
health officials,665
coronavirus restrictions,665
suffer worst,665
cada vez,664
would like,664
wearing mask,663
economy likely,662
coronavirus response,660
10 june,657
likely suffer,654
il coronavirus,653
cases deaths,650
19 positive,648
cases rise,648
covid_19 coronavirus,648
protests riots,646
enfrentan escasez,644
worst covid,644
every day,640
covid19 deaths,638
coronavirus disease,637
19 restrictions,637
19 data,635
américa latina,635
national guard,631
vacuna coronavirus,628
coronavirus patients,628
everyone read,628
read coronavirus,627
19 amp,622
next week,621
activate emergency,621
dmk mla,620
covid19 patients,619
blood type,618
wave covid,618
read covid19,614
pass along,614
calculating 666,614
towards cashless,613
covid19 sarscov2,613
sector salud,612
19 través,612
finally revealed,611
19 states,610
wanted pass,608
beast hidden,606
demandas salud,605
need know,604
proof rfid,604
coronavirus test,603
du covid19,603
death rate,598
covid19 covid__19,596
coronavirus came,596
died covid,595
vacuna covid,592
crise du,592
second waves,590
covid19 covid_19,588
mil casos,588
19 damage,588
weeks ago,586
back work,586
casos activos,585
widespread mask,582
muertes coronavirus,581
penanganan covid,579
damage says,578
number cases,577
via nytimes,575
19 relief,571
crisis covid19,571
crisis covid,569
positive covid19,568
19 infections,568
insumos hospitales,567
coronavirus news,567
wearing could,565
19 tests,565
people tested,564
please help,563
000 deaths,562
global pandemic,559
positivos covid,559
coronavirus corona,558
covid19 amp,557
20 000,556
exigimosinsumosdecalidad chimalhuacán,555
200 000,555
six months,554
10 juni,552
across country,552
exigimosinsumosdecalidad lopezobrador_,551
insumos necesarios,550
000 americans,550
corona covid19,549
gobiernomx lopezobrador_,549
worst hit,548
economy could,547
2020 06,547
miguel bosé,546
gugus tugas,546
response covid19,545
nuevo coronavirus,542
tested covid,542
black people,542
months coronavirus,541
19 wave,540
falta insumos,540
health minister,540
fauci warns,539
muertes covid,539
19 related,536
asymptomatic transmission,535
washington post,535
see rising,535
daily updates,534
per day,534
hospitals activate,533
fight coronavirus,532
number coronavirus,531
camas materno,528
14 days,528
necesitan insumos,527
came uk,526
least 300,526
covid19 exigimosinsumosdecalidad,525
premier league,525
atender covid19,524
daily thanks,524
ssalud_mx lopezobrador_,523
fox news,520
buenos aires,519
re opening,519
us coronavirus,516
insumos calidad,515
19 case,515
get covid,515
separate occasions,515
camas san,514
take look,513
19 hospitalizations,512
young people,512
well done,511
cuarentena absoluta,511
deaths reported,509
combate ao,509
covid covid19,508
waves study,507
110 000,507
coronavirus updates,506
looking forward,505
novos casos,504
coronavirus may,504
number covid,504
coronavirus coverage,504
virus covid,503
latest news,503
mail in,503
funes mori,503
cases india,502
300 separate,502
one day,501
herd immunity,501
coronavirus latest,500
small business,498
covid19 testing,498
lopezobrador ssalud_mx,495
19 patient,495
100 billion,495
nuevos contagios,494
save lives,494
impact coronavirus,490
nursing home,489
north carolina,489
coronavirus related,489
covid19 covid,489
let us,487
wan na,486
jesus spoke,484
000 new,484
est pas,484
19 covid19,483
com covid,482
fallecidos covid,482
million people,481
alberto fernández,481
revealed coronavirus,481
ssalud_mx hlgatell,480
19 treatment,480
know jesus,478
at home,478
exclusive coronavirus,478
coronavirus still,476
covid19 response,476
19 still,474
health department,473
covid19 corona,473
people think,473
response coronavirus,472
cases arizona,472
tell senate,472
go away,471
epoch times,469
times app,469
caso covid,467
please read,467
663 new,467
uk on,467
on least,467
muertos coronavirus,466
caso positivo,466
app see,464
see exclusive,464
test results,463
deaths covid19,462
new death,462
coverage daily,462
jun 10,461
het coronavirus,461
100 years,461
breaking news,459
care homes,457
time high,457
study shows,456
bible spoke,456
di indonesia,456
single day,455
corona coronavirus,455
calidad hospitales,454
people dying,454
confirmados covid,454
high risk,453
chimalhuacán necesitan,452
asymptomatic coronavirus,452
human trials,450
09 06,449
301 casos,449
agustín vicente,448
nouveaux cas,448
since memorial,448
tracing deal,447
30 000,446
guerrero atienden,445
revealed covid19,445
2nd wave,444
stayhome staysafe,444
19 contact,443
two months,443
frente covid,442
police brutality,440
asymptomatic people,440
going back,439
prevent spread,439
spread virus,439
urgentes atender,438
south africa,438
chimalhuacán atienden,437
die coronavirus,437
pandemic covid19,437
died covid19,436
heading towards,436
000 000,435
asking hospitals,435
texas reports,434
qu il,434
primero pobres,433
insumos urgentes,433
total deaths,432
co uk,432
10 million,432
even though,432
hlgatell ssalud_mx,431
14 649,431
slow spread,430
climate change,430
arizona asking,430
take care,429
contagio coronavirus,429
19 world,429
nigeria records,429
friends family,428
free covid,427
covid19 positive,426
nine states,426
negotiated 100,426
last days,425
hari ini,425
mla anbazhagan,425
know bible,424
billion contact,423
deaths covid,422
wabah covid,422
penyebaran covid,421
gates negotiated,421
demandas sector,419
puede ser,419
alto contagio,419
floyd protests,419
due protests,419
would halved,419
அன பழகன,418
democratic congressman,418
salud hospitales,417
atención pacientes,417
take time,417
rising coronavirus,416
nhs waiting,416
14 mil,414
tamil nadu,414
06 10,413
congressman sponsor,413
personal salud,412
necesarios hospitales,412
124 301,412
health workers,412
โคว ด19,412
get coronavirus,411
back track,410
social distance,409
19 infection,409
of the,409
bill six,409
crisis sanitaria,408
healthcare workers,408
covid19 still,407
19 recovery,407
google maps,407
three months,405
conspiracy theories,405
customers covid,404
watch live,403
coronavirus coronavirus,403
000 casos,403
spike covid,403
kasus positif,403
deal democratic,403
sponsor bill,403
rogelio funes,403
covid19 lopezobrador_,401
health experts,401
covid19 insumos,400
stock market,400
help business,400
covid19 sign,399
health ministry,399
deaths coronavirus,399
coronavirus could,398
hospitales tratan,398
since covid,398
kita semua,398
19 país,397
domestic violence,397
tiempos coronavirus,397
keep safe,397
pandemic via,396
died coronavirus,396
staying safe,395
kasus covid,394
economic recovery,392
top story,392
rabu 10,391
última hora,391
number deaths,391
volver cuarentena,391
press conference,391
covid cases,391
neil ferguson,391
working home,390
stop spread,389
population coronavirus,389
lopezobrador_ cumple,388
daily coronavirus,388
cases amp,388
recovered covid,387
in voting,387
siguen muriendo,386
care home,386
time covid,385
re open,385
19 méxico,385
confirmed covid,385
muriendo covid19,384
tratan covid19,384
cases total,384
da covid19,384
cases rising,384
coronavirus través,384
spreading coronavirus,383
000 covid,383
department health,383
could halved,383
bringing total,382
challenging times,382
covid19 test,381
19 vía,380
são paulo,380
sarscov2 forecast,380
one thing,380
tell us,378
signed petition,378
arvind kejriwal,378
people stay,378
last night,378
waiting list,377
people still,376
medidas preventivas,376
coronavirus india,376
bahu membahu,376
pacientes lopezobrador,375
people coronavirus,375
earlier lockdown,375
latest covid,374
positivos coronavirus,374
one week,374
people die,373
got ta,373
atiendan llamado,372
study suggests,372
like coronavirus,372
last year,372
death population,372
salud pública,372
the coronavirus,372
état urgence,371
confirmed coronavirus,371
stay at,371
crisis join,370
blm protests,370
pm et,369
contagios covid19,369
covid coronavirus,369
covid19 outbreak,369
lockdown would,369
000 dead,368
june 11,368
number covid19,367
china coronavirus,367
cases confirmed,366
people like,366
covid19 virus,366
virus covid19,366
warns coronavirus,365
back normal,365
da pandemia,365
frente covid19,364
velocidad contagio,364
realdonaldtrump foxnews,364
ssalud_mx hospitales,363
realdonaldtrump oann,363
contagio covid,363
dies covid,363
campaña lopezobrador_,362
record coronavirus,362
ministério da,362
hong kong,362
40 000,362
senate pass,362
coronavirus relief,361
amid covid19,361
50 000,361
alza voz,360
contagiados covid,360
time read,360
pass critical,360
critical protections,360
infectious disease,359
briden insumos,359
all time,359
wednesday june,359
sign nationalnurses,359
nationalnurses petition,359
decías campaña,358
covid19 vaccine,358
porn usa,358
emergency plan,358
pm says,358
personal médico,357
total confirmed,357
supreme court,357
stoke city,357
pobres decías,356
new confirmed,356
miércoles 10,356
nurses protectnurses,356
whole world,355
first wave,355
per cent,355
19 nedeniyle,355
protectnurses covid19,355
protections nurses,355
emergencia sanitaria,354
coronavirus worst,354
fauci coronavirus,354
south carolina,354
trump coronavirus,354
market 2020,354
10 days,354
specifically designed,354
cumple promesa,353
promesa atiende,353
very rare,353
gobiernomx ssalud_mx,353
covid19 covidー19,353
course help,353
business get,353
exclusive bill,353
south korea,352
2nd covid,352
hospitales siguen,351
casos contagio,351
chimalhuacán enfrentan,351
pandemic coronavirus,351
response program,351
chimalhuacán alza,350
via franceinfo,350
halved death,350
salud mexiquenses,349
jorge rodríguez,349
lopezobrador_ gobiernomx,349
global economy,349
19 disinformation,349
tiempos covid19,348
coronavirus situation,348
free week,348
human rights,347
new study,347
sana distancia,347
real estate,347
de la,347
leading business,347
06 20,346
alfredodelmazo briden,346
latin america,346
come back,346
00 pm,346
week course,346
businesses free,346
miles siguen,345
número casos,345
affected covid,345
bring customers,345
15 june,344
talk us,344
hacer frente,344
per il,344
teamed up,344
up leading,344
business consultants,344
consultants gener8tor,344
gener8tor bring,344
program specifically,344
designed small,344
track register,344
muertos covid,343
great day,343
million cases,342
da positivo,341
know covid,341
pasien covid,341
secretaría salud,340
positivo covid19,340
months ago,340
el coronavirus,340
in the,340
coronavirus méxico,339
brasil tem,339
burundi president,339
update covid,339
leading nations,339
please visit,338
alfredodelmazo ssalud_mx,337
manifestamos ssalud_mx,337
अस पत,337
like covid19,337
latest updates,337
health safety,337
19 new,336
от covid,336
term care,336
article read,336
via nyt,336
buy song,335
coronavirus nhs,335
single people,335
voz manifestamos,334
guerrero chimalhuacán,334
19 numbers,334
passed away,334
back school,334
click link,334
test covid,334
atenderán demandas,333
riesgo falta,333
world news,333
au coronavirus,333
50 states,333
em casa,333
hope re,333
lockdown week,333
médicos enfermeras,332
urgence sanitaire,332
puerto rico,332
days ago,332
postponejee postponeneet,332
cases new,331
empower educate,331
educate talk,331
19 symptoms,331
uk government,331
10 juin,331
entertain empower,330
0208 090,330
090 2121,330
2121 hello,330
hello fantasticradio,330
fantasticradio co,330
uk fantasticradiouk,330
fantasticradiouk homeofpossibilities,330
homeofpossibilities believeyourpossibilities,330
believeyourpossibilities stayhomesafelives,330
stayhomesafelives buy,330
coronavirus il,330
coronavirus infection,330
19 vaccines,330
right thing,330
deberíamos volver,330
llamado mexicanos,329
di tengah,329
terima kasih,329
economic impact,329
community transmission,328
risk covid,327
saudi arabia,327
narrative going,327
siguen equipados,326
feel like,326
push 2nd,326
nations says,326
cuándo atenderán,325
seems like,325
us 0208,325
supply chain,325
want share,325
wave due,325
need help,324
birx says,324
hope ll,323
huge wave,323
ee uu,322
cases today,322
earlier could,322
guerrero 90,321
coronavirus covidー19,321
people need,321
nightmare coronavirus,321
coronavirus formosa,320
covid19 update,320
riots keep,320
keep mail,320
voting narrative,320
knew coming,320
coronavirus earlier,320
coronavirus compares,320
19 emergency,319
could hit,319
says china,319
19 brasil,318
excess deaths,318
despite coronavirus,318
re staying,318
people covid,318
19 spikes,318
deadly events,318
124 mil,317
holy spirit,317
chimalhuacán materno,316
reported today,316
day want,316
towards future,315
total casos,315
coronavirus vía,315
know coronavirus,315
19 covert,314
combate covid,314
fallecidos coronavirus,314
ever wondered,314
covid_19 covid19,314
eu says,314
covert id,313
us covid19,313
recuperación post,313
also hope,313
read interesting,313
compares 100,313
daily cases,312
study finds,312
alba tcp,312
family members,312
coronavirus china,311
id heading,311
future cashless,311
spoke would,311
watch video,311
19 transmission,311
mexiquenses miles,310
in person,310
19 updates,310
mystery behind,310
god holy,310
latest coronavirus,310
safe times,310
times also,310
years deadly,310
health amp,309
high school,309
number god,309
believe everyone,309
hope ve,309
ve great,309
19 free,309
hlgatell cuándo,308
centuries people,308
truth must,308
read concerning,308
666 fascinating,308
ll read,308
lockdown covid19,308
hit 10,308
