gram,counts
covid 19 pandemic,8652
covid 19 cases,4857
href rel nofollow,4235
true href rel,4145
rel nofollow twitter,3526
covid 19 crisis,3265
coronavirus covid 19,2946
due covid 19,2861
covid 19 patients,2810
covid 19 polrisiapamankanjatim,2504
penyebaran covid 19,2491
nofollow twitter web,2448
pandemi covid 19,2403
bbc news coronavirus,2162
twitter web app,2110
casos covid 19,2025
covid 19 deaths,1994
covid 19 via,1958
covid 19 testing,1924
covid 19 lockdown,1853
positive covid 19,1836
amid covid 19,1834
fight covid 19,1828
covid 19 outbreak,1663
stay at home,1598
pandemia covid 19,1455
terdampak covid 19,1453
covid 19 death,1452
new covid 19,1427
covid 19 response,1418
covid 19 di,1392
dan penyebaran covid,1335
cases covid 19,1319
da covid 19,1228
coronavirus death toll,1223
du covid 19,1197
covid 19 vaccine,1185
mari kita dukung,1154
dukung agar kamtibmas,1152
agar kamtibmas di,1152
terhindar dari kejahatan,1152
kamtibmas di wilayah,1152
aman terhindar dari,1152
wilayah aman terhindar,1152
di wilayah aman,1152
dari kejahatan dan,1152
kejahatan dan penyebaran,1152
kita dukung agar,1151
covid 19 test,1148
polri mari kita,1148
bravo polri mari,1146
died covid 19,1127
covid 19 coronavirus,1119
amid coronavirus pandemic,1108
new york times,1095
28 04 2020,1067
response covid 19,1065
workers lost lives,1031
quer eu faça,1029
impact covid 19,1019
new york city,1014
spread covid 19,1001
covid 19 relief,997
april 28 2020,988
covid 19 virus,988
pule_polsek bravo polri,985
new coronavirus cases,977
covid 19 em,975
health care workers,968
key workers died,941
covid 19 update,920
coronavirus task force,911
covid 19 bersamapolribantuwarga,910
di tengah pandemi,905
lost lives coronavirus,883
nofollow twitter android,877
últimas 24 horas,859
eu faça quê,838
tengah pandemi covid,830
sign petition via,827
key workers lost,826
erickson covid 19,803
covid 19 briefing,791
post covid 19,783
covid 19 vía,782
coronavirus live updates,782
dr erickson covid,779
meat processing plants,777
28 april 2020,770
lamento quer eu,768
daí lamento quer,764
crisis covid 19,750
workers memorial day,734
tests positive coronavirus,734
tested positive covid,728
virus covid 19,723
covid 19 related,710
sou messias mas,700
sosial kepada masyarakat,688
messias mas não,683
gt gt gt,679
positif covid 19,679
covid 19 patient,672
covid 19 positive,668
mortes covid 19,666
cegah penyebaran covid,664
tested positive coronavirus,663
at home order,662
mas não faço,661
28 abril 2020,651
international workers memorial,647
kurang mampu terdampak,646
masyarakat kurang mampu,640
minute silence 11am,639
mampu terdampak covid,632
polres trenggalek bantu,628
sembako polres trenggalek,628
trenggalek bantu masyarakat,628
bantu masyarakat kurang,628
bagikan sembako polres,623
petition via change,615
covid 19 dengan,614
test covid 19,609
time start opening,600
covid 19 case,592
plants stay open,579
coronavirus front line,576
mari cegah penyebaran,571
coronavirus vaccine oxford,569
test positive coronavirus,568
dying covid 19,567
race coronavirus vaccine,562
ditengah pandemi covid,562
doctor takes life,559
covid 19 situation,557
wabah covid 19,554
warga yang terdampak,541
top nyc doctor,537
patients dies suicide,537
mayo clinic without,533
deaths covid 19,533
não faço milagre,531
covid 19 tests,531
covid 19 yang,524
covid 19 treatment,520
com covid 19,518
due coronavirus pandemic,513
number covid 19,513
nyc doctor takes,513
covid 19 amp,511
bantuan sosial kepada,508
covid 19 ini,507
coronavirus top nyc,507
one minute silence,506
confirmed cases covid19,502
front line say,501
oxford group leaps,500
confirmed covid 19,500
vaccine oxford group,500
worked coronavirus front,499
workers died coronavirus,498
say time start,496
pasien covid 19,494
line say time,493
group leaps ahead,491
die covid 19,490
please join us,489
contingencia covid 19,489
pacientes covid 19,489
covid 19 infection,483
silence key workers,477
tests positive covid,474
covid 19 symptoms,473
atau covid 19,471
19 death toll,470
martes 28 abril,467
confirmed coronavirus cases,464
president donald trump,461
faça quê diz,459
positivos covid 19,458
failed stockpile crucial,458
using covid 19,456
new cases covid,456
covid 19 impact,453
kepada masyarakat yang,453
minute silence key,453
covid 19 restrictions,453
stockpile crucial ppe,452
get covid 19,452
contre covid 19,451
warga terdampak covid,451
last 24 hours,445
care home deaths,443
contagios covid 19,443
uk failed stockpile,440
month every american,439
2000 month every,439
american moneyforthepeople covid19,438
every american moneyforthepeople,438
give 2000 month,437
nuevos casos coronavirus,436
covid 19 brasil,435
quê diz bolsonaro,435
filho da puta,434
us covid 19,433
amid coronavirus crisis,429
make extra cash,429
make extra money,429
quarantinelife campuses closed,428
coronavirus uk failed,428
covid19 workfromhome online,428
million coronavirus cases,428
death toll rises,421
cases top million,420
tni dan polri,411
covid19 sign petition,411
long term care,410
ways students make,409
towards cashless society,409
extra money quarantinelife,409
closed 13 ways,409
students make extra,409
online make extra,409
13 ways students,409
workfromhome online make,409
money quarantinelife campuses,409
campuses closed 13,409
extra cash home,409
covid 19 spread,409
first covid 19,406
muertes covid 19,405
19 tni dan,404
au covid 19,402
remember key workers,401
moneyforthepeople covid19 sign,400
fighting covid 19,399
crise du coronavirus,398
membantu warga yang,398
treatment covid 19,397
cases covid19 reported,396
covid 19 tni,396
top doctor treated,394
penanganan covid 19,394
president mike pence,393
tested positive covid19,392
time covid 19,392
covid 19 covid19,391
bagikan paket sembako,391
dari coronavirus atau,391
vice president mike,390
dan polri di,390
pelosok wilayah polrisiapamankanjatim,388
sembako hingga ke,388
linked covid 19,387
americans vietnam war,387
coronavirus atau covid,387
processing plants stay,385
ke pelosok wilayah,384
tours mayo clinic,384
hingga ke pelosok,383
epoch times app,382
paket sembako hingga,382
million cases coronavirus,381
cashless society did,380
exclusive coronavirus coverage,380
wuhan lab millions,379
coronavirus coverage daily,378
times app see,378
coverage daily updates,378
new cases covid19,378
see exclusive coronavirus,378
app see exclusive,378
lab millions dollars,377
covid 19 could,377
positivo covid 19,376
dan membantu warga,375
terdampak dari coronavirus,374
zayn malik gigi,374
covid 19 updates,373
at home orders,372
lives covid 19,371
front line workers,370
killed americans vietnam,370
polri di trenggalek,370
di trenggalek bagikan,369
news coronavirus uk,368
000 covid 19,367
gain of function,365
stay home stay,364
safety health work,364
malik gigi baby,363
update covid 19,363
world health organization,363
casos positivos covid,363
trenggalek bagikan paket,362
yang terdampak dari,361
seguridad salud trabajo,359
new cases coronavirus,358
pentágono twitter classroom,358
gigi baby ovnis,357
pence tours mayo,357
eu sou messias,357
covid 19 infections,357
baby ovnis coronavirus,357
covid 19 news,356
coronavirus pandemic via,356
recovered covid 19,355
affected covid 19,355
untuk meringankan dan,354
help slow spread,354
trump coronavirus response,353
one million cases,352
function man made,351
fauci bank rolled,351
man made research,351
controversial gain of,351
of function man,351
backed controversial gain,351
million covid 19,350
dr fauci bank,350
minute silence remember,349
slow spread covid19,349
meringankan dan membantu,349
guna untuk meringankan,347
twitter classroom barbie,346
classroom barbie meredith,346
sadly lost lives,345
know covid 19,344
covid 19 may,344
netflix cuarentena quarentine,341
meredith netflix cuarentena,341
twitter web client,341
quarentine covid 19,340
barbie meredith netflix,340
cuarentena quarentine covid,339
world day safety,339
covid 19 doctors,338
pruebas covid 19,335
พรกฉ กเฉ นฯ,335
covid 19 world,335
dan erickson artin,335
erickson artin massihi,332
chance dying covid,331
realdonaldtrump blueangels afthunderbirds,330
ovnis coronavirus pentágono,330
us coronavirus cases,330
coronavirus pentágono twitter,330
covid 19 fancam,328
19 fancam views,327
fancam views series,327
test positive covid,327
hold minute silence,325
confirmados covid 19,324
covid 19 emergency,324
coronavirus mike pence,324
terrible crisis waste,322
series películas aliens,322
views series películas,322
películas aliens extraterrestres,322
covid 19 país,322
mike pence tours,322
nuevos casos covid,322
covid 19 et,321
despite covid 19,320
mask even though,319
personal protective equipment,319
home stay safe,319
dies covid 19,319
related covid 19,317
trying avoid coronavirus,317
doctors dan erickson,316
frente covid 19,316
people covid 19,316
told wear one,315
regarding covid 19,315
team covered coronavirus,314
vacuna covid 19,314
infected covid 19,312
covered coronavirus five,311
order meat processing,310
would terrible crisis,310
tuesday april 28,309
195 new cases,309
since great depression,308
us coronavirus death,308
lost lives covid19,307
covid 19 killed,307
made research wuhan,306
rolled backed controversial,306
bank rolled backed,306
contact tracing app,306
trump team covered,306
combat covid 19,306
millions dollars fire,306
research wuhan lab,306
masyarakat yang membutuhkan,305
coronavirus five days,305
start opening via,304
tested covid 19,304
even though told,304
19 doctors dan,303
yang membutuhkan bersamapolribantuwarga,303
news coronavirus covid19,303
though told wear,301
coronavirus cases top,300
coronavirus cases surpass,300
article amp reuters,300
go back work,300
masyarakat ditengah pandemi,299
covid19 โคว ด19,299
на covid 19,299
covid 19 méxico,298
stay home order,297
case covid 19,297
jorge babu manu,296
foraprior david mike,296
covid cdtv covid_19,296
ringankan beban warga,296
covid_19 prior jorge,296
even feel well,296
risk cases sooner,296
babu manu foraprior,296
david mike lindell,296
prior jorge babu,296
symptoms daily even,296
cdtv covid_19 prior,296
trump suho bizbizeyeteriz,296
manu foraprior david,296
suho bizbizeyeteriz covid,296
mike lindell made,296
spread covid19 identify,295
cases sooner self,295
reporting symptoms daily,294
aliens extraterrestres gringasoverparty,294
identify risk cases,294
daily even feel,294
covid19 identify risk,294
self reporting symptoms,294
sooner self reporting,294
feel well download,294
leader north carolina,294
without coronavirus mask,293
treated coronavirus patients,293
well download app,292
clinic without coronavirus,292
covid 19 fight,291
coronavirus mask even,291
risk covid 19,290
bantu ringankan beban,290
cure covid 19,289
paket sembako ke,289
มว าต องล,289
ke warga terdampak,289
lindell made pillow,288
gringasoverparty ester espósito,287
penyebaran virus covid,287
sembako ke warga,286
bbc news mundo,286
may trying avoid,286
day safety health,285
kodam iv diponegoro,285
kapolri instruksikan seluruh,284
instruksikan seluruh jajaran,284
warga di tengah,284
seluruh jajaran menyalurkan,284
beban warga di,284
treating covid 19,284
jajaran menyalurkan bantuan,284
menyalurkan bantuan sosial,284
society did you,283
new covid19 cases,282
trump covid 19,282
current covid 19,282
extraterrestres gringasoverparty ester,280
patients covid 19,279
observing minute silence,278
covid 19 new,277
growing covid 19,276
coronavirus creado laboratorio,275
surpasses one million,274
covid 19 pueblatienehambre,274
covid 19 numbers,274
casos confirmados coronavirus,273
help save lives,272
lost lives covid,271
covid 19 data,270
iowa never closed,268
highest coronavirus death,268
covid 19 dan,268
virus patients dies,267
treated virus patients,266
april 27 2020,266
doctor treated coronavirus,265
big tech censors,265
us officially surpasses,265
battle covid 19,265
corona covid 19,265
doctor treated virus,265
tech censors dissent,264
officially surpasses one,264
number coronavirus cases,263
fallecidos covid 19,263
supera millón casos,263
uk hold minute,263
casos confirmados covid,262
polda jatim bentuk,262
19 yang kabur,261
apple google coronavirus,261
ve worked coronavirus,259
amid coronavirus outbreak,259
pandemic news coronavirus,258
covid 19 na,258
covid hunter untuk,258
muertos covid 19,257
low covid 19,257
highest unemployment since,257
coronavirus patients dies,256
unemployment since great,256
global pandemic news,255
cases surpass million,255
impacted covid 19,254
commits suicide shaken,254
tiempos covid 19,254
tucker big tech,254
suicide shaken coronavirus,253
coronavirus us officially,253
long time ago,252
food supply chain,252
says covid 19,252
kim jong un,251
bentuk unit covid,251
jatim bentuk unit,251
unit covid hunter,251
contagio covid 19,251
tangkap pasien covid,251
closed leads growing,251
never closed leads,251
untuk tangkap pasien,251
sa covid 19,251
reskrim polda jatim,250
symptoms covid 19,249
hunter untuk tangkap,249
did you know,249
psbb dit reskrim,249
leads growing covid,249
singer troy sneed,249
hecho menos test,249
covid 19 drive,248
2020 04 28,248
dit reskrim polda,248
total confirmed cases,248
global covid 19,247
yang kabur polrisiapamankanjatim,247
deaths care homes,247
coronavirus disease 2019,247
via namo app,246
nobel descubrir vih,246
coronavirus social distancing,246
confirmed cases covid,245
par covid 19,245
ahora hecho menos,245
admite ahora hecho,245
covid 19 really,245
coronavirus care home,244
tribute key workers,244
coronavirus stay at,243
kabur polrisiapamankanjatim gubernurjatim,242
covid 19 would,242
tests covid 19,242
premio nobel descubrir,242
2019 covid 19,242
101 year old,242
โคว ด19 covid19,242
diz bolsonaro recorde,242
blue angels thunderbirds,241
facada mal dada,241
gobierno admite ahora,241
like covid 19,241
ne sont pas,240
get back work,239
ester espósito perdon,238
covid 19 shows,238
latest covid 19,238
dr lorna breen,238
em 24 horas,238
impacto covid 19,237
protests stay at,236
opening via nypost,236
censors dissent coronavirus,235
covid 19 research,235
dissent coronavirus lockdowns,235
amp covid 19,235
key workers sadly,235
liée au coronavirus,233
trump order meat,233
total covid 19,233
handling covid 19,233
polri hadir untuk,232
pela covid 19,232
mundial seguridad salud,232
news covid 19,232
ganó premio nobel,231
north carolina protests,231
coronavirus live news,231
workers sadly lost,231
patients critical condition,230
us disinfectant calls,230
untuk masyarakat ditengah,230
million confirmed cases,230
hadir untuk masyarakat,230
disinfectant calls spiked,229
effects covid 19,229
front lines coronavirus,229
coronavirus would terrible,228
coronavirus uk hold,228
carolina protests stay,227
let us know,227
imagine us disinfectant,227
amid coronavirus lockdown,227
virólogo ganó premio,227
johns hopkins university,226
día mundial seguridad,226
covid 19 health,226
south korea says,226
silence 11am today,225
covid 19 full,225
dampak covid 19,225
46 covidー19 coronavirus,225
since covid 19,224
diamond amp silk,224
clinic without mask,224
casos positivos coronavirus,224
gospel singer troy,224
dukung psbb dit,224
bolsonaro recorde mortos,224
trump says us,224
mask mayo clinic,223
ca imagine us,223
catch covid 19,223
worldimmunisationweek help save,222
bmz_bund norwaymfa swedishpm,222
world covid 19,222
gavi let defeatdiseasetogether,222
scottmorrisonmp bmz_bund norwaymfa,222
dfid_uk scottmorrisonmp bmz_bund,222
rel nofollow tweetdeck,222
19 test kits,221
save lives pledging,221
pledging support gavi,221
deadly disease covid19,221
disease covid19 beyond,221
protect extreme poverty,221
19 via youtube,221
beyond worldimmunisationweek help,221
covid19 beyond worldimmunisationweek,221
poverty deadly disease,221
extreme poverty deadly,221
support gavi let,221
survive covid 19,221
lives pledging support,221
swedishpm protect extreme,220
recorde mortos coronavírus,220
coronavirus killed americans,220
hit covid 19,220
norwaymfa swedishpm protect,220
home coronavirus deaths,219
16 752 casos,219
says coronavirus approach,219
2020 covid 19,219
coronavirus approach worked,219
immunity covid 19,218
combatir covid 19,218
combate covid 19,218
menos test coronavirus,218
lucha covid 19,218
next covid 19,218
descubrir vih aseguró,218
trump ca imagine,218
approach worked numbers,218
shaken coronavirus onslaught,218
pelo covid 19,218
sweden says coronavirus,218
64 new cases,217
covid 19 business,217
grammy nominated gospel,217
confirmed cases coronavirus,217
the covid 19,216
google coronavirus app,216
19 di indonesia,215
nominated gospel singer,215
testing covid 19,215
support covid 19,214
et covid 19,214
covid 19 hoax,214
eu health ministers,213
stop covid 19,213
masyarakat di tengah,213
19 test covid,213
covid 19 antibody,213
vacuna coronavirus cargado,213
ask eu health,213
19 dengan pemberian,212
masker dan bantuan,212
covid 19 people,212
dan bantuan sosial,212
28 04 20,212
pemberian masker dan,212
dengan pemberian masker,212
trump incompetence caused,211
white house coronavirus,211
head coronavirus task,211
economy crash highest,210
cases country today,210
sent ppe china,210
times cases country,210
china jan feb,210
coronavirus death near,210
great depression economy,210
ppe china jan,210
projected death toll,210
crash highest coronavirus,210
golf times rallies,210
depression economy crash,210
rallies trump incompetence,210
kepada masyarakat polrisiapamankanjatim,210
feb golf times,210
near times cases,210
incompetence caused highest,210
pandemic team sent,210
jan feb golf,210
times rallies trump,210
death near times,210
team sent ppe,210
cut pandemic team,210
caused highest unemployment,210
trump cut pandemic,210
covid 19 epidemic,209
cases new deaths,209
troy sneed dies,209
covid19 positive cases,209
crise du covid19,209
स_क _स थ_ह,208
vaccine covid 19,208
coronavirus death rate,208
treat covid 19,207
lives coronavirus pandemic,207
बई_प स_क _स,207
accuses fauci gates,207
covid 19 covid,207
universities shameful employment,207
caso covid 19,207
uk universities shameful,207
_म बई_प स_क,207
covid 19 help,207
possible covid 19,207
fauci gates amp,207
shameful employment practices,207
china amenaza australia,207
common strategy covid19,206
coronavirus new zealand,206
people died today,206
today international workers,206
coronavirus trump ca,205
amp media using,205
test coronavirus dice,205
buttar accuses fauci,205
shows uk universities,205
19 shows uk,204
causa covid 19,204
prevent covid 19,204
000 americans died,204
aseguró nuevo coronavirus,204
per million population,204
confirmed covid19 cases,204
amidst covid 19,204
nuevo coronavirus creado,203
meringankan beban masyarakat,203
total number cases,203
china covid 19,203
du 11 mai,203
abc news via,203
si mata coronavirus,203
mardi 28 avril,203
kegiatan bakti sosial,203
covid 19 free,202
dr buttar accuses,202
gates amp media,202
caused covid 19,201
home covid 19,201
media using covid,201
result covid 19,201
even covid 19,201
stayhomesafelives buy song,200
co uk fantasticradiouk,200
fantasticradio co uk,200
believeyourpossibilities stayhomesafelives buy,200
lives daily talk,200
90 2121 hello,200
untuk meringankan beban,200
2121 hello fantasticradio,200
homeofpossibilities believeyourpossibilities stayhomesafelives,200
uk fantasticradiouk homeofpossibilities,200
hello fantasticradio co,200
coronavirus lockdowns via,200
0208 90 2121,200
fantasticradiouk homeofpossibilities believeyourpossibilities,200
rate covid 19,199
beban masyarakat di,199
752 casos confirmados,199
work covid 19,199
india covid 19,199
vih aseguró nuevo,199
uber driver evicted,198
home left die,198
talk us 0208,198
join us 11am,198
sneed dies coronavirus,198
value lives daily,198
daily talk us,198
adding value lives,198
covid 19 conspiracy,198
us 0208 90,198
defense production act,198
covid 19 dapat,198
coronavirus antibody tests,198
driver evicted home,197
enter phase ask,197
meat packing plants,197
free covid 19,197
covid 19 task,197
new deaths today,197
left die coronavirus,197
social distancing guidelines,197
shelter in place,196
coronavirus via youtube,196
updates covid 19,196
take covid 19,196
il covid 19,196
news mundo coronavirus,196
called covid 19,196
evicted home left,196
phase ask eu,196
sosial ini dilakukan,195
commemorate key workers,195
return next week,195
tujuan untuk meringankan,195
staff key workers,195
dilakukan dengan tujuan,195
ini dilakukan dengan,195
dengan tujuan untuk,195
biggest political hoax,195
coronavirus new york,195
diz bolsonaro mortes,195
help covid 19,195
bakti sosial ini,195
covid 19 não,194
trump says coronavirus,194
propagación covid 19,194
ministers pan european,194
health ministers pan,194
keep us safe,193
disease covid 19,193
hospitality workers sleeping,193
contagiados covid 19,192
12 000 jobs,192
lockdowns via youtube,192
corona coronavirus covid19,192
people died coronavirus,192
workers sleeping rough,192
sacked hospitality workers,192
chinese communist party,192
impacts covid 19,191
16 mil 752,191
daily covid 19,191
china could stopped,191
pada masa pandemi,191
19 task force,191
death toll surpasses,191
north carolina pug,191
hype biggest political,191
masa pandemi covid19,190
new cases confirmed,190
underlying health conditions,190
mayo clinic policy,190
er doctor treated,190
european common strategy,190
cegah penyebaran virus,189
air crowded spaces,189
ao covid 19,189
covid 19 victims,189
political hoax history,189
covid 19 still,189
disease 2019 covid,189
deaths today raising,189
minute silence today,189
covid 19 est,188
mari kita bersama2,188
polri bantu ringankan,188
menangani covid19 bersamapolribantuwarga,188
kita bersama2 menangani,188
stay open amid,188
bersama2 menangani covid19,188
top new york,187
coronavirus hype biggest,187
cashless society know,186
di tengah penyebaran,186
covid 19 us,186
pan european common,186
pour lutter contre,186
penyebaran covid19 kapolri,186
covid19 kapolri instruksikan,186
tengah penyebaran covid19,186
11am minute silence,185
feel free take,185
quê eu sou,185
home deaths hospital,185
think covid 19,185
like feel free,185
kim may trying,185
numbers suggest different,184
tetap aman dan,184
ce qu il,184
pandemi covid19 bersamapolribantuwarga,184
faça quê eu,184
dozen classified briefings,184
result covid19 coronavirus,184
19 covid 19,184
people tested positive,184
white house briefing,184
take survey see,184
death covid 19,184
infectious disease expert,184
please help us,184
rejects apple google,183
anxiety mentalhealth depression,183
see measure others,183
depression result covid19,183
group scientists billionaires,183
free take survey,183
aman dan penyebaran,183
covid 19 corona,183
mentalhealth depression result,183
dashboard report whats,183
19 dapat segera,183
care home coronavirus,183
whats happening others,183
dapat segera teratasi,183
survey see measure,183
report whats happening,183
melaksanakan bakti sosial,182
hospital cases fall,182
19 death rates,182
masyarakat pada masa,181
deaths hospital cases,181
kepada masyarakat pada,181
khanasluhu guna untuk,181
spoke of this,181
covid 19 quarantine,181
us death toll,181
bakti sosial kepada,181
covid19 coronavirus pandemic,181
news coronavirus top,181
strange sad sacked,180
london strange sad,180
mike pence flouts,180
workers covid 19,180
sad sacked hospitality,180
ministro da saúde,180
holds minute silence,180
belgians urged eat,179
kasus covid 19,179
19 em farmácias,179
worked numbers suggest,179
pillow letslovesuho trump,178
letslovesuho trump suho,178
ministério da saúde,178
yang belum mendapat,178
pence flouts rule,178
19 testing sites,178
covid self_portrait covid19,178
bizbizeyeteriz covid self_portrait,178
warga yang belum,178
lost lives due,178
suggest different story,178
rapid test kits,177
raising country total,177
of covid 19,177
covid 19 global,177
korea says north,177
espósito perdon spam,177
países test coronavirus,177
19 covert id,176
000 people died,176
covid 19 covert,176
pasien positif covid,176
kembali melaksanakan bakti,176
confirmed deaths go,175
19 full briefing,175
today raising country,175
deaths per million,175
