gram,counts
covid 19,199609
coronavirus cases,9117
19 cases,8245
19 pandemic,8006
coronavirus pandemic,6744
coronavirus covid19,6219
new cases,4967
covid19 coronavirus,4380
due covid,3648
casos covid,3573
19 vaccine,3569
new york,3484
nuevos casos,3429
covid19 pandemic,3339
social distancing,3325
white house,3314
positive covid,3157
casos coronavirus,3054
new coronavirus,2916
wear mask,2879
coronavirus vaccine,2846
new covid,2759
tested positive,2645
public health,2593
covid19 cases,2573
bill gates,2512
via youtube,2380
24 horas,2375
19 deaths,2351
donald trump,2260
07 2020,2258
hong kong,2215
coronavirus covid,2127
coronavirus deaths,2125
july 23,2082
positive coronavirus,2070
united states,2043
19 testing,2035
19 patients,1902
19 crisis,1885
president trump,1861
pandemi covid,1820
23 07,1785
due coronavirus,1776
death toll,1774
year old,1772
vacuna covid,1766
news coronavirus,1757
face masks,1757
bbc news,1726
due covid19,1722
cases covid,1681
tests positive,1662
amid covid,1656
amid coronavirus,1651
coronavirus crisis,1650
covid_19 coronavirus,1633
19 test,1632
últimas 24,1621
covered coronavirus,1603
19 via,1602
casos positivos,1598
bio weapon,1586
ccp virus,1557
casos confirmados,1554
coronavirus outbreak,1551
impact covid,1544
virus chinese,1540
chinese virologist,1529
accuses beijing,1526
virologist accuses,1525
know treat,1525
coronavirus relief,1525
telling world,1524
kong know,1522
treat whistleblowers,1522
world truth,1521
truth virus,1520
23 julio,1519
spread truth,1518
beijing covered,1518
coronavirus fleeing,1518
fleeing hong,1518
whistleblowers telling,1518
da covid,1517
truth ccp,1514
pls spread,1509
24 hours,1505
23 2020,1501
million cases,1494
coronavirus response,1484
pandemia coronavirus,1482
live updates,1468
wearing mask,1463
spread coronavirus,1458
wear masks,1442
south africa,1438
gon na,1427
confirmed cases,1423
herd immunity,1411
single day,1398
positive cases,1392
penularan covid,1389
positivo covid,1382
good news,1369
stay home,1365
new deaths,1342
spread covid,1340
active cases,1323
jaga jarak,1315
19 response,1314
back school,1299
nursing homes,1281
health care,1278
face mask,1275
19 outbreak,1255
excuse pls,1251
long term,1246
risiko penularan,1242
gt gt,1240
jarak sosial,1240
19 relief,1239
pembaharuan status,1235
status jaga,1235
sosial social,1235
distancing terhadap,1235
terhadap risiko,1235
jakartacommuterline jakarta,1235
jakarta kcioke,1235
kcioke ptkci,1235
cases coronavirus,1228
test positive,1219
19 death,1210
coronavirus covid_19,1195
spread covid19,1173
dr fauci,1149
coronavirus live,1149
stasiun bogor,1147
bogor zona,1147
zona peron,1147
peron risiko,1147
19 commuterline,1147
commuterline jakartacommuterline,1147
ptkci stasiunbogor,1147
pandemia covid,1139
coronavirus via,1139
mental health,1137
contagios coronavirus,1134
response covid,1126
first time,1126
stay safe,1114
many people,1111
coronavirus update,1106
two weeks,1100
mitega india,1098
wearing masks,1090
tax cut,1088
sars cov,1080
india mitega,1080
contact tracing,1059
payroll tax,1058
novel coronavirus,1040
fight covid,1036
19 di,1028
death rate,1028
pandemia covid19,1025
boris johnson,1012
go back,1010
coronavirus testing,1006
total cases,1003
july 2020,998
trump cancels,994
young people,987
around world,985
face coverings,982
cases deaths,979
one day,978
died covid,968
coronavirus briefing,968
stop covid,961
covid_19 covid19,958
new covid19,951
juan soto,940
casos covid19,936
test results,930
last week,929
china virus,907
contagios covid,904
coronavirus argentina,904
dio positivo,903
positivo coronavirus,901
people died,893
total number,891
national convention,889
gop convention,882
américa latina,873
casos nuevos,871
vacuna coronavirus,865
covid19 covid_19,858
19 tests,856
19 update,856
wear face,856
19 positive,855
corona virus,855
24 07,855
19 coronavirus,852
million coronavirus,844
fox news,842
looks like,842
join us,841
last 24,838
trump coronavirus,835
health officials,835
current situation,830
cases reported,827
positivos covid,826
whitehouse realdonaldtrump,824
get covid,824
post covid,820
coronavirus infections,818
much time,813
coronavirus lockdown,812
coronavirus test,810
next week,806
trump virus,804
15 days,798
covid virus,793
china covid,792
relief bill,792
relief package,790
nuevos contagios,782
make sure,779
die coronavirus,778
100 000,771
face covering,771
trump administration,767
task force,766
pacientes covid,762
19 virus,762
10 000,762
julio 2020,760
covid19 vaccine,759
us coronavirus,753
every day,752
positive covid19,749
trump says,749
cases 15,746
140 000,745
du coronavirus,744
000 people,742
covid19 deaths,733
immunity vaccine,732
republican national,731
response coronavirus,730
nuevo récord,730
19 em,725
time left,724
great danger,724
vaccine current,721
left wakeup,718
wakeup focus,718
focus virus,718
virus mankind,718
mankind great,718
danger ccp,718
ccp bio,718
weapon expect,718
expect herd,718
situation terminate,718
terminate ccp,718
ccp stop,718
covid19 positive,716
jul 23,714
19 case,710
coronavirus aid,709
new post,709
new study,709
penyebaran covid,707
000 000,706
protokol kesehatan,705
joe biden,700
45 720,698
deaths reported,694
global pandemic,687
covid19 crisis,687
hits million,687
fight coronavirus,686
news covid,686
second wave,681
florida coronavirus,676
19 amp,676
in person,676
july 22,675
nursing home,669
republican convention,668
surpasses million,667
survei indikator,666
months ago,666
fake news,665
number covid,664
save lives,652
coronavirus new,652
need know,649
vaccine doses,648
help us,647
every country,643
american people,643
unemployment benefits,641
rand paul,641
fight covid19,640
ministerio salud,638
cases covid19,637
coronavirus bill,634
stop spread,632
claims coronavirus,631
study finds,629
19 impact,628
19 infections,627
000 americans,626
social media,626
bucksexton realdonaldtrump,624
post covid19,622
get tested,622
covid coronavirus,620
corona covid19,619
york times,617
slow spread,617
positivos coronavirus,615
covid covid19,613
pandemic covid19,610
covid19 covid,608
cognitive test,606
000 deaths,605
north carolina,605
coronavirus death,602
coronavirus disease,602
coronavirus uk,600
new normal,599
click link,599
million people,599
covid19 testing,598
beat trump,596
old girl,596
wash hands,596
com covid,593
per day,592
would like,591
people dying,590
new death,589
millones casos,588
since march,586
open schools,585
coronavirus tests,581
tool beat,580
covid19 amp,580
kepuasan publik,576
media claims,576
000 dead,576
muertes coronavirus,575
publik terhadap,574
coronavirus tool,574
small business,574
covid19 patients,572
go away,572
casos activos,571
19 every,571
number cases,570
coronavirus cure,570
get coronavirus,568
risiko menengah,567
covid19 sarscov2,566
corona vaccine,565
confirmed coronavirus,564
coronavirus updates,563
reopening schools,563
watch live,562
highest single,562
coronavirus stimulus,562
19 lockdown,562
impact covid19,561
19 related,561
gates says,561
million covid,560
says coronavirus,560
penanganan pandemi,558
died coronavirus,556
nouveaux cas,555
pruebas covid,554
south korea,553
cases last,553
small businesses,553
back work,552
mortality rate,551
opening day,551
dalam membantu,550
budget deficit,546
washington post,546
mask mandate,546
look like,546
loved ones,545
us covid,545
wearing face,544
country know,543
coronavirus florida,542
lives matter,540
unemployment claims,539
state media,538
kinerjaprofesionalpolri dalam,535
president donald,535
145 000,534
know corona,532
ee uu,531
jueves 23,531
coronavirus trump,531
across country,530
positif covid,529
crisis coronavirus,529
virus covid,527
important good,527
cases rise,525
23 july,524
millones dólares,524
say mps,523
reported today,522
prime minister,522
covid cases,521
100 million,521
covid19 response,521
johns hopkins,521
abc news,519
prevent spread,518
du covid,516
muertes covid,513
people coronavirus,511
takes toll,510
testing positive,509
died covid19,509
19 takes,508
contagio covid,507
2020 07,507
first pitch,505
daily cases,504
press conference,504
breaking news,503
vaccine truth,502
reported coronavirus,500
chinese state,499
trump said,499
senate gop,499
die covid,498
dead amp,496
da saúde,492
get back,491
gop realdonaldtrump,491
covid19 corona,490
health amp,489
confirmed covid,487
het coronavirus,487
coronavirus india,485
tamil nadu,485
send kids,484
black lives,484
medical experts,483
corona corona,483
19 situation,482
putin bounties,481
says covid,480
common cold,480
high school,480
million reported,479
total deaths,477
million new,477
via usatoday,477
cases new,476
யல பழன,476
145k dead,476
000 new,475
please help,475
ணஅரச யல,475
cause death,474
economic recovery,474
response covid19,473
new zealand,472
people die,472
going back,472
excess deaths,472
senate republicans,466
health department,465
pfizer biontech,464
astonishing failure,464
19 world,463
covid19 test,462
health workers,461
000 millones,460
fact check,459
cases confirmed,458
19 través,458
cases amp,457
22 julio,457
cases us,457
wan na,457
population coronavirus,456
mil casos,455
social distance,454
contagios covid19,454
every hour,454
first covid,452
coronavirus news,452
rise coronavirus,452
experts say,451
four million,451
600 new,449
caught lying,449
coronavirus concerns,448
social security,448
héctor rodríguez,448
vaksin covid,447
health experts,447
tell us,446
sarscov2 forecast,446
in the,446
kids back,443
coronavirus related,442
goons cities,442
12 lakh,441
jobless claims,441
da positivo,440
basic cognitive,440
numbers covid,439
day spike,439
next covid,439
bounties covid19,439
covid19 145k,439
stayhome staysafe,438
even though,438
via googlenews,438
public schools,438
novos casos,438
mentally stable,438
passing basic,438
federal government,437
1m infected,437
something illegal,437
claims hoax,437
cities causing,437
amp 1m,437
dopeydon thursday,436
thursday truths,436
truths thinks,436
thinks passing,436
test proves,436
proves mentally,436
stable claims,436
hoax caught,436
caught something,436
illegal caught,436
lying sends,436
sends goons,436
causing unreststill,436
unreststill refuses,436
refuses admit,436
admit putin,436
impact coronavirus,435
death population,435
coronavirus patients,434
coronavirus corona,434
take care,433
anthony fauci,433
15 million,432
nuovi casi,432
cases every,432
via nytimes,431
handling covid,430
state health,430
pandemic planning,430
pm et,430
penanganan covid,429
cases today,429
covid19 lockdown,429
human rights,427
vaccine coronavirus,427
department health,427
19 data,426
people need,425
state covid,423
aumento casos,423
coronavirus impact,422
cases surge,422
new guidance,422
mask wearing,421
19 numbers,421
also political,419
19 spread,419
19 patient,419
membantu penanganan,418
get sick,418
vacunas covid,418
of the,418
19 surge,418
usual bio,417
political bio,417
23 juli,416
cases 12,416
latin america,416
lembaga survei,415
next coronavirus,415
cancels jacksonville,414
handling coronavirus,413
million doses,413
next month,413
schools open,412
at home,411
daily covid,410
coronavirus spread,410
trump ccpvirus,409
covid19 death,409
highest number,408
ccpvirus usual,408
weapon also,408
juli 2020,407
spread virus,407
19 infection,407
covid19 virus,407
next year,405
000 coronavirus,405
last year,405
nuevo coronavirus,405
covid19 relief,405
healthcare workers,404
récord diario,404
looking forward,404
crisis covid,403
infected covid,403
protect people,403
tiempos coronavirus,403
sign petition,402
take action,402
last days,401
need help,401
82 persen,401
people wear,401
uk pandemic,399
americans died,399
people like,399
trump calls,399
negative covid,398
19 restrictions,397
people covid,397
convention florida,397
mencapai 82,396
pandemic coronavirus,396
could help,395
coronavirus españa,395
kids school,394
planning astonishing,392
rosy picture,392
vacuna covid19,391
coronavirus us,390
pencegahan penyebaran,390
cada vez,390
working home,389
deaths covid,389
realdonaldtrump trump,389
daily thanks,389
coronavirus infection,388
china ofrece,388
day record,387
novo coronavírus,387
let us,387
health safety,387
risiko rendah,387
cure thanks,387
vacina covid,385
failure say,384
might uk,382
test covid,382
well done,382
australia forecasts,381
toll economy,381
coronavirus coronavirus,380
daily coronavirus,380
cases per,380
four months,380
million americans,380
lakh mark,379
07 23,379
common sense,378
nears million,378
michigan convent,377
coronavirus indiafightscorona,375
uk government,375
000 covid,374
convention jacksonville,374
unemployment numbers,373
johnson says,373
covid19india coronavirus,372
great job,372
uk union,372
12 cities,372
world health,371
like covid,370
high risk,370
coronavirus restrictions,369
14 days,369
immune system,368
mortes covid,368
private schools,368
portion republican,368
19 vaccines,367
new confirmed,367
last two,367
infected coronavirus,366
10 days,365
got ta,365
puede ser,365
opening schools,363
new daily,363
jacksonville florida,363
fallecidos covid,362
feel like,362
salud pública,362
american died,362
post coronavirus,361
people still,360
time since,360
clinical trials,358
coronavirus hoax,358
conspiracy theories,358
big pharma,358
yang dilakukan,357
corona coronavirus,357
coronavirus task,357
paints rosy,357
qu il,356
free covid,356
acceder vacuna,356
realdonaldtrump thedemocrats,356
infectious disease,355
since covid,355
county health,355
pandemic via,355
reopen schools,355
19 symptoms,355
coronavirus mundo,354
19 recovery,354
covid19 update,354
aid package,353
thursday july,353
per capita,353
lies american,353
indikator politik,352
19 méxico,352
number coronavirus,352
cases top,352
new virus,352
trump paints,352
19 economic,352
health ministry,351
death rates,351
people tested,351
ccp lies,351
sounds like,350
cases increase,350
19 covid19,350
prueba covid,350
cases hospitalizations,350
deaths coronavirus,349
deaths per,349
fatality rate,349
dióxido cloro,348
youngest die,348
masks coverings,348
jacksonville portion,348
forecasts rising,347
rising budget,347
não tem,347
response shows,347
crisis covid19,347
frente covid,347
drrpnishank vcofficebhu,347
texas county,346
coronavirus case,346
última hora,346
andrew cuomo,346
deficit unemployment,345
get worse,345
22 2020,345
19 vía,345
du covid19,345
guidance face,344
coronaviruspandemic covid19india,343
shows might,343
times india,343
help slow,343
records 600,343
coverings released,343
via nypost,342
cuomo impeached,342
take coronavirus,342
covid deaths,342
coronavirus catastrophe,342
school year,341
tested covid,341
related deaths,341
house coronavirus,341
health employee,341
predicted florida,341
menengah 24,340
trump announces,339
jair bolsonaro,339
released england,339
dilakukan oleh,338
deaths total,337
right thing,337
trump gop,337
15 millones,336
000 cases,336
employee predicted,336
muertos covid,335
day row,335
coronavirus surge,335
effects covid,335
get covid19,335
caused covid,334
protective equipment,334
cases pass,334
may necessary,334
covid19 bot,333
coronavirus briefings,333
dies coronavirus,333
gop coronavirus,333
the coronavirus,333
number deaths,332
realdonaldtrump potus,332
est pas,332
schools reopen,331
catastrophe fired,331
rise covid,331
second quarter,330
nuevas muertes,330
survei yang,330
seems like,330
coronavirus numbers,330
pandemic news,329
people get,329
hour total,329
12 38,327
oleh masyarakat,327
india coronavirus,327
year end,327
risk covid,327
know covid,326
birx warns,326
coronavirus boris,326
says response,326
basic income,326
please take,325
19 hospital,324
surpasses new,324
one thing,323
flare up,323
19 disambut,322
19 could,322
bringing total,322
nikkihaley coronavirus,322
berdasarkan survei,321
come back,321
upaya pencegahan,321
coronavirus través,321
oleh lembaga,320
rest world,320
trump covid,320
kita bisa,320
multiple doses,320
weeks ago,320
disambut positif,319
positif oleh,319
masyarakat berdasarkan,319
terhadap polri,319
19 país,319
41 mil,319
60 000,319
positivity rate,318
tested negative,318
19 aid,318
héroe silencioso,318
silencioso tantos,318
tantos dolorosa,318
dolorosa perdida,318
perdida covid,318
health crisis,317
liga mx,316
surge coronavirus,316
breaking chinese,315
mask order,315
indikator tingkat,314
tingkat kepuasan,314
quedateencasa buenjueves,314
cases india,312
covid19 outbreak,312
coronavirus vaccines,312
like coronavirus,312
il coronavirus,312
récord contagios,312
want know,312
au coronavirus,312
girl youngest,312
mnuchin says,312
000 casos,311
19 may,311
di tengah,310
multiple vaccine,310
health minister,310
127 nuevos,310
polri mencapai,309
god bless,309
global covid,309
hrdministry drrpnishank,309
take look,309
doses may,309
tareck aissami,309
19 new,308
adaptasi kebiasaan,308
necessary protect,308
número casos,308
95 billion,307
confirmados covid,307
personal salud,307
top 10,307
reported cases,306
kebiasaan baru,306
stephen miller,306
buenjueves méxico,306
méxico 23jul,306
23jul mtvhosttest,306
deaths covid19,305
total covid,304
family members,304
via mailonline,304
1trenggalek kinerjaprofesionalpolribersama,304
kinerjaprofesionalpolribersama kita,304
bisa upaya,304
positivo covid19,304
covid19 protests,304
us surpasses,304
06327777 porn,303
porn xxx,303
petition via,303
coronavirus china,303
medidas prevención,303
top story,302
pacientes recuperados,302
says multiple,301
150 000,301
up coronavirus,301
re going,300
19 still,300
covid19 last,299
market 2020,299
00 pm,299
positive test,299
prevención covid19,299
latest news,299
cbc news,298
death panels,298
live news,298
thanks capitalism,298
virus cases,297
us covid19,297
using covid,297
buenos aires,297
covid_19 covid,297
co uk,297
concerning rise,297
amid covid19,296
cases total,296
coronavirus spreads,296
years ago,296
crise du,296
via nyt,296
updates nears,296
da covid19,295
increase covid,295
work home,295
hospitalizations near,295
du masque,294
contagiados covid,294
six months,293
19 treatment,293
covid19 coronaviruspandemic,293
operasi patuh,293
emergencia sanitaria,292
secretaría salud,292
impeached coronavirus,292
23 20,292
supply chain,291
via nbcnews,291
stimulus check,291
disease 2019,291
coming back,291
