gram,counts
covid 19 pandemic,5117
covid 19 cases,4155
world together home,3085
one world together,3054
coronavirus covid 19,2761
href rel nofollow,2666
covid 19 crisis,2654
true href rel,2619
rel nofollow twitter,2302
due covid 19,1976
covid 19 deaths,1951
covid 19 patients,1915
together home special,1894
fight covid 19,1715
stay at home,1669
covid 19 outbreak,1623
celebrate covid 19,1447
covid 19 workers,1443
covid 19 via,1419
special celebrate covid,1417
home special celebrate,1416
covid 19 lockdown,1414
nofollow twitter web,1400
positive covid 19,1396
amid covid 19,1338
casos covid 19,1327
bbc news coronavirus,1317
covid 19 di,1303
new covid 19,1302
coronavirus death toll,1224
twitter web app,1215
world health organization,1130
covid 19 virus,1122
cases covid 19,1092
coronavirus task force,1037
covid 19 coronavirus,1016
covid 19 death,1009
18 04 2020,995
covid 19 testing,987
new york times,962
amid coronavirus pandemic,920
support others locally,913
gt gt gt,908
died covid 19,903
others locally covid19,903
article make difference,902
help support others,902
glblctzn article make,902
locally covid19 check,901
covid19 check glblctzn,901
check glblctzn article,901
want know help,898
know help support,898
new coronavirus cases,884
spread covid 19,883
covid 19 response,881
du covid 19,828
pandemia covid 19,820
covid 19 relief,766
últimas 24 horas,764
coronavirus live updates,757
nofollow twitter android,745
at home orders,732
one world togetherathome,704
april 18 2020,700
pandemi covid 19,682
cdtv covid_19 prior,680
david mike lindell,680
jorge babu manu,680
prior jorge babu,680
manu foraprior david,680
suho bizbizeyeteriz covid,680
mike lindell made,680
covid_19 prior jorge,680
covid cdtv covid_19,680
babu manu foraprior,680
trump suho bizbizeyeteriz,680
foraprior david mike,680
response covid 19,672
lindell made pillow,661
penyebaran covid 19,660
da covid 19,656
covid 19 vía,652
covid 19 patient,604
covid 19 test,600
positif covid 19,599
tested positive coronavirus,597
sign petition via,591
man made virus,587
covid 19 update,574
19 workers via,566
covid 19 vaccine,565
workers via youtube,563
virus covid 19,542
18 april 2020,541
support healthcare workers,532
health care workers,515
dies covid 19,511
frontlines covid 19,511
number covid 19,499
new york city,493
healthcare workers frontlines,489
covid 19 positive,483
tested positive covid,479
contamination cdc lab,478
confirmed covid 19,476
workers frontlines covid,476
die covid 19,475
crisis covid 19,473
recovered coronavirus patients,472
curated lady gaga,470
get covid 19,467
boris johnson skipped,467
18 abril 2020,465
special broadcast curated,465
covid 19 tests,465
lady gaga support,460
health organization togetherathome,459
broadcast curated lady,458
19 crisis world,457
president donald trump,457
gaga support healthcare,455
covid 19 case,455
crisis world health,454
home special broadcast,454
covid 19 spread,454
patients testing positive,453
fight coronavirus pandemic,448
fighting covid 19,445
impact covid 19,442
coronavirus man made,440
bizbizeyeteriz covid self_portrait,438
covid self_portrait covid19,438
covid 19 em,438
pillow letslovesuho trump,438
letslovesuho trump suho,438
test positive coronavirus,437
stay home stay,435
coronavirus stay at,434
ignored scientists warnings,431
fact check trump,431
deaths covid 19,429
coronavirus patients testing,428
coronavirus america year,427
made pillow letslovesuho,427
chief staff abba,421
america year ahead,421
covid 19 amp,421
staff abba kyari,421
confirmed coronavirus cases,418
last 24 hours,413
covid 19 com,413
long term care,411
covid 19 restrictions,411
covid 19 ini,408
nuevos casos coronavirus,407
buhari chief staff,405
new cases coronavirus,403
us death toll,403
confirmed cases covid19,400
covid19 coronavirus ukraine,397
covid 19 situation,391
made virus according,388
at home order,387
contagios covid 19,386
evidence covid 19,382
19 death toll,380
home stay safe,378
testing positive get,377
covid 19 meetings,377
global covid19 pandemic,376
man discovered hiv,372
luc montagnier man,371
montagnier man discovered,370
au covid 19,370
skipped covid 19,370
covid 19 related,370
people covid 19,370
according luc montagnier,368
virus according luc,368
johnson skipped covid,368
sunday times reports,367
amid coronavirus outbreak,366
star nick cordero,366
health well being,366
batalla covid 19,363
19 com um,361
muertes covid 19,361
com um bot,361
existe um site,359
contém informações confiáveis,359
proteger em casa,359
em casa acesse,359
discovered hiv gilmore,358
test covid 19,358
hiv gilmore health,357
covid19 pandemic join,355
wabah covid 19,354
chinese coronavirus man,354
support response efforts,354
death toll rises,353
efforts global covid19,352
response efforts global,352
us covid 19,352
covid19fund support response,351
growing global threat,350
stay home orders,349
covid 19 lie,349
donated covid19fund support,348
pacientes covid 19,347
test positive covid,346
penanganan covid 19,345
people health well,344
broadway star nick,344
covid 19 infection,343
coronavirus pandemic via,342
threat people health,342
meetings ignored scientists,342
coronavirus disease 2019,342
combat growing global,341
global threat people,341
help combat growing,341
confiáveis covid 19,341
um bot respondem,340
bot respondem perguntas,340
informações confiáveis covid,340
site contém informações,340
um site contém,340
cuidados proteger em,340
pandemic join help,340
perguntas temos cuidados,340
respondem perguntas temos,340
temos cuidados proteger,340
coronavirus via youtube,339
post covid 19,339
join help combat,339
19 meetings ignored,339
warnings sunday times,336
scientists warnings sunday,336
abba kyari dies,326
2019 covid 19,323
abba kyari died,323
covid 19 may,322
covid 19 survivors,319
delayed rollout coronavirus,317
clinicians trace ferocious,317
trace ferocious rampage,317
sábado 18 abril,317
slow spread covid19,316
help slow spread,316
kill clinicians trace,314
tested positive covid19,313
via namo app,313
go back work,313
rollout coronavirus tests,313
battle covid 19,312
study suggests coronavirus,312
may soul rest,311
covid 19 evitar,311
muertos covid 19,311
lab delayed rollout,311
time covid 19,310
cdc lab delayed,310
coronavirus kill clinicians,310
ferocious rampage body,309
contre covid 19,308
disease covid 19,307
ganar batalla covid,307
pueblo venezolano mantiene,307
positivos covid 19,307
rampage body brain,306
cuarentena ganar batalla,306
19 evitar propagación,306
coronavirus us death,306
mantiene cuarentena ganar,305
body brain toes,305
venezolano mantiene cuarentena,305
positive get reinfected,304
saturday coronavirus briefing,303
death toll highest,303
sent ppe china,303
reopen experts say,302
end covid 19,301
toll highest world,299
covid 19 could,299
false claims old,299
highest coronavirus deaths,298
still rising quickly,297
littered false claims,296
testing needs triple,296
new york state,296
times cases country,296
world still rising,296
president chief staff,296
2020 04 18,296
highest world still,295
all time high,295
over times cases,295
coronavirus deaths over,295
trump saturday coronavirus,295
deaths over times,295
make direct play,294
coronavirus testing needs,294
infected covid 19,294
together home concert,293
soul rest peace,293
treatment covid 19,293
leverages coronavirus chaos,293
chaos make direct,292
white house coronavirus,292
death covid 19,292
time high unemployment,291
coronavirus chaos make,291
ppe china economy,291
china economy collapsed,290
economy collapsed all,290
cut pandemic team,290
unemployment trump incompetence,290
high unemployment trump,290
collapsed all time,290
pandemic team sent,290
trump incompetence highest,290
incompetence highest coronavirus,290
needs triple reopen,290
trump coronavirus task,290
team sent ppe,290
cases country today,290
coronavirus briefing littered,289
antibody study suggests,289
putin leverages coronavirus,288
solidarity india fight,288
briefing littered false,287
covid 19 infections,287
covid 19 victims,285
burberry coronavirus plea,284
direct play trump,284
triple reopen experts,283
correction burberry coronavirus,283
bbc news mundo,282
amid coronavirus crisis,281
disease 2019 covid,281
claims old new,281
days britain sleepwalked,280
com covid 19,279
38 days britain,279
even feel well,278
risk cases sooner,277
identify risk cases,277
self reporting symptoms,276
daily even feel,276
nick cordero leg,276
kumhamtanggapcorona dirumahaja kolaborasiberkinerja,276
000 covid 19,276
new cases covid,276
covid 19 real,276
sooner self reporting,275
reporting symptoms daily,275
chief staff dies,275
positivo covid 19,275
chief staff president,275
cases sooner self,275
symptoms daily even,275
spread covid19 identify,274
rising quickly coronavirus,274
covid19 identify risk,274
19 di indonesia,274
bbc correction burberry,274
live president trump,274
britain sleepwalked disaster,273
nuevos casos covid,273
new coronavirus deaths,272
japan doctors warn,272
check trump saturday,270
cure covid 19,270
feel well download,269
get back work,267
well download app,267
mallam abba kyari,266
dirumahaja kolaborasiberkinerja kumham07,266
covid 19 symptoms,266
doctors warn health,265
health system break,265
coronavirus disease covid,265
covid 19 dengan,265
update covid 19,264
home covid 19,264
coronavirus 38 days,264
warn health system,263
covid 19 yang,263
coronavirus japan doctors,263
terdampak covid 19,261
double warning antibody,260
know covid 19,259
supera 20 000,258
coronavirus double warning,257
system break cases,256
break cases surge,256
epoch times app,254
combat covid 19,253
covid 19 covid19,253
españa supera 20,253
exclusive coronavirus coverage,253
warning antibody tests,252
17 04 2020,251
fallecidos covid 19,251
think covid 19,250
face au coronavirus,250
april 17 2020,249
trump covid 19,248
petition via ukchange,248
recovered covid 19,248
widespread previously thought,247
treat covid 19,247
like covid 19,247
confirmed cases covid,246
confirmados covid 19,246
chinese communist party,246
nigerian president chief,246
far widespread previously,245
rightwing donors gear,245
coronavirus far widespread,245
captain tom moore,244
times app see,243
see exclusive coronavirus,243
suggests coronavirus far,243
coronavirus coverage daily,243
app see exclusive,243
backed rightwing donors,243
due coronavirus pandemic,242
vacuna covid 19,242
bizbizeyeteriz covid covid19,242
pillow trump suho,242
insecurehbo covid cdtv,242
coverage daily updates,241
model significantly lowers,241
covid 19 treatment,241
americans backed rightwing,240
pasien covid 19,239
casos positivos covid,238
donors gear protests,237
covid 19 mortality,236
abba kyari death,236
made pillow trump,234
cases covid19 reported,234
19 survivors immunity,234
pruebas covid 19,233
thousands americans backed,233
coronavirus helpers thank,232
death toll 50,232
china covid 19,231
catch std coronavirus,231
would rather catch,231
rather catch std,231
news mundo coronavirus,231
std coronavirus ep65,231
20 000 muertos,230
affected covid 19,229
coronavirus cases rise,227
first covid 19,227
covid 19 numbers,227
covid 19 new,227
task force hold,226
shows covid 19,226
ce est pas,226
stay home order,225
cost uk fight,224
santa clara county,224
survivors immunity warns,224
using covid 19,223
casos confirmados covid,223
may tragically cost,222
support covid 19,222
days may tragically,222
says covid 19,222
tragically cost uk,222
uk fight coronavirus,221
eleven days may,220
covid 19 méxico,220
article amp reuters,219
covid 19 news,219
world covid 19,218
covid 19 dan,218
covid 19 na,218
new cases covid19,217
abba kyari burial,217
please stay home,217
at home rules,216
staff dies coronavirus,216
let fight coronavirus,216
dying covid 19,216
casos confirmados coronavirus,215
handling covid 19,214
lucha covid 19,214
virus reduces carbon,213
carbon dioxide disturbing,213
increased year result,213
emissions increased year,213
reduces carbon dioxide,213
epidemic coronavirus represents,213
year result epidemic,213
dioxide disturbing emissions,213
disturbing emissions increased,213
result epidemic coronavirus,213
annual decline recorded,213
coronavirus represents largest,213
president trump coronavirus,213
coronary virus reduces,213
represents largest annual,213
largest annual decline,213
world health organisation,212
frente covid 19,211
covid 19 corona,210
past 24 hours,210
patients critical condition,210
crise du coronavirus,209
term care facilities,208
caso covid 19,207
covid 19 mundo,206
corona covid 19,205
say pandemic could,205
covid 19 man,204
experts say pandemic,204
case covid 19,204
took strong action,203
find experts say,203
covid 19 quarantine,202
जप _मस त_mp_त,202
tests find experts,202
_मस त_mp_त रस,202
covid 19 would,201
covid 19 impact,199
sunlight destroys virus,199
deaths per million,199
aarogya setu app,198
protecting health people,198
new covid19 cases,198
people died today,198
number coronavirus cases,197
destroys virus quickly,197
corona coronavirus covid19,197
tested covid 19,197
no evidence covid,196
right leg amputated,196
restore full funding,196
catch covid 19,195
could end covid,195
news covid 19,195
strong action february,195
covid 19 et,194
action february stop,194
freedomforward let fight,194
february stop coronavirus,194
covid 19 fight,194
ensure national security,194
people died covid,194
covid 19 data,194
national security protecting,193
health people fullyfundwho,193
total covid 19,193
cases top million,193
pandemic ensure national,193
security protecting health,193
coronavirus pandemic ensure,193
realdonaldtrump restore full,193
petition via change,193
hacerle frente pandemia,192
applied remdesivir patent,192
chinese officials applied,192
virus quickly new,192
total confirmed cases,191
wuhan lab coronavirus,191
beat covid 19,191
call realdonaldtrump restore,191
agree freedomforward let,191
saturday april 18,190
pandemia prevención normas,190
spread hubei province,190
frente pandemia prevención,190
clave hacerle frente,190
quickly new govt,190
coronavirus spread hubei,190
new govt tests,190
prevención normas higiene,190
officials applied remdesivir,189
full funding who,189
la clave hacerle,189
govt tests find,189
since covid 19,189
19 relief fund,189
would treat coronavirus,188
who agree freedomforward,188
funding who agree,188
propagación covid 19,188
hubei province chinese,188
study shows covid,188
yoapoyolacuarentena el pueblo,188
el pueblo venezolano,188
propagación la clave,187
adviser stephen moore,187
normas higiene quédateencasa,187
coronavirus live news,187
province chinese officials,187
personal protective equipment,187
knew would treat,187
evitar propagación la,187
semble aussi affecter,187
covid 19 sacrificing,186
twitter web client,186
india covid 19,186
covid 19 covid,186
happy birthday marah,186
covid 19 world,185
says took strong,185
patients covid 19,185
wake covid 19,185
work covid 19,184
protests covid 19,184
covid 19 hoax,184
000 people died,184
19 mortality rate,183
aussi affecter cerveau,182
remdesivir patent knew,182
patent knew would,182
covid 19 health,181
current covid 19,181
pandemic could last,181
โคว ด19 covid19,181
infection growth rate,180
19 via youtube,180
treat coronavirus application,180
growth rate slowed,179
covid 19 without,179
tests positive coronavirus,179
lockdown india infection,178
rate slowed says,178
india infection growth,178
coronavirus relief bill,178
post lockdown india,178
coronavirus full picture,177
20 000 fallecidos,177
related covid 19,177
nhs staff told,177
coronavirus crisis via,177
france insoumise propose,177
global cases top,177
stop coronavirus full,177
treating covid 19,177
million coronavirus relief,176
amp covid 19,176
19 man made,176
jptu jabatanpenerangan covid19,176
trump says took,176
il covid 19,176
críticos 0total testeados,175
top coronavirus model,175
covid 19 emergency,175
slowed says ministry,174
tiempos covid 19,174
believe covid 19,174
exclusive coronavirus spread,173
cases new deaths,173
coronavirus semble aussi,173
let blacks die,172
amid coronavirus lockdown,172
ne sont pas,172
sa covid 19,172
white house adviser,172
rate covid 19,172
covid 19 china,172
18 04 20,171
vaccine covid 19,170
coronavirus president trump,170
top story coronavirus,169
covid 19 epidemic,169
news sky news,169
nih coronavirus researcher,169
coronavirus global cases,169
covid 19 people,169
via uolnoticias uol,169
tests positive covid,168
told wear aprons,168
coronavirus stimulus checks,168
groups behind wave,168
voteforjoe trump cut,167
trump cut pandemic,167
trumpmustgo voteforjoe trump,167
country today 712,167
covid 19 updates,166
covid 19 hospital,166
front line workers,166
contagiados covid 19,166
risk covid 19,165
covid 19 uk,165
covid 19 like,165
said covid 19,165
covid19 please download,165
covid19 โคว ด19,165
doctors would let,165
months earlier wuhan,165
protective gowns run,165
coronavirus post lockdown,165
staff told wear,165
san diego comic,164
top million coronavirus,164
health care system,164
rightwing groups behind,164
response coronavirus outbreak,164
โคว ด19เราต องรอด,164
force hold press,164
covid 19 antibody,164
small business loans,164
behind wave protests,164
lead nih coronavirus,164
fight covid19 please,163
moment people died,163
people tested positive,163
task force press,163
recommend aarogya setu,162
members coronavirus task,162
house coronavirus task,162
fantasticradiouk homeofpossibilities believeyourpossibilities,161
share using link,161
uk fantasticradiouk homeofpossibilities,161
homeofpossibilities believeyourpossibilities stayhomesafelives,161
2121 hello fantasticradio,161
app fight covid19,161
believeyourpossibilities stayhomesafelives buy,161
coronavirus covid19 pandemic,161
fantasticradio co uk,161
lives daily talk,161
new cases confirmed,161
download share using,161
0208 90 2121,161
90 2121 hello,161
hello fantasticradio co,161
coronavirus new york,161
co uk fantasticradiouk,161
help covid 19,161
stayhomesafelives buy song,161
covid 19 nigeria,160
aprons protective gowns,160
abba kyari dead,160
wear aprons protective,160
wave protests covid,160
на covid 19,160
please download share,160
state coronavirus stay,160
casos positivos coronavirus,160
erupts state coronavirus,159
said doctors would,159
coronavirus star studded,159
would let blacks,159
ce qu il,159
new deaths total,159
california protest erupts,159
amp common flu,159
protest erupts state,159
suggested pandemic could,159
genocide said doctors,159
could genocide said,158
pandemic could genocide,158
difference coronavirus amp,158
of covid 19,158
kasus covid 19,158
nick cordero right,158
coronavirus researcher suggested,158
coronavirus amp common,158
cordero right leg,158
hold press briefing,157
advierte evidencia supervivientes,157
the covid 19,157
diri anda dan,157
estimates us deaths,157
us coronavirus deaths,157
researcher suggested pandemic,157
covid 19 país,157
contracting covid 19,157
amidst covid 19,157
setu app fight,156
us 0208 90,156
adding value lives,156
workers covid 19,156
daily talk us,156
covid 19 us,156
house adviser stephen,156
oms advierte evidencia,156
plus informations sur,156
could created lab,156
value lives daily,156
coronavirus ee uu,156
contact tracing app,156
drop huawei 5g,156
talk us 0208,156
god help us,156
studded one world,155
retrouvez plus informations,155
bill gates coronavirus,155
leg amputated due,155
signed petition calling,155
samedi 18 avril,155
covid 19 india,155
000 people worldwide,155
star studded one,155
yang tercinta dari,154
coronavirus cases hit,154
dengan mengunduh pedulilindungi,154
johns hopkins university,154
coronavirus covid19 healthforall,154
juga untuk menghentikan,154
rise coronavirus cases,154
unduh sekarang juga,154
dan yang tercinta,154
anda dan yang,154
sekarang juga untuk,154
19 dengan mengunduh,154
covid19 covid 19,154
coronavirus contact tracing,153
lindungi diri anda,153
lutte contre coronavirus,153
states without stay,153
coronavirus covid_19 covid19,153
suspected covid 19,153
coronavirus model significantly,152
coronavirus test kits,152
due complications coronavirus,152
stay safe covid19,152
huawei 5g vendor,152
live one world,152
smithfield pork plant,152
coronavirus sars cov,152
without stay at,151
covid 19 going,151
coronavirus cover up,151
per million population,151
dari penyebaran covid,151
new cases new,151
04 2020 01,151
see covid 19,150
lowers total estimates,150
2020 01 34,150
globalcitizen coronavirus covid19,150
millions women became,150
covid 19 made,150
contagio covid 19,150
india fight coronavirus,150
total estimates us,150
covid 19 cure,150
uk response coronavirus,150
us deaths new,150
using link android,149
testing covid 19,149
新型コロナ 東京都で新たに181人の感染確認 国内で1万人超,149
covid 19 est,149
significantly lowers total,149
president trump defends,149
mengunduh pedulilindungi di,148
covid19 coronavirus pandemic,148
covid 19 killed,148
death toll tops,148
untuk menghentikan penyebaran,148
covid 19 não,148
trump defends tweets,148
women became essential,148
covid 19 really,148
di unduh sekarang,148
covid 19 stay,148
pedulilindungi di unduh,148
announces 19 billion,148
trump says china,148
tercinta dari penyebaran,148
essential workers america,148
menghentikan penyebaran covid,148
became essential workers,148
19 covid 19,148
01 34 13,148
overlooked possibly fatal,147
indonesia pelajari selengkapnya,147
pelajari selengkapnya di,147
mortes covid 19,147
東京都で新たに181人の感染確認 国内で1万人超 coronavirus,147
34 13 covidー19,147
caused covid 19,147
today 712 000,147
deaths new projection,147
moves drop huawei,147
sailors test positive,147
defends tweets us,147
force press briefing,147
stay safe stay,147
di indonesia pelajari,147
total number cases,147
13 covidー19 coronavirus,147
13 vols chinois,146
solidarity response fund,146
hiv discoverer says,146
04 zéro deces,146
per il coronavirus,146
tweets us states,146
更新 新型コロナ 東京都で新たに181人の感染確認,146
vols chinois tous,146
ceci 13 vols,146
auto détruit chaleur,146
cache ceci 13,146
chaleur sèche voir,146
23 nuevos casos,146
497 casos confirmados,146
confinement au cambodge,146
zéro deces pas,146
help fight coronavirus,146
détruit chaleur sèche,146
shrine visit adding,146
untold story america,146
covid19 auto détruit,146
par raisons politique,146
sacrifie vos vies,146
19 04 zéro,145
possibly fatal coronavirus,145
respond covid 19,145
coronavirus may started,145
japan abe criticised,145
funding world health,145
job retention scheme,145
au cambodge 19,145
inside story response,145
jours au cambodge,145
covid 19 making,145
fatal coronavirus crisis,145
group shrine visit,145
cambodge 19 04,145
cordero leg amputated,144
pour lutter contre,144
obama given pbs,144
abe criticised group,144
amputated due complications,144
given pbs show,144
visit adding coronavirus,144
covid 19 one,144
stop spread coronavirus,144
criticised group shrine,144
crisis dire need,144
coronavirus crisis dire,144
home concert aired,144
pandemic covid 19,144
symptoms covid 19,144
latest covid 19,144
story america biggest,144
adding coronavirus woes,144
info covid 19,143
five cobra meetings,143
global covid 19,143
covid 19 still,143
50 85 times,143
broadcaster 75 million,143
medal honor recipient,143
us states lockdowns,143
discoverer says could,143
matterhorn mountain swiss,143
000 muertos coronavirus,143
public inquiry uk,142
24 hour fitness,142
dr anthony fauci,142
newsandpolitics via pjmedia_com,142
america biggest outbreak,142
public broadcaster 75,142
virus hiv discoverer,142
made virus hiv,142
dire need kidney,142
says could created,142
story response coronavirus,142
gave public broadcaster,142
democrats gave public,142
presssec realdonaldtrump cnn,142
49 new cases,142
covid covid19 coronavirus,142
mountain swiss alps,141
na covid 19,141
85 times higher,141
get response coronavirus,141
plant untold story,141
dead covid 19,141
covid19 positive cases,141
response coronavirus wrong,141
pork plant untold,141
president buhari chief,141
lied ihme lied,141
international study shows,141
lied fauci bought,141
protesters stay at,141
ihme lied fauci,141
fauci bought lies,140
inquiry uk response,140
struggle inside story,140
covid 19 infected,140
lies latest international,140
india fight covid19,140
coronavirus covid19 sarscov2,140
stop covid 19,140
latest international study,140
covid 19 video,140
superpower struggle inside,140
