gram,counts
covid 19,138437
19 cases,6332
coronavirus cases,6231
coronavirus covid19,4854
coronavirus pandemic,4090
new cases,4029
covid19 coronavirus,3873
19 pandemic,3831
social distancing,3265
new york,2937
nuevos casos,2635
wear mask,2598
casos covid,2455
positive covid,2384
07 2020,2377
tested positive,2359
new coronavirus,2146
जल वस,2092
get well,2079
ईश वर,2074
well soon,2071
casos coronavirus,2018
positive coronavirus,1979
new covid,1938
dr fauci,1915
covid19 cases,1887
tests positive,1873
public health,1856
19 patients,1830
coronavirus covid,1811
via youtube,1799
25 07,1773
coronavirus vaccine,1753
19 vaccine,1702
19 deaths,1688
covid19 pandemic,1687
coronavirus deaths,1643
due covid,1605
jaga jarak,1551
penularan covid,1529
north korea,1515
donald trump,1514
आप जल,1469
news coronavirus,1448
united states,1442
24 horas,1440
jarak sosial,1430
risiko penularan,1428
pembaharuan status,1421
status jaga,1421
sosial social,1421
distancing terhadap,1421
terhadap risiko,1421
jakartacommuterline jakarta,1421
jakarta kcioke,1421
kcioke ptkci,1421
bbc news,1363
positivo coronavirus,1356
xavi hernández,1352
july 25,1348
wearing mask,1346
death toll,1336
conspiracy theory,1330
stasiun bogor,1324
bogor zona,1324
zona peron,1324
peron risiko,1324
19 commuterline,1324
commuterline jakartacommuterline,1324
ptkci stasiunbogor,1324
19 case,1298
hong kong,1290
वस कर,1288
मन करत,1270
24 hours,1267
25 julio,1232
jair bolsonaro,1230
gon na,1224
19 via,1207
positivo covid,1191
cases covid,1184
due covid19,1175
coronavirus outbreak,1174
amid coronavirus,1158
casos confirmados,1153
year old,1142
últimas 24,1121
19 test,1113
19 testing,1112
sars cov,1107
casos positivos,1107
new deaths,1101
wear masks,1093
confirmed cases,1087
second wave,1069
थन करत,1069
active cases,1059
positive cases,1045
stay home,1041
da covid,1035
25 2020,1025
due coronavirus,1019
single day,1017
face masks,999
wearing masks,982
dio positivo,980
ccp virus,979
herd immunity,969
madhya pradesh,968
test positive,959
long term,947
stay safe,943
shivraj singh,930
many people,929
19 crisis,926
novel coronavirus,917
coronavirus relief,915
spread coronavirus,905
gt gt,899
covered coronavirus,897
chinese virologist,896
truth virus,895
accuses beijing,892
19 di,890
virologist accuses,886
know treat,886
world truth,884
supreme court,883
spread truth,881
virus chinese,881
kong know,881
treat whistleblowers,881
telling world,881
pls spread,877
truth ccp,877
excuse pls,875
beijing covered,875
coronavirus fleeing,875
fleeing hong,875
whistleblowers telling,875
hurricane hanna,870
वर आपक,869
nursing homes,865
pandemia coronavirus,852
mitega india,846
india mitega,837
singh chouhan,831
spread covid,822
white house,809
यप रद,808
total cases,805
मध यप,802
spread covid19,801
amid covid,798
face mask,789
live updates,785
covid_19 coronavirus,785
york times,780
died covid,777
cases coronavirus,774
19 death,771
new covid19,759
positive covid19,758
coronavirus live,752
coronavirus update,752
south korea,751
26 07,746
19 relief,745
health care,738
july 2020,727
tested negative,722
people died,722
000 people,717
looks like,716
casos nuevos,709
bill gates,708
julio 2020,703
president trump,699
last 24,693
corona virus,693
आपक जल,689
vacuna coronavirus,683
cases reported,683
coronavirus via,679
pandemia covid,678
back school,675
primer caso,675
boris johnson,674
casos covid19,672
coronavirus crisis,669
coronavirus test,664
coronavirus response,662
करत आप,662
coronavirus updates,661
19 outbreak,660
go back,659
die covid,659
total number,655
negativo covid,655
death rate,652
pacientes covid,652
coronavirus case,646
risiko menengah,645
19 virus,641
150 000,637
conspiracy theories,635
nuevos contagios,635
cases deaths,631
fake news,629
chief minister,629
corea norte,629
19 positive,628
covidー19 coronavirus,625
coronavirus covidー19,624
100 000,623
every day,622
nursing home,617
infected coronavirus,617
dies covid,616
pandemia covid19,615
pmoindia ugc_india,611
mayra mendoza,610
covid19 deaths,609
covid19 positive,604
14 day,603
sábado 25,602
chouhan tests,601
coronavirus lockdown,600
19 tests,595
ugc_india drrpnishank,595
suspected covid,592
south texas,590
coronavirus covid_19,588
one day,588
test results,586
drrpnishank hrdministry,586
around world,585
dio negativo,584
contagios coronavirus,582
coronavirus patients,579
brett favre,578
save lives,577
july 24,576
nevada church,576
contagios covid,575
positivos covid,572
du coronavirus,572
help us,572
first time,568
get covid,564
covid19 covidー19,563
speedy recovery,563
hrdministry amitshah,558
19 response,556
take care,552
anthony fauci,552
stop covid,552
new study,552
home die,551
coronavirus argentina,551
good news,550
young people,548
19 infections,548
muertes coronavirus,548
social media,546
000 covid,543
day quarantine,540
muertes covid,539
coronavirus spain,539
da positivo,536
ministerio salud,527
000 americans,525
वर थन,522
vacuna covid,521
health officials,516
wan na,516
coronavirus disease,515
coronavirus uk,515
19 coronavirus,514
000 deaths,513
100 days,513
john roberts,512
number cases,511
pandemi covid,510
वस मन,509
fight covid,506
social security,505
amitshah 31studentsinscforjustice,503
coronavirus infections,502
amazon river,502
per day,500
fight coronavirus,500
cases new,500
two weeks,499
positivos coronavirus,499
us coronavirus,496
next week,495
casos activos,493
19 update,493
positif covid,491
mental health,490
000 coronavirus,489
daily thanks,488
negative coronavirus,488
loved ones,486
relief package,485
soon sir,483
fatality rate,482
people dying,482
10 000,482
wash hands,481
आप वस,478
make sure,475
contact tracing,475
along amazon,475
xavi tests,473
corona covid19,472
covid19 patients,470
virus covid,470
new death,470
14 days,469
coronavirus testing,468
cases covid19,467
xavi hernandez,467
world news,466
covid19 corona,466
19 lockdown,465
bio weapon,465
months ago,464
risiko rendah,464
last week,462
covid19 sarscov2,462
get tested,461
post covid,461
coronavirus unleashed,460
coronavirus hot,458
number coronavirus,458
total deaths,457
sinclair broadcast,457
2020 07,457
ron desantis,457
48 916,456
unleashed along,455
south africa,454
died coronavirus,454
first suspected,454
washington post,453
deaths reported,452
nouveaux cas,452
india covid,451
covid19 covid_19,449
रद कर,449
global pandemic,448
key defeating,447
insiders pocket,447
people die,446
19 amp,446
pocket billion,446
wear face,443
us covid,440
corporate insiders,440
rush coronavirus,440
via nytimes,438
billion rush,438
coronavirus death,437
doja cat,437
nuevo coronavirus,436
protokol kesehatan,436
13 36,434
qu il,433
covid19 vaccine,432
broadcast group,432
take responsibility,432
defeating covid,431
health experts,430
pradesh cm,430
cdc says,429
fox news,429
000 dead,429
testing positive,428
covid19 covid,428
american people,427
kim jong,426
legend xavi,426
da negativo,425
da coronavirus,424
impact covid,424
caso sospechoso,424
यम chouhanshivraj,423
like coronavirus,422
common cold,420
got ta,420
cm shivraj,420
recovery rate,419
stop spread,419
jul 25,418
social distance,418
quarantine spain,416
get coronavirus,415
across country,414
experts say,414
जल जल,414
रद शव,414
country world,413
people like,411
dr anthony,410
health department,409
nuovi casi,409
crisis coronavirus,409
familiares amigos,408
since march,407
please help,406
25 july,405
look like,404
कर रद,404
coronavirus india,403
coronavirus surges,402
current situation,400
du covid,399
trump administration,398
test coronavirus,397
24 julio,396
relief bill,396
nuevas muertes,396
रद यम,396
died covid19,395
namo app,394
अस पत,394
600 000,393
much time,391
19 could,390
samples tested,390
tener covid,390
day day,389
covid coronavirus,389
dado positivo,388
fight covid19,388
confirmed covid,387
daily cases,386
back 14,386
highest number,385
covid virus,385
145 000,384
19 em,384
brings back,384
puede tener,383
आपक वस,383
मध रद,382
would like,381
lives matter,381
million people,380
uk brings,379
segunda ola,378
deaths per,377
com covid,377
mel gibson,376
spain drives,376
would rather,375
barcelona legend,375
covid19 amp,373
यम वर,373
drives fears,373
cases rise,371
coronavirus news,371
sign petition,370
go away,370
get back,370
people infected,370
population coronavirus,370
140 000,369
second highest,369
coronavirus infection,369
000 casos,367
need know,365
sarscov2 forecast,365
reported today,365
prueba coronavirus,364
het coronavirus,364
european second,362
open schools,361
slow spread,361
deu negativo,361
fears european,361
china virus,360
coronavirus could,360
bolsonaro says,360
face coverings,359
cualquiera puede,359
cortar cadenas,359
deaths covid,358
tv stations,358
mil casos,358
death population,358
in person,357
50 000,357
cadenas contagio,357
19 infection,356
right wing,355
maheshbabubdaycdp dilbechara,355
dilbechara emrebeloezoğlu,355
people need,354
high risk,353
covidー19 covid19,353
bolsonaro diz,353
task force,352
consecutive day,352
covid19 test,352
वर मन,352
response covid,351
deaths top,351
contagio familiares,351
amigos cualquiera,350
19 saberlo,350
cases every,349
cases confirmed,348
mask wearing,348
covid19 virus,348
cualquier edad,348
coronavirus restrictions,347
americans died,347
virus peligroso,347
peligroso cualquier,347
time left,346
covid_19 covid19,345
menengah 25,345
new zealand,345
tested covid,345
record numbers,345
new post,344
cases day,344
caso coronavirus,343
mortes covid,342
19 situation,342
000 000,341
number covid,341
via nbcnews,340
25 juli,339
florida coronavirus,339
immunity vaccine,339
llamado jóvenes,339
covid cases,338
new normal,338
muertos covid,338
jóvenes cortar,337
straight day,336
19 may,336
top 000,336
pradesh chief,336
ccp stop,336
saberlo virus,336
sinclair broadcasting,335
get sick,335
test covid,335
trump coronavirus,335
fallecidos covid,335
three weeks,335
वस और,335
positivo covid19,335
left wakeup,335
wakeup focus,335
focus virus,335
virus mankind,335
mankind great,335
great danger,335
danger ccp,335
ccp bio,335
weapon expect,335
expect herd,335
vaccine current,335
situation terminate,335
terminate ccp,335
immune system,334
death panels,333
texas hospital,333
000 new,333
common sense,333
death cult,333
live news,332
million cases,331
covid19 testing,331
19 través,331
negative covid,331
texas coronavirus,331
every global,331
next year,330
global region,330
covid covid19,328
people get,328
click link,327
numbers coronavirus,326
deaths fourth,325
take weeks,325
family members,325
even though,325
hanna heads,325
कर ऐस,325
आपक थन,325
covid19 lockdown,324
última hora,324
coronavirus tests,323
cuídate cuida,323
ee uu,322
नन यम,322
bolsonaro da,322
every country,321
petition via,321
est pas,321
aged care,321
coronavirus corona,321
contagio covid19,320
penyebaran covid,320
cases state,320
ravaged florida,320
pandemic covid19,319
black lives,319
minister shivraj,319
god bless,318
coronavirus ravaged,318
back work,317
please read,317
tests negative,316
the coronavirus,316
in the,316
surges control,316
local news,315
43 mil,315
spread virus,315
per million,315
36 861,314
कर रह,314
prevent spread,313
sidelined scientists,313
covid19 crisis,310
teste covid,310
declares emergency,310
study finds,309
prime minister,309
19 already,309
hot spots,308
case fatality,308
need start,308
ऐस मन,308
covid deaths,307
pruebas covid,307
19 covid19,307
via googlenews,307
korea declares,307
need help,306
tell us,306
coronavirus coronavirus,306
corona coronavirus,305
juli 2020,305
coronavirus hotspot,305
followed trump,305
novo teste,305
edad cuídate,305
prueba covid,304
health ministry,303
face covering,303
coronavirus trump,302
mortality rate,302
31 358,301
cases today,301
one third,300
coronavirus related,300
cases amp,300
know covid,300
24 2020,300
19 spread,300
menengah 26,300
desantis sidelined,300
course coronavirus,299
coronavirus conspiracy,298
joe biden,298
seems like,298
trump week,298
week retreat,298
breaking news,297
spike covid,297
hot spot,296
19 venezuela,296
worst hit,296
bringing total,296
high school,295
novos casos,295
coronavirus positive,295
co uk,294
via change,294
top story,294
of the,294
talk us,293
feel like,293
reverses course,293
mascarilla inactiva,293
re election,292
korea reports,292
000 muertos,291
people covid,290
people ve,289
first local,289
trump golfs,289
07 25,288
well done,288
department health,288
19 impact,287
come back,287
self isolate,287
entertain empower,286
empower educate,286
educate talk,286
0208 090,286
090 2121,286
2121 hello,286
hello fantasticradio,286
fantasticradio co,286
uk fantasticradiouk,286
fantasticradiouk homeofpossibilities,286
homeofpossibilities believeyourpossibilities,286
believeyourpossibilities stayhomesafelives,286
personal salud,286
cases increase,286
president reverses,286
buy song,285
10 days,285
30 000,285
penanganan covid,284
stayhomesafelives buy,284
schools reopen,284
000 cases,283
coronavirus may,282
virus covid19,282
814 nuevos,282
us 0208,281
il coronavirus,281
masks work,281
unemployment benefits,281
coronavirus shutdown,281
response coronavirus,280
like covid,280
die coronavirus,280
read article,280
first coronavirus,280
muertos coronavirus,279
obesity increases,279
coronavirus venezuela,279
rebrotes coronavirus,279
daily coronavirus,278
19 patient,278
set air,277
handling coronavirus,277
19 symptoms,277
young adults,276
india news,276
wearing face,276
retreat president,276
get covid19,275
rather die,275
mama ji,275
says tested,275
coronavirus us,274
every single,274
fast track,273
post covid19,273
could help,273
19 related,273
trump amp,272
via huffpostpol,272
शव कर,272
contagios covid19,271
disease 2019,271
mask mandate,271
थन आप,271
great job,270
contagio covid,270
au coronavirus,270
trump death,270
climate change,269
91 000,269
hernández da,269
records 000,268
coronavirus stimulus,268
duvernay tardif,268
state second,268
coronavirus spread,267
coronavirus hoax,267
already exists,267
start using,267
state emergency,267
puede ser,266
il est,266
censurarmatarifees coronavirus,266
medicare cuts,265
covid19 coronaviruspandemic,265
responsible creation,265
cases total,265
sounds like,264
hawaii_ema tdem,264
owned sinclair,263
reino unido,262
denies nevada,262
people still,262
die covid19,262
positivity rate,262
us military,262
total confirmed,262
testa negativo,262
small business,261
aumento casos,261
small businesses,261
12 people,261
realdonaldtrump hawaii_ema,261
court denies,260
creation coronavirus,260
years ago,260
experts call,260
going back,259
right thing,258
coronavirus puede,258
19 vía,258
says covid,258
du masque,258
30 segundos,258
surpasses new,258
scientists followed,258
since covid,257
coronavirus vía,257
2020 coronavirus,257
heads south,257
coronavirus través,257
cult would,257
coronavirus pokemongofest,257
15 millones,256
presidente brasil,256
sent home,255
killing people,255
least one,255
redes sociales,255
state health,255
white people,255
tres semanas,255
president jair,255
bolsonaro anuncia,255
etiqueta día,255
rendah 25,254
bolsonaro dio,254
infectious diseases,253
patients home,252
one thing,252
ever seen,252
40 000,252
emrebeloezoğlu lockdownhouseparty,252
latest news,251
covid19 death,251
million covid,250
join us,250
reopening schools,250
abc news,250
says coronavirus,250
nuevo récord,249
exists need,249
coronavirus españa,249
19 deu,249
florida surpasses,249
florida ron,249
opening schools,248
19 restrictions,248
created coronavirus,248
deaths covid19,248
weeks ago,248
du covid19,248
download app,248
emergency meeting,248
lockdownhouseparty censurarmatarifees,248
patients hospitalized,247
coronavirus mundo,247
der corona,247
000 us,247
help slow,247
alreadyvideo covid19,247
admit lied,247
fourth day,246
past 24,246
anyone else,246
वस थन,245
could take,244
coronavirus surge,244
let us,244
infectious disease,244
2019 covid,244
cases per,244
died since,244
cause death,243
confirmados covid,243
india daily,243
reuters tally,243
19 admit,243
security medicare,242
private hospitals,242
cada vez,242
johns hopkins,242
elon musk,242
hit country,242
ve died,242
dos semanas,241
related deaths,241
market news,241
día hoy,241
much better,241
patients recovered,241
healthcare workers,241
portugal desarrolla,241
california leads,241
surge coronavirus,240
behind covid,240
josé mentor,240
fanbpuebloygnb juventudconscienteypreventiva,240
il faut,239
pandemic coronavirus,239
kill us,239
free covid,239
fauci says,239
mil muertes,239
da cloroquina,239
playing golf,239
19 país,238
times india,238
pandemic news,238
19 fight,238
coronavirus sars,238
la etiqueta,238
corona vaccine,237
world health,237
people think,237
coronavirus coronavirusupdate,237
leads nation,237
golfs brett,237
dans monde,236
19 hospital,236
good job,236
dying covid,236
novo coronavírus,236
since us,236
bolsonaro testa,236
track social,235
want know,235
fourth straight,235
via nyt,235
covid19 case,235
record high,235
रद जनत,235
term illness,234
first covid,234
evitar propagación,234
trump virus,234
corona corona,234
us reopened,234
last year,233
next coronavirus,233
spreading covid,233
infected covid,233
severe covid,233
death covid,233
health england,233
salud pública,233
19 data,233
lost job,233
thekissingbooth2 coronavirus,233
juventudconscienteypreventivahacemos llamado,233
coronavirus aid,232
trump golfing,232
और रद,232
ex deputado,232
primera mascarilla,232
latest coronavirus,231
cases soar,231
3rd worst,231
diz novo,231
york california,231
local tv,230
get rid,230
nancy pelosi,230
19 numbers,230
brazil president,230
new infections,229
federal government,229
please take,229
fallecidos coronavirus,229
brazil bolsonaro,229
post coronavirus,228
rest world,228
cases since,228
coronavirus il,228
19 drug,228
reports highest,228
day row,228
americans dead,228
クラウドファンディング readyfor,228
nueva york,228
coronavirus あざとくて何が悪いの,228
third covid,227
