gram,counts
covid 19 pandemic,6772
href rel nofollow,3704
true href rel,3634
coronavirus covid 19,3379
covid 19 cases,3367
covid 19 crisis,3362
rel nofollow twitter,3143
due covid 19,2335
nofollow twitter web,2179
covid 19 patients,2103
fight covid 19,2047
covid 19 deaths,1962
twitter web app,1864
covid 19 via,1716
covid 19 outbreak,1667
bbc news coronavirus,1555
covid 19 coronavirus,1429
covid 19 death,1400
positive covid 19,1382
covid 19 relief,1372
amid covid 19,1354
covid 19 lockdown,1322
coronavirus death toll,1141
sign petition via,1125
new york times,1122
casos covid 19,1091
covid 19 response,1083
spread covid 19,1045
amid coronavirus pandemic,1042
response covid 19,1016
covid 19 virus,995
cases covid 19,952
coronavirus task force,951
du covid 19,899
covid 19 di,890
coronavirus live updates,889
covid 19 testing,863
new covid 19,861
pandemia covid 19,856
covid 19 update,834
world health organization,801
indianeedpsus psusbackboneofindia indianpsusfightscorona,793
report warned coronavirus,768
intelligence report warned,767
warned coronavirus crisis,761
nofollow twitter android,761
coronavirus crisis early,760
crisis early november,758
impact covid 19,756
petition via ukchange,750
da covid 19,729
covid 19 vía,701
health care workers,681
crisis covid 19,680
new york city,676
thank govt staff,667
08 04 2020,666
govt staff indianeedpsus,665
staff indianeedpsus psusbackboneofindia,659
gt gt gt,658
early november sources,657
covid 19 tests,634
covid 19 test,621
últimas 24 horas,605
we thank govt,598
died covid 19,597
stay at home,590
keep safe coronavirus,579
ppe frontline nhs,572
provide ppe frontline,571
nhs keep safe,569
frontline nhs keep,569
govt provide ppe,568
uk govt provide,568
dies covid 19,564
coronavirus sign petition,543
tested positive coronavirus,536
virus covid 19,534
new coronavirus cases,531
covid19 coronavirus ukraine,529
covid 19 treatment,526
safe coronavirus sign,511
coronavirus pandemic via,504
covid 19 data,503
covid 19 vaccine,501
covid 19 situation,501
seizing masks coronavirus,500
masks coronavirus supplies,500
say feds seizing,499
hospitals say feds,495
feds seizing masks,495
deaths covid 19,490
coronavirus supplies without,486
supplies without word,481
tested positive covid,479
covid 19 amp,478
amid coronavirus crisis,476
sources abc news,473
covid 19 related,473
stay home stay,472
november sources abc,472
covid 19 case,470
white house coronavirus,467
penyebaran covid 19,464
president donald trump,453
pandemi covid 19,449
contre covid 19,449
amid coronavirus outbreak,443
abc news via,441
confirmed covid 19,430
covid 19 impact,428
covid 19 patient,424
covid 19 emergency,423
covid 19 symptoms,422
news via abc,420
new cases coronavirus,420
covid 19 fight,420
due coronavirus pandemic,417
trump white house,417
last 24 hours,416
home stay safe,416
muertes covid 19,413
covid 19 com,409
trump coronavirus response,407
ceo jack dorsey,406
covid 19 positive,397
com covid 19,394
fighting covid 19,390
pour lutter contre,389
combat covid 19,389
coronavirus testing sites,388
covid 19 spread,386
night intensive care,382
coronavirus boris johnson,380
affected covid 19,372
fight covid19 please,367
positif covid 19,363
second night intensive,362
twitter ceo jack,361
people covid 19,360
time covid 19,359
nuevos casos coronavirus,359
crise du coronavirus,356
jack dorsey pledges,350
die covid 19,346
us covid 19,346
aarogya setu app,346
listened scientists coronavirus,342
covid 19 infection,342
slow sound alarm,342
test positive coronavirus,341
scientists coronavirus slow,340
coronavirus via youtube,340
johnson listened scientists,339
coronavirus slow sound,338
19 com um,338
covid19 please download,337
respondem perguntas temos,336
confiáveis covid 19,336
em casa acesse,336
com um bot,336
article amp reuters,336
cuidados proteger em,336
bot respondem perguntas,336
temos cuidados proteger,336
proteger em casa,336
site contém informações,336
tests positive coronavirus,336
perguntas temos cuidados,336
informações confiáveis covid,336
existe um site,336
um site contém,336
contém informações confiáveis,336
um bot respondem,336
app fight covid19,334
penanganan covid 19,332
test covid 19,329
dying covid 19,328
treat covid 19,328
pacientes covid 19,328
covid 19 méxico,325
download share using,325
please download share,325
covid 19 covid19,324
number covid 19,324
share using link,324
post covid 19,323
coronavirus disease 2019,323
handling covid 19,318
bbc news mundo,317
covid 19 epidemic,317
twitter web client,315
get covid 19,315
death covid 19,314
report johnson listened,312
000 millones dólares,312
test positive covid,312
setu app fight,309
pandemic peak nears,307
federal support ends,305
post coronavirus economy,304
john prine dies,304
recommend aarogya setu,303
covid 19 complications,303
emerge covid 19,302
personal protective equipment,301
covid 19 em,301
worldwide coronavirus covid19,301
2019 covid 19,300
special report johnson,300
wabah covid 19,299
positivos covid 19,298
prevent cure epidemic,296
cure epidemic diseases,296
tcm prevent cure,296
au covid 19,295
first covid 19,294
coronalockdown coronavirus covid19,293
tested positive covid19,293
glimmers hope emerge,292
stocks rally potential,292
treatment covid 19,292
19 data read,292
data read move,292
potential glimmers hope,292
hope emerge covid,292
read move report,292
rally potential glimmers,292
new york state,290
mend post coronavirus,290
embrace doughnut model,286
battle covid 19,286
like covid 19,285
doughnut model mend,285
model mend post,285
lawan covid 19,284
please stay home,278
amsterdam embrace doughnut,277
epoch times app,277
covid19 โคว ด19,277
exclusive coronavirus coverage,276
times covid 19,276
signez pétition via,275
battling covid 19,275
socialdistancing coronalockdown coronavirus,274
covid 19 ini,274
update covid 19,274
coronavirus coverage daily,273
times app see,273
see exclusive coronavirus,273
app see exclusive,273
coverage daily updates,273
help covid 19,272
positivo covid 19,270
help slow spread,269
november election coronavirus,269
disease 2019 covid,268
protect november election,267
confirmed cases covid19,267
prior jorge babu,265
foraprior david mike,265
using link android,265
jorge babu manu,265
david mike lindell,265
manu foraprior david,265
letslovesuho trump suho,265
cdtv covid_19 prior,265
covid_19 prior jorge,265
covid self_portrait covid19,265
babu manu foraprior,265
trump suho bizbizeyeteriz,265
bizbizeyeteriz covid self_portrait,265
covid cdtv covid_19,265
suho bizbizeyeteriz covid,265
mike lindell made,265
pillow letslovesuho trump,265
cure covid 19,264
covid19 covidー19 coronavirus,264
eu science chief,264
lindell made pillow,263
lucha covid 19,263
made pillow letslovesuho,263
virus head says,262
election coronavirus realdonaldtrump,262
stop covid 19,261
face au coronavirus,260
infected covid 19,260
new cases covid,260
dona 000 millones,259
news mundo coronavirus,258
support covid 19,257
covid 19 updates,257
tests positive covid,257
โคว ด19 covid19,256
support ends coronavirus,254
000 covid 19,254
cast ballot mail,254
ends coronavirus testing,254
testing sites pandemic,253
every voter cast,253
voter cast ballot,253
live updates npr,253
sites pandemic peak,253
guarantee every voter,253
demandprogress protect november,252
passing bill guarantee,252
bill guarantee every,252
stand demandprogress protect,252
covid 19 may,251
twitter dona 000,250
new press secretary,249
realdonaldtrump passing bill,248
caso covid 19,248
world health organisation,247
virus tragic day,247
combate covid 19,247
coronavirus realdonaldtrump passing,247
combatir covid 19,246
latest covid 19,245
firma petición vía,245
case covid 19,243
us intelligence warned,242
go back work,241
pétition via changefrance,240
frente covid 19,239
new york coronavirus,238
contagios covid 19,238
disease covid 19,237
casos positivos covid,236
covid 19 país,236
covid 19 world,235
social distancing measures,235
dorsey pledges billion,235
earth waiting miracle,234
miracle years waiting,234
infinite needs hoping,234
slow spread covid19,234
coronavirus earth waiting,234
man nervously looking,234
shiva inventor email,234
nervously looking infinite,234
years man nervously,234
overcount covid 19,234
death toll rises,234
reveals hhs document,233
waiting miracle years,233
years coronavirus earth,233
looking infinite needs,233
unsafe years coronavirus,233
dr reveals hhs,233
earth unsafe years,233
needs hoping last,232
stop spread coronavirus,232
millones dólares lucha,232
diseases covid 19,232
fundador twitter dona,232
covid 19 could,231
bill gates dr,231
due coronavirus outbreak,231
muertos covid 19,230
years waiting savior,230
dies coronavirus complications,230
video via gatewaypundit,229
last earth unsafe,229
dr shiva inventor,229
hoping last earth,229
gates dr fauci,229
want help people,229
19 relief efforts,228
home covid 19,228
ce est pas,228
covid 19 us,227
confirmados covid 19,226
science chief resigns,226
all time high,226
covid 19 quarantine,225
related covid 19,225
regarding covid 19,225
email outlines connections,225
response coronavirus pandemic,225
spreading covid 19,225
coronavirus new york,224
outlines connections bill,223
connections bill gates,223
dr fauci cdc,223
covid 19 news,223
senator dr reveals,223
mn senator dr,223
head says coronavirus,222
relevant coronavirus pandemic,222
current covid 19,222
huge mn senator,222
inventor email outlines,222
numbers covid 19,222
covid 19 não,222
at home order,221
brilliant dr shiva,221
emergence reliefs tcm,220
reliefs tcm prevent,220
focduosuccess emergence reliefs,220
epidemic diseases covid,220
online hospital diy,220
help fight coronavirus,220
diy focduosuccess emergence,220
hospital diy focduosuccess,220
petition via change,219
casos confirmados covid,219
sent ppe china,218
trump cut pandemic,218
country world today,217
team sent ppe,217
collapsed all time,216
time high unemployment,216
china economy collapsed,216
tested covid 19,216
walk run bike,216
highest death toll,216
covid 19 numbers,216
coronavirus crisis via,216
copy document video,216
casos positivos coronavirus,216
ppe china economy,216
economy collapsed all,216
coronavirus press briefing,215
sa covid 19,215
run bike close,214
covid 19 would,214
know covid 19,214
coronavirus cases rise,213
unity option defeat,213
job retention scheme,213
practice social distancing,212
coronavirus victims alive,212
pm cares fund,212
option defeat virus,212
twitter jack dorsey,212
confirmed coronavirus cases,212
19 via youtube,212
songwriter john prine,211
waiting savior thepromisedsaviour,211
huge brilliant dr,211
19 death toll,210
treating covid 19,210
100 days changed,209
chaos rocks trump,209
white house virus,209
ne perdons plus,209
days changed world,209
house virus tragic,209
dólares lucha coronavirus,209
casos confirmados coronavirus,208
perdons plus temps,208
rocks trump white,208
done poor job,207
defeat virus head,207
number coronavirus cases,206
corona covid 19,205
plus temps neperdonsplusdetemps,205
belgian dutch study,205
pruebas covid 19,205
covid 19 walk,205
coronavirus unity option,205
coronavirus 100 days,204
amidst covid 19,204
covid19 ne perdons,203
contingencia covid 19,203
traitement covid19 ne,203
confirmed cases covid,203
past 24 hours,203
trump new press,203
impacted covid 19,202
covid 19 yang,202
19 walk run,202
death toll single,202
ministério da saúde,202
covid 19 like,202
covid 19 corona,201
us records highest,201
ephilippepm traitement covid19,201
many body bags,201
declares state emergency,201
confirmed cases worldwide,200
amid coronavirus lockdown,200
coronavirus could exterminated,200
counted covid 19,200
using covid 19,199
covid19 coronavirus covidー19,199
contro il coronavirus,198
covid 19 hospital,198
uk europe worst,198
toll single day,198
exterminated lockdowns lifted,198
poor job preventing,197
study times covid,197
epidemiologist coronavirus could,197
could exterminated lockdowns,197
cdc relevant coronavirus,196
dutch study times,196
cegah covid 19,196
workers covid 19,195
fauci cdc relevant,195
fallecidos covid 19,195
19 cases copy,195
coronavirus disease covid,195
cases copy document,195
prevent spread coronavirus,195
emergencia covid 19,194
cases worldwide europe,194
records highest death,194
ao covid 19,193
spends second night,193
anti malaria drug,193
half confirmed cases,193
wuhan funeral homes,193
many prisoners possible,192
global covid 19,191
release many prisoners,191
death toll says,191
new deaths total,191
burned coronavirus victims,190
long term care,190
prisoners possible due,190
donald trump coronavirus,190
coronavirus half confirmed,190
recovered covid 19,190
stay home order,189
governors release many,189
white house press,189
funeral homes burned,189
toll says study,188
homes burned coronavirus,188
covid 19 sign,188
possible due coronavirus,188
covid 19 covid,188
let us know,188
house coronavirus task,187
at home orders,187
covid 19 et,187
pandemic response team,186
2020 04 08,186
singer songwriter john,186
public health emergency,186
covid 19 new,186
mail in voting,185
group governors release,185
ne sont pas,185
since covid 19,185
patients covid 19,185
funded group governors,185
coronavirus surveillance system,184
soros funded group,184
contracting covid 19,183
jabatanpenerangan covid19 dudukrumah,183
worldwide europe coronavirus,183
coronavirus cases top,182
minister boris johnson,182
get back work,182
george soros funded,182
superservicios minenergiaco minvivienda,181
economic impact payments,181
boris johnson improving,181
could cataclysmic event,181
19 deaths regardless,181
prime minister boris,181
combate ao coronavírus,180
response coronavirus crisis,180
cobro servicios públicos,180
coronavirus covid19 pandemic,179
self reporting symptoms,179
please learn wuhan,179
learn wuhan mistakes,179
help fight covid,179
coronavirus clasemediaenriesgo superservicios,179
coronavirus us records,179
congelen cobro servicios,179
even feel well,179
stay safe stay,179
clasemediaenriesgo superservicios minenergiaco,179
wwg1wga wakeupamerica unitednotdivided,178
daily even feel,178
públicos estratos crisis,178
risk covid 19,178
the covid 19,178
wearethenewsnow factsmatter wwg1wga,178
ivanduque congelen cobro,178
symptoms daily even,178
keep cats indoors,178
servicios públicos estratos,178
contagiados covid 19,178
lutte contre coronavirus,178
reporting symptoms daily,178
factsmatter wwg1wga wakeupamerica,178
coronavirus abc news,178
amp covid 19,178
estratos crisis coronavirus,178
temps neperdonsplusdetemps signez,177
wakeupamerica unitednotdivided saveamerica,177
cases sooner self,177
identify risk cases,177
covid 19 dan,177
spread covid19 identify,177
president trump coronavirus,177
new cases covid19,177
feel well download,177
covid19 identify risk,177
coronavirus coronavirus coronavirus,177
crisis coronavirus clasemediaenriesgo,177
petición vía changeorgco,177
risk cases sooner,177
qanon wearethenewsnow factsmatter,177
government done poor,177
sooner self reporting,177
véneto controlando coronavirus,176
pandemic covid 19,176
unitednotdivided saveamerica greatawakening,176
coronavirus please learn,176
consejo europeo investigación,176
well download app,176
due coronavirus via,176
impulsada conocidos difusores,176
masker demi keselamatan,176
minenergiaco minvivienda firma,176
coronavirus savegazafromcorona siegeisepidemic,176
aux etats unis,176
higher covid 19,175
coronavirus red contarte,175
covid 19 restrictions,175
coronavirus covid19 covidー19,175
neperdonsplusdetemps signez pétition,175
red contarte verdad,175
diseases like coronavirus,174
impacts covid 19,174
на covid 19,174
verdad impulsada conocidos,174
chinese communist party,174
minvivienda firma petición,174
terraplanistas coronavirus red,174
causa covid 19,174
total confirmed cases,174
controlando coronavirus seguido,174
april 08 2020,174
dennis quaid praises,173
conocidos difusores bulos,173
seluruh masyarakat untuk,173
report wuhan funeral,173
19 relief fund,173
19 sign petition,173
contarte verdad impulsada,173
coronavirus benefits illegal,172
mengajak seluruh masyarakat,172
deaths regardless cause,172
covidー19 covid19 coronavirus,172
coronavirus seguido oms,172
safe covid 19,172
boris johnson spends,172
contagio covid 19,172
coronavirus pandemic could,171
dr anthony fauci,171
news covid 19,171
worst coronavirus death,171
impacto covid 19,170
trump handling coronavirus,170
europe worst coronavirus,170
people stay home,169
world covid 19,169
coronavirus death rate,169
benefits illegal aliens,168
federal government done,167
coronavirus job retention,167
covid 19 est,167
realdonaldtrump ainsleyearhardt foxandfriends,167
briefed white house,167
covid 19 lh87,166
19 lh87 bagimunegeri,166
bersatu lawan covid,166
coronavirus supplies hospitals,165
rel nofollow tweetdeck,165
say federal government,165
confirmed cases coronavirus,165
data covid 19,165
13 year old,165
of covid 19,164
brote covid 19,164
live president trump,163
eu top scientist,163
boris johnson responding,163
propagación covid 19,163
seizing coronavirus supplies,163
johnson responding treatment,162
care covid 19,162
covid 19 infections,162
stop spread covid19,161
covid 19 please,161
covid 19 dengan,161
help stop spread,161
gunakan masker demi,160
covid 19 global,160
ng covid 19,160
updates covid 19,159
task force briefing,159
hundreds thousands people,159
coronavirus sars cov,159
covid 19 really,159
per il coronavirus,159
coronavirus covid19 sarscov2,158
supplies hospitals say,158
nears coronavirus live,158
peak nears coronavirus,158
covid 19 na,158
covid 19 information,158
fact check trump,157
johnson spends second,157
19 pandemic via,157
covid 19 fund,156
end covid 19,156
despite covid 19,156
enfrentar covid 19,156
covid 19 fatality,156
daerah jawa timur,156
us intelligence briefed,156
kepolisian daerah jawa,156
billion fight coronavirus,156
masyarakat untuk menggunakan,156
covid 19 think,156
jawa timur mengajak,156
covid 19 cause,156
il covid 19,156
timur mengajak seluruh,156
08 04 20,155
singer john prine,155
demi keselamatan bersama,155
recovered coronavirus patients,155
resigns blast coronavirus,155
covid 19 even,155
500 000 cases,155
nuevos casos positivos,155
deal covid 19,155
die old age,155
kepala kepolisian daerah,155
covid19 coronavirus pandemic,155
covid 19 ile,155
realdonaldtrump seanhannity foxnews,155
intelligence briefed white,154
blast coronavirus response,154
humans die old,154
181 casos confirmados,154
10 humans die,154
low antibody levels,154
dr fauci says,154
free covid 19,154
chief resigns blast,154
defends trump coronavirus,154
daily covid 19,154
african americans dying,153
covid19 prevenciónymasprevencion venezuelaavanzaensalud,153
want many body,153
get well soon,153
cases covid19 reported,153
coronavirus data shows,153
normas siguiéremos avanzando,153
donne milliard dollars,153
less 10 humans,153
lh87 bagimunegeri bersatulawancovid,152
us coronavirus cases,152
coronavirus relief efforts,152
pandémie covid 19,152
covid 19 resources,152
bersama bersatu lawan,151
people tested positive,151
keselamatan bersama bersatu,151
task force hold,151
coronavirus response via,151
new covid19 cases,151
coronavirus social distancing,150
take covid 19,150
bagimunegeri bersatulawancovid 19,150
universal basic income,150
even covid 19,150
antibody levels raise,149
ai tempi coronavirus,149
real turn imaginary,149
tweet quoted article,149
levels raise questions,149
covid 19 risk,149
coaching overcount covid,149
19 death rates,149
coronavirus real turn,149
horror coronavirus real,149
hhs document coaching,149
document coaching overcount,149
poll majority americans,149
fight coronavirus pandemic,148
cuarentena covid 19,148
together beat pandemic,148
majority americans say,148
feds seizing coronavirus,148
existence cataclysmic coronavirus,148
turn imaginary war,147
trump covid 19,147
covid 19 china,147
new blog post,147
billion covid 19,147
amor tiempos coronavirus,146
young americans killed,146
tiempos covid 19,146
americans killed coronavirus,146
testing covid 19,146
november existence cataclysmic,146
fraudulent covid 19,146
people died today,146
trump coronavirus press,146
air pollution linked,146
realdonaldtrump dupont_news fedex,145
evitar propagación coronavirus,145
bike close jurgen,145
close jurgen thoelen,145
national coronavirus surveillance,145
abc news reports,145
government covid 19,144
think covid 19,144
underlying health condition,144
symptoms covid 19,144
prevent covid 19,144
hundreds young americans,144
chief medical officer,144
black americans dying,144
briefing white house,143
covid 19 hotspots,143
keep us safe,143
400 000 cases,143
job preventing coronavirus,143
โคว ด19เราต องรอด,143
de covid 19,143
covid 19 drug,143
от covid 19,143
เราไม งก covid19,143
22 new cases,143
milliard dollars pour,143
covid 19 free,142
today covid 19,142
virus dirumahaja lawancovid19,142
effects covid 19,142
coronavirus virus dirumahaja,142
lawancovid19 lawancorona coronaindonesia,142
preventing coronavirus spread,142
polricegahcorona coronavirus virus,142
lawancorona coronaindonesia kepri,142
satgasnusantarakepri poldakepri poldakepricegahcovid19,142
satgasnusantara satgasnusantarakepri poldakepri,142
hold us funding,142
dirumahaja lawancovid19 lawancorona,142
via namo app,142
poldakepricegahcovid19 polri polricegahcorona,142
poldakepri poldakepricegahcovid19 polri,142
polri polricegahcorona coronavirus,142
cover up coronavirus,142
old age coronavirus,142
year old man,142
work covid 19,141
covid 19 get,141
killed coronavirus data,141
age coronavirus fallout,141
cataclysmic coronavirus abc,141
covid 19 affecting,141
johns hopkins university,141
nofollow twitter iphone,140
classifying deaths patients,140
caused covid 19,140
covid 19 health,140
number confirmed cases,140
jptu jabatanpenerangan covid19,139
19 di indonesia,139
covid 19 business,139
outbreaks new diseases,139
19 covid 19,139
covid 19 victims,139
anyone dies coronavirus,138
infectados covid 19,138
essential workers exposed,138
intensive care unit,138
world news guardian,138
state covid 19,138
day covid 19,138
twitter donne milliard,137
regardless underlying health,137
covid 19 mundo,137
crise du covid19,137
covid 19 community,137
lutter contre covid,137
10 000 morts,137
lutte contre covid,137
coronavirus press briefings,137
social distancing rules,137
black americans face,137
americans say federal,136
twitter boss pledges,136
dans lutte contre,136
du porte avions,136
aux états unis,136
nuevos casos covid,136
covid 19 hit,136
tackle covid 19,136
ethiopia declares state,135
information covid 19,135
use covid 19,135
2020 covid 19,135
tests tests tests,135
porte avions charles,135
coronavirus cases country,135
due coronavirus crisis,135
spread rural america,135
funding world health,135
covid 19 reported,134
coronavirus slow spread,134
hello fantasticradio co,134
coronavirus exploiting nature,134
coronavirus covid19 coronavirusoutbreak,134
social distancing government,134
stayhomesafelives buy song,134
0208 90 2121,134
deaths patients coronavirus,134
covid19 covid 19,134
90 2121 hello,134
exploiting nature drives,134
believeyourpossibilities stayhomesafelives buy,134
co uk fantasticradiouk,134
fantasticradio co uk,134
nature drives outbreaks,134
cats indoors vets,134
drives outbreaks new,134
lives daily talk,134
van het coronavirus,134
2121 hello fantasticradio,134
uk fantasticradiouk homeofpossibilities,134
jefe consejo europeo,134
fantasticradiouk homeofpossibilities believeyourpossibilities,134
homeofpossibilities believeyourpossibilities stayhomesafelives,134
covid 19 still,133
avanzando eliminación covid19,133
eliminación covid19 prevenciónymasprevencion,133
faulty coronavirus equipment,133
covid 19 support,133
dampak covid 19,133
coronaindonesia kepri indonesia,133
new confirmed case,133
sound alarm article,133
8abril bendición nazareno,133
government classifying deaths,133
cumpliendo normas siguiéremos,133
siguiéremos avanzando eliminación,133
bendición nazareno cumpliendo,133
alarm article amp,133
white house november,133
coronavirus keep cats,133
indoors vets recommend,133
nazareno cumpliendo normas,133
patients coronavirus covid,133
gon na get,133
daily death toll,133
lutter contre coronavirus,132
discrepancias gestión crisis,132
rural america anymore,132
pre existing conditions,132
slow spread rural,132
par covid 19,132
inspired charlotte web,132
year old father,132
thousands leave wuhan,132
hospitals say angeles,132
confirmed covid19 cases,132
coronavirus outbreak via,132
covid 19 impacting,132
coronavirus relief fund,132
si mata coronavirus,132
new coronavirus deaths,131
rt world news,131
furious china faulty,131
population coronavirus covid19,131
illustrator axel scheffler,131
trump coronavirus task,131
cause du coronavirus,131
countries furious china,131
dr birx confirms,131
organización mundial salud,131
total covid 19,131
shelter in place,131
hit covid 19,131
total number cases,131
coronavirus face masks,131
covid 19 stay,131
public health crisis,131
china faulty coronavirus,131
covid19 coronavirus stayhome,130
value lives daily,130
new cases confirmed,130
need covid 19,130
ce qu il,130
new cases new,130
covid 19 might,130
boss pledges 1bn,130
