coronavirus,248820
covid,169041
19,160025
covid19,150314
nan,53102
amp,37938
people,34645
new,31475
pandemic,31283
via,29316
trump,27331
us,26585
cases,25768
lockdown,23732
may,21092
news,20448
virus,19146
deaths,18216
like,17863
china,17641
health,17480
get,17213
one,17066
crisis,16399
time,15821
help,15599
world,15117
000,15044
day,14818
workers,14252
2020,14202
di,13751
need,13383
home,13371
et,13255
government,12545
today,12535
il,12433
says,12323
work,12117
would,12088
state,11707
death,11533
des,11450
see,11204
know,11104
du,11014
due,10993
si,10833
could,10819
please,10637
good,10415
test,10358
many,10159
go,9987
corona,9842
realdonaldtrump,9795
support,9792
testing,9760
per,9727
uk,9605
back,9594
still,9578
tests,9571
est,9400
positive,9340
take,9319
even,9309
patients,9245
da,9143
care,8910
going,8894
first,8852
stay,8669
die,8654
country,8502
make,8492
the,8455
total,8362
live,8332
well,8314
pour,8283
also,8261
re,8161
india,8098
response,8093
read,8092
na,8074
social,7915
covid_19,7755
let,7671
think,7589
said,7523
right,7465
spread,7374
fight,7321
business,7262
way,7242
great,7185
casos,7170
want,7096
thank,7044
last,7025
10,7009
times,6952
say,6911
pandemia,6909
30,6804
latest,6793
100,6741
public,6656
vaccine,6653
really,6651
two,6599
pas,6581
outbreak,6572
much,6506
hospital,6406
use,6395
update,6395
free,6383
keep,6382
daily,6351
working,6307
safe,6269
look,6253
post,6157
come,6138
amid,6050
face,6024
must,6004
non,6002
video,5936
states,5932
au,5906
global,5904
data,5902
wuhan,5896
true,5893
open,5874
president,5865
number,5862
year,5848
life,5751
every,5691
to,5655
money,5607
thanks,5578
lab,5576
une,5540
next,5519
covid__19,5514
week,5512
stop,5505
24,5491
years,5460
dr,5435
days,5401
another,5365
tested,5345
million,5329
impact,5321
economy,5315
april,5272
lives,5214
em,5182
made,5168
community,5131
risk,5112
end,5112
report,5103
app,5090
media,5065
gt,5037
emergency,5020
youtube,5012
vía,4986
man,4970
20,4942
everyone,4935
hope,4922
stayhome,4906
food,4895
confirmed,4894
never,4886
around,4875
sur,4858
long,4845
died,4838
weeks,4816
dans,4798
online,4797
check,4792
qui,4788
com,4767
got,4748
best,4694
updates,4670
dan,4662
medical,4655
give,4642
mais,4639
family,4608
real,4605
ca,4603
in,4591
twitter,4584
since,4524
research,4522
done,4506
case,4501
month,4492
plan,4478
better,4466
article,4444
america,4433
usa,4403
part,4379
watch,4374
não,4364
rate,4358
find,4353
high,4350
ne,4339
americans,4332
masks,4309
without,4309
ce,4278
gobierno,4273
che,4247
information,4236
día,4229
chinese,4218
big,4206
ve,4193
children,4187
quarantine,4151
businesses,4143
numbers,4131
getting,4115
happy,4109
important,4104
call,4074
countries,4072
staff,4066
evidence,4062
love,4045
plus,4028
and,4012
job,4002
show,4002
pay,3930
yet,3921
je,3910
treatment,3894
national,3893
friday,3889
reported,3855
team,3847
mundo,3837
govt,3821
seen,3792
things,3789
gov,3786
restrictions,3779
mask,3767
york,3765
join,3758
story,3752
salud,3744
needs,3741
order,3740
disease,3738
already,3732
county,3726
change,3712
par,3709
11,3701
pm,3695
ser,3694
continue,3691
city,3691
economic,3683
nhs,3682
hit,3680
mayo,3677
far,3674
15,3636
de,3618
remdesivir,3614
eu,3605
governor,3600
protect,3595
flu,3587
start,3568
god,3542
12,3536
using,3532
hard,3532
sure,3531
local,3526
others,3512
situation,3511
put,3505
thing,3504
drug,3503
share,3502
full,3499
relief,3494
país,3491
likely,3471
away,3469
across,3434
safety,3433
der,3428
va,3418
bbc,3412
house,3399
together,3393
making,3388
distancing,3368
taking,3359
hoy,3353
something,3345
dead,3341
essential,3339
old,3338
place,3331
infected,3324
of,3311
ppe,3290
future,3277
healthcare,3276
person,3270
van,3254
contact,3251
breaking,3250
ever,3242
south,3231
months,3211
federal,3200
reports,3197
rel,3189
personas,3184
american,3183
point,3181
href,3181
tell,3180
link,3178
nofollow,3177
sa,3165
कर,3165
population,3163
rt,3157
believe,3157
50,3154
vous,3138
anyone,3132
early,3127
toll,3127
might,3126
enough,3123
gente,3109
casa,3065
um,3061
services,3058
michigan,3055
doctors,3050
france,3046
follow,3038
study,3035
white,3025
yes,3024
small,3024
trying,3021
normal,3006
bill,3003
someone,2999
nothing,2988
nous,2965
reopen,2964
hospitals,2962
learn,2962
top,2961
mayday,2957
recovered,2955
soon,2955
it,2944
minister,2931
this,2923
cause,2916
less,2915
lot,2904
recovery,2901
symptoms,2900
und,2888
yang,2884
looking,2882
bad,2881
coming,2875
always,2872
experts,2843
qu,2843
homes,2824
travel,2822
available,2811
staysafe,2811
cnn,2806
dos,2788
solo,2782
system,2780
ai,2773
measures,2762
01,2757
possible,2750
fighting,2748
market,2747
including,2735
service,2731
ll,2726
feel,2723
18,2721
we,2711
everything,2705
het,2697
mai,2688
coronavírus,2687
nigeria,2678
school,2671
families,2669
cure,2669
used,2668
control,2668
españa,2666
war,2664
donald,2659
related,2658
human,2655
africa,2654
doctor,2651
least,2647
bien,2647
save,2644
air,2632
info,2630
millions,2627
infection,2625
avec,2617
oh,2599
mayday2020,2593
provide,2587
police,2579
ini,2563
industry,2559
students,2554
das,2548
la,2547
reopening,2542
on,2539
ahora,2535
60,2528
target,2526
science,2514
saying,2513
lost,2513
second,2508
cuarentena,2507
25,2506
front,2499
14,2495
for,2491
increase,2479
wrong,2478
women,2477
mas,2477
line,2471
little,2465
actually,2461
you,2452
así,2449
shows,2443
web,2438
17,2427
set,2424
areas,2417
three,2414
fact,2410
past,2410
questions,2402
different,2396
sign,2395
claims,2391
jobs,2391
no,2378
despite,2372
sick,2371
fake,2371
covidー19,2371
return,2365
nation,2355
current,2355
special,2355
ou,2352
presidente,2345
visit,2345
en,2344
brasil,2340
australia,2338
international,2335
access,2333
plans,2327
sont,2326
hours,2325
labour,2318
called,2316
frontline,2311
personal,2308
members,2305
red,2293
companies,2289
yesterday,2285
etc,2283
found,2283
sir,2282
confinement,2280
leaders,2279
helping,2276
affected,2275
whole,2271
fda,2269
05,2267
group,2260
came,2259
anything,2258
based,2258
black,2257
el,2250
especially,2240
पर,2235
thought,2234
action,2234
patient,2231
makes,2230
efforts,2229
is,2223
और,2221
stayathome,2214
shit,2212
financial,2208
virtual,2208
hacer,2203
coronaviruspandemic,2203
gates,2195
march,2187
seems,2186
close,2181
maybe,2179
रह,2179
dying,2176
low,2176
california,2174
poor,2172
key,2171
company,2167
employees,2166
understand,2163
trabajo,2159
webinar,2158
fund,2157
cdc,2140
amazon,2140
medidas,2136
kids,2135
told,2131
question,2127
higher,2117
able,2115
self,2111
closed,2109
40,2105
press,2105
labourday,2100
trabajadores,2097
canada,2091
gop,2085
mean,2077
mental,2077
mass,2075
ready,2075
interesting,2070
level,2070
left,2066
ask,2065
matthancock,2062
crise,2061
nuevos,2060
puede,2059
gracias,2057
texas,2052
residents,2050
truth,2048
wants,2045
power,2044
13,2041
force,2041
demand,2038
officials,2038
dia,2035
sector,2034
muertes,2033
talk,2030
tweet,2027
act,2024
chief,2019
cómo,2015
united,2015
issues,2013
idea,2013
started,2013
00,2011
guidelines,2006
center,1999
digital,1998
wait,1995
citizens,1984
resources,1977
europe,1976
pacientes,1973
listen,1972
nursing,1966
remember,1966
thousands,1958
highest,1956
means,1953
2019,1952
worst,1952
communities,1951
leadership,1947
johnson,1941
16,1939
días,1938
wo,1934
mil,1934
results,1931
ago,1930
schools,1928
become,1924
orders,1923
kill,1923
menos,1915
1st,1912
hear,1911
ways,1908
advice,1907
political,1905
worse,1901
taken,1898
vulnerable,1897
season,1896
following,1896
aux,1895
muertos,1894
office,1894
uma,1894
ver,1882
at,1882
single,1880
given,1879
gets,1875
scientists,1867
according,1866
blog,1861
oms,1858
all,1857
education,1856
500,1855
fuck,1854
narendramodi,1853
living,1850
list,1848
behind,1843
administration,1843
else,1839
contre,1837
reason,1833
hi,1828
treat,1828
unemployment,1826
ça,1826
untuk,1822
friends,1819
reporting,1819
release,1812
fallecidos,1807
opening,1805
morning,1802
bring,1802
facebook,1799
aid,1794
bank,1793
hai,1787
try,1786
lies,1786
ils,1786
course,1784
fauci,1784
boris,1783
instead,1780
fear,1779
indiafightscorona,1778
huge,1770
ist,1770
almost,1767
among,1765
que,1760
rise,1758
cas,1757
sars,1756
hace,1755
vida,1751
funds,1750
masques,1746
needed,1744
sent,1742
novel,1741
vaccines,1740
spreading,1739
play,1738
hands,1738
tv,1736
details,1734
un,1734
billion,1731
cut,1730
proud,1729
mayor,1726
caused,1724
thread,1720
deal,1720
yg,1716
immunity,1714
quedateencasa,1713
meat,1713
nearly,1712
forward,1710
figures,1709
general,1709
law,1708
rights,1704
met,1703
tem,1702
florida,1698
allowed,1698
society,1694
casi,1691
buy,1691
nuevo,1690
bolsonaro,1689
clear,1686
green,1681
infections,1679
problem,1679
amazing,1677
intelligence,1676
கள,1673
ont,1673
co,1671
rules,1670
fucking,1670
survey,1669
cuba,1668
giving,1666
though,1663
wear,1663
looks,1662
source,1657
cada,1654
continues,1652
sad,1648
rest,1644
critical,1644
27,1642
run,1640
university,1636
heart,1634
sales,1632
moment,1629
della,1629
tips,1628
official,1627
takes,1626
area,1624
result,1624
wave,1623
potential,1622
date,1620
policy,1616
message,1614
lead,1611
stupid,1608
kita,1608
anti,1608
extended,1607
issue,1607
aquí,1606
record,1603
donate,1599
kano,1597
comes,1596
leave,1594
worker,1593
funding,1592
madagascar,1591
fall,1589
tech,1588
announced,1587
méxico,1586
años,1586
centre,1586
technology,1584
isolation,1582
created,1579
conditions,1575
sense,1573
happen,1573
calls,1572
pmoindia,1570
released,1570
move,1570
lie,1569
talking,1568
contagios,1567
history,1565
80,1564
piersmorgan,1562
healthy,1560
that,1555
deadly,1552
sono,1552
blame,1549
cette,1548
ke,1547
till,1545
facts,1539
ensure,1538
wow,1538
rates,1536
challenges,1536
nurses,1533
dies,1531
website,1529
potus,1527
happening,1526
vs,1526
party,1522
pandemi,1518
age,1518
half,1517
mejor,1513
ceo,1513
security,1512
borisjohnson,1511
handling,1509
socialdistancing,1509
germany,1508
body,1507
keeping,1502
ones,1499
korea,1499
frente,1499
obama,1498
tout,1496
tracing,1494
matter,1494
department,1493
sweden,1493
200,1491
trust,1491
asked,1490
shut,1489
zone,1487
italy,1484
een,1484
dice,1478
briefing,1477
29,1475
goes,1474
elonmusk,1474
up,1472
lol,1472
worldwide,1471
ok,1471
im,1464
mr,1463
labor,1463
zero,1463
dangerous,1462
whether,1461
nicht,1460
program,1459
period,1458
took,1458
african,1457
den,1457
russia,1456
guys,1456
hand,1456
italia,1455
supply,1451
63,1449
vote,1447
prevent,1445
term,1444
pra,1444
dari,1444
leader,1442
caso,1441
mal,1438
protection,1436
director,1436
stand,1435
probably,1434
parents,1433
changes,1432
nyc,1432
wearing,1430
28,1430
tiempos,1430
comment,1430
mind,1430
70,1428
tous,1427
être,1423
dont,1422
tax,1422
gon,1421
21,1421
thursday,1421
als,1420
von,1419
lying,1419
plant,1419
beyond,1418
page,1417
running,1417
orange,1416
ventilators,1415
coronavirusoutbreak,1410
pakistan,1410
difficult,1409
major,1407
fait,1404
active,1403
politics,1403
er,1403
peak,1400
outside,1400
name,1399
faire,1397
within,1393
supporting,1393
calling,1392
campaign,1392
light,1391
apple,1390
wish,1389
35,1389
kind,1388
podcast,1388
horas,1387
send,1387
covid2019,1385
gives,1385
opportunity,1384
child,1383
lack,1383
remain,1382
paid,1381
prime,1381
currently,1381
26,1381
battle,1377
cost,1377
chance,1375
allow,1373
mit,1373
salute,1371
worth,1371
cancer,1370
georgia,1370
changed,1368
young,1367
maharashtra,1366
blood,1365
car,1363
series,1363
longer,1362
facing,1362
ahead,1359
pass,1357
wonder,1356
