gram,counts
covid 19,196258
herman cain,18115
19 pandemic,6923
19 cases,6868
coronavirus pandemic,6151
coronavirus covid19,6146
coronavirus cases,5226
covid19 coronavirus,5174
wear mask,5132
cain dies,4991
150 000,4847
presidential candidate,4785
positive covid,4618
new cases,4539
protokol kesehatan,3541
tested positive,3258
covid19 pandemic,3219
19 vaccine,3127
test positive,3013
nuevos casos,3004
candidate herman,2968
social distancing,2906
tulsa rally,2904
cain died,2856
coronavirus deaths,2790
due covid,2783
positive coronavirus,2774
dr fauci,2725
wearing mask,2711
new covid,2662
penyebaran covid,2556
donald trump,2447
casos covid,2420
died coronavirus,2356
gop presidential,2334
new coronavirus,2272
public health,2242
trump rally,2217
died covid,2211
via youtube,2209
former gop,2179
19 deaths,2163
dies coronavirus,2159
new york,2126
death toll,2103
casos coronavirus,2067
july 30,2032
coronavirus covid,2018
19 patients,1996
coronavirus vaccine,1991
covid19 cases,1940
positivo covid,1937
dies covid,1867
19 via,1853
24 horas,1850
second wave,1836
battle coronavirus,1831
louie gohmert,1825
19 di,1811
tests positive,1790
wear masks,1744
due coronavirus,1728
gon na,1715
19 polriajakpakaimasker,1688
news coronavirus,1687
united states,1627
bbc news,1622
mass recovery,1610
many people,1572
sars cov,1549
first dog,1542
president trump,1531
due covid19,1517
10 days,1516
dies battle,1467
white house,1464
second quarter,1443
co founder,1439
died covid19,1437
19 crisis,1436
30 julio,1417
spread coronavirus,1414
amid covid,1407
gt gt,1390
19 testing,1390
últimas 24,1389
trump tulsa,1388
30 2020,1381
rally tulsa,1377
former presidential,1357
coronavirus outbreak,1352
bill gates,1345
19 test,1344
coronavirus via,1337
excess deaths,1291
mild asymptomatic,1288
death rate,1280
vacuna covid,1274
cases covid,1267
wearing masks,1265
24 hours,1250
casos positivos,1250
pandemia coronavirus,1234
casos confirmados,1229
without mask,1213
da covid,1197
cain former,1195
19 outbreak,1193
delay election,1177
republican presidential,1173
mass testing,1170
positivo coronavirus,1162
active cases,1161
spread covid,1156
stay home,1140
coronavirus lockdown,1138
19 died,1138
stay safe,1137
new deaths,1133
cain dead,1132
confirmed cases,1131
live updates,1126
000 americans,1123
amid coronavirus,1117
back school,1116
30 07,1101
england highest,1096
us economy,1095
looks like,1070
single day,1066
people died,1056
novel coronavirus,1055
19 death,1052
impact covid,1051
coronavirus relief,1050
social media,1050
federalist society,1044
cegah penyebaran,1038
19 segera,1037
realdonaldtrump wsj,1032
mr cain,1023
spread covid19,1022
pakai masker,1013
pandemia covid19,1008
young people,1006
long term,1004
pandemi covid,1002
coronavirus live,994
face mask,985
coronavirus death,979
positive cases,972
pandemia covid,971
menerapkan protokol,966
face masks,966
former republican,965
year old,963
19 virus,958
study finds,955
coronavirus response,951
19 response,950
get covid,946
kesehatan untuk,943
cegah covid,937
kebiasaan baru,933
covid19 deaths,933
contact tracing,923
postpone election,923
adaptasi kebiasaan,918
menjalankan ibadah,915
meminimalkan penyebaran,915
untuk meminimalkan,914
ibadah dengan,911
coronavirus crisis,905
dio positivo,904
flu virus,903
go back,901
corona virus,897
colon cancer,893
wajib menerapkan,886
tenang dan,885
dan khusyuk,885
save lives,884
dengan tenang,883
000 people,882
khusyuk serta,882
serta wajib,881
19 treatment,879
virus may,871
fake news,866
every day,861
19 relief,857
coronavirus patients,852
segera berlalu,848
make sure,847
health care,847
may try,843
try covid19,842
johnson amp,839
july 2020,836
one day,835
exc let,835
let introd,835
effective overcoming,835
overcoming flu,835
widely proven,835
proven losing,835
losing energy,835
energy try,835
try men,835
men read,835
isolation period,834
cases deaths,834
07 2020,834
rep louie,832
around world,832
candidate dies,831
michelle bolsonaro,830
semoga covid,828
fight covid,825
positive covid19,823
idul adha,822
total cases,822
polriajakpakaimaskertetap menjalankan,821
amp johnson,813
000 coronavirus,812
people die,811
hydroxychloroquine treat,809
da positivo,808
good news,807
muertes covid,807
dies 74,806
19 coronavirus,801
mental health,801
herd immunity,799
help us,792
testing positive,792
casos covid19,789
1trenggalek semoga,789
hong kong,787
sergio perez,787
yale epidemiologist,781
contracting covid,781
asymptomatic cases,781
task force,780
19 update,780
dog us,775
look like,772
coronavirus update,769
covid__19 coronavirus,769
checo pérez,759
realdonaldtrump varneyco,756
19 tests,755
mail in,755
whitehouse realdonaldtrump,754
polriajakpakaimaskerperhatikan protokol,752
kesehatan cara,752
cara ampuh,752
ampuh cegah,752
virus covid,751
19 lockdown,750
14 days,749
cases coronavirus,745
cain death,744
us test,741
10 000,739
fox news,735
wear goggles,734
casos nuevos,732
test results,731
last week,731
might try,730
join us,728
boris johnson,727
trump might,727
wearing face,726
loved ones,723
74 coronavirus,722
julio 2020,721
000 dead,721
york times,720
northern england,720
americans died,719
000 deaths,711
19 hoax,711
new covid19,708
rest peace,708
american people,706
contagios covid,705
19 positive,704
two weeks,703
india mitega,700
social distance,698
try postpone,697
misinformation campaign,696
passed away,694
pacientes covid,687
election unconstitutional,687
nursing homes,686
du coronavirus,684
john lewis,681
first time,680
china virus,680
self isolation,679
face covering,678
covid19 covid,677
press conference,676
die covid,676
covid19 vaccine,673
parts northern,672
coronavirus infection,671
economy contracted,663
cases reported,662
kampung tangguh,662
people dying,660
post covid,660
wash hands,653
coronavirus england,652
attending trump,651
coronavirus testing,648
coronavirus argentina,647
covid19 crisis,645
running misinformation,645
dying covid,643
covid__19 covid19,640
epidemiologist dr,640
fauci running,640
refused wear,638
jul 30,634
years ago,633
covid19 bn,633
bn widely,633
relief bill,631
ee uu,625
get tested,624
every minute,623
dog test,623
get coronavirus,623
covid19 patients,621
100 000,621
trump administration,620
campaign hydroxychloroquine,618
mitega india,618
high risk,616
months ago,616
klaster covid,615
covid19 amp,615
kita harus,614
coronavirus covid__19,614
19 infections,613
use hydroxychloroquine,611
nuevos contagios,610
positivos covid,610
breaking news,609
waspada klaster,608
indonesia effective,608
coronavirus complications,606
stella immanuel,604
coronavirus 74,603
got covid,601
trump coronavirus,599
rip herman,594
last 24,593
introd herb,592
herb indonesia,592
19 impact,591
dari covid,590
response covid,588
immune system,588
go away,586
coronavirus us,584
19 amp,582
di pekantoran,581
treat covid,581
fauci says,579
fight covid19,577
total number,576
prevent spread,576
drops 32,576
klaster perkantoran,575
1trenggalek polriajakpakaimaskerperhatikan,575
july 29,574
vacuna coronavirus,573
health officials,573
19 em,572
founder dies,571
coronavirus disease,571
coronavirus tests,570
global pandemic,570
first half,570
muertes coronavirus,567
coronavirus trump,567
fight coronavirus,566
coronavirus related,565
top story,565
coronavirus hoax,565
stop spread,565
coronavirus stimulus,564
19 kampungtangguhsemeru,563
mask wearing,562
upaya menekan,561
says coronavirus,561
tertib protokol,560
positif covid,560
na lang,560
wan na,559
unemployment benefits,558
need know,557
sars coronavirus,557
stage colon,557
sebagai upaya,556
treat coronavirus,556
19 case,553
covid19 corona,553
next week,553
du covid,552
munculnya klaster,551
please help,549
fase adaptasi,548
people covid,547
menekan munculnya,546
even though,545
realdonaldtrump flotus,545
across country,544
cause death,544
in person,542
coronavirus infections,542
slow spread,542
attended trump,542
dead coronavirus,541
in the,539
casos activos,538
covid coronavirus,538
contagios coronavirus,537
com covid,534
coronavirus test,533
contracted covid,533
coronavirus news,531
wear face,529
abc news,529
perkantoran kita,528
cases covid19,528
new normal,526
anti mask,526
pada fase,525
19 data,525
harus tertib,524
back work,524
jair bolsonaro,524
health ministry,523
take hydroxychloroquine,522
impact covid19,521
covid_19 coronavirus,521
covid19 testing,520
hydroxychloroquine covid,518
pekantoran pada,517
turning point,517
april june,515
highest level,514
get covid19,513
pharmacy board,512
deaths europe,512
would like,511
people wear,511
of the,510
goggles eye,509
baru sebagai,508
jueves 30,507
johns hopkins,507
aged care,507
children may,507
us open,505
pehlejaanphirchunav pehlejaanphirchunav,505
via gatewaypundit,501
per day,501
common sense,501
die covid19,500
states need,500
self isolate,499
covid19 sarscov2,498
worst gdp,498
racing point,497
ministerio salud,496
américa latina,496
people get,494
hari raya,493
muertos coronavirus,493
sergio pérez,492
god bless,491
positivo covid19,491
get back,490
ruby princess,490
keluar dari,489
six months,489
covid19 response,489
south africa,489
big pharma,488
anthony fauci,488
menggunakan masker,487
crisis coronavirus,486
million people,486
care homes,486
founder federalist,485
deaths reported,484
pandemic covid19,483
covid19 lockdown,479
greater manchester,479
pruebas covid,478
corona covid19,478
coronavirus experts,478
cases confirmed,477
tell us,476
hospitalized covid,476
new post,475
13 states,475
lockdown tightened,474
open schools,473
covid19 covid__19,472
19 situation,470
zona hijau,470
relief package,470
department health,470
president donald,470
rally without,468
mike_pence realdonaldtrump,467
tagged recovered,466
cure covid,465
us coronavirus,465
high levels,465
kesehatan sejak,464
face coverings,464
segundo trimestre,464
treatment covid,464
die coronavirus,464
carry coronavirus,464
coronavirus case,463
30 july,462
recovered covid,462
coronavirus spread,462
sejak keluar,460
health amp,460
covid19 death,460
coronavirus virus,460
every single,458
19 related,458
19 infection,458
gdp report,457
trump campaign,457
tightened parts,457
let us,456
got ta,456
29 julio,454
people like,454
masker polriajakpakaimasker,453
level excess,453
virus covid19,452
common cold,452
died contracting,452
key defeating,451
52 123,451
covid19 covid_19,451
half 2020,451
need lock,451
wave coronavirus,450
deaths covid,448
19 spread,448
50 000,447
covid covid19,447
post covid19,446
nuovi casi,446
harvard coronavirus,446
family members,444
defeating covid,443
19 already,443
people still,443
need start,442
via nytimes,442
people need,442
coronavirus uk,442
covid19 virus,442
china coronavirus,442
stage cancer,442
gohmert says,441
coronavirus covid_19,441
may carry,441
point usa,440
new study,439
protection coronavirus,439
better protection,438
number covid,436
total deaths,436
pandemic covid,436
puede ser,436
populous state,435
reported today,434
tulsa oklahoma,434
cases rise,432
according harvard,432
coronavirus high,432
17 millones,431
record high,431
delaying election,431
coronavirus symptoms,430
nuevo coronavirus,430
ohio pharmacy,429
2020 07,429
dari rumah,428
covid19 test,428
test covid,428
us covid,427
coronavirus treatment,426
get sick,426
lock according,426
coronavirus coronavirus,425
realdonaldtrump trump,425
start using,424
schools reopen,424
spread virus,424
het coronavirus,423
last days,422
rumah hingga,422
000 000,422
levels study,422
hingga kembali,421
coronavirus task,421
19 restrictions,421
economic recovery,420
get well,420
penyebaran virus,420
potent inhibitor,419
despite covid,418
coronavirus aid,417
cases today,417
dying coronavirus,415
testa positivo,415
high school,414
fauci suggests,414
big tech,414
take care,414
via justthenews,413
well done,412
conspiracy theories,412
small businesses,412
heart damage,411
uk coronavirus,411
kembali pulang,410
new death,410
covid19 positive,409
coronavirus updates,409
one person,409
response coronavirus,409
well soon,409
19 trump,409
mask mandate,408
19 symptoms,407
one thing,407
yes coronavirus,407
gran bretaña,407
excess death,406
19 going,406
response covid19,405
take covid,405
in voting,405
daily cases,404
sounds like,404
coronavirus australia,403
sa mga,403
daily thanks,402
matt hancock,402
wearing goggles,401
battle covid,399
work home,398
seven 10,398
qu il,397
juli 2020,396
already exists,395
climate change,395
trump says,395
delcy rodríguez,394
nouveaux cas,394
report ever,394
coronavirus corona,393
tangguh semeru,393
via yahoonews,393
health system,392
covid19 hoax,392
17 million,391
health experts,391
death every,390
inhibitor sars,390
anyone else,389
sa covid,389
penanganan covid,388
family friends,388
border force,387
trump virus,387
covid19 trump,387
cure coronavirus,386
make sense,386
pro trump,386
cain attended,386
est pas,385
side effects,384
americans dead,384
seems like,384
eye shield,384
killed herman,384
years old,383
number cases,383
recovery rate,383
campaign rally,383
kabupaten cilacap,383
coronavirus india,382
dead covid,382
32 worst,381
people covid19,380
cases surge,380
covid cases,379
increase covid,378
europe first,378
contagios covid19,376
nursing home,376
daily coronavirus,375
30 juli,375
first wave,374
cases record,373
contracting coronavirus,373
eid al,373
al adha,373
rate record,373
stayhome staysafe,372
health department,372
weeks ago,372
last year,372
got covid19,372
coronavirus air,370
trump amp,370
mil casos,370
essential workers,370
age 74,370
comité expertos,369
exists need,368
holy shit,368
coronavirus restrictions,368
du covid19,367
diagnosed covid,367
the coronavirus,367
19 cure,366
via nbcnews,366
take seriously,366
at home,366
trump supporters,366
economy drops,366
19 still,365
please take,365
got coronavirus,365
black people,364
il coronavirus,364
primer perro,364
watch live,364
masks social,363
feel like,363
cases amp,362
positivos coronavirus,362
realdonaldtrump potus,361
19 través,361
since march,361
highest daily,361
grand prix,361
quarterly rate,361
2nd wave,360
months hell,360
fastest quarterly,360
mortality rate,359
joe biden,359
june coronavirus,359
right wing,357
via nypost,357
fatality rate,357
vacuna covid19,357
fbi building,356
number coronavirus,356
mask social,356
mandates wearing,355
positive test,355
covid19 relief,355
need help,355
million coronavirus,354
second most,354
trump covid,354
19 venezuela,354
46 000,354
contracted fastest,354
washington post,353
000 covid,353
pm et,353
state mandates,352
federal government,352
deaths per,352
come back,352
says covid,351
protect coronavirus,351
tested covid,351
fin semana,351
90 000,350
cure covid19,350
via usatoday,350
fauci recommends,350
hospitalized coronavirus,350
19 quarantine,349
south korea,349
presidential election,349
surpasses 150,348
corona coronavirus,348
jaga jarak,347
most populous,347
breaks new,347
australia second,346
covering country,346
country breaks,346
healthcare workers,346
90 mil,345
19 diagnosis,345
vaccine candidate,345
testing sites,344
marcos pontes,344
chloroquine potent,343
19 attending,343
princess passengers,343
mortes covid,342
worst ever,342
re tagged,342
19 numbers,341
dr stella,341
29 2020,341
next year,341
última hora,340
lot people,339
wave covid,339
19 real,338
confirmed covid,338
hell economy,338
rep gohmert,337
handling coronavirus,336
19 recovery,335
covid19 covidー19,335
death covid,335
07 30,335
makes sense,335
record april,335
last month,334
covid19india coronavirus,333
co uk,333
treating covid,333
15 83,332
hits 150,331
कर रह,331
ang mga,331
highest number,331
novos casos,331
new daily,330
fallecidos covid,330
henry ford,330
dead covid19,330
dead americans,330
steven calabresi,330
587 nuevos,329
let get,329
killing people,329
presidential hopeful,329
deaths covid19,328
coronavirus bill,327
contracted coronavirus,327
population coronavirus,327
great job,327
coronavirus walloped,327
buddy first,326
death coronavirus,326
walloped workers,326
please wear,325
study shows,325
19 new,325
blue states,325
marc_lotter mike_pence,325
cases new,324
infection spread,324
world bank,324
masks work,324
kasus covid,324
46 mil,324
victoria records,323
post coronavirus,323
sign petition,323
child care,323
suggests goggles,323
first covid,322
thank god,322
pandemic via,322
deaths coronavirus,322
damn mask,321
total covid,321
good job,320
sarscov2 forecast,320
donate plasma,319
caught covid,319
let see,319
people coronavirus,319
related deaths,318
hydroxychloroquine zinc,318
หน ากากอนาม,318
infected covid,318
mr president,318
coronainfoch covid19,318
know covid,317
click link,317
19 may,317
shield better,317
realdonaldtrump herman,317
sue china,317
added covid,316
alien dna,315
experts say,315
give us,315
trump wants,315
first lady,315
2020 ons,315
highest excess,315
using opinion,314
19 país,314
blood hands,314
19 covid19,314
recovered coronavirus,314
health crisis,314
nuevas muertes,313
thursday july,313
19 protection,313
risk covid,312
prime minister,312
au covid,312
age well,312
gohmert tests,311
19 us,311
get rid,311
good luck,310
going back,310
talk us,310
death population,310
died today,310
2020 election,310
says take,309
like covid,309
world health,309
real estate,309
ons says,309
west yorkshire,309
human rights,308
coronavirus hit,307
trump gop,307
everyone else,307
covid19 bot,306
coronaviruspandemic covid19india,306
protect covid,306
selalu menggunakan,306
reports record,306
free covid,306
right thing,306
across europe,306
positivity rate,306
clinical trials,305
health safety,305
viral video,305
since covid,305
cases increase,305
morningmika realdonaldtrump,305
covid19 update,304
19 méxico,304
via nyt,304
death rates,304
hydroxychloroquine via,304
face shields,304
primeira dama,304
first place,303
working home,303
looking forward,303
affected covid19,303
crisis covid,303
july 31,303
coronavirus real,302
ng mga,302
aumento casos,302
19 guidelines,302
frontline doctors,301
school year,301
handling covid,300
covid19 si,300
kids back,300
americans wear,300
infected coronavirus,299
new zealand,299
people would,299
cases per,299
