gram,counts
covid 19 cases,6453
covid 19 pandemic,6349
covid 19 vaccine,3088
positive covid 19,2688
new covid 19,2535
due covid 19,2460
casos covid 19,2393
vacuna covid 19,2034
unc chapel hill,1959
covid 19 testing,1633
covid 19 deaths,1622
coronavirus covid 19,1438
amid covid 19,1369
covid 19 test,1303
cases covid 19,1255
covid 19 outbreak,1253
covid 19 crisis,1196
covid 19 via,1167
covid 19 patients,1158
últimas 24 horas,1127
pandemia covid 19,1055
da covid 19,1040
in person classes,1005
spread covid 19,1002
new coronavirus cases,993
impact covid 19,911
test positive covid,896
pandemi covid 19,886
covid 19 found,855
covid 19 update,844
covid 19 response,833
covid 19 tests,819
covid 19 coronavirus,819
covid 19 di,804
covid 19 death,793
19 found malaysia,788
died covid 19,782
nuevos casos coronavirus,748
primera patente vacuna,742
india mitega india,740
covid 19 positive,735
mitega india mitega,728
coronavirus evictions ban,711
robertjenrick urgently extend,707
extend coronavirus evictions,707
one forced home,707
forced home pandemic,707
tested positive covid,706
urgently extend coronavirus,706
petition calling robertjenrick,705
calling robertjenrick urgently,704
evictions ban one,704
ban one forced,704
covid 19 virus,699
signed petition calling,698
ve signed petition,697
home pandemic join,694
join via 38_degrees,692
pandemic join via,691
17 agosto 2020,673
contagios covid 19,668
nuevos casos covid,668
covid 19 infection,667
gnboficialve fabiozavarsep gnbgdjfl,667
17ago fanb gnbprotecciónysalud,663
coronavirus death toll,661
cuarentenaradicalreforzada gnboficialve fabiozavarsep,654
positivo covid 19,649
fanb gnbprotecciónysalud cuarentenaradicalreforzada,649
new york times,647
august 17 2020,636
gnbprotecciónysalud cuarentenaradicalreforzada gnboficialve,636
10 times infectious,624
aprueba primera patente,618
patente vacuna coronavirus,612
amid coronavirus pandemic,610
china aprueba primera,610
covid 19 case,601
tests positive covid,596
ce masque esclavagiste,591
masque esclavagiste dont,591
esclavagiste dont monnaiera,591
dont monnaiera si,591
monnaiera si gentiment,591
si gentiment libération,591
gentiment libération par,591
libération par vaccin,591
par vaccin si,591
vaccin si affairiste,591
covid 19 impact,588
patente vacuna covid,584
karşı savaşan tüm,582
savaşan tüm sağlıkçıların,581
tüm sağlıkçıların özlük,581
sağlıkçıların özlük hakları,581
covid19 karşı savaşan,580
özlük hakları yeniden,580
covid 19 relief,578
fight covid 19,578
hakları yeniden düzenlensin,577
bbc news coronavirus,569
yeniden düzenlensin tcbestepe,560
kampanyaya imza ver,554
ailevecalisma saglikbakanligi drfahrettinkoca,551
tcbestepe ailevecalisma saglikbakanligi,550
17 08 2020,547
düzenlensin tcbestepe ailevecalisma,546
covid 19 cure,544
saglikbakanligi drfahrettinkoca kampanyaya,541
drfahrettinkoca kampanyaya imza,541
new cases covid,540
covid 19 amp,536
response covid 19,536
india covid 19,523
covid19 covid covid_19,521
muertes covid 19,516
imza ver changetr,515
lunes 17 agosto,513
ver changetr aracılığıyla,512
covid 19 even,511
covid covid_19 coronavirus,511
tens thousands lives,505
non mask wearers,505
saved tens thousands,501
covid 19 infections,501
covid 19 em,501
last 24 hours,498
hcq could saved,496
positivos covid 19,495
immunity covid 19,493
proof hcq could,492
could saved tens,491
thousands lives us,490
lives us coronavirus,487
stunning proof hcq,481
chapel hill pivots,479
covid 19 lockdown,478
covid 19 cause,478
tested positive coronavirus,476
covid 19 través,476
squirting sex rap,474
sex rap beats,474
rap beats music,474
beats music exclusives,474
music exclusives onlineradio,474
exclusives onlineradio like,474
onlineradio like follow,474
like follow live,474
follow live media,474
live media news,474
media news lilbaby,474
news lilbaby baby,474
lilbaby baby firstdayofschool,474
baby firstdayofschool belarus,474
firstdayofschool belarus covid19,474
belarus covid19 barcelona,474
covid19 barcelona mondaymorning,473
barcelona mondaymorning trump,473
mondaymorning trump gcse2020,473
du covid 19,471
coronavirus jail fauci,470
even mild infections,470
see signs lasting,468
covid 19 situation,468
scientists see signs,468
us coronavirus jail,462
signs lasting immunity,461
students test positive,459
trusting donald trump,456
covid 19 stats,451
spike covid 19,449
coronavirus covid19 sarscov2,449
mutation covid 19,447
retweeet follow squirting,446
follow squirting sex,446
covid 19 spread,444
lasting immunity covid,444
new covid19 cases,443
jacinda ardern delays,443
cause death us,443
china aprueba patente,443
covid 19 17ago,442
new coronavirus strain,439
strain covid 19,438
aprueba patente vacuna,436
trump gcse2020 drake,435
get covid 19,431
gcse2020 drake future,431
virus covid 19,429
170 000 dead,429
predominant strain found,429
covid19 sarscov2 forecast,426
population coronavirus covid19,425
covid 19 safety,423
19 even mild,423
port du masque,422
know covid 19,421
gt gt gt,421
malaysia predominant strain,420
strain found europe,419
found malaysia predominant,418
fauci via gatewaypundit,417
new death population,417
death population coronavirus,417
found europe us,416
people covid 19,414
130 students test,412
170 000 americans,407
19 cause death,406
000 covid 19,405
new zealand election,405
first covid 19,402
post covid 19,401
covid 19 related,401
covid 19 data,400
covid 19 restrictions,397
pacientes covid 19,394
ardern delays election,390
mematuhi protokol kesehatan,389
unproven covid 19,382
covid 19 treatment,379
mutated strain covid,378
casos positivos covid,377
covid 19 patient,376
condition trusting donald,375
found malaysia traced,370
traced back europe,370
malaysia traced back,368
test covid 19,367
democratic national convention,366
new zealand delays,365
mild covid 19,361
pre existing condition,359
covid 19 news,358
coronavirus live updates,357
spreads among students,354
hill pivots remote,351
plans in person,349
covid 19 symptoms,348
positif covid 19,346
síntomas covid 19,346
malaysia detects new,346
person classes 130,346
classes 130 students,345
reverses plans in,344
covid 19 venezuela,343
covid 19 hit,343
coronavirus spreads among,343
covid 19 clusters,340
reutilízalas si cumplen,340
students first week,340
pivots remote teaching,340
suelo contaminan medioambiente,339
among students first,339
remote teaching coronavirus,339
strain 10 times,337
teaching coronavirus spreads,337
jail fauci via,336
от covid 19,335
com covid 19,334
penyebaran covid 19,333
sharon stone blames,333
entertain empower educate,332
tests positive coronavirus,332
si cumplen norma,332
empower educate talk,331
0208 090 2121,331
090 2121 hello,331
2121 hello fantasticradio,331
hello fantasticradio co,331
fantasticradio co uk,331
co uk homeofpossibilities,331
uk homeofpossibilities believeyourpossibilities,331
detects new coronavirus,330
covid 19 dirgahayuindonesia,329
homeofpossibilities believeyourpossibilities buy,329
believeyourpossibilities buy song,329
new cases coronavirus,328
first week class,328
lawan covid 19,327
despite covid 19,327
otros reutilízalas si,324
covid 19 fatality,323
educate talk us,323
talk us 0208,323
us 0208 090,323
contagio covid 19,322
medioambiente ponen riesgo,322
covid 19 protocols,321
riesgo otros reutilízalas,321
dengan mematuhi protokol,320
fallecidos covid 19,320
delays election coronavirus,318
230 médicos cubanos,318
contaminan medioambiente ponen,317
19 death toll,316
mortes covid 19,315
protokol kesehatan kita,314
respirabilidad lt 60,314
kesehatan kita dapat,313
kita dapat memerangi,313
dapat memerangi penjajah,313
memerangi penjajah covid,313
penjajah covid 19,313
salud seguridad covid19,313
19 vaccine trials,312
66m coronavirus hospital,312
covid 19 real,311
covid 19 méxico,311
lt 60 filtración,311
coronavirus hospital treats,311
covid 19 outbreaks,310
covid 19 covid19,310
60 filtración gt,310
due coronavirus pandemic,309
covid19 lockdown coping,309
lockdown coping tips,309
coping tips suggestions,309
tips suggestions others,309
filtración gt 90,309
1trenggalek thearieair dengan,307
thearieair dengan mematuhi,307
hospital treats 38,306
treats 38 patients,306
38 patients pastor,305
patients pastor says,305
pastor says situation,305
university north carolina,302
19 cure promoted,302
pushing new unproven,302
number covid 19,301
free covid 19,300
chicago 66m coronavirus,300
says situation very,300
situation very unfortunate,300
19 17ago fanb,300
ri ke 75,299
2020 covid 19,299
ponen riesgo otros,299
find isolate cases,297
since covid 19,296
mascarillas realidad tíralas,296
19 vaccine patent,295
tested positive covid19,295
seguridad covid19 alejandrosanz,295
covid 19 concerns,294
new york city,293
90 salud seguridad,293
confirmed covid 19,292
testing find isolate,292
kasus covid 19,291
lucha covid 19,290
one non mask,290
affected covid 19,289
ben carson mypillow,288
covid 19 updates,288
covid 19 live,287
coronaviruspandemic covid19india coronavirus,286
doctors battle another,285
battle another scourge,285
another scourge misinformation,285
coronavirus doctors battle,284
us covid 19,283
coronavirus strain 10,283
die covid 19,283
time covid 19,283
vacuna rusa covid,283
tested covid 19,282
new unproven coronavirus,282
gt 90 salud,282
deaths covid 19,281
isolate cases dropped,279
eyes unproven covid,278
cure promoted mypillow,278
covid 19 saliva,277
death us testing,277
us testing find,277
hobi best boy,277
cure covid 19,275
tíralas suelo contaminan,275
promoted mypillow ceo,274
infected covid 19,274
trump eyes unproven,273
rusa covid 19,273
test positive coronavirus,272
cumplen norma une0065,272
covid 19 país,271
covid 19 ini,271
19 live updates,270
covid 19 vía,269
herd immunity closer,269
covid 19 vaccines,268
scpostponejee_neet scpostponejee_neet scpostponejee_neet,267
closer scientists thought,267
norma une0065 respirabilidad,267
realidad tíralas suelo,266
prime minister jacinda,265
zealand jacinda ardern,265
immunity closer scientists,265
realdonaldtrump new record,265
covert id cashless,264
id cashless society,264
vacina covid 19,264
une0065 respirabilidad lt,264
recovered covid 19,262
new zealand jacinda,262
election coronavirus fears,261
week starting classes,261
mypillow ceo axios,260
muertos covid 19,260
makes masks mandatory,258
public health england,258
covid 19 china,258
covid19 alejandrosanz lfdcesmas,258
minister jacinda ardern,257
closes nightclubs due,254
new zealand postpones,254
infectious coronavirus strain,254
nightclubs due spike,253
italy makes masks,252
unproven coronavirus treatment,252
even covid 19,252
causa covid 19,251
mandatory closes nightclubs,250
due spike covid,250
masks mandatory closes,249
death toll hits,248
say covid 19,248
19 saliva test,246
covid 19 guidelines,246
zealand delays election,245
coronavirus task force,245
wave covid 19,245
pruebas covid 19,244
covid 19 would,243
immunity seen mild,243
covid 19 podría,242
covid 19 numbers,241
covid 19 recovery,240
17 agustus 2020,240
lasting immunity seen,240
seen mild covid,240
usa northamerica cases,239
creating wave heart,239
confirmados covid 19,237
wave heart disease,237
zealand prime minister,236
covid 19 creating,235
new zealand prime,234
new coronavirus outbreak,234
covid 19 made,234
covid 19 rapid,233
treating covid 19,232
covid 19 testi,232
covid 19 diagnosis,231
19 infection report,231
based covid 19,230
existing condition trusting,229
sister covid 19,228
kids back school,227
19 creating wave,227
active covid 19,226
deliver copy officials,224
new cases confirmed,223
sharon stone sister,223
mail in voting,222
coronavirus strain found,222
crise du coronavirus,221
2020 08 17,221
coronavirus disease 2019,220
indiafightscorona stayhome staysafe,219
health care workers,219
covid 19 still,219
nuevos casos positivos,219
19 fatality rate,218
like covid 19,218
kita lawan covid,218
17 august 2020,218
rebrote covid 19,218
000 coronavirus deaths,218
covid 19 could,218
covid 19 bersama,218
news coronavirus covid19,218
coronavirus cases rise,217
covid 19 aún,217
16 000 casos,217
says covid 19,216
monday august 17,216
national crisis cumm,216
crisis cumm ads,216
cumm ads suggests,216
ads suggests limiting,216
suggests limiting person,216
beaten play safe,216
play safe play,216
safe play online,216
trump paid life,216
combatir covid 19,215
anti mask protest,214
wedding party 100,214
covid19 last days,213
covid19india coronavirus indiafightscorona,213
000 dead americans,213
coronavirus lockdowns many,213
lockdowns many libraries,213
covid19 bot covid19,212
bot covid19 last,212
last days stats,212
coronavirus indiafightscorona stayhome,212
strain found malaysia,212
covid 19 strategy,212
libraries librarians fabulous,212
donald trump paid,212
election covid 19,211
new confirmed cases,211
amid new coronavirus,211
kiran mazumdar shaw,211
update covid 19,210
many libraries librarians,210
of covid 19,210
sudah berada di,210
covid 19 yang,209
treatment also embraced,209
au covid 19,209
librarians fabulous ever,209
months later know,209
parque acuático wuhan,209
gak usa takut,209
usa takut lagi,209
takut lagi kita,209
lagi kita lawan,209
19 bersama isi,209
bersama isi form,209
isi form nya,209
form nya dan,209
nya dan perlindungan,209
dan perlindungan covid,209
perlindungan covid sudah,209
covid sudah berada,209
berada di kantong,209
di kantong anda,209
kantong anda tak,209
anda tak perlu,209
tak perlu cemas,209
perlu cemas lagi,209
casos nuevos coronavirus,208
past 24 hours,207
covid 19 program,207
converts remote learning,207
2019 covid 19,206
also embraced hud,206
embraced hud sec,206
hud sec ben,206
zealand election delayed,206
pandemic news coronavirus,206
coronavirus treatment also,205
global pandemic news,205
coronavirus covid19 protests,205
recovery rate nears,203
rate nears 72,203
reportedly pushing new,203
surge covid 19,203
private security company,203
emergency use authorization,202
back to school,202
whatsapp messeger telegram,202
coronavirus covid19 sntetips,202
primera vacuna coronavirus,201
fatality rate falls,200
rate falls 93,200
trump reportedly pushing,200
casos confirmados covid,200
aún fase pruebas,200
chapel hill converts,200
falls 93 recovery,199
93 recovery rate,199
due covid19 lost,199
saliva based covid,198
19 rapid testing,198
covid 19 na,198
maestros alumnos juntos,198
alumnos juntos distancia,198
hill converts remote,198
risk covid 19,197
covid 19 dan,196
negative covid 19,196
vaccine south africa,196
covid19 lost job,196
educación maestros alumnos,196
juntos distancia pese,196
coronavirus kills dog,196
rapid testing deliver,195
testing deliver copy,195
covid 19 spike,195
nearly every day,195
every day month,195
coronavirus vaccine volunteers,195
47 nuevas muertes,195
reporting 135 new,195
170 000 deaths,194
time national crisis,194
latest covid 19,194
worst coronavirus outbreak,194
distancia pese coronavirus,194
pese coronavirus covid19,194
gratis perlindungan covid,194
perlindungan covid gak,194
covid gak usa,194
covid 19 may,193
vacuna rusa coronavirus,193
claims open second,193
detaining migrant children,193
coronavirus 10 veces,192
limiting person person,192
person person contact,192
person contact coronavirus,192
contact coronavirus beaten,192
coronavirus beaten play,192
ceo axios see,192
swedish covid 19,191
seven months later,191
kills dog united,191
hut ri ke,190
migrant children hotels,190
high school student,190
coronavirus coronavirusupdate covid19,189
nuevos casos covid19,189
security company detaining,189
puy du fou,189
fighting covid 19,188
self employed support,188
company detaining migrant,188
000 people us,188
gmt coronavirus coronavirusupdate,186
coronavirusupdate covid19 coronaviruspandemic,186
170 000 people,186
daily covid 19,186
people us died,186
vindicate swedish covid,186
nuevos covid 19,186
coronavirus outbreak months,186
gov andrew cuomo,186
mypillow mike lindell,185
covid 19 covid,185
tests covid 19,185
history vindicate swedish,185
vaccine volunteers needed,185
total covid 19,183
effects covid 19,183
current covid 19,183
contre covid 19,183
remote learning reporting,183
total number cases,182
employed support grant,182
covid 19 plan,182
carolina chapel hill,182
learning reporting 135,182
preexisting condition trusting,182
il covid 19,181
long term care,181
north carolina chapel,181
vaccine patent cansino,180
home covid 19,180
sec ben carson,180
coronavirus claims open,180
zealand postpones election,179
spreading covid 19,179
us died coronavirus,179
cas covid 19,178
covid 19 hoax,178
covid 19 new,178
school district cancels,178
months covid 19,177
carson mypillow mike,177
000 americans dead,177
one week classes,177
disease 2019 covid,176
china grants country,176
covid 19 health,176
patients nursing homes,176
19 vaccine south,176
died coronavirus nearly,176
coronavirus nearly every,176
getting covid 19,175
prueba covid 19,175
district cancels classes,175
crisis covid 19,175
000 muertes covid,175
second self employed,175
party 100 broken,175
ardern postpones election,174
100 broken police,174
alejandrosanz lfdcesmas greenpeace_esp,174
135 new covid,174
grants country first,173
ten times infectious,173
battles worst coronavirus,173
blackburn wedding party,173
chapel hill reverses,173
unc reverses plans,173
17agos felizlunes continuemos,172
radical respetando normas,172
respetando normas así,172
normas así vencemos,172
así vencemos covid,172
vencemos covid 19,172
covid 19 prevencion,172
hundreds gather madrid,171
madrid anti mask,171
biggest economic slump,171
handling covid 19,171
dari covid 19,171
covid_19 coronavirus urgent,171
coronavirus urgent stayhome,171
back covid 19,171
covid 19 first,171
frente covid 19,171
coronavirus blackburn wedding,171
educaciondecalidad innovacion soyarrupe,170
korea battles worst,170
hill reverses plans,170
gather madrid anti,169
sign authorize covid,169
authorize covid 19,169
amp covid 19,169
covid 19 changed,169
outbreak months warns,169
hits 170 000,168
response coronavirus pandemic,168
marcmillervm gcindigenous miller,168
19 program support,168
program support indigenous,168
support indigenous peoples,168
indigenous peoples montreal,168
peoples montreal qc,168
tic whatsapp messeger,168
republik indonesia ke,167
hydroxychloroquine treating covid,167
death toll surpasses,167
covid 19 plasma,167
000 americans died,167
open second self,167
covid 19 funds,167
covid 19 risk,167
colpadrearrupe educacionsv aurorarato,167
doctor rosier coronavirus,167
rosier coronavirus outlook,167
messeger telegram ayudarán,167
global covid 19,166
japan economy shrank,166
use hydroxychloroquine treating,166
record covid 19,166
000 nuevos casos,166
educacionsv aurorarato santiagonogale2,166
trump covid 19,166
19 aún fase,166
telegram ayudarán educación,166
ayudarán educación maestros,166
data glitch skews,166
economic slump record,165
sntetips sí quedateencasa,165
sí quedateencasa quedateenclase,165
di tengah pandemi,164
first day school,164
covid 19 zero,164
covid 19 spreading,164
hermana evo morales,164
scott atlas doctor,164
aprovechar tic whatsapp,164
fauci regarding use,163
regarding use hydroxychloroquine,163
toll hits 170,163
county covid 19,163
19 vaccine trial,163
south korea battles,163
elevates scott atlas,163
probar vacuna rusa,163
covid19 sntetips sí,163
garantizaría inmunidad estable,163
inmunidad estable vacuna,163
fall flu season,162
high covid 19,162
propagación covid 19,162
du coronavirus france,162
regarding covid 19,162
atlas doctor rosier,162
israelí sputnik garantizaría,162
sputnik garantizaría inmunidad,162
estable vacuna oxford,162
glitch skews key,162
nuevos contagios coronavirus,161
coronavirus covid19 2019ncov,161
covid19 educaciondecalidad innovacion,161
genocidio rebrotetimo noalconfinamiento,161
noalnuevoordenmundial noalbozal noalamascarillaobligatoria,161
coronafarsa genocidio rebrotetimo,161
dead 6m infected,161
6m infected unmaga,161
infected unmaga humptytrumpty,161
quedateenclase aprovechar tic,161
skews key iowa,161
coronavirus spreading schools,161
dirgahayu republik indonesia,160
27 april june,160
19 testi pozitif,160
semana cuarentena radical,160
case covid 19,160
covid 19 world,160
daily cases increase,160
coronatimo coronafarsa genocidio,160
noalconfinamiento noalnuevoordenmundial noalbozal,160
running criminal enterprise,160
whose father died,160
key iowa coronavirus,160
indonesia ke 75,159
19 covid 19,159
covid 19 hospital,159
educacion covid19 educaciondecalidad,159
aurorarato santiagonogale2 vega791,159
santiagonogale2 vega791 susanar48769948,159
thelegallowdown law court,159
law court lawyer,159
court lawyer lawfirm,159
lawyer lawfirm justice,159
lawfirm justice legal,159
justice legal case,159
legal case ip,159
case ip scotus,159
ip scotus tort,159
scotus tort covid19,159
tort covid19 cybersecurity,159
covid19 cybersecurity technology,159
cybersecurity technology ai,159
noalbozal noalamascarillaobligatoria noalavacuna,159
rebrotetimo noalconfinamiento noalnuevoordenmundial,159
monday drama dopeydon,159
drama dopeydon dejoy,159
dopeydon dejoy grilled,159
dejoy grilled 24,159
grilled 24 crippling,159
24 crippling usps,159
crippling usps more,159
usps more bombshells,159
more bombshells cohen,159
bombshells cohen week,159
cohen week gop,159
week gop trump,159
gop trump deliberately,159
trump deliberately causing,159
deliberately causing americans,159
causing americans suffer,159
americans suffer running,159
suffer running criminal,159
criminal enterprise wh,159
enterprise wh covid19,159
wh covid19 171k,159
covid19 171k dead,159
171k dead 6m,159
pregnant people covid,159
reported today utc,158
today utc time,158
noalavacuna políticosaprisión sanitariosasesinos,158
políticosaprisión sanitariosasesinos periodistascobardes,158
incarcerated pregnant people,158
inmunóloga israelí sputnik,158
rapid covid 19,157
cases new deaths,157
covid 19 positivity,157
first dog moon,157
trump elevates scott,157
noalamascarillaobligatoria noalavacuna políticosaprisión,157
iowa coronavirus metrics,157
postpones election coronavirus,156
suffers biggest economic,156
country first covid,156
following covid 19,156
president donald trump,156
19 zero hedge,156
control covid 19,156
take covid 19,156
within week starting,156
733 casos confirmados,156
coronavirus hundreds gather,155
japan suffers biggest,155
vote vote blue,155
vote blue usa,155
170000 deaths due,155
late slow amp,155
slow amp disastrous,155
amp disastrous approach,155
confirmed coronavirus cases,155
penanganan covid 19,155
obat covid 19,155
170 000 ahead,155
covid 19 últimas,155
covid 19 measures,155
casos nuevos covid,155
cases within week,155
horrifying data glitch,155
dr anthony fauci,154
public health officials,154
dying covid 19,154
china covid 19,154
sanitariosasesinos periodistascobardes covid_19,154
trump vote blue,153
shrank annual rate,153
cross 50 000,153
170 000 coronavirus,153
panique organisée pourquoi,153
covid 19 treatments,153
siempremásparalosdemás educacion covid19,153
sweden covid 19,153
coronavirus japan suffers,152
get well soon,152
298 new cases,152
france épidémie terminée,152
épidémie terminée versus,152
terminée versus panique,152
versus panique organisée,152
please help us,152
masks social distancing,152
periodistascobardes covid_19 covid19,152
covid19 covidhoax borregos,152
covidhoax borregos covidianos,152
covid 19 recovered,151
covid 19 brasil,151
school covid 19,151
economy shrank annual,151
covid 19 mundo,151
19 death rate,151
coronavirus france épidémie,151
new strain coronavirus,151
covid 19 personal,151
covid_19 covid19 covidhoax,151
live updates misinformation,151
updates misinformation becomes,151
misinformation becomes new,151
becomes new front,151
new front doctors,151
19 cases deaths,150
renebibliofici1 lrivasleiva mquintanilla_q,150
19 patient writes,150
557 nuevos contagios,150
pasien covid 19,149
forces many schools,149
story trump eyes,149
vega791 susanar48769948 renebibliofici1,149
health amp amp,149
amp amp fitness,149
amp fitness tips,149
the covid 19,149
front doctors battle,149
manuel zamurito gonzález,149
557 nuevos casos,149
mil casos covid,148
ahead fall flu,148
new york gov,148
millions disconnected students,148
casos positivos coronavirus,148
slow spread covid19,148
cases trend13 aug,148
coronavirus 10 times,147
news covid 19,147
rise covid 19,147
ever first dog,147
riot police enforce,147
000 ahead fall,146
wear face mask,146
covid 19 continues,146
impacted covid 19,146
new cases covid19,146
innovacion soyarrupe alertacovid19sv,146
pressing questions remain,146
realdonaldtrump cnn foxnews,146
525 733 casos,146
covid 19 transmission,145
coronavirus covid19 covid_19,145
many schools online,145
pela covid 19,145
covid 19 disrupted,145
covid 19 et,145
top story trump,145
affected coronavirus pandemic,145
fabulous ever first,145
blue usa huge,144
usa huge graveyard,144
huge graveyard 170000,144
graveyard 170000 deaths,144
deaths due late,144
due late slow,144
disastrous approach coronavirus,144
approach coronavirus pandemia,144
coronavirus pandemia trump,144
delays election covid,144
confirmed cases covid,144
think covid 19,144
national crisis coronavirus,144
coronavirus forces many,144
schools online fall,144
live updates new,144
