gram,counts
covid 19,188072
coronavirus pandemic,12028
coronavirus covid19,10294
covid19 coronavirus,9407
19 pandemic,7625
19 baksostnipolriutknegeri,5653
yang terdampak,5442
new york,5385
coronavirus lockdown,5296
terdampak covid,5208
coronavirus crisis,4944
bakti sosial,4905
social distancing,4802
coronavirus outbreak,4777
stay home,4735
via youtube,4733
sosial untuk,4579
coronavirus cases,4525
amid coronavirus,3969
rel nofollow,3939
href rel,3939
true href,3853
coronavirus covid,3794
death toll,3745
19 cases,3735
covid19 pandemic,3644
world health,3577
donald trump,3438
fight coronavirus,3366
last delivered,3345
deliver copy,3345
signing support,3344
nofollow twitter,3341
coronavirus response,3323
support usps,3292
fight covid19,3289
19 crisis,3285
usps deliver,3280
copy officials,3279
officials last,3279
health organization,3197
due coronavirus,3170
untuk membantu,3120
new cases,3052
million people,2928
membantu masyarakat,2884
kurang mampu,2879
mampu yang,2857
masyarakat kurang,2855
dalam melaksanakan,2838
dan tni,2836
bersinergi dalam,2834
tni bersinergi,2832
melaksanakan bakti,2832
coronavirus via,2811
president trump,2811
bbc news,2771
bripka jerry,2702
pasien covid,2683
coronavirus package,2671
due covid,2637
19 patients,2586
news coronavirus,2560
next coronavirus,2557
jenazah pasien,2500
student debt,2475
fight covid,2442
polri dan,2432
stimulate economy,2401
45 million,2400
masyarakat yang,2400
cancelstudentdebt next,2393
tested positive,2392
package studentdebtstimulus,2391
studentdebtstimulus help,2386
help 45,2385
people student,2385
economy needed,2384
urge cancelstudentdebt,2381
coronavirus deaths,2381
debt stimulate,2378
twitter web,2353
new coronavirus,2349
white house,2331
spread coronavirus,2328
public health,2316
care homes,2280
task force,2208
united states,2187
stay safe,2154
coronavirus briefing,2154
coronavirus death,2147
19 jiwakemanusiaanpolri,2143
health care,2110
confirmed cases,2110
fake news,2069
19 outbreak,2037
crisis coronavirus,2007
10 000,2006
trump coronavirus,2005
web app,2004
11 mai,1978
19 lockdown,1970
beban masyarakat,1964
19 via,1960
novel coronavirus,1913
due covid19,1894
gon na,1881
corona virus,1877
gt gt,1858
pandemia coronavirus,1830
du coronavirus,1827
april 14,1819
year old,1808
casos coronavirus,1784
19 deaths,1766
ringankan beban,1765
amid covid,1745
untuk ringankan,1740
gelar bakti,1729
bill gates,1700
women leaders,1699
casos confirmados,1694
best coronavirus,1676
polri gelar,1667
covid2019 coronavirus,1663
countries best,1659
funding world,1647
many people,1641
halt funding,1639
aarogya setu,1637
live updates,1626
14 04,1614
covid19 cases,1590
setu app,1590
coronavirus covid2019,1588
coronavirus patients,1586
covid19 please,1571
covid19 crisis,1566
positive covid,1562
common women,1561
pm modi,1520
covid19 covid2019,1520
casos covid,1518
04 2020,1515
coronavirus trump,1509
april 2020,1501
positive coronavirus,1489
covid19 lockdown,1485
around world,1472
nuevos casos,1462
19 yang,1440
using link,1433
mental health,1404
app fight,1396
14 2020,1396
till may,1394
19 di,1391
19 response,1388
covid19 stayhome,1379
make sure,1374
coronavirus vaccine,1368
response coronavirus,1357
19 coronavirus,1351
jenazah covid,1337
care home,1324
please download,1323
dies coronavirus,1319
coronavirus live,1308
prime minister,1306
test positive,1303
coronavirus task,1278
looks like,1278
download share,1276
share using,1258
people died,1256
good news,1249
recommend aarogya,1244
save lives,1238
long term,1236
south korea,1225
spread covid19,1219
yang terlantar,1209
coronavirus responses,1205
help us,1202
qu il,1196
total authority,1196
trump halts,1195
spread covid,1194
14 abril,1188
link android,1179
south dakota,1173
handling coronavirus,1168
responses common,1163
coronavirus vía,1163
york times,1160
at home,1156
coronavirus update,1153
coronavirus covid_19,1149
कड उन,1149
est pas,1149
died coronavirus,1149
social media,1145
healthcare workers,1144
cases coronavirus,1142
il coronavirus,1140
new covid,1132
contact tracing,1125
pandemia covid,1121
lockdown extended,1114
19 virus,1111
trump announces,1109
covid19 covid_19,1095
24 horas,1094
menguburkan jenazah,1089
sars cov,1086
last week,1083
fox news,1080
response covid,1078
care workers,1078
24 hours,1066
via forbes,1059
trump administration,1057
positive cases,1057
du covid19,1056
coronavirus testing,1055
sign petition,1046
pandemi covid,1035
du covid,1034
go back,1017
impact covid,1014
covid2019 covid19,1009
pandemia covid19,1003
stayhome staysafe,990
19 death,989
dies covid,984
every day,983
died covid,979
coronavirus relief,976
stay at,974
penyebaran covid,973
washington post,970
covid19 deaths,968
press briefing,968
cases covid,963
join us,960
total number,957
hingga jam,956
terlantar hingga,955
casos positivos,954
covid_19 coronavirus,947
would like,941
york city,940
โคว ด19,938
da covid,933
death rate,932
makamkan jenazah,932
25 000,931
via nypost,928
get coronavirus,917
dr fauci,910
19 testing,908
trump says,907
whitehouse realdonaldtrump,906
coronavirus restrictions,906
apple google,905
back work,901
19 relief,900
coronavirus stimulus,894
small businesses,894
people dying,889
19 update,884
please help,876
new deaths,873
14 april,871
narendra modi,871
muertos coronavirus,871
19 vaccine,869
coronavirus disease,869
face masks,865
press conference,864
corona covid19,863
wabah covid,863
first time,862
cases covid19,854
loved ones,850
coronavirus argentina,847
take care,837
coronavirus spread,837
uk coronavirus,825
covid19 patients,820
emmanuel macron,818
global pandemic,817
leaders via,817
tiempos coronavirus,817
coronavirus china,814
coronavirus us,812
stayhome covid19,810
coronavirus news,808
well done,806
boris johnson,805
federal government,802
coronavirus uk,801
let us,801
look like,799
twitter android,798
nursing homes,797
covidー19 coronavirus,793
19 vía,792
home coronavirus,791
19 test,789
tests positive,784
front lines,784
100 000,777
covid covid19,775
extended till,774
us coronavirus,774
home order,774
herd immunity,770
need know,770
stop spread,762
black people,761
20 000,760
000 people,759
china coronavirus,757
lockdown till,753
pandemic via,751
people die,748
jiwa bhayangkara,748
bhayangkara sejati,748
sejati ikut,748
ikut menguburkan,748
3rd may,746
salut jiwa,746
response covid19,745
health workers,745
two weeks,743
staying home,743
virus covid,742
nursing home,742
coronavirus could,742
front line,742
us halt,740
lockdown coronavirus,739
great depression,736
il faut,729
covid19 outbreak,727
crisis covid19,723
god bless,721
pmoindia narendramodi,720
post coronavirus,718
coronavirus related,718
halts funding,716
coronavirus stayhome,714
covid19 corona,714
coronavirus quarantine,712
lockdown may,708
fighting coronavirus,707
wuhan lab,706
die coronavirus,703
small business,703
corona coronavirus,700
coronavirus world,699
daily thanks,699
lockdown covid19,699
people stay,699
reopen economy,698
total cases,696
one day,696
coronavirus tests,694
doctors nurses,693
american people,691
positive covid19,691
crisis covid,690
climate change,690
il est,687
petition via,687
pm narendramodi,685
nhs staff,684
need help,684
coronavirus updates,679
pending review,679
get back,678
jam jiwakemanusiaanpolri,674
diri makamkan,674
via nytimes,674
19 amp,672
beranikan diri,665
com covid,663
face mask,661
muertes coronavirus,660
please share,658
au coronavirus,656
abril 2020,655
últimas 24,654
speakerpelosi urge,654
wan na,651
stimulus checks,647
coronavirus test,645
wuhan coronavirus,642
coronavirus coronavirus,641
total deaths,641
infected coronavirus,641
side effects,638
des écoles,636
state department,636
ee uu,633
south africa,629
coronavirus ukraine,628
het coronavirus,628
em casa,622
coronavirus new,621
great job,621
top story,620
home stay,618
coronavirus press,618
tni polri,616
coronavirus il,616
global economy,615
church service,614
crise du,614
older people,612
virginia pastor,610
new post,610
covid_19 covid19,605
test kits,605
mortality rate,604
weeks ago,604
covid19 virus,603
namo app,603
cases reported,601
contre coronavirus,601
largest coronavirus,600
working home,599
announces halt,598
slow spread,597
watch live,594
covid19 covid,592
till 3rd,590
via mailonline,589
hot spots,588
chris cuomo,587
dakota governor,586
makamkam jenazah,583
jerry makamkam,583
breaking news,582
covid19 response,582
san francisco,582
feel like,582
mulia bripka,581
immune system,581
april 13,581
000 deaths,581
sungguh mulia,580
मई तक,580
capolitics capol,575
capol covid19,575
time coronavirus,575
virus covid19,574
रध नम,574
impact coronavirus,572
coronavirus corona,571
recovered coronavirus,571
di indonesia,571
epidemia coronavirus,570
help fight,570
penanganan covid,569
कर रह,568
nuevo coronavirus,567
poorest countries,567
via breitbartnews,566
wash hands,565
trump claims,564
since great,562
realdonaldtrump trump,562
wet markets,562
prevent spread,561
one nation,561
covid19 amp,559
18 000,559
want know,558
coronavirus non,557
coronavirus españa,557
one thing,556
across country,554
people need,554
post covid19,553
supply chain,552
19 situation,552
world news,550
president donald,550
number deaths,548
face au,548
the coronavirus,547
organization coronavirus,547
nation largest,546
fact check,546
term care,546
tell us,546
senatemajldr urge,545
per il,544
nationwide lockdown,543
via franceinfo,542
second wave,539
clinical trials,539
casos covid19,537
first responders,537
pandemic covid19,535
taiwán reveló,535
2020 04,532
positif covid,532
fighting covid19,531
fallecidos coronavirus,531
human rights,531
envió oms,530
coronavirus impact,530
home orders,530
19 case,529
19 related,529
organization funding,526
deaths coronavirus,526
people like,526
home one,525
aujourd hui,525
address nation,524
india extends,524
spread virus,524
coronavirus lockdowns,524
essential business,523
narendramodi pmoindia,522
got ta,521
daily coronavirus,521
oms diciembre,521
governor resisted,520
even though,520
time covid19,519
claims total,519
du confinement,519
per million,518
world poorest,517
funding pending,517
coronavirus hot,517
post covid,516
nueva york,515
uk government,514
senfeinstein senkamalaharris,510
coronavirus infection,510
covid19 stayathome,509
covid19 covidー19,509
réouverture des,508
of the,508
test coronavirus,507
origin coronavirus,506
coronavirus india,504
thank god,503
coronavirus coverage,503
04 14,503
impact covid19,501
says coronavirus,500
anyone else,500
qu ils,499
cases deaths,497
bringing total,497
coronavirus may,496
hong kong,495
total contagiados,494
working hard,493
diciembre alertando,492
19 patient,492
disease 2019,492
recession since,490
kepada masyarakat,489
last night,488
confirmed covid,485
19 positive,485
ordering people,484
cnn msnbc,484
number cases,483
mr president,483
cuarentena coronavirus,482
firma petición,482
halts world,482
like coronavirus,481
resisted ordering,481
positivo covid,481
people coronavirus,480
work home,479
stimulus check,478
health crisis,477
coronavirus amp,477
coronavirus infections,476
cause death,475
back normal,475
swine flu,475
first class,474
experts say,474
reveló correos,474
correos envió,474
joe biden,474
india coronavirus,473
essential workers,473
coronavirus fears,472
lindseygrahamsc realdonaldtrump,472
good job,471
peduli sesama,471
house coronavirus,470
mike lindell,470
announces us,470
new normal,469
19 ini,469
sure get,469
coronavirus treatment,468
virus corona,468
number coronavirus,468
death coronavirus,467
every single,467
alertando epidemia,467
global coronavirus,465
real estate,464
years ago,464
seems like,462
jerry kebumikan,462
kebumikan jenazah,462
babu manu,461
foraprior david,461
covid cdtv,461
david mike,461
covid_19 prior,461
jorge babu,461
manu foraprior,461
lindell made,461
bizbizeyeteriz covid,461
cdtv covid_19,461
trump suho,461
suho bizbizeyeteriz,461
go away,461
every time,461
prior jorge,461
us funding,460
da saúde,460
escándalo taiwán,460
people airbrushed,459
pandemic response,459
19 tests,459
covid19 semoga,458
coronavirus shutdown,458
salurkan bantuan,457
covid19 testing,457
19 symptoms,457
lutte contre,457
2020 coronavirus,456
warning coronavirus,456
sesama bripka,454
used fight,453
combate ao,453
protective equipment,453
sounds like,452
000 coronavirus,451
fans stay,451
ceux qui,451
made pillow,450
high risk,450
in the,450
urging fans,449
died covid19,449
eamonn holmes,448
kyle walker,448
coronavirus vaccines,447
des masques,447
kapolri jiwakemanusiaanpolri,447
party two,447
000 muertos,447
14 days,447
fighting covid,447
health officials,447
airbrushed virus,447
latest coronavirus,446
day urging,446
sex android,446
hosted sex,446
hookers day,446
walker hosted,446
two hookers,446
android party,446
quarantine covid19,445
et des,445
renew theories,445
leaked cables,445
latest news,445
review coronavirus,445
cables renew,444
money used,444
god larger,444
coronavirus covidー19,444
virus figures,443
key workers,443
je suis,443
new study,443
department leaked,442
new zealand,441
theories origin,441
30 000,441
wear mask,441
last year,439
mendapat penghargaan,438
funding handling,438
jerry mendapat,437
ce qu,437
penghargaan dari,437
relief fund,436
coronavirus pay,435
debt relief,434
19 spread,433
get covid,433
dari kapolri,433
positivo coronavirus,432
worst recession,432
johns hopkins,432
deaths covid,431
coronavirus older,431
study finds,431
puede ser,431
terlantar bripka,431
coronavirus virus,431
est ce,431
extends lockdown,430
qu on,430
people covid,429
great news,429
new jersey,429
13 04,429
2019 covid,429
cases rise,429
000 cases,429
reponses common,426
des coronavirus,426
coronavirus foxnews,426
april 15,426
december email,426
may need,425
good morning,425
covid19 quedateencasa,425
testing positive,424
coronavirus reponses,424
deaths reported,424
coronavirus one,423
call cancelthedebt,423
emergenza coronavirus,423
whole world,423
saving lives,422
pay loans,422
cancelthedebt world,422
600 000,422
re open,422
trump berates,422
daily updates,421
first case,421
paula reid,421
countries money,420
first coronavirus,420
vía youtube,420
speakerpelosi senschumer,419
communist party,419
trump said,419
worldwide coronavirus,418
take look,418
vía el_pais,418
novo coronavírus,418
pm narendra,417
could help,417
us covid19,417
medical supplies,416
coronavirus si,416
service dies,416
unheeded warning,416
pacientes covid,415
battle coronavirus,414
coronavirus 2020,414
covid19 via,414
last month,413
pandemic coronavirus,413
memakamkan jenazah,413
virus spread,413
covid coronavirus,413
coronavirus hit,413
last 24,412
taiwan releases,412
andrew cuomo,412
rita wilson,411
citizen call,411
new covid19,411
crisis via,410
get tested,410
martes 14,410
economic impact,409
covid19 quarantine,408
19 em,408
email showing,408
releases december,407
coronavirus stay,406
cure coronavirus,406
time covid,406
number covid,406
latest updates,405
cases country,405
showing unheeded,404
says trump,403
peduli kemanusiaan,403
lucha coronavirus,403
jaw dropping,403
covid2019 covid_19,402
health ministry,402
get week,402
social distance,401
testing kits,401
recovered covid,401
to human,401
self isolation,401
última hora,401
single day,401
health minister,400
coronavirus coronavirusupdate,400
ce qui,399
coronavirus fight,399
false claims,399
delivered senfeinstein,399
caso coronavirus,399
week theeconomist,399
เราไม งก,399
lockdown extension,397
ad imfmeetings,397
américa latina,397
loans make,396
epoch times,396
human to,396
theeconomist ad,395
14 20,395
haydar baş,395
primer caso,394
help people,394
das coronavirus,394
per day,393
breakingnews covid19,393
15 000,393
please take,393
covid19 positive,392
emergencia sanitaria,392
despite coronavirus,392
people get,392
est une,391
com coronavirus,391
covid19 โคว,390
000 000,390
common sense,389
coronavirus coronaviruspandemic,389
crece escándalo,388
19 infection,388
migrant workers,388
lucha covid19,388
looking forward,388
good thing,388
não tem,387
19 impact,387
14 avril,387
surgeon general,386
cases near,385
people still,385
propagación coronavirus,384
personal salud,383
authority total,383
next year,382
15 higher,382
work together,381
coronavirus threat,380
meringankan beban,380
long time,380
active cases,380
contagios coronavirus,379
หน ากากอนาม,379
coronavirus et,379
funding coronavirus,378
coronavirus latest,378
covid19 coronaviruspandemic,378
petición vía,377
coronavirus confinement,376
tour france,376
realdonaldtrump potus,376
mass testing,376
untuk memakamkan,375
cada vez,374
grocery store,374
jadi sukarelawan,373
berates media,373
passed away,373
au covid,373
19 covid19,373
distancing may,373
jerry jadi,372
di tengah,372
kemanusiaan membuat,372
us president,372
membuat bripka,372
three weeks,372
take responsibility,372
sukarelawan untuk,372
ministerio salud,372
web client,371
via usatoday,371
click link,371
come back,370
media jaw,370
pro life,370
pour éviter,370
covid19 death,369
relief package,369
conspiracy theories,369
19 treatment,369
ver si,369
everyone else,369
cuomo says,368
hoy 0recuperados,368
must read,367
écoles 11,367
crisis sanitaria,367
13 2020,366
04 20,366
abc news,366
wuhan china,365
family members,365
give us,364
infectados coronavirus,364
peut être,363
00 pm,363
great work,363
19 new,363
via googlenews,362
created coronavirus,361
terdampak covid19,361
dropping briefing,361
dear rishisunak,361
young people,360
seasonal flu,360
rishisunak uk,360
know coronavirus,359
affected coronavirus,359
uk citizen,358
say coronavirus,358
antibody tests,358
held church,358
combat coronavirus,358
defiantly held,357
mundo coronavirus,357
tom moore,357
tax change,357
please read,356
toilet paper,356
chinese government,356
medical staff,356
may 2020,356
coronavirus méxico,356
jusqu au,355
ils sont,355
hit coronavirus,355
times app,353
cases confirmed,353
positivos covid,353
return work,353
reopening economy,353
intensive care,352
related covid,352
combatir coronavirus,352
combat covid,351
12 000,351
exclusive coronavirus,351
people tested,351
sole focus,351
change coronavirus,349
via change,349
anthony fauci,348
cares act,347
rio janeiro,347
ils ont,347
supreme court,346
frente coronavirus,346
people covid19,346
app see,346
amid covid19,346
days ago,345
using coronavirus,345
je ne,345
contre covid19,345
avril 2020,345
muertos covid,344
please stay,344
world coronavirus,344
coverage daily,344
5g coronavirus,344
au covid19,344
see exclusive,344
response via,342
