coronavirus,230401
covid,216173
19,204190
covid19,155199
new,37634
cases,36683
amp,34160
people,32617
pandemic,30849
via,22827
us,20309
news,19485
casos,19470
virus,18849
da,18085
health,17942
deaths,17230
2020,16398
spread,15329
like,14796
000,14703
get,14548
time,14503
one,14165
crisis,13640
world,13533
di,13250
trump,12976
help,12635
si,12446
says,12402
lockdown,12371
may,12034
pandemia,11883
back,11682
still,11613
china,11264
due,11245
realdonaldtrump,11067
need,10885
total,10799
asymptomatic,10769
know,10748
june,10623
government,10612
please,10598
today,10471
oms,10384
não,10313
positive,10296
day,10271
corona,10149
state,9826
em,9791
test,9682
read,9661
see,9631
would,9507
could,9501
10,9395
many,9375
home,9236
na,8976
go,8876
social,8844
work,8694
going,8678
death,8495
com,8396
good,8305
et,8185
take,8145
covid_19,8125
uk,8123
even,8054
data,7993
country,7908
care,7881
india,7829
dan,7811
salud,7761
live,7756
first,7738
patients,7592
per,7584
re,7580
support,7560
also,7524
il,7476
testing,7412
hospital,7236
well,7132
last,7121
rare,7105
said,7077
states,7002
du,6881
país,6859
business,6814
number,6811
make,6727
since,6717
des,6638
24,6591
economy,6589
global,6577
ser,6549
latest,6534
think,6513
right,6477
gobierno,6465
impact,6434
public,6434
masks,6412
delhi,6382
mais,6341
gente,6339
free,6277
de,6265
days,6251
post,6227
say,6214
year,6214
update,6205
daily,6119
response,6116
the,6009
die,6001
great,5961
open,5900
plan,5881
times,5861
way,5796
much,5773
let,5764
must,5743
protests,5742
personas,5737
stay,5705
want,5686
keep,5643
covid__19,5605
20,5561
eu,5537
lives,5516
tnipolrisoliduntuknegeri,5505
dr,5503
tested,5502
tni,5491
million,5490
safe,5466
community,5462
um,5413
dos,5395
mundo,5383
risk,5331
mask,5324
really,5272
tests,5232
face,5228
contagios,5186
outbreak,5183
brasil,5179
two,5179
workers,5131
online,5068
life,5068
hit,5047
symptoms,5042
look,5040
study,5035
mil,5025
nuevos,5014
updates,4984
pour,4967
school,4958
article,4924
week,4904
come,4893
report,4878
normal,4856
est,4791
amid,4723
months,4722
15,4713
reported,4672
coronavírus,4649
high,4633
untuk,4632
president,4619
everyone,4613
uma,4600
non,4586
polri,4551
stop,4502
100,4501
gt,4486
14,4479
next,4479
video,4479
police,4475
county,4455
muertes,4453
mas,4452
vaccine,4432
hoy,4420
real,4415
ahora,4403
reports,4403
research,4401
weeks,4397
use,4396
wuhan,4373
keamanan,4372
usa,4369
case,4361
got,4341
30,4333
thanks,4327
every,4310
check,4308
media,4304
pandemi,4276
12,4252
around,4231
black,4212
situation,4189
hope,4184
students,4183
made,4177
never,4171
11,4156
without,4148
medidas,4148
ve,4141
another,4138
50,4137
día,4134
distancing,4132
join,4116
find,4113
confirmed,4103
numbers,4098
govt,4081
indonesia,4075
died,4068
au,4039
market,4022
long,4018
la,4011
el,4000
transmission,3985
working,3981
fight,3979
medical,3973
information,3961
tem,3954
infections,3950
ini,3936
junio,3926
important,3916
méxico,3883
reopening,3874
getting,3873
कर,3869
family,3856
thank,3854
recovery,3828
businesses,3820
end,3806
better,3805
america,3791
city,3786
yet,3777
une,3774
solo,3763
minister,3741
to,3739
pacientes,3732
done,3709
ever,3703
food,3695
best,3679
sur,3677
far,3675
children,3675
restrictions,3671
van,3661
money,3650
countries,3644
pra,3635
en,3617
bolsonaro,3614
national,3614
va,3610
así,3601
big,3596
cuarentena,3594
americans,3588
caso,3551
economic,3546
man,3535
través,3535
selama,3535
part,3529
yang,3518
contact,3505
no,3499
hospitals,3497
ca,3489
disease,3486
future,3478
change,3475
spreading,3459
reopen,3457
in,3453
call,3447
watch,3446
dalam,3442
quarantine,3415
job,3413
show,3383
rate,3366
youtube,3358
start,3352
thing,3347
already,3343
06,3331
record,3322
believe,3319
días,3314
18,3309
full,3306
dados,3305
travel,3302
schools,3293
muertos,3291
early,3267
casa,3264
presidente,3248
continue,3222
share,3219
years,3213
webinar,3212
across,3207
vida,3206
control,3185
recovered,3181
zealand,3181
top,3169
09,3165
covidー19,3163
related,3160
positivo,3159
che,3141
local,3121
experts,3110
learn,3108
behind,3100
toll,3100
fallecidos,3096
pas,3092
person,3057
contagio,3053
dans,3052
things,3051
follow,3047
40,3037
give,3033
safety,3008
mortes,3003
plus,2987
science,2984
increase,2982
puede,2980
place,2980
pm,2978
saúde,2969
put,2966
second,2952
coming,2945
médicos,2943
measures,2937
needs,2936
team,2936
2019,2931
shows,2930
infected,2924
sa,2920
sure,2918
melakukan,2913
away,2905
month,2901
jobs,2887
using,2884
link,2883
taking,2871
ver,2871
nuevo,2855
industry,2848
personal,2840
making,2839
rt,2836
york,2835
tuesday,2832
bbc,2814
nueva,2814
story,2810
might,2803
despite,2797
info,2795
vía,2792
confirmados,2787
ne,2786
vai,2774
situación,2765
breaking,2765
anyone,2765
app,2763
nothing,2761
protect,2758
pueblaconmalgobierno,2746
horas,2744
governo,2742
staff,2737
soon,2735
isso,2725
que,2718
love,2711
women,2711
bad,2709
texas,2704
wear,2698
cómo,2695
bien,2692
others,2687
old,2682
and,2677
healthcare,2677
yes,2668
thought,2665
god,2660
including,2658
protest,2652
13,2641
00,2639
hace,2636
infection,2631
racism,2631
españa,2630
menos,2629
services,2627
started,2612
lot,2599
oh,2598
hacer,2597
16,2589
society,2588
jaga,2588
floyd,2583
só,2582
positivos,2580
dead,2579
everything,2578
something,2566
número,2562
dice,2562
saying,2562
hours,2559
ao,2554
das,2548
rise,2542
par,2539
less,2535
publik,2530
पर,2527
lost,2524
hard,2518
active,2518
ke,2513
always,2513
brazil,2511
education,2510
60,2508
sector,2507
system,2505
cada,2503
qui,2496
pay,2493
aquí,2484
order,2480
harvard,2479
official,2470
population,2467
ou,2462
menjaga,2462
tell,2456
august,2453
monday,2447
families,2444
colombia,2442
together,2442
datos,2441
virtual,2435
scientists,2435
set,2431
cuba,2414
treatment,2400
interesting,2398
earlier,2392
least,2388
digital,2388
south,2387
point,2381
pakistan,2379
fake,2373
ai,2372
dia,2365
wave,2351
affected,2346
american,2342
highest,2341
matter,2337
small,2332
george,2332
available,2331
और,2327
guidelines,2326
three,2325
based,2325
venezuela,2321
der,2320
left,2316
wearing,2314
worst,2313
of,2312
visit,2305
according,2303
july,2302
someone,2293
service,2292
looking,2290
são,2290
federal,2283
cause,2280
following,2279
millions,2279
emergency,2275
twitter,2271
doctors,2268
it,2266
summer,2264
sir,2264
25,2259
ll,2257
crise,2250
true,2244
spike,2241
रह,2241
sick,2233
vote,2232
etc,2229
tras,2227
arvindkejriwal,2226
return,2223
feel,2221
wrong,2217
nigeria,2213
já,2211
enough,2211
africa,2210
actually,2202
quedateencasa,2199
officials,2197
parte,2197
current,2195
blm,2193
homes,2190
chinese,2187
millones,2186
france,2185
provide,2183
ce,2178
ago,2171
among,2168
march,2167
años,2163
tan,2161
anything,2159
trying,2158
talk,2155
told,2154
likely,2153
shit,2150
recession,2145
plans,2142
used,2139
seen,2136
80,2132
found,2125
mayoritas,2120
very,2117
remember,2114
lockdowns,2110
mayor,2109
pruebas,2105
cdc,2104
500,2103
thousands,2101
negative,2096
gracias,2093
fall,2088
yg,2086
vez,2086
key,2085
hi,2083
questions,2082
diz,2080
gov,2080
possible,2077
truth,2075
fact,2074
blacklivesmatter,2070
relief,2068
mundial,2067
coronaviruspandemic,2066
17,2060
communities,2060
se,2060
rallies,2056
whole,2055
fauci,2055
human,2055
leaders,2049
mark,2044
kids,2041
wabah,2041
agora,2036
europe,2034
hear,2034
general,2031
mean,2030
half,2030
información,2029
close,2022
group,2020
atención,2020
mal,2019
trabajo,2003
sars,2003
different,2003
esse,2002
meses,1998
por,1997
members,1996
past,1995
pessoas,1992
sigue,1985
evitar,1985
policy,1976
jun,1973
access,1972
und,1965
yesterday,1961
almost,1960
office,1957
opening,1955
white,1955
médico,1954
self,1952
bill,1952
florida,1949
house,1949
question,1943
called,1938
meaning,1937
united,1937
fear,1931
según,1929
closed,1928
maybe,1928
demand,1922
je,1919
नह,1919
leadership,1918
we,1915
google,1912
bir,1907
sem,1900
22,1899
juga,1897
argentina,1895
hands,1895
primary,1894
save,1893
chief,1892
seems,1891
political,1889
director,1884
governor,1881
wait,1880
security,1880
frente,1879
employees,1879
foi,1877
this,1876
hospitales,1873
staysafe,1873
results,1869
friends,1867
cnn,1867
issues,1866
parece,1865
rules,1864
financial,1860
ele,1853
low,1853
essa,1852
california,1852
analysis,1850
leader,1848
little,1848
co,1844
advice,1843
patient,1838
critical,1838
technology,1834
doctor,1834
mental,1833
satellite,1833
company,1832
flu,1831
últimas,1829
riots,1829
sign,1827
tmp,1825
records,1823
san,1816
finally,1815
survey,1815
resources,1815
5g,1809
ways,1805
companies,1804
able,1797
registra,1795
vamos,1794
mejor,1793
cura,1793
21,1793
blame,1788
funding,1784
países,1783
single,1783
tomorrow,1781
het,1779
understand,1778
action,1777
problem,1776
anti,1776
ministro,1774
organization,1772
air,1772
hai,1771
evidence,1768
warns,1768
issue,1768
nation,1766
given,1766
act,1764
pass,1761
nunca,1759
bisa,1755
nearly,1751
makes,1750
zero,1745
dari,1745
become,1742
blog,1739
wo,1738
favor,1736
worldwide,1734
needed,1733
register,1727
கள,1726
changes,1724
fuck,1723
higher,1717
falta,1716
arizona,1713
pelo,1712
changed,1707
all,1706
hoax,1704
protesters,1702
reuters,1701
sağlık,1699
tidak,1699
jairbolsonaro,1698
on,1697
tweet,1695
noticias,1693
casi,1693
university,1693
especially,1690
worse,1690
residents,1690
towards,1688
thread,1688
dengan,1687
challenges,1686
means,1685
kita,1684
200,1684
nursing,1682
ready,1681
canada,1678
assintomáticos,1677
dar,1674
unemployment,1670
tener,1669
los,1667
party,1665
announced,1662
listen,1661
cara,1659
shut,1659
prevent,1654
lol,1654
stayhome,1652
después,1650
forward,1647
morning,1647
tá,1644
narendramodi,1636
novel,1636
fighting,1634
came,1633
importante,1631
fund,1630
ok,1629
suggests,1626
reason,1625
war,1624
causa,1623
april,1622
caused,1616
muito,1615
blood,1613
nacional,1613
law,1609
result,1609
efforts,1607
details,1605
england,1601
exams,1601
todas,1600
cas,1600
toda,1594
enxofre,1593
you,1592
website,1592
taken,1591
allowed,1590
vous,1589
idea,1588
kasus,1587
line,1587
date,1587
nhs,1578
semana,1575
discuss,1572
major,1572
statement,1570
quem,1567
reporting,1567
helping,1564
momento,1562
international,1562
positif,1559
is,1558
play,1558
for,1556
level,1555
sanitaria,1554
pueblo,1553
failed,1551
along,1549
infectados,1549
click,1549
power,1545
mumbai,1544
pre,1542
citizens,1541
continues,1538
centre,1537
recent,1533
tetap,1533
campaign,1528
ada,1528
department,1526
australia,1524
dying,1522
italia,1522
lead,1521
else,1516
hey,1514
joebiden,1513
program,1513
31,1512
chile,1512
huge,1506
private,1506
enfermedad,1504
tracing,1503
quédateencasa,1503
23,1503
billion,1503
avec,1501
pmoindia,1500
source,1498
living,1497
healthy,1496
percaya,1496
gone,1494
kepada,1492
rising,1487
120,1483
election,1480
looks,1475
expect,1474
semua,1474
29,1471
agosto,1471
08,1468
seeing,1467
ask,1465
vulnerable,1465
age,1464
pueden,1462
warga,1461
nous,1460
suggest,1460
emergencia,1459
event,1458
took,1457
parents,1457
pode,1454
essential,1454
deal,1453
deus,1453
move,1453
longer,1452
lies,1451
hora,1450
pupils,1450
siempre,1449
fin,1448
tips,1448
ppe,1446
learning,1444
phase,1443
asintomáticos,1442
wants,1440
racist,1439
season,1439
role,1438
within,1437
cities,1437
term,1435
head,1435
ünvan,1435
happening,1434
course,1433
dios,1431
though,1429
para,1429
vs,1427
90,1426
management,1425
sense,1424
hand,1423
happened,1422
washington,1419
kejriwal,1418
try,1416
atau,1416
mass,1413
recuperados,1408
salir,1406
talking,1406
happen,1406
fucking,1405
cuenta,1403
primer,1401
un,1400
force,1400
kepolisian,1399
1000,1398
cov,1397
trust,1396
