gram,counts
covid 19 pandemic,5881
covid 19 cases,5690
href rel nofollow,3153
true href rel,3082
new covid 19,2831
rel nofollow twitter,2645
casos covid 19,2602
covid 19 patients,2453
covid 19 crisis,2394
covid 19 deaths,2142
coronavirus covid 19,2017
positive covid 19,1909
due covid 19,1892
covid 19 vaccine,1847
covid 19 lockdown,1672
nofollow twitter web,1557
covid 19 via,1528
new coronavirus cases,1517
covid 19 death,1486
bbc news coronavirus,1482
covid 19 response,1467
covid 19 di,1394
cases covid 19,1354
twitter web app,1309
covid 19 testing,1273
últimas 24 horas,1219
amid covid 19,1207
da covid 19,1114
covid 19 coronavirus,1073
covid 19 positive,1058
response covid 19,1054
pandemi covid 19,1053
coronavirus death toll,1040
new york times,1030
sant shri asharamji,1028
covid 19 test,994
covid 19 outbreak,992
shri asharamji bapu,989
pandemia covid 19,983
fight covid 19,969
may 17 2020,920
nofollow twitter android,898
covid 19 virus,890
coronavirus live updates,851
microchip mark beast,840
rfid microchip mark,839
till may 31,833
आश मज _आश,832
मज _आश रम,831
रम _द _क,831
_आश रम _द,831
_द _क _स,831
स_ज _क _ह,800
spike coronavirus places,792
coronavirus places reopening,787
covid 19 relief,780
17 05 2020,747
90 000 americans,733
died covid 19,730
spread covid 19,728
positif covid 19,721
nuevos casos covid,692
virus covid 19,688
test positive covid,676
nuevos casos coronavirus,670
du covid 19,662
amid coronavirus pandemic,654
covid 19 vía,650
17 mayo 2020,649
covid 19 update,646
obamagate obamagate obamagate,641
impact covid 19,640
post covid 19,637
meaning behind calculating,632
eric trump claims,631
hidden meaning behind,630
last 24 hours,623
90 000 dead,623
trump coronavirus meltdown,620
orders face lawsuits,614
coronavirus orders face,613
face lawsuits across,612
imposed coronavirus orders,611
waktu verifikasi online,609
ingat batas waktu,609
tanggal 29 mei,609
inside trump coronavirus,609
29 mei 2020,609
batas waktu verifikasi,609
nations back australia,599
covid 19 tests,596
sanitarios covid 19,589
dem imposed coronavirus,589
lawsuits across nation,588
desescalada sanitarios covid,584
com covid 19,577
gt gt gt,574
health secretary says,569
sánchez desescalada sanitarios,566
pedro sánchez desescalada,565
coronavirus testing program,564
domingo 17 mayo,562
new cases covid,559
muertes covid 19,559
penanganan covid 19,555
must read article,551
di rumah saja,549
covid 19 situation,547
masa pandemi covid19,543
new york city,536
mei 2020 masa,533
sampai dengan tanggal,528
covid19 di rumah,527
stay at home,527
pandemi covid19 di,527
rumah saja untuk,526
dengan tanggal 29,525
polri ingat batas,525
sobat polri ingat,525
persiapkan tahap seleksi,525
saja untuk persiapkan,525
pagi sobat polri,525
untuk persiapkan tahap,525
2020 masa pandemi,525
online sampai dengan,525
selamat pagi sobat,525
covid 19 firma,525
verifikasi online sampai,525
19 firma petición,524
tahap seleksi penerimaanpolri2020,524
covid 19 em,515
covid 19 spread,514
realdonaldtrump mariabartiromo foxnews,512
covid 19 data,507
eric trump says,504
places reopening health,502
first covid 19,499
handling covid 19,498
reopening health secretary,498
trump covid 19,496
37 nuevos casos,492
confirmed covid 19,490
mortes covid 19,489
17 mei 2020,489
holds 10 million,487
number covid 19,484
covid 19 case,480
covid 19 patient,477
tested positive covid,475
magically disappear november,474
lockdown till may,468
patients nursing homes,467
pacientes covid 19,465
cure covid 19,455
terdampak covid 19,455
covid 19 task,449
covid 19 infections,448
tested positive coronavirus,446
call independent inquiry,444
people covid 19,444
czar holds 10,443
crisis covid 19,443
new cases coronavirus,443
covid 19 czar,442
highest single day,442
coronavirus relief bill,441
19 task force,441
coronavirus meltdown free,441
covid 19 conspiracy,438
meltdown free read,437
world health organization,435
covid 19 related,434
covid19 used cover,431
contagios covid 19,430
power deep state,428
cell undermines immune,427
push 5g vaccine,427
ccp dissolution planned,427
state funds ccp,427
act bargain power,427
planned cia due,427
cia due alleged,427
immune system act,427
ccp push 5g,427
human cell undermines,427
due alleged withholding,427
funds ccp push,427
5g vaccine cost,427
dissolution planned cia,427
alleged withholding data,427
vaccine cost ccp,427
undermines immune system,427
bargain power deep,427
system act bargain,427
deep state funds,427
cost ccp dissolution,427
back australia call,427
term covid19 used,427
beast hidden meaning,423
deaths nursing homes,423
mark beast hidden,423
australia call independent,422
19 death toll,422
behind calculating 666,421
trump new covid,421
positivo covid 19,420
19 czar holds,420
wanted pass along,420
proof rfid microchip,418
covid 19 could,415
test positive coronavirus,411
covid 19 amp,409
covid19 coronavirus sundayvibes,409
60 nations back,408
covid 19 ini,405
dca4covid covid19 coronavirus,403
dca4covid19 dca4covid covid19,403
17 may 2020,402
exposed 180 people,396
person covid 19,395
covid 19 brasil,395
uss theodore roosevelt,393
firma petición vía,393
10 million stock,392
covid 19 cure,390
obama criticises trump,390
us covid 19,387
attended church service,387
positive attended church,386
criticises trump administration,385
independent inquiry virus,385
new cases covid19,384
towards cashless society,384
penyebaran covid 19,383
31 मई तक,383
000 covid 19,381
administration virus response,380
trump administration virus,380
19 positive attended,378
inquiry virus origins,377
church service exposed,377
service exposed 180,377
coronavirus obama criticises,376
180 people officials,375
covid 19 restrictions,373
cases new deaths,372
virus origins coronavirus,372
petición vía change_es,371
response coronavirus pandemic,368
covid 19 hoax,368
get covid 19,367
people officials say,367
covid 19 60,366
revelation 13 16,364
000 americans dead,364
13 16 18,364
deaths covid 19,363
mark revelation 13,363
new covid19 cases,360
public health response,360
obama attacks trump,359
covid 19 may,359
19 60 nations,358
cashless society know,356
covid 19 infection,356
even pretending charge,353
million stock options,353
death toll rises,352
muertos covid 19,352
covid 19 magically,349
covid 19 país,348
like covid 19,347
confirmed cases covid19,346
epoch times app,346
positivos covid 19,342
exclusive coronavirus coverage,341
madagascar records first,340
times app see,340
help fight coronavirus,339
app see exclusive,339
coronavirus covid19 sarscov2,338
cura covid 19,337
see exclusive coronavirus,336
coronavirus coverage daily,334
coronavirus sundayvibes sundaythoughts,333
tests positive covid,333
single day increase,331
coverage daily updates,331
till 31st may,330
confirmed coronavirus cases,328
time covid 19,328
covid 19 nedeniyle,328
trump claims democrats,327
health response covid,327
tested covid 19,326
handling coronavirus pandemic,325
confirmados covid 19,325
uk public health,325
com mais casos,322
brazil overtakes spain,322
infected covid 19,320
vs blue states,317
от covid 19,317
covid 19 updates,315
overtakes spain italy,314
blue states florida,314
desantis vs blue,314
new yorkers moved,313
straight up fire,312
covid 19 italia,311
90 000 deaths,311
total confirmed cases,310
bbc news mundo,310
stay home stay,310
die covid 19,310
dad magically disappear,309
survivor2020 mansuryavasistifa survivior2020,309
covid 19 méxico,308
survivior2020 adanadachpvar larissagacemer,308
adanadachpvar larissagacemer eruefinallerioedevistiyor,308
mansuryavasistifa survivior2020 adanadachpvar,308
burn naturally vaccine,307
states florida shines,307
conspiracy dad magically,307
338 new cases,307
teen battles new,307
veins teen battles,306
coronavirus death counts,306
test covid 19,305
larissagacemer eruefinallerioedevistiyor coronavirus,305
covid 19 covid19,304
covid 19 impact,304
ron desantis vs,304
predicts covid 19,304
home covid 19,303
florida shines coronavirus,303
moved escape coronavirus,301
halts bill gates,301
home stay safe,300
yorkers moved escape,300
shines coronavirus response,300
trump predicts covid,299
19 conspiracy dad,299
casos confirmados covid,297
país com mais,297
gojoe gojoe gojoe,296
deceives many miracles,296
false prophet deceives,296
mark right hand,296
receive mark right,296
prophet deceives many,296
paró covid 19,296
fire veins teen,296
could help fight,296
virólogo paró covid,296
up fire veins,296
turned away cafe,296
eric trump predicts,295
largest single day,294
mais casos covid,293
covid 19 dengan,292
since covid 19,292
pushes back cdc,291
back cdc coronavirus,290
fallecidos covid 19,289
poor needy people,289
tiempos covid 19,289
almost 90 000,289
vacuna covid 19,288
extends lockdown till,288
fda halts bill,287
covid 19 drugs,287
coronavirus últimas 24,286
backed bill gates,286
não tem uma,285
says covid 19,285
wave covid 19,285
cdc coronavirus death,285
covid 19 go,283
sign petition via,283
covid 19 symptoms,283
trump administration response,283
tested positive covid19,282
asharamji bapu ashrams,282
gran escala esperan,281
ocho largos meses,280
esperan ocho largos,280
escala esperan ocho,280
covid 19 news,279
test gran escala,279
coronavirus disease 2019,279
eruefinallerioedevistiyor coronavirus fenerbahce,279
au covid 19,279
kasus covid 19,278
bill gates coronavirus,278
covid 19 dan,277
covid 19 governo,277
31st may 2020,277
coronavirus brazil overtakes,277
antibodies could help,276
italia test gran,276
tem uma política,276
governo federal não,276
uma política específica,276
llama antibodies could,276
video via gatewaypundit,275
19 italia test,275
lgbt festival17m porvidadigna,275
federal não tem,275
brasil 6º país,274
coronavirus study finds,274
stock options vaccine,274
6º país com,274
banknirbharbharat banknirbharbharat banknirbharbharat,273
extends coronavirus lockdown,273
específica lgbt festival17m,273
política específica lgbt,273
go away disappear,272
coronavirus magically disappear,272
19 governo federal,272
put people first,272
options vaccine company,269
covid 19 et,269
vanish election day,269
help covid 19,268
world health assembly,267
easing coronavirus lockdown,267
magically vanish election,267
at home orders,267
caso covid 19,266
global patent pool,266
news covid 19,266
may 16 2020,264
11 time zones,264
first coronavirus crisis,264
barack obama attacks,264
casos positivos covid,263
signed open letter,263
discussing covid 19,263
asking put people,262
people first coronavirus,262
azar spike coronavirus,262
fighting covid 19,262
letter borisjohnson asking,261
borisjohnson asking put,261
open letter borisjohnson,261
crisis add name,261
new deaths today,261
covid19 sarscov2 forecast,260
push global patent,260
lockdown extended till,260
patients critical condition,260
coronavirus crisis add,260
population coronavirus covid19,259
ve signed open,259
potential covid 19,259
uk lead push,259
fight coronavirus study,258
coronavirus boris johnson,258
19 magically vanish,257
vai tomar cu,257
colorado gov polis,257
lead push global,256
llamas real unicorns,256
pool covid 19,256
industry never recover,255
90 000 people,255
patent pool covid,255
completely eliminate coronavirus,255
enem the treatment,254
yeast enem the,254
treatment completely eliminate,254
the treatment completely,254
polis pushes back,253
gov polis pushes,253
casos confirmados coronavirus,252
recover coronavirus pandemic,252
deaths today raising,252
obama grossly incompetent,252
death population coronavirus,251
milking covid 19,251
could secret weapon,250
records first covid,250
new death population,250
magically go away,250
us uk lead,250
twitter web client,249
test live tv,248
claims covid 19,248
coal industry never,248
covid 19 na,248
away cafe coronavirus,247
secret weapon coronavirus,247
folks charge discussing,246
message covid 19,246
charge discussing covid,246
reports largest single,246
trump coronavirus response,245
covid 19 new,245
coronavirus cases new,244
coronavirus covid19 covid_19,243
000 americans died,243
coronavirus covidー19 coronavirusourtbreak,243
unicorns could secret,243
covid 19 numbers,243
covidー19 coronavirusourtbreak thewiderwiserview,243
real unicorns could,243
2019 covid 19,243
19 via youtube,242
covid 19 mundo,241
19 go away,241
administration response coronavirus,241
testing program backed,240
democrats milking covid,240
long term care,238
cdc let country,238
attacks trump administration,238
di tengah pandemi,238
program backed bill,237
dr scott atlas,236
people died today,236
halts coronavirus testing,236
sunday may 17,236
past 24 hours,236
gates foundation vaccine,235
ünvan değişikliği sınavı,235
değişikliği sınavı covid,234
vacina covid 19,234
deği şi kli,234
şi kli ği,234
sınavı covid 19,234
president donald trump,234
ünvan deği şi,233
ği yapılmasını talep,233
ardern turned away,233
kli ği yapılmasını,233
raising country total,233
sinavsiz ünvan deği,233
başvuruda bulunan sağlık,232
covid 19 would,232
sınava başvuruda bulunan,232
19 nedeniyle ertelenmiştir,232
know covid 19,232
coronavirus devastated moscow,232
texas reports largest,231
today raising country,231
โคว ด19 covid19,231
gates believer population,231
sağlık personellerinin bir,231
covid 19 deprive,231
two months ago,231
population eugenics vaccine,230
problems including cancers,230
covid 19 treatment,230
foundation vaccine gates,230
cause major health,230
eugenics vaccine cause,230
major health problems,230
uk must rise,230
uk media today,230
media today pumping,230
health problems including,230
believer population eugenics,230
agenda narrativethis gates,230
must rise fight,230
rise fight back,230
today pumping vaccine,230
cancers uk must,230
defalığına sinavsiz ünvan,230
vaccine gates believer,230
including cancers uk,230
vaccine cause major,230
vaccine agenda narrativethis,230
bulunan sağlık personellerinin,230
pumping vaccine agenda,230
total number cases,230
occult uk media,230
personellerinin bir defalığına,230
narrativethis gates foundation,230
bir defalığına sinavsiz,230
yapılmasını talep ediyoruz,229
spreading across russia,229
contre covid 19,229
2020 05 17,229
michael gove insists,228
schools safe reopen,228
democrats trying milk,227
5g inflammation reaction,226
never recover coronavirus,226
reaction human cell,226
obamagategate subpoenaobama obamagate,226
fastandfurious obamagategate subpoenaobama,226
withholding data 11,226
ministry home affairs,226
cover 5g inflammation,226
health care workers,226
wabah covid 19,226
used cover 5g,226
devastated moscow spreading,226
inflammation reaction human,226
dies covid 19,226
45 nuevos casos,225
confirmed deaths go,225
death covid 19,225
said coronavirus hoax,225
covid 19 world,224
take time read,224
coronavirus response via,224
19 deprive trump,224
covid19 redwave womenfortrump,224
000 dead americans,224
gates coronavirus testing,224
covid 19 commencement,223
obamagate obama covid19,223
subpoenaobama obamagate obama,223
covid 19 covid,223
first coronavirus death,223
obama covid19 redwave,223
covid19 covid_19 coronavirus,222
second wave coronavirus,222
new york governor,222
moscow spreading across,222
ja ja ja,221
ever wondered meaning,221
behind 666 wonder,221
finally revealed covid19,221
due coronavirus pandemic,221
666 wonder must,221
coalition 62 countries,221
make better decisions,221
meaning behind 666,221
claims democrats milking,221
oms encuentra pruebas,221
redwave womenfortrump wwg1wgaworldwide,221
please take time,221
reopen michael gove,221
penyebaran virus covid,221
wondered meaning behind,221
wonder must read,221
covid 19 transmission,221
think covid 19,220
000 people died,220
deprive trump campaign,220
destroys dr fauci,220
better decisions based,220
false sense security,219
unwilling make better,219
number coronavirus cases,219
knocks folks charge,219
unable unwilling make,219
atlas destroys dr,219
decisions based new,219
news mundo coronavirus,219
scott atlas destroys,219
eric trump coronavirus,219
extended till may,219
fauci clowns cdc,218
based new covid,218
dr fauci clowns,218
cdc unable unwilling,218
clowns cdc unable,218
100 first time,218
primera vez dos,218
womenfortrump wwg1wgaworldwide kag,218
17 05 20,218
safe reopen michael,217
trump campaign rallying,217
grossly incompetent trump,217
kag2020 painiscoming keyboardwarriors,216
kag kag2020 painiscoming,216
painiscoming keyboardwarriors benghazi,216
19 data video,216
covid 19 não,215
number 666 hidden,215
wwg1wgaworldwide kag kag2020,215
hidden meaning finally,215
666 hidden meaning,215
meaning finally revealed,215
single day jump,215
chinese communist party,215
security funding citing,215
vez dos meses,214
pruebas covid 19,214
buys riot gear,214
dying covid 19,213
coronavirus schools safe,213
interesting article read,213
emergencia sanitaria covid19,213
day want share,212
coronavirus covid19 pandemic,212
want share interesting,212
article read concerning,212
increases security funding,212
hope ve great,212
ve great day,212
riot gear increases,212
read concerning rfid,212
frente covid 19,212
great day want,212
gear increases security,212
calculating 666 fascinating,212
coronavirus pandemic say,212
government buys riot,212
concerning rfid microchip,212
share interesting article,212
first time two,211
nuevos casos positivos,211
coronavirus via youtube,211
along absolute proof,211
coronavirus pandemic via,211
governor andrew cuomo,211
pass along absolute,211
absolute proof rfid,211
behind calculating number,211
know bible spoke,211
covid 19 cause,211
nuevas muertes coronavirus,211
coronavirus test live,210
pandemic say experts,210
covid19 stay home,210
covid 19 epidemic,210
mark beast meaning,209
19 commencement speech,209
covid 19 corona,209
beast meaning behind,209
read rfid microchip,209
pass along article,209
calculating 666 revealed,209
covid 19 venezuela,209
time two months,209
case covid 19,209
believe everyone read,209
everyone read rfid,209
along article believe,209
spain italy new,209
article believe everyone,209
crise du coronavirus,208
us coronavirus death,208
re staying safe,208
read interesting article,208
destroy coronavirus samples,208
mark beast mysterious,207
concerning hidden meaning,207
mysterious meaning behind,207
article concerning hidden,207
holy spirit revealed,207
behind counting fascinating,207
interesting article concerning,207
friends family proof,207
safe times also,207
counting fascinating everyone,207
stay home much,207
mystery behind number,207
obama knocks folks,207
fascinating everyone read,207
spirit revealed truth,207
truth must read,207
hope ll read,207
time read pass,207
god holy spirit,207
read pass friends,207
please help us,207
across russia 11,207
wondered mystery behind,207
people wondered mystery,207
via namo app,207
hot coronavirus mess,207
also hope ll,207
go back work,207
centuries people wondered,207
hope re staying,207
beast mysterious meaning,207
pass friends family,207
staying safe times,207
behind finally revealed,207
ll read interesting,207
number god holy,207
family proof rfid,207
covid 19 uk,207
times also hope,207
revealed truth must,207
meaning behind counting,207
russia 11 time,207
meaning behind finally,207
behind number god,207
federal government buys,206
new cases grow,206
italy new cases,206
coronavirus dio oportunidad,206
pasien covid 19,206
pela covid 19,205
public confidence government,205
affected covid 19,205
covid19 positive patients,205
latest covid 19,205
covid 19 business,204
towards future cashless,204
covid 19 brazil,204
oportunidad acelerar planes,204
confirmed cases covid,204
trump says democrats,204
second wave covid,204
bill gates backed,204
covid 19 yang,204
slow spread covid19,203
covid 19 covert,203
society did know,203
future cashless society,203
176 new cases,203
heading towards future,203
covert id heading,203
19 covert id,203
new coronavirus infections,203
deaths go updates,203
covid 19 survivor,203
china vulnerable another,203
id heading towards,203
dio oportunidad acelerar,203
reopening hot coronavirus,203
covid 19 far,203
cashless society did,203
help slow spread,202
cafe coronavirus rules,202
contagiados covid 19,202
sağlık bakanlığı ünvan,202
let country coronavirus,202
economy reopening hot,202
take covid 19,202
bakanlığı ünvan değişikliği,202
used cover up,201
inflammation effect human,201
effect human cell,201
finally revealed coronavirus,201
up 5g 60ghz,201
cover up 5g,201
positive patients nursing,201
country coronavirus testing,201
5g 60ghz inflammation,201
60ghz inflammation effect,201
inspiration sant shri,201
satgasnusantara satgasnusantarakepri poldakepri,200
coronavirus stay home,200
tener anticuerpo impide,200
wash hands often,200
planes américa latina,200
polri polricegahcorona coronavirus,200
treat covid 19,200
poll slump hits,200
acelerar planes américa,200
lockdown spreads poll,199
19 covid 19,199
máximos expertos china,199
update covid 19,199
says democrats trying,199
spreads poll slump,199
मई तक बढ,199
wisconsin economy reopening,199
contagio coronavirus contacto,198
abc news via,198
new cases confirmed,198
medical journal urges,198
free read via,198
covid 19 est,198
england got coronavirus,198
offer false sense,197
hospital patients england,197
end covid 19,197
expertos china advierte,197
gov andrew cuomo,197
62 nations back,196
of covid 19,196
polricegahcorona coronavirus virus,196
easing covid 19,196
patients england got,196
polripromoter polrihumanis polri,196
polrihumanis polri polricegahcorona,196
sweden pm says,195
security covid 19,195
pm says face,195
casos positivos coronavirus,195
got coronavirus another,195
coronavirus sars cov,195
trillion coronavirus relief,195
ao covid 19,195
patients covid 19,195
better covid 19,194
coronavirus another illness,194
society know bible,194
president barack obama,194
satgasnusantarakepri poldakepri ramadhan2020,194
poldakepricegahcovid19 polripromoter polrihumanis,193
covid 19 recovery,193
says face coverings,193
yorgunuz ders çalışacak,193
20 hospital patients,193
nedeniyle ertelenmiştir çok,193
advierte coronavirus dio,193
ertelenmiştir çok yorgunuz,193
encuentra pruebas contagio,193
coverings offer false,193
çalışacak durumda değiliz,193
dice tener anticuerpo,193
china advierte coronavirus,193
ders çalışacak durumda,193
face coverings offer,193
çok yorgunuz ders,193
durumda değiliz sınava,193
independent inquiry coronavirus,193
coronavirus lockdown spreads,193
0208 90 2121,192
believeyourpossibilities stayhomesafelives buy,192
masks sweden pm,192
uk fantasticradiouk homeofpossibilities,192
fantasticradio co uk,192
2121 hello fantasticradio,192
fantasticradiouk homeofpossibilities believeyourpossibilities,192
martin shkreli denied,192
poldakepri ramadhan2020 poldakepricegahcovid19,192
90 2121 hello,192
co uk fantasticradiouk,192
ramadhan2020 poldakepricegahcovid19 polripromoter,192
brazil são paulo,192
stayhomesafelives buy song,192
contagio covid 19,192
hello fantasticradio co,192
lives daily talk,192
covid 19 created,192
covid 19 china,192
read via financialtimes,192
daily covid 19,192
homeofpossibilities believeyourpossibilities stayhomesafelives,192
pandemic covid 19,192
değiliz sınava başvuruda,192
highest coronavirus death,192
new cases reported,191
49 mil 219,191
new cases new,191
risk covid 19,191
cases last 24,191
humaspoldakepri satgasnusantara satgasnusantarakepri,191
labs destroy coronavirus,191
cas covid 19,190
becomes world fourth,190
bro martin shkreli,190
justiceforcarry watermelonsugar thelastdance,190
são paulo near,190
covid19 covid1948 justiceforcarry,190
news via abc,190
brazil becomes world,190
paulo near collapse,190
thelastdance akepeliolmakdemek 17mayis2000,190
watermelonsugar thelastdance akepeliolmakdemek,190
akepeliolmakdemek 17mayis2000 sagopakajmer,190
covid1948 justiceforcarry watermelonsugar,190
get back work,190
early coronavirus samples,189
work covid 19,189
canadian air force,189
adding value lives,189
revolt easing coronavirus,189
forget masks sweden,189
vaccine covid 19,189
49 219 casos,189
showered gop money,189
pharma bro martin,189
sudden go away,188
talk us 0208,188
madagascar covid 19,188
world fourth biggest,188
sense security covid,188
daily talk us,188
us 0208 90,188
need coronavirus lifeline,188
money need coronavirus,188
current covid 19,188
value lives daily,188
baby dies coronavirus,188
keep safe distance,188
accepts frustration lockdown,188
16 18 coronavirus,187
coronavirus covid19 coronavirusoutbreak,187
gop money need,187
support covid 19,187
magically sudden go,187
tengah pandemi covid,186
il covid 19,186
turn backs pm,186
right hand foreheads,186
impide coronavirus afectar,186
coronavirus contacto objetos,185
time zones ill,185
citing coronavirus pandemic,185
coronavirus hospitals brazil,185
disease 2019 covid,185
anticuerpo impide coronavirus,185
like amp retweet,185
distance wash hands,184
poor covid 19,184
coronavirus afectar células,184
torn back curtain,184
