gram,counts
covid 19 pandemic,8073
covid 19 cases,5873
due covid 19,3012
casos covid 19,2667
covid 19 crisis,2599
covid 19 patients,2543
coronavirus covid 19,2222
da covid 19,2219
new covid 19,2195
black lives matter,2010
covid 19 deaths,1985
pandemia covid 19,1770
covid 19 vaccine,1682
positive covid 19,1626
covid 19 via,1501
pandemi covid 19,1484
impact covid 19,1455
cases covid 19,1425
bbc news coronavirus,1381
covid 19 response,1351
amid covid 19,1335
covid 19 di,1332
covid 19 testing,1315
últimas 24 horas,1304
covid 19 outbreak,1249
covid 19 restrictions,1226
covid 19 lockdown,1214
covid 19 death,1094
fight covid 19,1046
new coronavirus cases,1028
covid 19 update,1007
new york times,1002
post covid 19,991
covid 19 em,962
last 24 hours,942
response covid 19,923
rfid microchip mark,870
microchip mark beast,864
killing black people,843
spread covid 19,836
du covid 19,829
covid 19 impact,819
covid 19 test,792
muertes covid 19,781
stop killing black,776
contagios covid 19,772
covid 19 case,736
covid 19 coronavirus,732
mortes covid 19,732
covid 19 lockdowns,730
covid 19 relief,729
covid 19 virus,724
covid 19 brasil,724
covid 19 positive,710
hidden meaning behind,673
meaning behind calculating,671
sign petition via,663
gran mentira gobiernos,654
di tengah pandemi,642
cashless society know,640
reading stop killing,640
covid 19 amp,638
masks reading stop,635
black people meant,633
new cases covid,617
tested positive covid,617
must read article,616
world environment day,612
ministério da saúde,607
died covid 19,606
tengah pandemi covid,603
disproportionate impact black,602
impact black americans,600
meant help ward,599
people meant help,596
covid 19 tests,595
law enforcement seizes,593
nuevos casos coronavirus,592
help ward disease,592
disease disproportionate impact,592
ward disease disproportionate,590
positivo covid 19,588
05 06 2020,582
tested positive coronavirus,578
com covid 19,570
crisis covid 19,567
nuevos casos covid,562
covid 19 través,562
enchufados pedro sánchez,556
pedro sánchez hermano,556
sánchez hermano david,556
hermano david azagra,556
david azagra mujer,556
azagra mujer begoña,556
mujer begoña gómez,556
begoña gómez amigos,556
gómez amigos ignacio,556
amigos ignacio carnicero,556
ignacio carnicero josé,556
carnicero josé pérez,556
josé pérez añade,556
pérez añade enchufados,556
añade enchufados ábalosaltos,556
enchufados ábalosaltos cargos,556
ábalosaltos cargos 15cargos,556
cargos 15cargos confianza,556
15cargos confianza 13,556
confianza 13 pleno,556
13 pleno covid19se,556
pleno covid19se ríen,556
covid19se ríen únete,556
ríen únete protesta,556
lives matter protests,552
pacientes covid 19,544
first time since,544
new york city,544
protesters covid 19,540
coronavirus gran mentira,539
positif covid 19,537
coronavirus live updates,537
positivos covid 19,533
masks meant protect,533
coronavirus death toll,532
covid 19 still,524
black americans via,519
muertos covid 19,514
americans via huffpostpol,512
past 24 hours,509
update covid 19,508
covid 19 covid19,491
enforcement seizes masks,491
seizes masks meant,487
covid 19 related,486
new covid19 cases,485
covid 19 situation,484
protect anti racist,483
anti racist protesters,483
meant protect anti,479
covid 19 spread,476
towards cashless society,476
truths covid 19,474
unreported truths covid,466
racist protesters covid,464
doctor aced coronavirus,462
top doctor aced,461
aced coronavirus test,459
amid coronavirus pandemic,454
behind calculating 666,451
covid 19 treatment,449
confirmed covid 19,448
covid 19 symptoms,446
new coronavirus deaths,443
epoch times app,443
test positive covid,442
exclusive coronavirus coverage,440
times app see,437
app see exclusive,437
due coronavirus pandemic,437
get covid 19,436
coverage daily updates,436
mark beast hidden,436
beast hidden meaning,436
see exclusive coronavirus,434
coronavirus coverage daily,433
covid 19 infections,431
vacuna covid 19,430
virus covid 19,429
wanted pass along,429
proof rfid microchip,427
spike covid 19,423
coronavirus covid19 sarscov2,422
covid 19 dan,417
pela covid 19,416
fallecidos covid 19,414
number covid 19,413
tested covid 19,413
covid 19 recovery,412
test positive coronavirus,410
covid 19 infection,410
covid19 sarscov2 forecast,409
population coronavirus covid19,408
petition via change,408
covid 19 data,407
casos positivos covid,404
death population coronavirus,400
000 covid 19,399
penanganan covid 19,399
new death population,399
affected covid 19,395
rate falls 13,395
deaths covid 19,391
confirmed coronavirus cases,390
tested positive covid19,389
gt gt gt,388
covid 19 não,386
40 000 deaths,384
timeline coronavirus vaccine,379
covid 19 méxico,378
test covid 19,377
pa health secretary,374
latest timeline coronavirus,374
possible market reactions,374
trying justify limitless,373
standing covid 19,373
large cap biotech,373
cap biotech analyst,373
biotech analyst matthew,373
analyst matthew harrison,373
coronavirus vaccine hurdles,373
vaccine hurdles success,373
hurdles success possible,373
success possible market,373
justify limitless blm,372
limitless blm protests,372
matthew harrison talks,372
harrison talks chief,372
talks chief cross,372
chief cross asset,372
cross asset strategist,372
asset strategist andrew,372
strategist andrew sheets,372
andrew sheets discuss,372
sheets discuss latest,372
discuss latest timeline,372
pretzel trying justify,371
blm protests standing,371
pruebas covid 19,370
contagio covid 19,370
health secretary twists,369
twists pretzel trying,369
protests standing covid,369
restrictions small businesses,369
economy starts recover,369
covid 19 país,368
secretary twists pretzel,367
19 restrictions small,367
risk covid 19,366
test and trace,365
starts recover coronavirus,365
coronavirus deaths first,358
combate covid 19,358
small businesses video,358
covid 19 numbers,356
outside dominic cummings,354
covid 19 est,351
time covid 19,350
mentir robar traicionar,350
unemployment rate falls,349
free covid 19,347
coronavirus cases rising,347
treat covid 19,346
second wave coronavirus,346
severe covid 19,345
19 death toll,344
prevent covid 19,343
covid 19 vía,343
rising faster ever,343
2121 hello fantasticradio,341
hello fantasticradio co,341
fantasticradio co uk,341
co uk fantasticradiouk,341
uk fantasticradiouk homeofpossibilities,341
fantasticradiouk homeofpossibilities believeyourpossibilities,341
homeofpossibilities believeyourpossibilities stayhomesafelives,341
believeyourpossibilities stayhomesafelives buy,341
stayhomesafelives buy song,341
du conseil scientifique,341
and trace system,339
since covid 19,339
2020 06 05,338
despite covid 19,338
reports new coronavirus,337
penyebaran covid 19,337
george floyd protests,337
covid 19 free,337
die in outside,337
covid 19 world,336
от covid 19,336
talk us 0208,336
12 mil 545,335
june 05 2020,334
covid 19 safety,333
new cases coronavirus,333
like covid 19,332
since mid march,331
terdampak covid 19,328
dominic cummings house,328
frente covid 19,327
predijo pandemia coronavirus,327
society know jesus,327
fully operational september,326
wear masks public,326
cases rising faster,326
lucha covid 19,325
covid 19 study,325
000 coronavirus deaths,324
confirmados covid 19,323
covid 19 could,323
in outside dominic,323
jobs increase ever,323
biggest jobs increase,322
go back work,321
new cases covid19,321
increase ever million,320
covid 19 venezuela,319
sees biggest jobs,319
covid 19 studies,318
contact tracing app,318
covid 19 updates,317
ever million economy,317
million economy starts,317
pasien covid 19,316
reported past 24,316
may sees biggest,316
dr bonnie henry,315
lives matter protest,315
die covid 19,314
infected covid 19,313
society know bible,313
contre covid 19,312
death toll passes,310
covid 19 patient,309
caso covid 19,306
house covid 19,305
président du conseil,305
adding value lives,299
value lives daily,299
lives daily talk,299
daily talk us,299
york times reporter,299
total confirmed cases,298
reporter alex berenson,297
trace system not,296
not fully operational,296
long term care,296
105 mil 680,296
system not fully,295
berenson unreported truths,295
wave covid 19,294
times reporter alex,294
alex berenson unreported,294
us 0208 90,293
0208 90 2121,293
90 2121 hello,293
coronavirus die in,293
covid 19 news,292
coronavirus disease 2019,291
da terra indígena,291
terra indígena yanomami,291
world health organization,291
latest covid 19,291
nhs test and,290
niño predijo pandemia,289
covid 19 na,288
covid 19 nas,287
casos confirmados covid,286
ex new york,286
number coronavirus cases,283
covid 19 mundo,283
nuevos coronavirus murciélagos,283
covid 19 emergency,282
covid19 positive cases,282
est contrôlée france,279
patients covid 19,278
people covid 19,278
surprise job gains,278
new cases confirmed,277
350 new cases,277
cummings house covid,275
time since mid,274
brasil tercer país,274
ministro da saúde,272
deaths first time,271
covid 19 drug,271
05 06 20,271
cientos nuevos coronavirus,270
covid 19 health,270
say coronavirus appears,268
treatment covid 19,267
avecina catástrofe mundial,267
covid 19 covid,266
case covid 19,265
video via gatewaypundit,265
handling covid 19,264
businesses video via,264
total number cases,264
covid 19 hospitalizations,264
2019 covid 19,263
680 casos confirmados,263
105 680 casos,260
pandemia coronavirus advirtió,260
help fight covid,259
épidémie covid 19,259
current covid 19,258
slow spread covid19,257
paycheck protection program,256
nuevos casos positivos,255
110 000 americans,253
fanb gnbypuebloenvictoria graciaspuebloheroico,252
highest single day,251
5jun fanb gnbypuebloenvictoria,251
usa northamerica cases,250
em 24 horas,250
crise du coronavirus,250
promote_all_college_students promote_all_college_students promote_all_college_students,248
help slow spread,247
04 06 2020,246
covid 19 covert,246
19 covert id,246
advirtió avecina catástrofe,246
mortos covid 19,245
mi6 boss says,244
coronavirus contact tracing,244
nas últimas 24,243
deaths reported past,243
kasus covid 19,241
covid 19 hoax,241
high blood pressure,241
coronavirus advirtió avecina,241
casos confirmados coronavirus,240
please take time,240
covert id heading,239
id heading towards,239
heading towards future,239
towards future cashless,239
future cashless society,239
19 cases rise,238
hidden meaning finally,238
meaning finally revealed,238
home covid 19,237
daily covid 19,237
finally revealed covid19,237
effects covid 19,234
tiempos covid 19,234
coronavirus murciélagos china,234
spreading covid 19,234
viernes junio 2020,234
death george floyd,233
truth must read,233
110 000 dead,232
ex mi6 boss,232
number 666 hidden,232
666 hidden meaning,232
meaning behind 666,232
number god holy,232
god holy spirit,232
tests positive covid,231
covid 19 made,231
disease 2019 covid,230
frequently asked questions,230
know jesus spoke,230
great day want,230
calculating 666 fascinating,230
tercera guerra mundial,229
boss says coronavirus,229
engineered wuhan lab,229
realdonaldtrump jimcramer cnbc,229
covid 19 new,228
increase covid 19,228
covid 19 tally,228
says coronavirus likely,228
coronavirus likely engineered,228
likely engineered wuhan,228
covid 19 único,227
global covid 19,227
says covid 19,227
take time read,227
uma pessoa minuto,227
de covid 19,226
ever wondered meaning,226
wondered meaning behind,226
behind 666 wonder,226
666 wonder must,226
wonder must read,226
centuries people wondered,226
people wondered mystery,226
wondered mystery behind,226
mystery behind number,226
behind number god,226
holy spirit revealed,226
spirit revealed truth,226
revealed truth must,226
garimpeiros da terra,225
potential covid 19,225
causa covid 19,225
nhs contact tracing,225
covid 19 hospital,224
news sky news,224
face coverings must,224
cmodelhi delhivscorona ltgovdelhi,224
re staying safe,224
interesting article concerning,224
president donald trump,223
widen rules face,223
used say uk,223
amidst covid 19,223
times also hope,223
meaning behind counting,223
first covid 19,222
hope ve great,222
ve great day,222
day want share,222
want share interesting,222
share interesting article,222
interesting article read,222
article read concerning,222
read concerning rfid,222
concerning rfid microchip,222
place end month,222
masks public areas,222
covid 19 scheme,221
rules face coverings,221
coverings must used,221
must used say,221
calculating 666 revealed,221
corona virus pandemic,221
negative covid 19,220
covid 19 libro,220
finally revealed coronavirus,220
read interesting article,220
along absolute proof,220
risk cases sooner,220
symptoms daily even,220
objetivo factor subjetivo,219
factor subjetivo situación,219
subjetivo situación revolucionaria,219
situación revolucionaria covid,219
revolucionaria covid 19,219
19 libro pleno,219
libro pleno desarrollo,219
pleno desarrollo tercera,219
desarrollo tercera guerra,219
guerra mundial presente,219
mundial presente futuro,219
presente futuro pandemia,219
futuro pandemia covid,219
19 único estudio,219
único estudio científico,219
vencer covid19 yanomami,219
covid 19 et,219
self reporting symptoms,219
say uk doctors,219
mysterious meaning behind,219
meaning behind finally,219
behind finally revealed,219
always darkness vs,219
darkness vs light,219
app place end,219
identify risk cases,219
sooner self reporting,219
covid 19 may,218
covid 19 research,218
protests covid 19,218
covid 19 risk,218
coronavirus widen rules,218
tercer país mundo,218
delhivscorona ltgovdelhi bjp4delhi,218
hope re staying,218
tracing app place,218
cases sooner self,218
reporting symptoms daily,218
daily even feel,218
even feel well,218
feel well download,218
factor objetivo factor,217
support black lives,217
progress covid 19,217
covid 19 china,217
staying safe times,217
safe times also,217
also hope ll,217
hope ll read,217
ll read interesting,217
article concerning hidden,217
concerning hidden meaning,217
behind counting fascinating,217
counting fascinating everyone,217
fascinating everyone read,217
spread covid19 identify,217
covid19 identify risk,217
dangerous police let,216
coronavirus deaths reported,216
wash hands often,216
well download app,216
ltgovdelhi bjp4delhi thnewdelhi,215
pass along article,215
along article believe,215
article believe everyone,215
believe everyone read,215
everyone read rfid,215
read rfid microchip,215
mark beast meaning,215
beast meaning behind,215
way dangerous police,214
pass along absolute,214
absolute proof rfid,214
behind calculating number,214
pass friends family,214
trump cita brasil,214
covid 19 global,213
000 americans dead,213
related covid 19,213
benefited covid 19,213
time read pass,213
read pass friends,213
friends family proof,213
family proof rfid,213
mark beast mysterious,213
beast mysterious meaning,213
2020 covid 19,212
daily cases increase,211
135 nuevos casos,211
mil 680 casos,211
one off grant,211
reported today utc,210
today utc time,210
total covid 19,210
impacted covid 19,210
read article coronavirus,210
police let especially,209
au covid 19,209
memorial day weekend,209
know bible spoke,209
off grant paid,208
grant paid anyone,208
paid anyone benefited,208
anyone benefited covid,208
face masks public,208
nyc reports new,207
casos positivos coronavirus,207
sa covid 19,207
public health experts,207
people die coronavirus,207
nursing_officer_joining_dsssb_2020 cmodelhi delhivscorona,207
tercer país muertos,207
end month says,207
covid 19 contact,206
amp covid 19,206
know covid 19,206
baby shower necochea,206
gas way dangerous,205
mio pezzo interessa,205
tear gas way,204
us covid 19,204
ao covid 19,204
bjp4delhi thnewdelhi incdelhi,204
dos povos indígenas,204
coronavirus nhs contact,203
uk covid 19,202
lives matter rally,202
petition one off,202
month says minister,202
could help fight,202
на covid 19,201
complete dsssb nursing,201
wearing face masks,201
pandemic affected world,201
miedo descubran asesorias,201
descubran asesorias amigos,201
asesorias amigos caviares,201
amigos caviares detras,201
caviares detras camaradazamoradesde,201
detras camaradazamoradesde humala,201
camaradazamoradesde humala urrestri,201
humala urrestri miles,201
urrestri miles millones,201
miles millones asesorias,201
millones asesorias comunistasalarcon,201
asesorias comunistasalarcon quiere,201
comunistasalarcon quiere desenmascararlos,201
quiere desenmascararlos viene,201
desenmascararlos viene ataque,201
viene ataque mermelero,201
covid 19 yang,200
death covid 19,200
million jobs may,200
advises wear masks,200
got covid 19,199
covid 19 policy,199
dsssb nursing officer,199
virus pandemic affected,199
affected world sports,199
covid 19 hit,198
pandémie covid 19,198
convierte tercer país,198
dies covid 19,197
bebé baby shower,197
día mundial medio,197
covid19dear arvindkejriwal ji,197
contagiados covid 19,196
impacts covid 19,196
chance serve country,196
il covid 19,196
especially coronavirus pandemic,195
mundial medio ambiente,195
serve country nursing_officer_joining_dsssb_2020,195
combatir covid 19,194
stay home much,194
nursing officer recruitment,194
officer recruitment 2018,194
country nursing_officer_joining_dsssb_2020 cmodelhi,194
país mundo muertes,194
may jobs report,194
could uk lives,194
uk lives saved,194
reviewed set automated,193
set automated tools,193
automated tools find,193
tools find results,193
find results analysis,193
results analysis detected,193
analysis detected rigor,193
detected rigor criteria,193
confirmed coronavirus deaths,193
going back work,193
arvindkejriwal ji complete,193
ji complete dsssb,193
give everyone chance,193
coronavirus advises wear,193
covid 19 corona,192
recruitment 2018 give,192
2018 give everyone,192
everyone chance serve,192
coronavirus latest news,191
tercer país muertes,191
coronavirus vaccine astrazeneca,191
coronavirus could uk,191
reported progress covid,190
safe covid 19,190
califica coronavirus gran,190
rigor criteria key,189
take covid 19,189
work covid 19,189
changed covid 19,189
deaths last 24,189
víctimas covid 19,189
coronavirus covid19 pandemic,189
let especially coronavirus,188
robar traicionar ayuda,188
hallados cientos nuevos,188
return business usual,188
sos signal human,188
protect indigenous australia,188
doses coronavirus vaccine,187
hydroxychloroquine covid 19,187
disease covid 19,187
miguel bosé califica,187
bosé califica coronavirus,187
uma morte minuto,187
signal human enterprise,187
worked hard protect,187
hard protect indigenous,187
indigenous australia covid19,187
matter protests would,187
join time ruin,187
time ruin pandemic,187
ruin pandemic response,187
number north west,187
health care workers,186
covid 19 ini,186
19 contact tracing,186
the covid 19,186
combate ao coronavírus,186
following covid 19,185
coronavirus cases reported,185
epidemia covid 19,185
brazil overtakes italy,185
cases last 24,185
covidー19 covid19 coronavirus,185
gnbypuebloenvictoria graciaspuebloheroico nicolasmaduro,185
claims spike covid,185
floyd tested positive,184
covid 19 untuk,184
cases new deaths,184
stay at home,184
may stocks rallied,184
stocks rallied fueled,184
rallied fueled supportive,184
fueled supportive fed,184
supportive fed reported,184
fed reported progress,184
astrazeneca boosts potential,184
coronavirus appears declining,184
19 hospitalizations linked,184
hospitalizations linked massive,184
italy country third,183
york city reports,183
vaccine astrazeneca boosts,183
boosts potential supply,183
passes 40 000,183
blasio claims spike,183
updates covid 19,182
caused covid 19,182
news times india,182
support covid 19,182
distance wash hands,182
thnewdelhi incdelhi incdelhi,182
defeat covid 19,182
appears declining potency,182
dying covid 19,181
fighting covid 19,181
jour du dépassement,181
brasil convierte tercer,181
end coronavirus lockdowns,181
covid 19 social,180
job gains calls,180
states end coronavirus,180
840 nuevos casos,180
vacina covid 19,179
country third highest,179
uk news sky,179
gains calls states,179
calls states end,179
billion doses coronavirus,178
covid 19 concerns,178
covid 19 us,178
covid 19 tras,178
keep safe distance,178
país muertos coronavirus,178
pushing territorial claims,178
touts surprise job,178
linked massive protests,178
pelo covid 19,177
coronavirus últimas 24,177
covid 19 puede,177
social distancing rules,177
brote covid 19,177
potential supply 2bn,177
transition delay negotiations,177
totally support black,177
covid19 covid 19,176
covid 19 transmission,176
covid 19 prevention,176
último día luto,176
australia covid19 totally,176
covid19 totally support,176
pandemic response goes,176
response goes mass,176
goes mass gatherings,176
china pushing territorial,176
menggerakan kita semua,176
casos positivos covid19,175
george floyd death,175
testes da covid,175
territorial claims cover,175
positive cases reported,174
year could go,174
officials fear protests,174
otherwise usually due,174
delay negotiations coronavirus,174
negotiations coronavirus outbreak,174
coronavirus sos signal,174
doctors say coronavirus,174
pandemic covid 19,173
prevención covid 19,173
coronavirus cases rise,173
mundo muertes coronavirus,173
trump touts surprise,173
dear ally donation,173
ally donation post,173
donation post hard,173
post hard truth,173
single day spike,172
may leave people,172
leave people vulnerable,172
people vulnerable severe,172
rate covid 19,172
extend transition delay,172
military commander says,172
commander says china,172
think covid 19,171
dead covid 19,171
like amp retweet,171
dados da covid,171
due lack money,171
claims cover coronavirus,171
getting covid 19,170
say covid 19,170
public health emergency,170
mengungkap sindikat narkoba,170
hours officials fear,170
protests would also,170
would also join,170
also join time,170
wake covid 19,169
covid 19 shutdown,169
new cases new,169
yanomami precisam sobreviver,169
humanidade vencer covid19,169
covid 19 guidelines,169
covid 19 economic,169
ayo segera verifikasi,169
segera verifikasi online,169
verifikasi online masuk,169
online masuk polisi,169
masuk polisi gratisno,169
polisi gratisno kknno,169
gratisno kknno calono,169
kknno calono suapbudayakan,169
calono suapbudayakan pola,169
suapbudayakan pola hidup,169
pola hidup bersihbersatu,169
hidup bersihbersatu cegah,169
bersihbersatu cegah covid19,169
cegah covid19 rekrutmenpolri2020,169
covid19 rekrutmenpolri2020 bersatucegahcovid19,169
fiji declares coronavirus,169
24 hours officials,169
19 nas aldeias,169
covid 19 changed,168
000 people died,168
overtakes italy country,168
covid 19 rules,168
death toll rises,168
usually due lack,168
pela proteção dos,168
proteção dos povos,168
povos indígenas queremos,168
indígenas queremos testes,168
queremos testes da,168
covid 19 would,167
people like amp,167
ng covid 19,167
hands often cover,167
declares coronavirus free,167
coronavirusupdate covid19 coronaviruspandemic,167
muertes coronavirus tras,167
cashless society hear,167
wear face masks,166
genes may leave,166
recovery covid 19,166
19 studies retracted,166
home much keep,166
much keep safe,166
safe distance wash,166
often cover cough,166
gmt coronavirus coronavirusupdate,166
coronavirus coronavirusupdate covid19,166
mais uma pessoa,166
read article covid19,166
coronavirus return business,166
business usual dentists,166
jairbolsonaro generalmourao amendoncamjsp,166
da saúde pela,166
saúde pela proteção,166
public areas reversing,166
combat covid 19,165
covid 19 vaccines,165
says china pushing,165
generalmourao amendoncamjsp funaioficial,165
plan covid 19,164
second wave covid,164
assine petição via,164
grantshapps says use,164
areas reversing policy,164
covid19 yanomami precisam,163
vulnerable severe covid,163
public health officials,163
covid 19 com,163
india covid 19,163
oxford covid 19,163
piensa verde planeta,163
verde planeta azul,163
policy based suspect,162
based suspect data,162
get tested covid,162
petição via change_br,162
coronavirus tras superar,162
contact tracing device,162
suspect data tiny,161
data tiny us,161
tiny us company,161
new normal di,161
propagación covid 19,159
spike coronavirus cases,159
cure covid 19,159
covid 19 stats,159
world covid 19,159
petition extend transition,159
lockdown kabba bunu,159
added million jobs,159
cegah covid 19,158
patients nursing homes,158
19 via youtube,158
governments changed covid,158
result covid 19,158
bame covid 19,158
covid 19 epidemic,157
coronavirus pandemic via,157
19 policy based,157
masks public transport,157
dawood ibrahim wife,157
covid 19 racism,156
el covid 19,156
news covid 19,156
american moneyforthepeople covid19,156
24 hours total,156
donate 150 ecoins,156
coronavirus uk records,156
records 40 000,156
