gram,counts
covid 19 cases,12687
covid 19 pandemic,7708
new covid 19,4183
positive covid 19,3806
casos covid 19,3398
due covid 19,3123
impact covid 19,2846
covid 19 testing,2815
new coronavirus cases,2658
covid 19 crisis,2192
covid 19 deaths,2076
covid 19 patients,1996
coronavirus covid 19,1913
amid covid 19,1904
covid 19 vaccine,1752
covid 19 real,1692
cases covid 19,1569
test positive covid,1555
covid 19 outbreak,1480
covid 19 di,1470
covid 19 via,1462
cases single day,1436
da covid 19,1395
index reveals impact,1395
reveals impact covid,1391
19 real estate,1388
últimas 24 horas,1364
new index reveals,1356
black lives matter,1349
highest single day,1339
covid 19 response,1338
covid 19 test,1225
highest number new,1211
pandemia covid 19,1166
number new covid,1093
bbc news coronavirus,1085
spread covid 19,1077
positivo covid 19,1073
19 cases single,1063
record highest number,1054
new york times,989
pandemi covid 19,959
covid 19 tests,959
national record highest,959
breaks national record,945
dozens secret service,941
us breaks national,937
nuevos casos coronavirus,918
tested positive covid,895
post covid 19,894
last 24 hours,891
covid 19 virus,882
pacientes covid 19,880
covid 19 infections,873
june 25 2020,873
covid 19 relief,865
covid 19 coronavirus,855
10 times higher,847
tested positive coronavirus,843
response covid 19,839
19 testing sites,831
covid 19 death,806
covid 19 positive,792
new cases coronavirus,766
get covid 19,766
fight covid 19,761
covid 19 em,757
secret service agents,749
covid 19 update,747
nuevos casos covid,743
coronavirus stimulus payments,720
new covid19 cases,719
payments dead people,704
covid 19 impact,698
million coronavirus stimulus,697
died covid 19,682
contagios covid 19,678
new york city,673
view covid 19,671
25 06 2020,670
number covid 19,665
covid 19 lockdown,664
says covid 19,662
surprise birthday party,662
coronavirus research funding,661
cancel coronavirus research,656
second wave coronavirus,654
relatives test positive,649
18 relatives test,647
agencia europea medicamento,647
covid 19 impacts,646
ordered nih cancel,643
coronavirus live updates,642
covid 19 case,640
nih cancel coronavirus,640
positif covid 19,639
house ordered nih,637
hits highest single,632
may 10 times,631
white house ordered,628
times higher reported,627
new cases covid,626
research funding fauci,618
coronavirus cases surge,616
texas pauses reopening,610
lives matter protests,609
muertes covid 19,603
funding fauci says,602
positivos covid 19,602
shaken 18 relatives,594
stimulus payments dead,594
family shaken 18,592
dead people congressional,592
people congressional watchdog,591
spike covid 19,588
trump tulsa rally,577
cases may 10,576
sent million coronavirus,574
breaking april record,567
global view covid,564
du covid 19,563
congressional watchdog finds,559
treasury sent million,557
covid 19 may,553
covid 19 situation,545
000 new cases,543
partner space agencies,541
nasa partner space,538
space agencies amass,538
agencies amass global,538
amass global view,538
covid 19 amp,537
covid 19 following,537
realdonaldtrump foxnews edhenry,529
covid 19 infection,527
test positive coronavirus,523
primer fármaco tratar,516
covid 19 numbers,514
amid coronavirus pandemic,508
coronavirus testing sites,503
covid 19 data,501
support covid 19,501
texas family shaken,496
gov greg abbott,494
penanganan covid 19,489
tests positive covid,489
covid 19 spikes,488
covid 19 spread,486
covid 19 related,484
north texas family,478
gt gt gt,477
19 cases may,467
home covid 19,465
following surprise birthday,465
19 impacts via,461
cdc says covid,461
service agents quarantined,459
call trump killer,459
infected 10 times,459
conservative media misinformation,457
media misinformation may,456
covid 19 covid19,454
19 following surprise,454
tested positive covid19,450
misinformation may intensified,450
covid 19 still,449
new research explores,448
covid 19 recovery,446
may infected 10,445
10 times americans,445
covid 19 restrictions,444
coronavirus may infected,440
deaths covid 19,438
impacts via nasa,438
explores conservative media,438
covid 19 través,437
research explores conservative,437
crisis covid 19,436
000 covid 19,430
confirmed covid 19,424
patients nursing homes,421
coronavirus stimulus checks,417
agents quarantined trump,416
follow new jersey,414
quarantined trump tulsa,414
past 24 hours,412
24 junio 2020,408
covid 19 surge,405
covid 19 news,401
went dead people,399
first covid 19,396
coronavirus covid19 sarscov2,394
increase covid 19,394
surge coronavirus cases,393
covid 19 spike,393
due coronavirus pandemic,393
wear damn mask,391
single day new,391
casos positivos covid,390
spike coronavirus cases,389
vacuna covid 19,388
epoch times app,388
com covid 19,385
covid 19 symptoms,384
virus covid 19,384
tratar covid 19,383
kasus covid 19,383
exclusive coronavirus coverage,383
times app see,381
app see exclusive,381
coverage daily updates,381
tests positive coronavirus,380
coronavirus task force,378
population coronavirus covid19,378
covid19 sarscov2 forecast,378
tested covid 19,378
day new coronavirus,378
see exclusive coronavirus,376
coronavirus coverage daily,376
breaking coronavirus records,376
coronavirus cases spike,373
texas covid 19,373
die covid 19,373
us covid 19,369
death population coronavirus,369
new death population,368
new jersey coronavirus,363
massive dust cloud,363
coronainfoch covid19 covid,361
since covid 19,360
ken_d2nd justjeremyheyyo michealjackson_,360
justjeremyheyyo michealjackson_ dailyrapfacts,360
michealjackson_ dailyrapfacts lancehoyt,360
dailyrapfacts lancehoyt braunstrowman,360
lancehoyt braunstrowman hunterpwwe5,360
braunstrowman hunterpwwe5 ore922,360
hunterpwwe5 ore922 imadazeman,360
ore922 imadazeman kier_johnson97,360
imadazeman kier_johnson97 ratedrfacts,360
kier_johnson97 ratedrfacts fireboy987,360
ratedrfacts fireboy987 theshiniestdan,360
fireboy987 theshiniestdan buddiemurphie,360
despite covid 19,359
faceofwrasslin backuphmood the_realest3_,359
theshiniestdan buddiemurphie minikeyz,359
covid 19 could,358
like covid 19,358
surge real everywhere,358
backuphmood the_realest3_ itswildboy,358
the_realest3_ itswildboy ken_d2nd,358
itswildboy ken_d2nd justjeremyheyyo,358
coronavirus cases rise,357
coronavirus surge real,357
wave covid 19,356
rising covid 19,354
people covid 19,354
coronavirus cases since,352
times americans reported,352
confirmados covid 19,351
reported cdc says,351
buddiemurphie minikeyz wrestlingguy435,351
jersey coronavirus quarantine,350
free covid 19,350
bigoisover savageetika wwejdct,349
end federal funding,348
number coronavirus cases,348
long term care,348
surge covid 19,347
test covid 19,347
coronavirus quarantine order,345
daily covid 19,345
coronavirus disease 2019,345
realdonaldtrump covid 19,341
americans reported cdc,341
wrestlingguy435 bigoisover savageetika,341
prof chris whitty,340
minikeyz wrestlingguy435 bigoisover,340
covid 19 world,339
coronavirus cases hospitalizations,338
da luz verde,333
20 million americans,333
june 24 2020,332
new cases covid19,332
mortes covid 19,331
jueves 25 junio,331
covid 19 país,329
negative covid 19,328
wear masks public,328
cut 000 jobs,328
coronavirus cases 36,327
know covid 19,327
rise covid 19,327
fallecidos covid 19,326
covid 19 mundo,326
eiffel tower reopens,326
trump covid 19,325
36 358 breaking,325
chris whitty warns,325
da positivo covid,324
covid 19 méxico,323
people wear masks,323
358 breaking april,322
casos confirmados covid,322
19 covid 19,322
severe covid 19,322
whitty warns public,322
cases 36 358,320
single day total,320
covid 19 vía,320
warns public gatherings,320
public gatherings hot,320
affected covid 19,319
risk covid 19,319
daily coronavirus cases,319
fears apocalyptic surges,318
million dead people,318
entertain empower educate,317
empower educate talk,317
0208 090 2121,317
090 2121 hello,317
2121 hello fantasticradio,317
hello fantasticradio co,317
fantasticradio co uk,317
co uk fantasticradiouk,317
uk fantasticradiouk homeofpossibilities,317
fantasticradiouk homeofpossibilities believeyourpossibilities,317
homeofpossibilities believeyourpossibilities stayhomesafelives,317
trump follow new,316
believeyourpossibilities stayhomesafelives buy,316
stayhomesafelives buy song,316
concerns second wave,316
states breaking coronavirus,316
confirmed cases covid19,315
single day coronavirus,314
65 700 dead,314
gatherings hot weather,314
cases since april,313
wave coronavirus infections,313
populous states breaking,313
vaccine begins uk,312
federal support covid,312
go pub forget,312
forget 65 700,312
coronavirus prof chris,312
pub forget 65,311
educate talk us,310
talk us 0208,310
us 0208 090,310
infected covid 19,310
wants britain go,310
britain go pub,310
covid 19 drug,309
649 new cases,309
sign petition via,308
time covid 19,308
covid19 positive cases,308
johnson wants britain,307
covid 19 dan,306
coronavirus relief payments,306
signed petition calling,304
covid 19 safety,303
covid 19 outbreaks,303
amp covid 19,303
coronavirus cases 45,303
179 nuevos casos,302
covid 19 treatment,302
amidst covid 19,302
please wear mask,300
denial also indifferent,300
may intensified severity,300
intensified severity pandemic,300
investors think recovery,299
think recovery balances,299
recovery balances reopening,299
balances reopening concerns,299
reopening concerns second,299
anywhere 100 500,298
100 500 per,298
500 per person,298
per person whoever,298
person whoever dms,298
whoever dms right,298
dms right likes,298
right likes retweets,298
likes retweets understand,298
retweets understand hard,298
understand hard right,298
hard right everyone,298
right everyone needs,298
everyone needs blessing,298
25 juni 2020,298
also indifferent unfolding,298
boris johnson wants,298
coronavirus records leading,298
funding covid 19,297
theatres music venues,297
indifferent unfolding american,297
records leading fears,297
muertos covid 19,296
protect britain theatres,296
britain theatres music,296
performing arts companies,296
cases 45 500,296
leading fears apocalyptic,296
coronavirus new york,295
19 pandemic buy,295
25 junio 2020,294
africa covid 19,294
effects covid 19,294
arts companies financial,294
companies financial effects,294
financial effects coronavirus,294
coronavirus add name,294
best way entertain,294
way entertain home,294
entertain home covid,294
pandemic buy pair,294
buy pair sharp,294
pair sharp pruning,294
sharp pruning shears,294
pruning shears tidy,294
shears tidy gardenyour,294
tidy gardenyour choice,294
gardenyour choice support,294
choice support usplease,294
support usplease click,294
usplease click link,294
click link buy,294
coronavirus antibody test,293
covid 19 costs,293
petition calling 10downingstreet,293
calling 10downingstreet protect,293
10downingstreet protect britain,293
public_campaign forthearts via,293
forthearts via 38_degrees,293
music venues performing,292
venues performing arts,292
effects coronavirus add,292
support public_campaign forthearts,292
covid 19 antibody,291
add name support,291
2019 covid 19,291
trump denial also,291
day coronavirus cases,290
name support public_campaign,290
unfolding american tragedy,290
fármaco tratar covid,290
willing sacrifice people,289
19 cases rise,288
covid 19 sending,288
number covid19 cases,286
spreading covid 19,285
human trial new,285
thursday june 25,285
de covid 19,285
19 sending anywhere,285
sending anywhere 100,285
covid 19 na,283
latest covid 19,283
new york new,280
coronavirus death toll,280
handling covid 19,279
covid 19 new,279
covid 19 updates,277
covid 19 would,277
new mask rule,277
2020 06 25,276
one day total,276
rise coronavirus cases,275
14 day quarantine,275
virus new york,275
covid 19 contact,274
single day spike,274
lacks proper assessment,272
sacrifice people coronavirus,272
antibody test lacks,270
york new jersey,270
white house says,270
death toll rises,270
test lacks proper,269
frente covid 19,269
aprueba primer fármaco,269
penyebaran covid 19,268
brote covid 19,267
au covid 19,267
hall fame game,267
pasien covid 19,266
bankruptcy amid covid,266
cases hospitalizations rise,266
europea medicamento aprueba,266
covid 19 going,265
highest one day,265
stimulus checks went,261
covid 19 hospitalizations,260
people tested positive,260
fear bankruptcy amid,260
erupt meeting new,260
axe 000 jobs,259
000 jobs due,259
councils fear bankruptcy,259
residents erupt meeting,259
meeting new mask,259
realdonaldtrump seanhannity foxnews,259
uk councils fear,258
disease 2019 covid,258
_म ज_क _स,258
miércoles 24 junio,257
dead people government,257
patients critical condition,256
record new cases,256
second wave covid,256
new york imposes,256
coronavirus positivity rate,255
update covid 19,254
birthday party via,254
take covid 19,253
exceeds warning flag,253
45 500 breaking,252
500 breaking april,252
dying covid 19,251
drug covid 19,251
contagio covid 19,251
masks social distancing,251
covid 19 hoax,251
government response coronavirus,251
explosion covid 19,251
coronavirus live news,249
america coronavirus nightmare,249
johns hopkins university,249
getting covid 19,249
worst case scenario,248
angry residents erupt,248
13 covid 19,247
old soviet studies,247
feeding america coronavirus,247
pregnant women coronavirus,247
medicamento aprueba primer,247
qantas axe 000,246
000 new coronavirus,246
24 mil 324,246
sa covid 19,246
decades old soviet,245
soviet studies hint,245
slow spread covid19,245
housing recovery index,245
25 june 2020,244
initial housing recovery,244
widespread delays us,244
people died today,243
covid 19 hit,243
think covid 19,243
distance wash hands,243
trump feeding america,243
000 americans dead,242
total coronavirus cases,242
health impacts could,242
impacts could deadly,242
top health official,242
aumento casos covid,242
month announced release,242
announced release initial,242
release initial housing,242
seen covid 19,241
pruebas covid 19,241
dust cloud barreling,241
cas covid 19,241
real estate earlier,241
reopening hospitals inundated,241
melinda gates wants,241
caso covid 19,240
world health organization,240
york imposes quarantine,240
aux etats unis,240
would first get,240
called covid 19,239
nuevos casos positivos,239
first vaccinations begin,239
cloud barreling toward,239
120 000 americans,239
warning flag level,239
estate earlier month,239
earlier month announced,239
report finds widespread,239
finds widespread delays,239
us government response,239
barreling toward health,238
toward health impacts,238
deliver coronavirus vaccine,238
coronavirus vaccine based,238
case covid 19,237
wash hands often,237
matter protests seen,236
complain coronavirus spike,236
delays us government,236
hospitals inundated explosion,236
us coronavirus cases,235
racial groups blacks,235
president united states,234
supported black lives,234
current covid 19,233
contre covid 19,233
años recortes sanidadpública,233
groups blacks first,233
record covid 19,232
total number cases,232
wake covid 19,232
quarantine 14 days,231
new jersey connecticut,231
cities black lives,231
covid 19 patient,231
help slow spread,230
lives matter complain,230
matter complain coronavirus,230
studies hint coronavirus,228
fighting covid 19,228
civilian white house,228
stay at home,228
19 positive cases,228
funding 13 covid,227
people wearing masks,227
covid 19 trial,227
first get covid,227
coronavirus uk councils,226
19 cases us,226
aumento casos coronavirus,226
government accountability office,226
jobs due pandemic,225
europea medicamento da,225
casos positivos coronavirus,224
may risky mild,224
gao report finds,224
coronavirus qantas axe,223
hint coronavirus strategy,223
risky mild cases,223
196 mil 847,223
wants deliver coronavirus,223
vaccine based racial,223
based racial groups,223
total confirmed cases,222
covid 19 stimulus,222
federal funding 13,221
19 may risky,221
vaccinations begin africa,221
president donald trump,221
stay home much,221
usa northamerica cases,221
significant resurgences europe,221
resurgences europe alarm,221
contagiados covid 19,220
daily record new,220
checks went dead,220
turned blind eye,219
breakthrough drug covid,219
prueba covid 19,219
contact tracing app,219
covid 19 protocols,219
cases one day,219
pollak supported black,219
da stimmt nicht,219
stimmt nicht wuhan,219
nicht wuhan hieß,219
wuhan hieß damals,219
inundated explosion covid,219
gates wants deliver,219
rate covid 19,218
19 cases reported,218
public health officials,218
number new coronavirus,218
pauses reopening hospitals,218
protests seen covid,217
study raises concerns,217
usa usa usa,216
raises concerns pregnant,216
begin africa covid,215
concerns pregnant women,215
major incident declared,215
24 06 2020,214
number new cases,214
covid 19 research,214
wear fucking mask,213
news coronavirus covid19,213
covid 19 guidelines,213
texas medical center,212
19 cases surge,212
trial new vaccine,212
even covid 19,212
cases last 24,212
plan cut federal,212
testing sites sparks,212
medicamento da luz,212
keep safe distance,211
tests covid 19,211
nigeria records 649,211
records 649 new,211
covid 19 antibodies,210
secret service quarantined,210
new cases confirmed,209
covid 19 brasil,209
covid 19 like,209
testing covid 19,209
2020 covid 19,209
covid 19 testi,209
new vaccine begins,208
impacto covid 19,208
covid 19 infected,208
practice social distancing,207
crise du coronavirus,207
fármaco tratar coronavirus,207
coronavirus últimas 24,206
847 casos confirmados,206
york city marathon,205
coronavirus cases confirmed,205
impacts covid 19,205
covid 19 com,205
di jawa timur,205
global coronavirus news,205
impacted covid 19,204
end federal support,204
cure covid 19,204
poderosamente yomeuno cdxm,204
pela covid 19,203
123k died covid19,203
covid19 highest day,203
luz verde primer,203
felizjueves 25dejunio poderosamente,203
25dejunio poderosamente yomeuno,203
196 847 casos,202
covid 19 concerns,202
pauses reopening plan,202
dopeydon thursday theatrics,202
thursday theatrics china,202
theatrics china tariffs,202
china tariffs backfired,202
tariffs backfired americans,202
backfired americans paying,202
overseas productsnow says,202
productsnow says coronavirus,202
died covid19 highest,202
highest day count,202
day count dozens,202
working trump rally,202
trump rally bi,202
rally bi partisan,202
bi partisan support,202
edomex covid 19,202
nuevos casos covid19,201
county covid 19,201
covid 19 vaccines,201
global pandemic news,201
pandemic news coronavirus,201
coronavirus covid19 protests,201
cut federal support,201
recuperados covid 19,200
contract covid 19,200
19 cases hit,200
high covid 19,200
wear mask public,200
of covid 19,200
very significant resurgences,200
sets daily record,199
eight us states,199
americans paying overseas,199
paying overseas productsnow,199
count dozens secret,199
service quarantined working,199
quarantined working trump,199
partisan support impeach,199
support impeach barr,199
coronavirus very significant,199
coronavirus human trial,198
19 cases rising,198
savageetika wwejdct coronavirus,198
us records highest,197
day total coronavirus,197
casos confirmados coronavirus,197
members test positive,197
safe distance wash,197
hands often cover,197
caused covid 19,197
new covid19 positive,197
ionlytakels123 rangerrfonyt heelclaymore,197
trump turned blind,196
19 cases soar,196
new normal di,196
verde primer fármaco,196
covid 19 trump,195
ny nj ct,195
joe biden says,195
19 death rate,194
total covid 19,194
million covid 19,194
trump coronavirus response,193
covid 19 due,193
home much keep,193
much keep safe,193
often cover cough,193
covid 19 corona,192
day covid 19,192
patients covid 19,192
imposes quarantine eight,192
700 dead owen,192
coronavirus sars cov,191
covid 19 one,191
covid 19 health,191
covid 19 covid,190
coronavirus fading away,190
health care system,190
market covid 19,190
dead owen jones,190
quarantine eight us,189
contracted covid 19,188
000 dead americans,188
health care workers,188
pajama virals entertainment,188
virals entertainment latest,188
entertainment latest cultural,188
latest cultural android,188
cultural android coronavirus,188
android coronavirus area,188
recovered covid 19,187
spring break trip,187
news covid 19,187
got covid 19,187
europa tras desconfinamiento,187
dead covid 19,186
daily new cases,186
di tengah pandemi,186
prevención covid 19,186
000 americans died,186
180 000 deaths,186
says coronavirus fading,186
story virus see,186
trump plan cut,186
new coronavirus symptoms,186
nhs care workers,185
covid 19 berikan,185
ministério da saúde,184
records highest one,184
world covid 19,184
following covid 19,184
kepada masyarakat terkait,184
coronaviruspandemic covid19india coronavirus,184
live global coronavirus,184
outbreak covid 19,183
coronavirus going away,183
19 berikan himbauan,183
satgas aman nusa,183
terkait new normal,183
testing positive covid,182
trump end federal,182
single day record,182
positive cases reported,182
tim satgas aman,182
aman nusa covid,182
nusa covid 19,182
berikan himbauan dan,182
himbauan dan woro,182
dan woro woro,182
woro woro kepada,182
woro kepada masyarakat,182
masyarakat terkait new,182
normal di kabupaten,182
di kabupaten cilacap,182
kabupaten cilacap polrescilacap,182
cilacap polrescilacap poldajateng,182
away 123k died,182
tiempos covid 19,181
coronavirus cases single,181
texas gov abbott,181
protests causing spikes,181
top story virus,181
covid19 covid_19 brasilcombolsonaro,181
covid_19 brasilcombolsonaro coronavirus,181
covid__19 tiktokbanindia love,181
tiktokbanindia love stayhome,181
love stayhome staysafe,181
tiktok quedateencasa art,181
quedateencasa art industryinbihar,181
art industryinbihar photography,181
industryinbihar photography ripshadgaspard,181
photography ripshadgaspard worldbeeday,181
ripshadgaspard worldbeeday repost,181
worldbeeday repost lockdown,181
bolton says trump,180
covid 19 us,180
19 contact tracing,180
dio positivo covid,180
fauci says ars,180
work covid 19,180
19 cases hospitalizations,180
get well soon,180
sites sparks alarm,180
causing spikes coronavirus,180
testing sites cnbc,179
catch covid 19,179
covid 19 people,179
covid 19 ini,179
на covid 19,179
analysis new research,179
casos positivos covid19,178
sites cnbc reports,178
causes covid 19,178
related covid 19,178
said covid 19,178
says ars technica,178
16 922 new,178
higher reported via,178
000 coronavirus cases,177
covid 19 au,177
death covid 19,177
000 new covid,177
support testing sites,177
san luis potosí,177
blind eye coronavirus,176
new cases new,176
new cases reported,176
dr fauci says,176
covid 19 lockdowns,175
mask wash hands,175
amp would like,175
would like help,175
alerta aumento casos,175
parties protests causing,175
sammy hagar says,174
120 million dead,174
secret service officers,173
new confirmed cases,173
covid 19 et,173
all time high,173
combate covid 19,173
leovaradkar xavier_bettel markrutte,173
000 deaths covid,173
says trump turned,172
funding coronavirus testing,172
daily cases increase,172
texas gov greg,172
mayores probabilidades morir,172
probabilidades morir covid19,172
momento exigir fin,172
exigir fin sanidad,172
fin sanidad fuerte,172
sanidad fuerte firma,172
moment people died,171
united states america,171
centers disease control,171
reported today utc,171
today utc time,171
response coronavirus pandemic,171
one left behind,171
poorest countries globalgoalunite,171
covid 19 reported,171
using covid 19,171
arturo herrera secretario,171
recortes sanidadpública gt,171
sanidadpública gt gt,171
gt gt falta,171
gt falta personal,171
falta personal gt,171
personal gt gt,171
gt gt colapso,171
gt colapso sanitario,171
colapso sanitario gt,171
sanitario gt gt,171
gt gt mayores,171
gt mayores probabilidades,171
segunda ola podría,171
ola podría ser,171
podría ser inevitable,171
ser inevitable momento,171
inevitable momento exigir,171
fuerte firma petición,171
sent dead people,171
covid 19 rise,170
cómo contagiamos coronavirus,170
morir covid19 segunda,170
covid19 segunda ola,170
pauses state reopening,170
covid 19 economic,169
covid 19 today,169
trump amp gop,169
save 33 000,169
diagnosed covid 19,169
updates covid 19,168
19 di indonesia,168
tengah pandemi covid,168
state covid 19,168
trying hardest get,168
herrera secretario hacienda,168
coronavirus news sets,168
news sets daily,168
dio positivo coronavirus,167
year covid 19,167
globalfund finddx globalgoalunite,167
coronavirus cases reported,167
global covid 19,167
covid 19 yang,167
masks public amp,167
billion coronavirus relief,167
abruptly cut funding,167
must take action,167
