gram,counts
covid 19 pandemic,6638
covid 19 cases,3732
href rel nofollow,3558
true href rel,3475
covid 19 crisis,3200
rel nofollow twitter,3038
coronavirus covid 19,2758
covid 19 patients,2604
due covid 19,2412
coronavirus death toll,2103
jenazah covid 19,1985
nofollow twitter web,1936
covid 19 ayoikutiaturan,1924
covid 19 deaths,1839
covid 19 via,1792
amid covid 19,1753
fight covid 19,1675
twitter web app,1659
covid 19 lockdown,1583
covid 19 outbreak,1560
bbc news coronavirus,1532
stay at home,1493
covid 19 di,1419
covid 19 death,1359
death toll 50,1345
casos covid 19,1326
positive covid 19,1296
new covid 19,1292
covid 19 testing,1279
pasien covid 19,1266
covid 19 coronavirus,1151
penyebaran covid 19,1146
amid coronavirus pandemic,1146
du covid 19,1135
covid 19 response,1118
17 04 2020,1100
cases covid 19,1089
spread covid 19,1057
world health organization,1015
coronavirus task force,1005
covid 19 relief,959
died covid 19,928
response covid 19,927
nofollow twitter android,922
covid 19 virus,916
jenazah pasien covid,913
pandemia covid 19,908
new york times,891
covid 19 yang,882
health care workers,874
di rumah sakit,867
april 17 2020,861
covid 19 update,812
tjhinfar21 thearieair ariestariico,807
aryprasetyo85 tjhinfar21 thearieair,807
ariestariico hamka_sutra wagimandeep212,807
thearieair ariestariico hamka_sutra,807
menularkan covid 19,806
wagimandeep212 maranatha_sibrn l07_te,805
hamka_sutra wagimandeep212 maranatha_sibrn,805
jenazah tidak menularkan,802
aturan jenazah tidak,802
ditsamaptapmj aryprasetyo85 tjhinfar21,802
selama ikuti aturan,802
ikuti aturan jenazah,802
tidak menularkan covid,802
maranatha_sibrn l07_te selama,801
l07_te selama ikuti,801
pandemi covid 19,796
impact covid 19,788
19 death toll,747
covid 19 vía,747
at home orders,742
covid 19 test,731
19 yang sudah,721
menular dari jenazah,719
da covid 19,719
dari jenazah covid,718
ada potensi virus,718
menyebar atau menular,718
atau menular dari,718
yang sudah dimakamkan,718
korban covid 19,718
potensi virus menyebar,718
virus menyebar atau,718
tidak ada potensi,717
penolak jenazah covid,714
covid 19 adalah,711
sudah dimakamkan ayoikutiaturan,696
covid 19 vaccine,663
gt gt gt,660
covid 19 restrictions,645
coronavirus live updates,641
new coronavirus cases,639
virus covid 19,635
covid 19 ini,618
wa inna ilaihi,606
lillahi wa inna,602
positif covid 19,602
inna lillahi wa,602
man made virus,601
covid19 coronavirus ukraine,596
berjuang melawan covid19,596
kpd tenaga medis,594
terakhir kpd tenaga,593
tenaga medis senior,593
medis senior di,593
yg gugur dalam,593
siloam yg gugur,593
inna ilaihi raji,593
dalam berjuang melawan,593
gugur dalam berjuang,592
senior di rumah,592
rumah sakit siloam,592
sakit siloam yg,592
raji unpenghormatan terakhir,588
unpenghormatan terakhir kpd,588
ilaihi raji unpenghormatan,588
covid 19 amp,588
covid 19 patient,586
melawan covid19 ayoikutiaturan,586
wabah covid 19,577
covid 19 tests,576
tegas penolak jenazah,570
tindak tegas penolak,570
últimas 24 horas,555
crisis covid 19,552
17 april 2020,546
sign petition via,531
stay home stay,526
tested positive coronavirus,523
covid 19 positive,512
confirmed covid 19,508
covid 19 case,507
17 abril 2020,498
tested positive covid,492
new york city,492
covid 19 related,492
funding world health,488
covid 19 situation,482
deaths covid 19,469
jorge babu manu,466
trump suho bizbizeyeteriz,466
mike lindell made,466
covid cdtv covid_19,466
babu manu foraprior,466
cdtv covid_19 prior,466
manu foraprior david,466
prior jorge babu,466
david mike lindell,466
covid_19 prior jorge,466
suho bizbizeyeteriz covid,466
foraprior david mike,466
president donald trump,463
middle covid19 pandemic,460
trump cut funding,459
pacientes covid 19,455
lindell made pillow,455
post covid 19,452
dies covid 19,452
massive public call,451
cut funding world,451
covid19 pandemic massive,450
number covid 19,449
pandemic massive public,449
public call save,449
save going viral,448
call save going,448
going viral sign,440
health organization middle,439
viral sign rt,438
organization middle covid19,437
covid 19 spread,435
due coronavirus pandemic,426
get covid 19,423
nuevos casos coronavirus,422
home stay safe,420
adalah perbuatan yang,417
yang tidak toleran,417
perbuatan yang tidak,417
19 adalah perbuatan,417
prix nobel médecine,416
empati bukan malah,414
19 seharusnya mendapat,414
bukan malah disakiti,414
seharusnya mendapat empati,414
mendapat empati bukan,414
covid 19 seharusnya,414
covid 19 lie,413
last 24 hours,413
mereka korban covid,411
at home order,410
die covid 19,408
wuhan death toll,407
amid coronavirus crisis,406
penolakan jenazah pasien,404
tidak toleran ayoikutiaturan,403
mencegah penyebaran covid,403
malah disakiti ayoikutiaturan,402
long term care,400
coronavirus man made,395
treat coronavirus patients,390
treat covid 19,388
muertes covid 19,383
au covid 19,383
coronavirus via youtube,379
patients responding treatment,376
coronavirus patients without,376
viernes 17 abril,374
penanganan covid 19,374
covid 19 could,363
michael cohen released,361
covid 19 infection,359
time covid 19,358
coronavirus pandemic via,358
covid 19 impact,357
covid 19 com,354
new cases coronavirus,354
positivo covid 19,354
man discovered hiv,353
fighting covid 19,350
made virus according,349
luc montagnier man,347
covid 19 dengan,346
chinese coronavirus man,345
montagnier man discovered,345
doit absolument être,344
macron trudeau cette,343
être vue et,343
vue et repartager,343
oms macron trudeau,343
trudeau cette vidéo,343
absolument être vue,343
cette vidéo doit,343
covid19 stopconfinement billgates,343
et repartager radioquébec,343
billgates oms macron,343
vidéo doit absolument,343
stopconfinement billgates oms,343
muertos covid 19,342
contre covid 19,340
according luc montagnier,340
virus according luc,340
radioquébec concerne france,339
concerne france également,339
également tout pays,339
france également tout,339
repartager radioquébec concerne,339
gilead coronavirus drug,338
test positive coronavirus,338
tested positive covid19,337
coronavirus tests work,334
cara mencegah penyebaran,333
us covid 19,332
untold story america,332
go back work,331
covid 19 may,330
covid 19 em,329
story america biggest,328
crise du coronavirus,328
staff asked treat,326
corona covid 19,325
people covid 19,325
discovered hiv gilmore,324
covid 19 world,324
america biggest outbreak,324
hiv gilmore health,324
kita lebih kuat,323
jiwa kemanusiaan kita,323
seharusnya jiwa kemanusiaan,323
19 ini seharusnya,323
kemanusiaan kita lebih,323
covid 19 man,323
musibah wabah covid,323
tengah musibah wabah,323
ini seharusnya jiwa,322
asked treat coronavirus,322
19 man made,318
covid_19 covid19 coronavirus,318
affected covid 19,317
toll 50 percent,317
stay home order,316
test covid 19,316
coronavirus escaped wuhan,316
covid 19 treatment,316
23 nuevos casos,316
dr anthony fauci,316
job retention scheme,313
lebih kuat ayoikutiaturan,310
death toll rises,310
santa clara county,309
happy birthday marah,309
nhs staff asked,308
treatment covid 19,306
com covid 19,306
update covid 19,304
wuhan coronavirus death,304
fallecidos covid 19,303
2019 covid 19,303
2020 04 17,300
19 via youtube,300
covid 19 fight,300
patients recovering quickly,300
19 com um,300
san diego comic,299
support others locally,298
terdampak covid 19,297
new cases covid,297
states without stay,296
article amp reuters,296
epoch times app,296
confirmed cases covid19,295
em casa acesse,295
existe um site,294
contém informações confiáveis,294
com um bot,294
white house coronavirus,294
proteger em casa,294
support covid 19,293
di tengah musibah,293
coronavirus coverage daily,292
rate covid 19,292
exclusive coronavirus coverage,292
getting experimental drug,292
coverage daily updates,291
amid coronavirus outbreak,291
app see exclusive,291
times app see,291
see exclusive coronavirus,291
china economy shrinks,290
covid 19 sudah,289
bizbizeyeteriz covid self_portrait,289
letslovesuho trump suho,289
covid self_portrait covid19,289
check glblctzn article,289
help support others,289
article make difference,289
pillow letslovesuho trump,289
covid19 check glblctzn,289
want know help,288
glblctzn article make,288
without stay at,288
others locally covid19,287
know help support,287
locally covid19 check,287
slow spread covid19,286
battle covid 19,286
death toll 290,286
friday april 17,285
covid 19 antibody,284
rise coronavirus cases,284
escaped wuhan lab,284
covid 19 covid19,284
infected covid 19,284
covid 19 symptoms,283
positivos covid 19,283
made pillow letslovesuho,282
jenazah korban covid,281
cohen released prison,279
combat covid 19,279
twitter web client,278
tested covid 19,278
china covid 19,278
whether coronavirus escaped,275
number coronavirus cases,275
covid 19 research,275
um site contém,274
um bot respondem,274
respondem perguntas temos,274
site contém informações,274
cuidados proteger em,274
confiáveis covid 19,274
menolak jenazah pasien,274
bot respondem perguntas,274
temos cuidados proteger,274
informações confiáveis covid,274
perguntas temos cuidados,274
help slow spread,273
paid 20 million,272
aarogya setu app,269
nuevos casos covid,268
coronavirus cover up,266
like covid 19,266
covid 19 epidemic,265
diego comic con,264
test positive covid,264
coronavirus job retention,264
new coronavirus tests,262
says covid 19,262
amp covid 19,261
20 million new,261
full scale investigation,260
stay home orders,260
confirmados covid 19,259
know covid 19,259
april 16 2020,259
smithfield pork plant,258
covid 19 méxico,258
million new coronavirus,258
19 patients recovering,258
coronavirus disease 2019,258
coronavirus aid relief,257
get back work,256
raises death toll,256
patients without gowns,255
coronavirus africa could,254
coronavirus stimulus checks,254
solution covid 19,253
investigation whether coronavirus,253
contagios covid 19,252
bbc news mundo,252
current covid 19,251
recovering quickly getting,250
leeds united legend,250
quickly getting experimental,249
covid 19 et,249
pengurusan jenazah covid,248
trump covid 19,248
covid 19 emergency,248
groups behind wave,248
us officials confirm,247
scale investigation whether,247
19 di indonesia,247
perlu diketahui bahwa,245
rightwing groups behind,245
19 sudah dilakukan,245
diketahui bahwa pengurusan,245
ketat di rumah,245
report covid 19,245
dan ketat di,245
covid 19 data,245
sudah dilakukan dengan,245
bahwa pengurusan jenazah,245
casos confirmados covid,244
aid relief economic,244
related covid 19,244
wuhan covid 19,244
lucha covid 19,243
relief economic security,243
plant untold story,242
coronavirus smithfield pork,242
hingga menolak jenazah,242
berlebihan hingga menolak,242
adalah suatu kesalahan,242
pork plant untold,242
suatu kesalahan besar,242
19 adalah suatu,242
world covid 19,241
wuhan raises death,240
panik berlebihan hingga,240
confirm full scale,240
contagio covid 19,240
officials confirm full,239
protests covid 19,239
behind wave protests,236
covid 19 numbers,234
contact tracing app,234
contracting covid 19,234
covid 19 país,234
covid 19 dan,232
covid 19 health,231
captain tom moore,231
โคว ด19เราต องรอด,231
covid 19 covid,231
frente covid 19,230
see 300 000,230
rural states without,229
sudden rise coronavirus,228
could created lab,228
covid 19 est,228
confirmed cases covid,228
covid 19 infections,228
dilakukan dengan prosedur,228
vaccine covid 19,228
dengan prosedur khusus,227
wave protests covid,227
prosedur khusus dan,226
khusus dan ketat,226
pruebas covid 19,225
covid 19 contact,225
shrinks first time,225
cure covid 19,224
economic security act,224
africa could see,224
16 04 2020,224
covid19 please download,224
chinois avec adn,224
denies cover up,222
support health care,222
death toll revised,222
avec adn vih,222
personal protective equipment,222
il covid 19,222
fight covid19 please,222
bill gates coronavirus,221
case covid 19,221
symptoms daily even,221
app fight covid19,221
treating covid 19,220
even feel well,220
caso covid 19,220
daily even feel,220
covid 19 quarantine,220
โคว ด19 covid19,220
críticos 0total testeados,219
reporting symptoms daily,219
please download share,219
suggests patients responding,219
risk cases sooner,219
covid 19 get,218
coronavirus cases hitting,218
self reporting symptoms,218
share using link,218
setu app fight,218
download share using,218
well download app,217
identify risk cases,217
us coronavirus deaths,217
spread covid19 identify,217
cases sooner self,217
sooner self reporting,217
risk covid 19,217
feel well download,217
hitting rural states,217
covid19 identify risk,217
terinfeksi covid 19,216
dies contracting coronavirus,216
impacted covid 19,216
cases hitting rural,216
china denies cover,215
coronavirus new york,215
covid 19 real,214
covid 19 updates,214
recommend aarogya setu,214
covid19 covid_19 coronavirus,214
緊急事態宣言の全国拡大 一律10万円給付などについて安倍首相が会見 coronavirus,214
could see 300,214
drug suggests patients,213
anggota polres wonosobo,213
coronavirus sars cov,213
coronavirus drug suggests,212
peek data gilead,212
wonosobo makamkan jenazah,212
coronavirus covid_19 covid19,212
covid 19 akan,212
latest covid 19,212
makamkan jenazah korban,212
casos confirmados coronavirus,212
polres wonosobo makamkan,212
recovered covid 19,211
patients covid 19,211
data gilead coronavirus,211
people died coronavirus,211
rumah sakit jadi,211
early peek data,211
since covid 19,211
更新 緊急事態宣言の全国拡大 一律10万円給付などについて安倍首相が会見,211
sakit jadi tak,210
jadi tak seharusnya,210
dying covid 19,209
patronal agua grifo,209
tak seharusnya kita,209
medio pandemia covid19,209
global covid 19,209
seharusnya kita panik,209
act cares act,208
robert kennedy jr,208
security act cares,208
hotspots sudden rise,207
aboard aircraft carrier,207
help covid 19,207
presssec realdonaldtrump cnn,206
house coronavirus task,206
norman hunter dies,206
see solution covid,205
decimated us intelligence,205
china see solution,205
us intelligence apparatus,205
click see china,205
africa could next,205
see china see,205
85 times higher,205
kesalahan besar ayoikutiaturan,205
hiv discoverer says,204
ministro da saúde,204
covid 19 new,204
using link android,204
heartland hotspots sudden,204
new covid19 cases,203
covid 19 news,203
discoverer says could,203
virus hiv discoverer,203
made virus hiv,203
apparatus years ago,203
coronavirus covid19 covid_19,203
says could created,202
china decimated us,202
posing steep challenge,202
task force hold,202
intelligence apparatus years,202
aircraft carrier symptom,201
years ago posing,200
news mundo coronavirus,200
deaths per million,200
steep challenge coronavirus,200
carrier symptom free,200
business interruption loan,200
covid 19 economic,200
pour lutter contre,200
challenge coronavirus cover,199
biaya pengobatan pasien,199
ago posing steep,199
nap road south,199
revises death toll,198
19 covid 19,197
first covid 19,197
due coronavirus outbreak,197
us death toll,197
ce est pas,197
000 covid 19,197
home covid 19,196
death toll wuhan,196
americans sue china,195
17 04 20,195
new cases covid19,195
experimental drug remdesivir,195
dr phil dr,194
raises coronavirus death,194
help fight coronavirus,194
rantai penyebaran covid,194
disease 2019 covid,194
amidst covid 19,194
на covid 19,193
cases aboard aircraft,193
19 relief fund,193
aprampsuptesting ysjagancares aprampsuptesting,192
combatir covid 19,192
covid 19 na,192
testing covid 19,192
19 contact tracing,192
one world together,191
first time decades,191
tests positive coronavirus,191
kita panik dan,190
handling covid 19,190
casos positivos covid,190
gates coronavirus vaccine,190
interruption loan scheme,190
dan takut secara,189
tiempos covid 19,189
chinese communist party,189
panik dan takut,189
laboratoire chinois avec,189
takut secara berlebihan,189
trump coronavirus task,188
please stay home,188
coronavirus scam emails,187
world together home,187
ysjagancares aprampsuptesting ysjagancares,187
post coronavirus world,187
disease covid 19,187
sa covid 19,187
covid 19 hospital,186
times higher reported,186
covid 19 infected,185
secara berlebihan ayoikutiaturan,185
sg za horseracing,185
vaccine pay billions,185
au nz us,185
nz us sg,185
number confirmed cases,185
us sg za,185
virus corona covid,185
covid 19 would,185
coronavirus live news,184
fact check trump,184
clue cases aboard,184
tests positive covid,184
ne sont pas,184
confirmed coronavirus cases,184
sorti laboratoire chinois,184
pay billions profits,184
experts say pandemic,184
say pandemic could,184
stop spread covid,184
billions profits dr,183
causa covid 19,183
symptoms covid 19,183
past 24 hours,183
nurses suspended refusing,183
petition via change,182
china communist party,182
social distancing measures,182
profits dr fauci,182
coronavirus vaccine pay,182
coronavirus patients responding,181
coronavirus clue cases,181
mayores 70 años,181
bombshell bill gates,181
outbreak covid 19,181
abc news via,181
find experts say,180
pasien positif terinfeksi,180
originated wuhan lab,180
covid 19 care,180
google blocking 18m,180
blocking 18m coronavirus,180
tests find experts,179
people tested positive,179
18m coronavirus scam,179
via namo app,179
develop vaccine coronavirus,179
destroys virus quickly,178
covid 19 information,178
kennedy jr drops,178
updates april 17,178
en medio pandemia,178
petition via ukchange,177
news covid 19,177
covid 19 cure,177
positif terinfeksi covid,177
pillow trump suho,177
covid 19 sign,177
insecurehbo covid cdtv,177
oms en medio,177
regarding covid 19,177
pandemia covid19 ahora,177
china wuhan raises,177
combate covid 19,177
bizbizeyeteriz covid covid19,177
toda financiación oms,176
think covid 19,176
covid 19 china,176
masivo llamamiento público,176
सबक _म क_एक,176
nobel médecine luc,176
suspender toda financiación,176
dr fauci agency,176
trump acaba suspender,176
financiación oms en,176
volviendo viral firma,176
viral firma rt,176
coronavirus outbreak may,176
acaba suspender toda,176
oms volviendo viral,175
pengobatan pasien positif,175
público salvar oms,175
ditanggung oleh pemerintah,175
penyebaran virus covid,175
breaking foxnews alert,175
united legend dies,175
coronavirus contact tracing,175
llamamiento público salvar,175
ahora masivo llamamiento,175
government announces taskforce,175
19 akan ditanggung,175
akan ditanggung oleh,175
taskforce develop vaccine,175
seluruh biaya pengobatan,175
new markets au,175
horseracing greyhounds live,175
za horseracing greyhounds,175
covid19 ahora masivo,175
leading cause death,175
drops new bombshell,175
may 85 times,175
salvar oms volviendo,175
markets au nz,175
oleh pemerintah termasuk,175
50 85 times,174
of covid 19,174
covid 19 ditangkap,174
outbreak may started,174
pemerintah termasuk untuk,174
sunlight destroys virus,174
uk government announces,173
19 cases deaths,173
announces taskforce develop,173
made pillow trump,173
virus quickly new,173
new bombshell bill,173
coronavirus crisis via,172
jr drops new,172
news via abc,172
drug treat covid,172
death covid 19,172
covid19 โคว ด19,171
quickly new govt,171
vaccine coronavirus covid19,171
new govt tests,170
abba kyari dies,170
emails every day,170
cases covid19 reported,170
vendredi 17 avril,170
data suggests coronavirus,169
scam emails every,169
large business interruption,169
greyhounds live staysafe,169
suggests coronavirus patients,169
hunter leeds united,169
live staysafe coronavirus,169
médecine luc montagnier,169
875 casos confirmados,169
norman hunter leeds,169
govt tests find,169
covid 19 corona,169
coronavirus large business,168
workers covid 19,168
wuhan city revises,168
china wuhan city,167
coronavirus covid19 coronavirusoutbreak,167
toll revised 50,167
testing must double,167
covid 19 help,167
pr luc montagnier,167
countries best coronavirus,167
legend dies contracting,167
people died covid,167
canceled due coronavirus,167
care covid 19,167
work covid 19,166
best coronavirus responses,166
000 people died,166
city wuhan raises,166
economy shrinks first,166
par covid 19,166
comic con canceled,166
de covid 19,166
corona coronavirus covid19,166
nursing home deaths,165
polda metro jaya,165
emergencia covid 19,165
covid 19 victims,165
outbreak city wuhan,165
phil dr oz,164
pandemic could last,164
without n95 masks,164
one world togetherathome,164
could next epicentre,164
foramaia foramaia foramaia,164
casos positivos coronavirus,163
reserse di indonesia,163
gilead coronavirus treatment,163
gilead data suggests,163
laura ingraham misleading,163
allow americans sue,163
face au coronavirus,163
the covid 19,163
co uk fantasticradiouk,162
termasuk untuk pemula,162
lives daily talk,162
fantasticradio co uk,162
fantasticradiouk homeofpossibilities believeyourpossibilities,162
misleading coronavirus claim,162
uk fantasticradiouk homeofpossibilities,162
homeofpossibilities believeyourpossibilities stayhomesafelives,162
hello fantasticradio co,162
listyo sigit prabowo,162
pemula true href,162
believeyourpossibilities stayhomesafelives buy,162
90 2121 hello,162
stayhomesafelives buy song,162
covid19 coronavirus stayhome,162
stay safe stay,162
coronavirus disease covid,162
0208 90 2121,162
untuk pemula true,162
2121 hello fantasticradio,162
coronavirus us death,162
jajaran reserse di,162
antibody testing finds,162
covid 19 business,161
wuhan revises coronavirus,161
coronavirus antibody testing,161
covid 19 like,161
pemakaman jenazah pasien,161
covid19 coronavirus pandemic,161
staff abba kyari,161
covid 19 30,161
covid 19 não,160
new blog post,160
coronavirus est virus,160
fires health minister,160
hoax covid 19,160
rel nofollow tweetdeck,160
ingraham misleading coronavirus,160
governor shaktikanta das,160
drs listyo sigit,160
value lives daily,159
talk us 0208,159
killing innocent people,159
agua grifo pide,159
total confirmed cases,159
bay area infections,159
people died today,159
spreading covid 19,159
dans lutte contre,159
daily talk us,159
term care facilities,159
revises coronavirus death,159
us 0208 90,159
adding value lives,159
covid 19 killed,159
china outbreak city,159
selama masa pandemi,159
lutte contre coronavirus,159
cortar suministro familias,159
covid 19 wuhan,159
lead nih coronavirus,158
covid 19 mundo,158
stop covid 19,158
17 avril 2020,158
area infections may,158
nih coronavirus researcher,158
wrongly declares states,158
let us know,158
jptu jabatanpenerangan covid19,158
toll 290 50,158
coronavirus responses common,158
grifo pide gobierno,158
updates covid 19,158
johns hopkins university,157
est virus sorti,157
gobierno permita cortar,157
19 sign petition,157
per million population,157
finds bay area,157
pide gobierno permita,157
still rising quickly,157
infections may 85,157
permita cortar suministro,156
governorbullock please cancelkxl,156
common women leaders,156
testing finds bay,156
via uolnoticias uol,155
menolak pemakaman jenazah,155
dr oz dr,155
lab zero hedge,155
buhari chief staff,155
rural indigenous communities,155
stop spread coronavirus,155
hey governorbullock please,155
responses common women,155
terkait covid 19,155
protect safety workers,154
crise du covid19,154
covid 19 stimulus,154
safety workers rural,154
created lab zero,154
would spread coronavirus,154
pandémie covid 19,154
workers rural indigenous,154
trump wrongly declares,154
world health organisation,154
info covid 19,154
cancelkxl protect safety,154
remdesivir covid 19,154
please cancelkxl protect,154
coronavirus updates april,154
coronavirus beyond china,153
stability xijinping took,153
reported coronavirus deaths,153
released prison due,153
bill allow americans,153
fauci shuts laura,153
coronavirus antibody tests,153
spread coronavirus beyond,153
doctors would let,153
beat covid 19,153
beyond china thereby,153
xijinping took actions,153
knew would spread,153
seluruh jajaran reserse,153
regime accountable boycottchina,153
china thereby crippling,153
tests covid 19,152
bringing total number,152
penanganan hoax covid,152
would let blacks,152
chief staff abba,152
genocide said doctors,151
shuts laura ingraham,151
suspected covid 19,151
despite covid 19,151
data penanganan hoax,151
help fight covid,151
april 17 latest,151
contro il coronavirus,151
responding treatment via,151
said doctors would,151
lebih memperketat pengawasan,151
suggested pandemic could,150
next epicentre warns,150
coronavirus conspiracy theories,150
social distancing rules,150
enfermos covid 19,150
year old man,150
discuss covid 19,150
let blacks die,150
coronavirus china outbreak,150
