gram,counts
covid 19,187063
coronavirus cases,10894
19 cases,9566
coronavirus pandemic,7409
19 pandemic,6883
coronavirus covid19,5992
new cases,5944
new york,5744
covid19 coronavirus,4084
positive covid,4009
wear mask,3676
new coronavirus,3552
casos covid,3323
positive coronavirus,3221
tested positive,3218
new covid,3091
covid19 pandemic,3068
social distancing,3059
nuevos casos,3014
due covid,2950
casos coronavirus,2906
covid19 cases,2848
test positive,2812
second wave,2775
19 testing,2712
stay home,2588
new jersey,2516
public health,2380
coronavirus covid,2301
due coronavirus,2281
kung flu,2196
coronavirus testing,2145
novak djokovic,2071
united states,2052
testing sites,2051
24 horas,1971
single day,1920
june 24,1899
19 patients,1889
wear masks,1885
tests positive,1845
gon na,1828
19 crisis,1826
14 day,1801
wearing mask,1734
19 vaccine,1728
york new,1720
jersey connecticut,1712
donald trump,1702
death toll,1674
news coronavirus,1672
due covid19,1669
day quarantine,1658
confirmed cases,1647
casos confirmados,1645
via youtube,1637
bbc news,1631
pandemia coronavirus,1612
coronavirus outbreak,1589
cases covid,1551
spread coronavirus,1549
100 000,1538
casos positivos,1536
wearing masks,1515
many people,1460
19 deaths,1456
19 via,1453
meaning behind,1450
live updates,1440
pandemi covid,1438
new post,1436
amid coronavirus,1387
últimas 24,1381
gt gt,1370
coronavirus vaccine,1364
quarantine travelers,1356
24 hours,1348
face masks,1341
white house,1339
coronavirus crisis,1327
24 2020,1322
nursing homes,1308
19 outbreak,1298
positive cases,1293
impact covid,1293
da covid,1286
19 test,1259
19 di,1247
cases surge,1246
coronavirus response,1243
19 response,1232
contact tracing,1230
pandemia covid,1225
cashless society,1218
health leaders,1208
make sure,1207
post covid,1205
coronavirus deaths,1197
lives matter,1190
positivo coronavirus,1169
spread covid,1168
coronavirus lockdown,1167
one day,1167
coronavirus live,1160
amid covid,1156
24 06,1154
stay safe,1151
new normal,1150
trump administration,1147
new covid19,1132
19 covid,1120
cases reported,1104
cases coronavirus,1101
pilkada damai,1100
spread covid19,1097
novel coronavirus,1086
york city,1085
corona virus,1085
mental health,1081
black lives,1076
death rate,1069
trump coronavirus,1067
via googlenews,1065
must read,1059
pandemia covid19,1051
join us,1041
long term,1039
travelers coronavirus,1039
federal government,1036
coronavirus hotspot,1036
looks like,1030
sars cov,1030
post covid19,1025
impose 14,1024
people died,1013
19 tests,1005
19 death,994
19 coronavirus,992
face mask,990
health care,990
new deaths,989
hotspot states,985
positivo covid,983
cases covid19,979
24 junio,979
active cases,978
120 000,977
connecticut impose,974
hidden meaning,973
mark beast,970
coronavirus via,969
health officials,967
boris johnson,965
states high,965
coronavirus uk,964
coronavirus update,961
federal funding,960
rfid microchip,957
microchip mark,954
06 2020,949
23 junio,944
south africa,944
covid19 covid,943
casos nuevos,938
000 people,936
coronavirus infections,934
last week,930
two weeks,925
000 new,919
uk must,919
wash hands,916
coronavirus argentina,913
around world,904
ny nj,904
young people,902
casos covid19,899
june 2020,899
coronavirus disease,892
prepare second,891
year old,878
spike coronavirus,877
must prepare,868
damai 2020,867
june 23,861
slow testing,855
cases rise,853
dr fauci,851
total cases,850
positive covid19,845
14 days,842
19 em,840
help us,839
testing positive,839
president trump,838
read article,836
fake news,830
go back,830
covid19 crisis,819
19 update,811
muertes coronavirus,810
first time,808
coronavirus death,798
response covid,793
task force,792
reopens borders,790
every day,789
york times,789
américa latina,767
du coronavirus,763
save lives,763
19 lockdown,763
covid__19 coronavirus,761
19 positive,760
get tested,757
19 virus,753
us coronavirus,752
whitehouse realdonaldtrump,751
next week,751
covid19 testing,750
highest single,749
junio 2020,747
19 impact,747
fight covid,744
need know,739
last 24,737
fight coronavirus,736
pacientes covid,734
total number,734
society know,727
contagios coronavirus,726
city marathon,725
covid__19 covid19,719
behind calculating,714
wave coronavirus,713
nursing home,712
good news,710
states cnbc,710
end federal,706
go away,703
contagios covid,698
cnbc via,698
crisis coronavirus,696
covid coronavirus,695
covid19 covid__19,686
high coronavirus,685
fauci warns,684
marathon canceled,683
dio positivo,679
states report,678
coronavirus surge,677
coronavirus updates,676
positif covid,671
nj ct,670
people die,669
fight covid19,668
covid_19 coronavirus,666
cases deaths,659
post coronavirus,652
coronavirus covid__19,651
19 infections,650
wave health,647
muertes covid,645
19 relief,643
wan na,642
matter protests,642
coronavirus patients,636
covid19 patients,635
borders citing,634
virus wave,634
10 000,632
two months,631
second virus,629
coronavirus test,627
herd immunity,626
latin america,622
tracing app,614
19 case,614
please help,613
would like,613
get coronavirus,613
cases today,612
disease 2019,611
get covid,611
global pandemic,608
impact covid19,606
adria tour,605
ee uu,601
surge coronavirus,601
sign petition,601
nueva york,594
covid19 lockdown,590
coronavirus corona,589
washington post,588
know 19,586
cases spike,585
new zealand,582
19 covid19,581
positivos covid,578
wear face,578
number cases,577
face coverings,575
covid19 covid_19,575
died covid,573
covid cases,570
मद व_ब,569
_धन यव,569
व_ब _धन,567
social distance,566
tested covid,563
000 americans,561
000 deaths,561
all time,560
people dying,559
look like,558
stock market,556
disturbing surge,554
loved ones,553
people stay,553
interesting article,553
great job,552
american travelers,551
vacuna covid,548
via nytimes,544
us states,544
covid19 amp,543
baba ramdev,543
anthony fauci,542
please take,541
slow spread,540
corona covid19,539
nikola jokic,539
coronavirus covid_19,539
fauci says,538
50 000,537
quarantine visitors,537
social media,536
19 amp,535
american people,534
covid19 deaths,533
coronavirus hospitalizations,533
didier raoult,533
ministerio salud,532
19 stands,531
died covid19,531
european union,531
vaccine trial,529
new infections,528
19 infection,527
san juan,524
du covid,524
negative covid,524
day total,523
nuevos contagios,522
covid covid19,521
let us,520
000 dead,520
highest level,520
months ago,519
number covid,519
across country,518
per day,517
health department,514
travelers states,512
stop spread,511
casos activos,510
response coronavirus,510
small businesses,509
read coronavirus,509
greg abbott,507
com covid,507
mask wearing,505
everyone read,505
towards cashless,504
covid19 sarscov2,501
looking forward,500
trump rally,499
bill gates,499
finally revealed,499
may bar,498
support coronavirus,497
back work,497
19 situation,496
response covid19,495
take look,495
24 june,494
like covid,493
new death,492
covid19 positive,491
pass along,490
us covid,489
breaking news,488
great day,488
number coronavirus,486
aumento casos,484
thousands people,483
coronavirus related,483
coronavirus quarantine,482
since pandemic,482
got ta,481
19 spread,481
calculating 666,481
handling coronavirus,480
north carolina,480
get back,479
novos casos,478
hot spots,476
wanted pass,476
coronavirus us,473
000 casos,473
south korea,473
proof rfid,473
funding 13,473
common sense,472
read covid19,472
masih bisa,472
beast hidden,472
weeks ago,468
prime minister,468
dilaksanakan dengan,468
theatres music,467
bisa dilaksanakan,467
dieron positivo,466
people get,466
petition via,466
total deaths,465
protokol kesehatan,465
reported today,464
warns disturbing,463
going away,462
23 2020,461
prevent spread,461
realdonaldtrump trump,460
million people,460
wall street,459
du covid19,458
south carolina,457
infection rates,457
2020 06,456
trump says,455
infection rate,455
governor urges,455
uk coronavirus,454
texas governor,454
may ban,453
coronavirus spread,453
number new,453
protokol keamanan,452
record high,451
000 coronavirus,450
19 restrictions,450
19 tetapi,450
pandemic covid19,449
23 06,447
il coronavirus,447
crisis covid,447
djokovic tests,445
take care,445
19 numbers,445
mortes covid,445
high covid,445
coronavirus new,444
tetapi pilkada,443
19 still,442
mil casos,441
seems like,441
pandemic began,441
coronavirus spike,440
amidst covid,440
pga tour,438
19 means,436
muertos coronavirus,436
high risk,436
masih pandemi,434
feel like,432
population coronavirus,432
first wave,432
mengikuti protokol,432
keamanan covid,432
people still,431
vacuna coronavirus,431
pilkada masih,431
coronavirus tests,430
coronavirus concerns,429
walaupun masih,429
daily updates,428
surge cases,427
hundreds thousands,427
first covid,426
global economy,426
het coronavirus,425
even though,424
covid19 response,424
2nd wave,422
re opening,422
500 new,422
cases day,422
daily thanks,421
covid19 virus,420
spread virus,420
crise du,420
get sick,419
qu il,419
coronavirus kung,418
000 muertes,418
in the,418
health safety,417
washington state,416
bar american,416
travelers reopens,415
polri dalam,415
covid19 vaccine,413
friends family,413
15 968,413
coronavirus news,412
cases per,412
bible spoke,412
19 dan,411
last days,411
nuevo coronavirus,410
coronavirus coverage,410
amid surge,410
covid19 corona,409
dalam menghadapi,408
upaya polri,408
eu may,407
bringing total,407
test sites,406
2020 walaupun,406
funding testing,405
know bible,405
24 juni,404
19 spike,403
test results,403
day record,403
06 24,402
health minister,402
human trial,401
deaths reported,400
coronavirus still,399
cases confirmed,399
arizona texas,399
real risk,399
black people,398
da saúde,398
poorest countries,397
click link,396
dengan syarat,396
canceled coronavirus,395
live news,395
well done,395
since covid,395
real time,395
ban travel,394
sarscov2 forecast,394
corona coronavirus,394
cases increase,394
trump admin,394
face covering,394
first coronavirus,394
19 treatment,394
crisis covid19,394
daily cases,393
coronavirus task,393
syarat mengikuti,393
people tested,392
trump said,392
quarantine 14,392
confirmed covid,390
died coronavirus,390
coronavirus case,389
us covid19,389
staying safe,389
100 días,388
like coronavirus,388
next year,387
coronavirus infection,387
menghadapi pilkada,387
death population,386
world leaders,386
19 data,386
au coronavirus,386
seven states,385
coronavirus wave,385
pandemic via,384
da positivo,384
app see,383
visitors states,383
people like,382
people need,382
heading towards,382
coronavirus rates,382
border wall,380
take action,380
people covid,380
número casos,380
jesus spoke,380
know coronavirus,379
epoch times,379
000 covid,378
stop testing,377
federal support,377
people wear,377
juni 2020,377
nouveaux cas,377
19 través,376
need help,376
spike covid,375
top story,375
penanganan covid,375
clinical trials,375
times app,375
revealed coronavirus,375
fox news,374
dr anthony,374
climate change,374
icu beds,374
ban us,374
economic recovery,374
second coronavirus,374
19 recovery,373
left behind,373
see exclusive,373
exclusive coronavirus,373
positivos coronavirus,372
good job,372
coverage daily,372
charlie blackmon,372
impact coronavirus,371
cdc director,371
citing failures,370
cases hospitalizations,370
wave covid,370
three months,370
revealed covid19,370
wearing face,369
jun 24,369
health experts,368
masks public,368
brote coronavirus,368
of the,368
citing coronavirus,367
23 377,367
coronavirus impact,367
coronavirus could,367
coronavirus trump,366
killing people,366
cure coronavirus,366
19 related,366
co uk,366
rise covid,365
000 cases,364
test covid,364
da pandemia,364
cases soar,363
die coronavirus,363
19 país,363
people color,362
keep safe,362
watch live,362
coronavirus coronavirus,361
13 covid,361
rates quarantine,361
coronavirus eu,360
know covid,360
texas covid,360
caso coronavirus,360
miércoles 24,360
know jesus,360
makes sense,359
cases since,358
healthcare workers,358
pruebas covid,358
increase covid,357
abc news,357
nueva normalidad,357
virus covid19,357
highest number,357
covid19 test,356
cases one,355
teamtrump realdonaldtrump,354
right thing,354
time high,354
namo app,354
19 méxico,353
despite covid,353
failures virus,353
tests negative,353
come back,353
take time,353
plz vote,353
protests led,352
mortality rate,351
sounds like,351
since april,351
positive tests,351
re going,351
pacientes recuperados,350
covid19 need,350
times india,350
india news,350
new vaccine,350
trial new,350
press conference,349
surge covid,349
number covid19,349
cada vez,348
small business,348
hit coronavirus,348
day spike,348
back normal,348
contagios covid19,347
tell us,347
2019 covid,346
cases amp,346
eu considers,346
chinese virus,345
going get,345
since march,345
immune system,345
caso positivo,345
coronavirus health,345
working home,344
department health,344
19 hospitalizations,343
time covid,343
health crisis,343
end month,343
vaccine begins,342
cases us,341
pm et,341
maratón nueva,341
state health,340
jun 2020,340
white people,340
re open,339
talk us,339
covid19 outbreak,339
risk second,339
de la,339
deaths covid,338
dead americans,338
get covid19,337
people think,337
texas reports,337
americans died,336
pacientes covid19,336
world health,336
funding support,335
nuevo récord,334
global coronavirus,334
coronavirus restrictions,334
deaths coronavirus,334
mask public,334
care homes,334
end funding,334
worst case,333
begins uk,333
19 symptoms,332
entertain empower,332
empower educate,332
educate talk,332
0208 090,332
090 2121,332
2121 hello,332
hello fantasticradio,332
fantasticradio co,332
uk fantasticradiouk,332
fantasticradiouk homeofpossibilities,332
homeofpossibilities believeyourpossibilities,332
believeyourpossibilities stayhomesafelives,332
coronavirus numbers,332
coronavirus brought,331
personal salud,330
hot spot,330
coronavirus amp,330
_र मद,330
like covid19,329
stayhomesafelives buy,329
buy song,329
amid covid19,329
10 millones,329
family members,328
daily coronavirus,328
latest news,327
us 0208,327
19 could,327
coronavirus human,327
total confirmed,326
infectious disease,326
please wear,326
says covid,326
पत जल,326
pachu peña,326
re election,324
coronavirus india,324
brote covid,323
tested negative,323
410 casos,323
cases rising,323
coronavirus failures,322
coronavirus mask,322
us travelers,322
good thing,322
coronavirus hot,321
health amp,321
coronainfoch covid19,321
nuevas muertes,320
slowing testing,320
stayhome staysafe,320
world news,320
update covid,320
hong kong,320
19 contact,319
191 410,319
lot people,318
est pas,318
cases new,318
safe covid19,318
funding coronavirus,318
sri lanka,317
coronavirus fears,316
case scenario,316
despite coronavirus,315
new highs,315
good luck,315
travel us,314
coronavirus través,314
report highest,314
brought us,314
via nyt,314
cases spiking,314
mohammad hafeez,314
positivo covid19,313
confirmed coronavirus,313
want know,313
coronavírus em,313
human rights,313
24 jun,313
virus covid,312
please read,312
23 mil,312
the coronavirus,312
martes 23,311
new daily,311
damn mask,311
red states,310
masks mandatory,310
safety measures,310
123 000,310
positive test,310
coronavirus relief,310
cure covid,310
casos sospechosos,309
days ago,309
affected covid,309
realdonaldtrump coronavirus,308
need make,308
herhangi bir,308
die covid,307
every single,307
players test,307
get rid,307
etats unis,307
confirmados covid,306
cases highest,306
500 000,306
hospitalizations since,306
vote nd,306
nd share,306
rising coronavirus,305
coronavirus mundo,305
florida coronavirus,305
years ago,304
us saudi,304
trump end,304
ct require,304
staying home,303
salud pública,303
new study,303
19 spikes,303
critical condition,303
covid_19 covid19,303
de covid,303
cases state,302
última hora,302
puede ser,302
19 safety,302
plena pandemia,302
rt pcr,302
number deaths,301
gugus tugas,301
kill us,301
one thing,300
realdonaldtrump covid,300
long time,300
di indonesia,300
via nbcnews,299
caso covid,299
pandemic could,299
mask order,299
people recovered,299
approval trump,299
free covid,298
rest world,298
000 000,298
led spike,298
last year,297
coronavirus china,297
last night,297
coronavirus vía,297
19 patient,297
level two,297
deaths due,296
clinical trial,296
36 000,296
पर पक,296
cases continue,295
health workers,295
real estate,295
2020 coronavirus,294
coming back,294
recovery rate,294
gov greg,294
health organization,294
risk covid,294
go ahead,293
covid19 update,293
number people,293
offer support,293
states hit,293
cuarentena coronavirus,292
000 muertos,292
fact check,292
nas últimas,292
cancelled due,291
4th july,291
travel restrictions,291
related covid,290
high school,290
deaths covid19,290
next month,290
crisis económica,290
contagio covid,290
spreading coronavirus,290
world war,289
ayush ministry,289
di tengah,289
track trace,289
record breaking,288
died today,288
officials say,288
support arts,288
require travelers,288
jaga toleransi,288
toleransi untuk,288
untuk wujudkan,288
wujudkan pilkada,288
19 na,287
travel ban,287
não tem,287
immunity booster,287
lowest record,287
wear damn,286
00 pm,286
oregon county,286
coronavirus going,285
cases total,285
even know,284
trump supporters,284
child care,284
anyone else,284
cases hit,284
buenos aires,283
ending federal,283
da covid19,283
kasus covid,283
response sinks,283
medidas prevención,282
lt lt,282
urges people,282
saudi arabia,282
samples tested,282
पक _स,282
_स _र,282
lockdown measures,281
going back,281
travelers championship,281
daily covid,281
em casa,280
19 vaccines,280
johns hopkins,280
contagio covid19,280
physical distancing,280
cases increasing,280
highest coronavirus,279
testing covid,279
us cases,279
coronavirus españa,279
record amid,279
days since,278
