gram,counts
covid 19,139895
coronavirus cases,7371
19 cases,6688
coronavirus covid19,5190
new cases,4878
coronavirus pandemic,4479
kung flu,4287
19 pandemic,4124
positive coronavirus,3908
covid19 coronavirus,3885
coronavirus testing,3871
slow testing,3805
positive covid,3671
tulsa rally,3569
donald trump,3221
tested positive,3055
test positive,2806
casos covid,2676
nuevos casos,2651
social distancing,2467
covid19 cases,2442
19 testing,2430
new coronavirus,2365
120 000,2344
new covid,2340
trump rally,2335
casos coronavirus,2098
president trump,2073
second wave,2038
due covid,2020
father day,1953
death toll,1922
trump says,1902
wear mask,1869
coronavirus covid,1851
tests positive,1843
single day,1805
covid19 pandemic,1724
50 mil,1707
19 patients,1671
casos confirmados,1660
confirmed cases,1659
white house,1617
cases covid,1593
many people,1546
empty seats,1520
trump campaign,1514
gon na,1498
june 21,1478
50 000,1477
people slow,1469
via youtube,1454
24 horas,1424
united states,1407
due coronavirus,1406
24 hours,1385
new york,1383
nursing homes,1379
coronavirus outbreak,1358
amid coronavirus,1357
19 crisis,1313
19 deaths,1292
public health,1279
trump tulsa,1264
peter navarro,1246
people died,1225
rally tulsa,1219
positive cases,1215
signed petition,1201
coronavirus add,1181
000 americans,1180
live updates,1169
effects coronavirus,1163
casos positivos,1161
via 38_degrees,1154
coronavirus lockdown,1152
theatres music,1152
petition calling,1148
stay home,1146
pandemia coronavirus,1142
active cases,1124
music venues,1118
due covid19,1115
coronavirus kung,1115
testing positive,1114
add name,1113
performing arts,1109
coronavirus deaths,1108
financial effects,1107
britain theatres,1105
arts companies,1105
wearing masks,1104
protect britain,1103
corona virus,1101
companies financial,1101
public_campaign forthearts,1101
21 06,1100
10downingstreet protect,1099
forthearts via,1099
venues performing,1098
calling 10downingstreet,1096
support public_campaign,1092
name support,1086
slow coronavirus,1064
da covid,1063
últimas 24,1043
spread coronavirus,1042
fake news,1037
covid19 testing,1030
trump said,1022
new covid19,1015
coronavirus crisis,1014
tongue cheek,1012
19 coronavirus,1010
19 via,1008
new deaths,1007
000 people,1005
wearing mask,995
19 test,994
21 2020,994
100 000,985
young people,983
trump supporters,980
19 di,971
bbc news,965
last night,964
news coronavirus,964
grigor dimitrov,959
19 surge,956
looks like,952
cases coronavirus,951
happy father,951
campaign trail,951
year old,949
tongue in,942
06 2020,939
testing coronavirus,935
in cheek,930
contact tracing,923
cases reported,920
coronavirus via,918
testing please,910
cases covid19,905
testing slowed,904
slowing coronavirus,903
lives matter,901
000 dead,899
muertos coronavirus,897
amid covid,893
said people,892
20 junio,891
testing tongue,890
positive covid19,887
wear masks,874
21 junio,871
trump coronavirus,870
novel coronavirus,864
total number,862
mental health,853
gt gt,850
builds immunity,848
spread covid,841
spread covid19,838
died covid19,835
000 new,833
coronavirus live,833
one day,829
total cases,815
casos nuevos,804
practice yoga,804
19 kung,798
new normal,796
last 24,792
19 vaccine,792
navarro says,791
good health,784
stay safe,783
19 positive,781
pandemia covid,779
died covid,765
campaign staffers,761
number cases,757
return campaign,757
slow covid,756
positivo coronavirus,753
went bad,741
bad worse,738
get tested,737
trail went,737
june 2020,736
casos covid19,730
coronavirus infections,730
triumphant return,726
junio 2020,722
social media,722
chinese virus,721
sars cov,719
trump comment,718
pandemia covid19,716
body amp,716
face masks,712
19 virus,708
counter covid19,706
amp soul,705
covid19 practice,705
yoga good,705
comment slowing,705
internationalyogaday2020 yoga,704
yoga builds,702
yoga day,699
consciousness yoga,699
strongest weapon,699
weapon counter,699
yoga synchronizes,698
synchronizes body,698
soul universal,698
universal consciousness,698
immunity strongest,698
coronavirus update,695
día padre,694
americans died,692
media advisor,691
health urs,690
urs amarprasadreddy,690
amarprasadreddy media,689
advisor mos,689
mos hfw,689
hfw govt,689
campaign rally,678
du coronavirus,675
tulsa oklahoma,673
covid19 covid,672
cheek peter,668
get coronavirus,666
coronavirus vaccine,665
mortes covid,665
black lives,665
coronavirus argentina,663
around world,662
highest single,656
task force,652
30 000,651
19 outbreak,650
000 deaths,649
000 muertos,645
fight coronavirus,645
trump triumphant,644
muertes coronavirus,643
contagios covid,641
first time,640
new post,637
officials slow,635
19 death,631
contagios coronavirus,625
wave coronavirus,624
positivo covid,622
wash hands,622
day spike,621
dl hughley,614
president donald,611
get covid,610
six trump,608
million people,608
coronavirus test,608
every day,606
19 lockdown,606
mil mortos,603
fight covid,603
june 20,595
protokol kesehatan,592
people dying,589
mil mortes,588
testing covid,588
stop testing,586
covid19 deaths,585
seats trump,585
coronavirus death,583
people die,581
two weeks,581
racist term,579
face mask,578
staff empty,578
nueva normalidad,573
19 em,570
nuevos contagios,569
covidiots covid19,568
adria tour,568
breaking news,565
sick staff,565
slowing testing,563
post covid,561
loved ones,561
coronavirus response,558
across south,556
less testing,555
cases deaths,552
hughley tests,552
uses racist,550
wan na,549
look like,549
positif covid,547
last week,546
died coronavirus,544
international yoga,544
china coronavirus,542
make sure,540
du covid19,538
increase coronavirus,537
crisis coronavirus,537
day increase,537
coronavirus trump,536
case numbers,535
muertes covid,535
pandemi covid,535
covid_19 coronavirus,534
exclusive coronavirus,534
death rate,532
covid19 positive,532
coronavirus covid_19,532
light moment,532
covid19 patients,527
says coronavirus,526
health minister,525
ministerio salud,523
15 413,523
20 000,522
good news,519
administration slow,516
called coronavirus,514
corona covid19,512
officials warn,512
says wanted,511
domingo 21,510
health care,508
19 update,508
coronavirus numbers,506
climate change,506
go back,505
trump calls,503
19 tests,500
trump administration,499
health officials,497
would like,497
via nytimes,497
people across,496
joe biden,494
american people,493
covid19 covid_19,492
americans dead,490
19 case,490
go away,487
covid19 amp,485
impact covid,485
cases spike,485
covid19 virus,483
look bad,482
mil casos,480
000 casos,480
response covid,476
state emergency,474
covid19 covidiots,470
dead americans,470
boris johnson,469
21 june,467
germany coronavirus,467
health ministry,466
fight covid19,465
coronavirus disease,465
coronavirus coverage,464
coronavirus corona,462
largest single,461
amp trump,461
recovery rate,459
covid19 lockdown,459
told people,459
long term,458
new death,456
highest number,456
look better,456
coronavirus spread,454
south africa,454
comedian hughley,453
14 days,452
slowed testing,451
rally test,450
20 06,450
health department,450
000 coronavirus,448
going find,448
global pandemic,447
staffers test,447
positivos covid,446
three months,446
coronavirus patients,444
19 response,443
experts say,443
coronavirus officials,440
19 infections,439
nursing home,439
com covid,437
coronavirus second,437
south testing,436
não tem,435
staffers working,435
bill gates,434
called covid,434
realdonaldtrump trump,431
da saúde,430
via gatewaypundit,430
nouveaux cas,430
meaning behind,430
re going,429
10 000,428
total deaths,425
fallecidos coronavirus,425
covid19 sarscov2,423
save lives,422
help us,421
cases confirmed,420
19 drug,420
numbers look,420
daily coronavirus,419
du covid,418
herd immunity,417
told officials,417
number covid,416
fathers day,416
people still,414
get covid19,414
pacientes covid,413
percepatan penanganan,412
casos activos,411
daily thanks,410
like coronavirus,409
post covid19,408
19 relief,408
2020 06,407
19 covid19,407
south carolina,407
muertos covid,406
coronavirus fears,406
york times,405
fallecidos covid,405
19 covid,405
coronavirus news,404
re election,404
president united,404
parscale realdonaldtrump,403
em casa,403
trump lied,403
feel like,402
deaths reported,401
covid coronavirus,400
21 juni,400
people like,398
19 spread,398
since may,398
coronavirus new,398
2nd wave,398
like trash,398
coronavirus restrictions,397
reported today,397
live news,397
19 amp,397
test covid,396
slow spread,396
nuevas muertes,395
covid covid19,394
il coronavirus,394
reports largest,393
despite coronavirus,392
since coronavirus,391
vulnerable residents,391
many cases,390
wanted slow,390
trying cover,390
dumped like,390
world health,389
cases rise,388
get sick,387
test kits,387
19 new,387
social distance,384
19 brasil,384
find cases,384
evict vulnerable,384
reproduction rate,383
122 000,382
testing covid19,381
trump called,380
new zealand,380
covid19 crisis,377
people get,377
got ta,376
namo app,376
cases india,376
like covid,375
20 mil,375
daily updates,372
coronavirus hit,372
coronavirus tests,371
trash nursing,371
first wave,370
post coronavirus,369
homes evict,369
across country,368
mais 50,368
thousands people,368
deaths covid19,368
américa latina,366
stayhome staysafe,366
juni 2020,365
dimitrov tests,365
06 21,364
pandemic covid19,364
population coronavirus,364
sign petition,363
likely die,363
000 covid,362
19 restrictions,361
south korea,361
let us,361
20 2020,360
19 situation,359
co uk,359
19 still,358
us coronavirus,358
coronavirus updates,358
penanganan covid19,358
coronavirus case,357
per day,357
cashless society,357
new infections,356
prime minister,356
must read,355
wanted testing,355
bringing total,354
epoch times,354
ahmed radhi,354
berman firing,353
qu il,352
sábado 20,352
19 recovery,352
dopeydon weekend,352
weekend fiasco,352
fiasco barr,352
firing trying,352
cover sdny,352
sdny findingsclaimed,352
findingsclaimed 1m,352
1m tulsa,352
19 points,351
entertain empower,351
empower educate,351
educate talk,351
0208 090,351
090 2121,351
2121 hello,351
hello fantasticradio,351
fantasticradio co,351
uk fantasticradiouk,351
fantasticradiouk homeofpossibilities,351
homeofpossibilities believeyourpossibilities,351
believeyourpossibilities stayhomesafelives,351
buy song,351
vacuna coronavirus,351
talk us,350
stayhomesafelives buy,350
says told,350
times app,349
high risk,348
people going,348
even though,347
people tested,346
test results,345
us 0208,345
critical condition,344
app see,344
000 000,344
calls coronavirus,344
please help,342
barr amp,342
deaths coronavirus,341
next week,341
19 numbers,341
health issues,341
see exclusive,341
coverage daily,341
need know,341
ee uu,341
novos casos,340
response coronavirus,339
20 781,339
get back,339
people recovered,338
coronavirus rally,338
ahead tulsa,338
latest news,338
working tulsa,337
cases surge,337
cases increase,336
pm modi,336
mislead berman,336
showed sad,336
great job,335
weeks ago,335
stop spread,333
die covid,332
people coronavirus,332
collapsing onstage,332
sounds like,331
comedian dl,330
says asked,329
dio positivo,327
common sense,327
died today,327
health organization,327
covid19 corona,327
sarscov2 forecast,326
months ago,326
george floyd,324
die covid19,324
spike covid,324
121 000,324
top 10,324
daily cases,323
covid cases,323
department health,323
19 impact,323
cases state,323
deaths due,322
nuovi casi,322
biden campaign,321
respiratory system,320
death population,319
fox news,319
latin america,318
every single,318
without vaccine,317
die coronavirus,317
penyebaran covid,316
rate jumps,316
germany number,316
cases today,315
covid19 trump,315
06 20,315
spike coronavirus,315
confirmed covid,315
number coronavirus,315
click link,315
est pas,315
pela covid,314
coronavirus il,314
american lives,313
000 muertes,313
take care,313
student nurses,313
fainting onstage,313
black people,312
aumento casos,312
coronavirus china,312
coronavirus covidー19,312
last days,311
coronavirus 24,311
rally trump,310
coronavirus germany,309
lot people,308
19 one,308
19 infection,308
crisis covid,308
white people,307
immune system,307
175 202,307
coronavirus vía,307
term coronavirus,307
travel ban,306
19 ahead,305
661 new,305
coronavirus reproduction,305
79 88,305
cases new,304
salah satu,304
number rockets,304
keep safe,303
come back,303
us president,303
coronavirus task,302
coronavirus país,302
nuevo coronavirus,302
read article,302
world news,302
join us,302
says testing,299
hundreds thousands,299
vacuna covid,299
número casos,298
cada vez,298
het coronavirus,298
realdonaldtrump joebiden,298
mark beast,298
find people,297
trump admitted,297
says ordered,297
novak djokovic,297
19 méxico,296
health experts,296
virus covid,296
india news,296
19 rally,295
fact check,295
mask covid19,294
mass testing,294
spread virus,293
slowed uses,293
know covid,292
coronavirus coronavirus,291
people covid,291
confirmados covid,291
pedro sánchez,291
state health,291
19 000,290
cases total,289
total confirmed,288
siglo xxi,288
in the,288
coronavirus collapsing,287
rfid microchip,287
rockets 79,287
19 país,286
coronavirus still,286
microchip mark,286
coronavirus españa,285
like covid19,285
19 patient,285
hidden meaning,285
like trump,284
going get,284
infected covid,284
puede ser,284
washington post,284
mortality rate,284
every time,284
cases amp,284
global coronavirus,283
number people,283
god bless,283
19 real,283
said told,283
voter suppression,282
coronavirus través,282
toll rises,282
updates trump,282
millones casos,281
one coming,281
19 related,280
cases continue,280
2020 coronavirus,280
want know,279
tracing app,278
seasonal flu,278
21 juin,278
trump holds,277
coronavirus spain,277
covid19 covidー19,277
family members,277
and or,276
back normal,276
trump covid,276
positivos coronavirus,276
brote coronavirus,276
202 casos,276
seems like,275
trump wants,275
corona coronavirus,275
saudi arabia,275
day amp,274
coronavirus could,274
since covid,274
tell us,274
solar eclipse,274
prevent spread,273
wave one,273
covid19 test,272
19 updates,272
dangerous phase,272
patients critical,272
coronavirus impact,272
please take,272
people think,271
contagios covid19,271
of the,271
da covid19,270
matt hancock,270
tested covid,269
one thing,269
new confirmed,269
record high,269
first rally,269
siglo pasado,269
market news,269
low turnout,268
mil muertos,268
cases said,268
check covid,268
salud pública,267
twice likely,267
trump staffers,265
back work,265
datos siglo,265
da positivo,265
disease 2019,265
handling coronavirus,265
au coronavirus,265
trump uses,265
passed away,264
covid19india coronavirus,264
fatality rate,263
000 fallecidos,263
people covid19,263
usar datos,262
county reports,262
testing extent,262
175 mil,261
jun 21,261
deaths covid,261
de la,261
feliz día,260
pandemia siglo,260
covid_19 covid19,260
coronavirus infection,260
hughley covid,260
positive fainting,260
people getting,259
pacientes covid19,259
taking total,259
rally held,259
total casos,258
casos sospechosos,258
breathing exercise,258
infected coronavirus,257
pasado pandemia,257
rs 103,256
problemas usar,256
good thing,255
wave covid,255
per tablet,254
number deaths,254
pasien covid,254
best way,254
well done,253
cases day,253
coronavirus mask,253
000 cases,253
small businesses,253
coronavirus india,253
people would,252
dies covid,252
trump joking,252
response covid19,251
us covid19,251
19 hoax,251
eu não,251
per capita,251
trump tells,251
music day,251
kampung tangguh,251
latest updates,250
coronavirus killed,249
19 través,249
spreading coronavirus,249
ver si,249
trump amp,249
realdonaldtrump potus,249
make look,249
covid19 dengan,249
democrat state,249
19 spike,248
surge says,248
people need,248
virus covid19,248
covid19 may,248
testing account,247
wear face,247
number covid19,247
19 tally,247
andrew kaufman,247
let help,247
whitehouse realdonaldtrump,246
coronavirus spike,246
since march,246
informes diarios,246
download app,246
tangguh nusantara,246
lied mislead,246
covid19 nationwidesays,246
nationwidesays less,246
die without,245
pivots covid,245
account spike,245
103 per,245
cuarentena coronavirus,245
toll surpasses,245
mil 781,245
amenaza coronavirus,245
testing find,245
cdc coronavirus,244
latest covid,244
reino unido,244
issues covid,244
iraqi football,244
última hora,243
earn 500,243
dead covid19,243
one hand,243
21st june,243
mentaati protokol,243
polri dalam,243
healthcare workers,242
super spreader,242
pode ser,242
results show,242
adalah salah,242
rally lt,242
getting coronavirus,241
getting covid,241
novo coronavírus,241
covid19 outbreak,241
number new,241
days ago,241
health workers,241
day 2020,241
go viral,241
get well,241
warga dan,241
lt showed,241
petition via,240
via usatoday,240
ministry health,240
kesadaran masyarakat,240
jeffsessions realdonaldtrump,240
satu upaya,240
dalam percepatan,240
sesama warga,240
republican state,240
advance team,239
rapid test,239
donate 125,239
tiempos coronavirus,239
world top,239
spike 15,239
nusantara adalah,239
upaya polri,239
dengan membangun,239
membangun kesadaran,239
masyarakat mentaati,239
kesehatan membangun,239
membangun sollidaritas,239
sollidaritas sesama,239
dan meminimalisir,239
il est,238
recibía informes,238
24 enero,238
help slow,238
coronavirus democrat,238
florida covid,237
combate ao,237
confirmed coronavirus,237
calls covid,237
flu via,237
deposits increase,237
last year,236
abc news,236
gt coronavirus,236
june 19,236
trump call,236
test coronavirus,235
killing people,235
hong kong,235
dr andrew,235
home coronavirus,235
diarios amenaza,235
2020 21,235
got coronavirus,234
wearing face,234
football legend,234
covid19 update,233
federal review,233
crisis covid19,233
fête musique,233
testing trump,233
wild cat,233
coronavirus en,233
desantis pivots,232
anyone else,232
the coronavirus,232
early coronavirus,232
makes sense,231
100 días,231
covid19 still,231
coronavirus concerns,231
