covid,199163
coronavirus,198446
19,182031
covid19,143529
amp,37936
cases,36829
people,36174
new,32864
trump,29594
pandemic,28507
us,23634
via,23527
virus,21602
get,19583
deaths,19029
realdonaldtrump,18756
one,18309
like,17845
health,16984
news,16763
casos,15583
2020,14378
fauci,14205
would,14184
000,13750
positive,13653
time,13302
day,12950
vaccine,12597
need,12341
test,12025
testing,11755
know,11702
death,11699
world,11693
dr,11678
mask,11598
help,11391
today,11242
could,11104
back,10724
says,10723
go,10720
spread,10559
31,10550
still,10464
first,10436
due,10406
going,10372
please,10259
many,10193
government,10163
state,10060
china,9806
lockdown,9741
see,9740
10,9715
even,9518
si,9496
school,9473
take,9440
masks,9355
may,9256
work,9243
good,9164
india,9067
total,8846
pandemia,8804
country,8672
the,8603
re,8565
home,8550
think,8487
da,8471
die,8431
na,8406
make,8377
plan,8295
children,8270
care,8220
states,8173
want,8142
well,7999
said,7960
di,7931
also,7924
year,7913
crisis,7903
right,7777
response,7769
read,7635
say,7626
americans,7600
july,7553
social,7539
let,7498
corona,7483
schools,7483
public,7449
way,7219
keep,7205
live,7201
data,7134
last,7101
much,7097
patients,7026
safe,7019
kids,6908
tests,6905
stop,6862
president,6848
days,6785
per,6700
et,6678
economy,6546
face,6467
week,6449
every,6405
really,6382
report,6316
house,6284
gop,6276
risk,6249
30,6248
died,6205
uk,6195
wear,6137
lives,5958
great,5928
since,5921
24,5906
life,5866
tested,5852
daily,5826
got,5805
better,5736
million,5731
hospital,5719
salud,5611
latest,5608
il,5595
nuevos,5581
outbreak,5553
number,5531
next,5513
must,5508
america,5503
update,5480
use,5460
everyone,5453
come,5444
record,5414
20,5383
stay,5369
florida,5364
business,5355
another,5339
months,5311
national,5294
election,5277
family,5253
times,5232
support,5219
high,5197
look,5196
getting,5190
open,5128
usa,5106
100,5063
des,5063
never,5060
bill,5042
rate,5038
in,5031
to,5022
study,5004
du,4998
friday,4982
ca,4979
two,4952
long,4934
real,4929
case,4836
eid,4833
around,4816
em,4810
hydroxychloroquine,4793
without,4743
contagios,4730
man,4694
students,4657
control,4636
reports,4633
money,4626
global,4571
infected,4560
job,4551
medical,4550
american,4540
video,4536
reported,4527
país,4521
cdc,4468
impact,4446
est,4434
county,4418
find,4362
muertes,4355
mlb,4344
person,4333
years,4331
away,4330
made,4327
free,4313
protect,4293
put,4290
thanks,4248
end,4238
top,4234
watch,4215
yet,4208
non,4194
relief,4191
wearing,4169
working,4135
app,4123
amid,4104
ve,4080
com,4053
media,4050
workers,4037
gt,4029
sure,4005
done,3992
community,3991
recovered,3990
doctor,3986
mil,3976
big,3975
season,3961
give,3951
august,3950
democrats,3946
staff,3939
11,3921
camp,3902
youtube,3895
post,3870
needs,3832
hoy,3827
vote,3822
england,3815
numbers,3801
part,3799
team,3779
covid_19,3777
nothing,3773
personas,3760
confirmed,3759
countries,3756
15,3749
hit,3746
protests,3745
thank,3728
hope,3724
already,3724
and,3708
best,3706
gobierno,3665
thing,3658
distancing,3655
change,3648
travel,3646
article,3643
restrictions,3634
treatment,3625
economic,3619
cain,3606
ser,3605
bad,3601
anyone,3577
fight,3576
might,3567
méxico,3566
disease,3564
doctors,3564
updates,3562
pour,3562
important,3559
ever,3555
mundo,3550
contact,3537
jordan,3532
god,3524
weeks,3524
12,3515
check,3504
white,3504
hcq,3504
infection,3502
information,3498
taking,3497
dead,3492
second,3487
local,3487
oh,3486
50,3475
things,3474
political,3472
across,3470
start,3469
believe,3467
tell,3466
republicans,3439
trying,3435
follow,3433
16,3421
pacientes,3419
safety,3380
blame,3371
science,3371
breaking,3360
love,3359
others,3338
sa,3316
full,3314
kong,3313
enough,3301
research,3290
online,3280
positivo,3270
of,3267
dan,3264
show,3261
coming,3260
far,3248
mais,3246
results,3246
using,3245
increase,3240
hong,3229
au,3223
call,3218
yes,3211
infections,3204
point,3201
17,3200
someone,3197
de,3155
continue,3147
rise,3129
flu,3127
gente,3118
place,3116
it,3103
making,3094
herman,3050
día,3045
save,3037
sick,3033
deal,3027
pay,3024
old,3020
human,3006
early,3005
pas,3002
worst,3001
julio,2999
available,2988
través,2984
europe,2983
anything,2967
congress,2963
shit,2955
less,2954
lost,2947
14,2946
story,2939
positivos,2928
bolsonaro,2926
least,2922
symptoms,2922
something,2909
actually,2908
experts,2907
federal,2904
johnson,2903
saying,2902
everything,2885
shut,2885
city,2884
cnn,2866
georgia,2864
quarantine,2863
unemployment,2862
hard,2860
recovery,2858
dos,2858
ahora,2851
system,2847
une,2841
population,2836
cause,2835
businesses,2834
canada,2831
effective,2829
não,2828
including,2824
va,2800
rules,2791
18,2784
situation,2784
sars,2764
millions,2756
kushner,2744
billion,2742
families,2741
officials,2733
maybe,2724
vacuna,2721
month,2719
measures,2718
van,2715
muertos,2708
food,2703
pm,2701
learn,2697
toll,2679
united,2670
venezuela,2664
this,2664
medidas,2663
jim,2659
despite,2656
play,2646
no,2645
always,2638
related,2636
brasil,2635
party,2635
así,2634
healthcare,2632
cuarentena,2620
jim_jordan,2619
senatordurbin,2618
govt,2617
game,2609
administration,2606
plus,2604
der,2599
possible,2598
left,2596
used,2585
office,2577
soon,2575
hours,2569
lot,2557
solo,2557
fall,2556
fucking,2547
el,2542
dying,2542
young,2539
texas,2538
black,2537
told,2532
wrong,2526
highest,2521
likely,2511
stupid,2506
rt,2505
wave,2492
south,2492
horas,2491
link,2491
presidente,2490
is,2488
immigrantsdiewhendurbinlies,2484
thought,2483
wait,2482
fallecidos,2482
unblocks386,2476
try,2463
fuck,2461
07,2458
dans,2454
together,2451
market,2450
dnc,2442
twitter,2439
you,2439
we,2439
ll,2435
eu,2432
according,2426
cure,2424
based,2424
shows,2423
jobs,2421
hands,2420
order,2418
gov,2417
hearing,2416
share,2415
remember,2415
little,2405
mean,2403
feel,2399
dies,2396
plasma,2392
spike,2378
makes,2376
players,2374
close,2372
fact,2367
happy,2364
active,2359
summer,2359
boris,2353
three,2351
future,2347
different,2343
españa,2338
understand,2337
sur,2332
air,2332
nuevo,2324
vaccines,2314
spreading,2314
chinese,2313
etc,2311
single,2309
co,2307
bien,2305
um,2303
strategy,2302
vía,2294
low,2289
mas,2284
evidence,2277
problem,2275
ago,2274
tweet,2274
personal,2273
california,2272
wo,2265
called,2264
blue,2264
bbc,2263
idea,2263
drug,2260
sense,2256
york,2255
13,2253
return,2244
emergency,2242
info,2236
teachers,2233
friends,2230
transmission,2229
hospitals,2228
true,2227
almost,2222
reason,2222
iamjohnoliver,2220
la,2219
looking,2215
sign,2214
following,2207
police,2200
150,2198
communities,2197
donald,2194
leadership,2192
seen,2190
act,2190
studies,2180
casa,2179
40,2176
worse,2173
qui,2163
argentina,2162
truth,2161
weekend,2161
group,2157
ne,2156
días,2151
25,2127
sir,2125
elections,2125
und,2123
jul,2122
reporting,2122
normal,2121
current,2117
yesterday,2116
parents,2115
55,2110
among,2108
tras,2105
reopening,2104
questions,2104
whole,2095
small,2091
puede,2088
seriously,2083
education,2080
plans,2075
guidelines,2075
en,2074
das,2073
senate,2057
surge,2055
hoax,2053
che,2041
republican,2033
wants,2032
found,2031
seems,2027
for,2026
fake,2025
instead,2019
kill,2017
visit,2017
coronavírus,2015
viernes,2014
able,2011
nation,2010
past,2006
set,2005
fear,2001
rally,2000
vietnam,2000
higher,2000
sports,1998
listen,1997
millones,1995
viral,1991
manfred,1987
course,1982
talk,1981
het,1980
potus,1974
france,1973
members,1970
question,1969
mayor,1967
lies,1966
je,1961
reopen,1953
ask,1952
else,1949
women,1947
pruebas,1943
common,1942
on,1942
gets,1937
governor,1937
join,1936
march,1933
took,1931
500,1930
provide,1929
ng,1928
happen,1920
biden,1920
senatemajldr,1920
tracing,1920
covid__19,1919
age,1914
child,1913
hear,1912
late,1908
baseball,1907
hey,1904
hacer,1902
lol,1899
closed,1899
últimas,1898
send,1897
31jul,1893
killed,1891
prevent,1891
huge,1889
critical,1887
comes,1884
given,1882
homes,1878
anti,1878
decision,1876
benefits,1873
thousands,1871
failed,1868
rest,1868
borisjohnson,1867
cada,1866
cancer,1861
whether,1853
dog,1851
means,1846
minister,1846
par,1842
immunity,1835
aquí,1835
become,1827
eidmubarak,1823
ok,1823
postponed,1822
affected,1819
hace,1818
line,1815
power,1815
21,1814
कर,1811
contagio,1809
stimulus,1805
trumpvirus,1804
aid,1804
half,1803
joebiden,1801
thread,1800
responsible,1799
vida,1799
australia,1797
ang,1796
services,1793
heart,1793
años,1788
works,1788
matter,1787
oms,1786
ai,1786
caso,1786
all,1782
leaders,1782
self,1776
went,1775
action,1775
talking,1768
casi,1768
mail,1766
industry,1764
cómo,1764
especially,1763
ce,1763
key,1763
probably,1761
though,1761
gates,1759
records,1752
issues,1750
force,1749
living,1748
opening,1746
list,1744
eidaladha,1743
46,1739
source,1738
postponejee_neetsept,1738
politics,1734
general,1733
continues,1732
sad,1730
red,1729
menos,1727
wonder,1721
drrpnishank,1720
vous,1719
wow,1714
killing,1712
leader,1711
law,1710
atención,1708
200,1708
whitehouse,1706
600,1705
sanofi,1703
gon,1699
large,1698
vs,1695
ones,1688
issue,1687
confirmados,1684
announced,1684
clear,1682
00,1682
patient,1679
colombia,1675
adults,1674
hai,1672
dice,1670
service,1667
policy,1664
ready,1663
within,1661
mr,1659
department,1655
run,1650
major,1644
allowed,1639
60,1639
claims,1638
hold,1637
term,1636
that,1636
zero,1632
residents,1631
democratic,1626
2021,1626
gracias,1624
agosto,1623
cardinals,1619
started,1616
damn,1615
official,1614
areas,1610
rep,1609
company,1605
student,1604
staysafe,1603
ver,1602
45,1598
financial,1598
learning,1597
june,1594
lead,1594
22,1590
registra,1590
caused,1589
north,1589
needed,1589
four,1583
church,1582
companies,1580
answer,1580
dems,1579
nearly,1577
35,1575
easing,1572
dangerous,1571
false,1567
rights,1565
access,1564
cov,1563
taken,1559
advice,1559
employees,1558
negative,1558
cas,1556
nytimes,1555
fighting,1553
finds,1553
tener,1552
funding,1552
area,1552
wearamask,1552
result,1551
yeah,1551
san,1550
governors,1549
biggest,1545
chief,1544
rising,1543
demand,1543
guy,1541
mass,1540
details,1540
ccp,1540
effects,1538
poor,1538
covidー19,1534
college,1534
came,1533
semana,1533
failure,1531
rates,1531
looks,1526
level,1523
hi,1521
citizens,1519
coronaviruspandemic,1518
serious,1518
deadly,1518
que,1518
africa,1510
anthony,1509
potential,1509
interesting,1508
parte,1506
helping,1505
lack,1505
warns,1504
delay,1502
distance,1501
campaign,1496
move,1495
evitar,1495
levels,1492
recent,1489
mejor,1487
economía,1485
wish,1485
pmoindia,1480
development,1478
international,1478
bring,1476
pass,1472
hell,1471
yang,1471
virtual,1470
entire,1470
morning,1469
tech,1466
director,1461
calling,1458
behind,1458
quedateencasa,1457
scientists,1456
digital,1455
avoid,1453
sorry,1452
bubble,1452
adha,1451
hundreds,1451
war,1450
ist,1448
program,1445
keeping,1444
risks,1443
información,1442
head,1441
commissioner,1440
blood,1440
hate,1439
brazil,1439
facts,1438
agree,1437
situación,1436
hand,1436
70,1435
pcr,1435
noticias,1435
happened,1434
chance,1434
guess,1430
pa,1424
postpones,1424
immune,1423
riesgo,1423
healthy,1421
abc,1420
allah,1416
concerns,1416
muslim,1414
ontario,1414
thinking,1414
gone,1413
vez,1412
ppe,1411
ppl,1409
body,1406
technology,1406
2019,1404
uma,1403
passed,1403
handling,1401
mal,1400
300,1398
goes,1398
número,1398
lopezobrador_,1392
रह,1389
justice,1387
outside,1387
voting,1385
28,1383
northern,1383
click,1378
mental,1376
west,1373
forward,1369
पर,1367
año,1367
nba,1365
guidance,1364
vulnerable,1361
absolutely,1361
mexico,1361
reuters,1361
games,1360
im,1360
alert,1358
running,1357
jared,1357
short,1356
up,1355
ass,1353
facebook,1353
niños,1353
gdp,1352
leave,1352
