gram,counts
covid 19 pandemic,6514
covid 19 cases,4568
covid 19 patients,3867
href rel nofollow,3302
true href rel,3237
coronavirus covid 19,2995
rel nofollow twitter,2841
covid 19 crisis,2540
covid 19 lockdown,2182
due covid 19,2174
covid 19 deaths,2155
casos covid 19,1965
fight covid 19,1943
nofollow twitter web,1707
positive covid 19,1680
covid 19 via,1674
bbc news coronavirus,1622
spread covid 19,1526
coronavirus death toll,1502
pandemi covid 19,1482
amid covid 19,1480
covid 19 briefing,1479
new covid 19,1463
twitter web app,1456
cases covid 19,1435
covid 19 di,1410
erickson covid 19,1349
covid 19 vaccine,1333
dr erickson covid,1307
covid 19 outbreak,1290
covid 19 death,1274
towards cashless society,1240
covid 19 coronavirus,1209
new coronavirus cases,1102
stay at home,1078
26 04 2020,1047
cashless society know,1033
últimas 24 horas,1023
du covid 19,997
covid 19 virus,985
covid 19 relief,977
coronavirus live updates,961
covid 19 response,960
new york times,959
pandemia covid 19,947
nofollow twitter android,945
covid 19 treatment,920
covid 19 testing,896
da covid 19,851
april 26 2020,841
26 april 2020,805
covid 19 test,777
new york city,777
cashless society did,773
positif covid 19,770
covid 19 update,739
died covid 19,739
covid19 coronavirusaustralia stayhomesavelives,738
covid 19 patient,729
amid coronavirus pandemic,727
download covidsafe app,726
app australian government,714
19 briefing via,710
covidsafe app australian,706
virus covid 19,702
australian government covid19,700
ycpcovidiots ycpcovidiots ycpcovidiots,700
government covid19 coronavirusaustralia,698
covid 19 download,697
19 download covidsafe,694
briefing via youtube,687
stopping spread covid,687
global coronavirus death,685
new cases coronavirus,684
26 abril 2020,679
join stopping spread,670
covid 19 covert,664
19 covert id,663
twitter suspends account,663
response covid 19,658
covid 19 vía,643
impact covid 19,627
coronavirus task force,627
post covid 19,621
id heading towards,618
towards future cashless,618
heading towards future,618
society did know,618
future cashless society,618
covert id heading,618
recovered covid 19,617
covid 19 situation,612
treat covid 19,602
created covid 19,597
using uv light,594
tested positive covid,590
coronavirus boris johnson,586
covid 19 positive,583
test positive coronavirus,579
penyebaran covid 19,577
covid 19 tests,574
know jesus spoke,574
last 24 hours,569
new cases covid,567
confirmed covid 19,558
uv light lungs,557
know bible spoke,554
tested positive coronavirus,550
covid 19 em,549
biotech company created,547
treatment using uv,543
company created covid,541
sign petition via,541
death toll could,538
youtube removes video,538
total covid 19,538
confirmed cases covid19,536
removes video biotech,535
account youtube removes,535
video biotech company,534
19 treatment using,533
suspends account youtube,533
society know bible,527
president donald trump,526
crisis covid 19,525
nuevos casos coronavirus,523
contact tracing app,522
gt gt gt,521
trump covid 19,518
tyranny twitter suspends,516
number covid 19,515
tech tyranny twitter,512
vaccine trial died,510
at home orders,509
covid 19 case,508
society know jesus,506
60 higher reported,502
covid 19 related,498
covid 19 amp,497
domingo 26 abril,495
could 60 higher,492
boris johnson return,490
mann ki baat,487
toll could 60,486
exclusive coronavirus coverage,484
epoch times app,484
19 patients discharged,481
us covid 19,476
new cases covid19,475
johnson return work,473
times app see,472
see exclusive coronavirus,472
app see exclusive,472
dr anthony fauci,471
coronavirus coverage daily,471
coverage daily updates,471
com covid 19,470
cure covid 19,470
cases covid19 reported,467
discharged usns comfort,460
patients discharged usns,459
world health organization,457
get covid 19,452
muertes covid 19,450
deaths covid 19,450
nuevos casos covid,448
sage meetings worried,448
covid 19 spread,447
white house coronavirus,446
germany covid 19,444
meetings worried presence,443
coronavirus cases total,440
pacientes covid 19,439
coronavirus vaccine trial,439
wabah covid 19,438
attendees sage meetings,438
coronavirus new york,437
worried presence cummings,436
dies covid 19,433
at home order,432
covid 19 expert,431
amid coronavirus crisis,429
evil guy crippling,427
cdtv covid_19 prior,425
prior jorge babu,425
suho bizbizeyeteriz covid,425
covid cdtv covid_19,425
mike lindell made,425
trump suho bizbizeyeteriz,425
david mike lindell,425
manu foraprior david,425
jorge babu manu,425
foraprior david mike,425
babu manu foraprior,425
die covid 19,425
covid_19 prior jorge,425
fighting covid 19,422
guy crippling economy,420
penanganan covid 19,420
covid 19 people,417
lindell made pillow,415
covid 19 dying,413
19 death toll,413
make extra cash,412
make extra money,412
stay home stay,412
must read article,411
students make extra,410
13 ways students,410
workfromhome online make,410
ways students make,410
covid19 workfromhome online,410
online make extra,410
extra cash home,410
campuses closed 13,410
closed 13 ways,410
first covid 19,409
coronavirus racial inequality,408
cashless society hear,407
people covid 19,405
covid 19 symptoms,400
kim jong un,399
many evil guy,398
inequality task force,396
covid 19 count,396
racial inequality task,393
multiple covid 19,392
httweets republic pmoindia,389
ndtv httweets republic,389
covid 19 numbers,385
for many evil,385
drops multiple covid,383
covid 19 could,383
expert for many,383
republic pmoindia hmoindia,383
19 dying strokes,383
coronavirus via youtube,383
_ड _भ जप,382
covid 19 bombshells,381
physician drops multiple,381
contre covid 19,381
coronavirus tracing app,381
आगर _ल _ड,380
menunaikan ibadah puasa,380
_ल _ड _भ,380
er physician drops,378
positivos covid 19,378
cases total covid,376
uk coronavirus vaccine,376
на covid 19,375
death list lockdown,374
extra money quarantinelife,374
list lockdown news,374
money quarantinelife campuses,374
quarantinelife campuses closed,374
live patients amp,373
patients amp death,373
count live patients,373
amp death list,373
19 expert for,373
coronavirus pandemic via,372
lawan covid 19,371
91 new cases,371
coronavirus explained netflix,368
light lungs via,366
mengatasi pandemi covid,363
symptoms covid 19,363
kita mengatasi pandemi,363
kesucian bulan ramadhan,363
volunteer uk coronavirus,362
realdonaldtrump cardinaldolan stpatsnyc,362
bulan ramadhan dengan,362
confirmados covid 19,362
jaga kesucian bulan,362
affected covid 19,360
ramadhan dengan ibadah,360
lungs via gatewaypundit,359
article amp reuters,359
home stay safe,356
dying covid 19,356
food bank demand,356
au covid 19,354
test positive covid,353
signed petition calling,352
covid 19 infection,351
first volunteer uk,350
ibadah puasa 1441,349
patients covid 19,347
covid 19 new,342
new covid19 cases,342
dengan ibadah di,341
19 count live,341
tabligiheroes tabligiheroes tabligiheroes,340
return work boost,338
dying strokes washington,337
positivo covid 19,337
work boost country,336
ycpcovidiots ndtv httweets,336
millions pounds food,335
strokes washington post,335
home covid 19,333
case covid 19,332
pounds food rot,331
pressing towards cashless,330
treatment covid 19,329
casos confirmados covid,329
covid 19 may,328
did know bible,327
covid 19 ini,327
coronavirus contact tracing,326
covid 19 restrictions,326
let millions pounds,326
end covid 19,325
food rot food,325
rot food bank,324
moving towards cashless,324
death toll rises,324
health care workers,323
covid 19 recovery,323
digial age cashless,321
age cashless society,321
via namo app,321
19 via youtube,321
contagios covid 19,320
spoke book revelation,318
test covid 19,318
usda let millions,317
slow spread covid19,317
help slow spread,317
global death toll,315
released rikers island,314
covid 19 updates,313
bbc news mundo,312
covid 19 world,312
hospitals get paid,312
crise du coronavirus,310
jesus spoke would,308
covid 19 news,307
bank demand soared,307
india fight covid,306
society covid 19,306
covid 19 fight,305
society physical cash,304
covid 19 tracking,304
casos positivos covid,303
rikers island coronavirus,302
hear jesus spoke,301
time covid 19,301
covid 19 relawanbergeraklawancovid,300
arrested new rape,299
infected covid 19,299
response utterly hypocritical,298
new rape charge,298
coronavirus response utterly,298
cashless society covid,298
coronavirus arrested new,296
uk coronavirus response,295
total confirmed cases,295
long term care,294
covid 19 et,294
head coronavirus racial,294
cashless society coronavirus,293
island coronavirus arrested,292
covid 19 dengan,291
covid 19 país,291
untuk mengurangi penyebaran,291
did know jesus,291
muertos covid 19,290
covid 19 pemerintah,290
man released rikers,288
sunday april 26,287
utterly hypocritical says,287
covid 19 infections,287
sick covid 19,286
minggu 26 2020,286
new possible symptoms,286
mortes covid 19,286
19 pandemic end,286
data driven prediction,285
covid 19 méxico,285
great group kids,284
get retweet great,283
2020 04 26,283
please get retweet,283
amid coronavirus lockdown,283
group kids new,283
kids new bedford,283
retweet great group,283
know covid 19,283
direction cashless society,282
wife head coronavirus,282
hypocritical says poverty,282
even feel well,281
daily even feel,281
says poverty expert,281
cases sooner self,280
self reporting symptoms,280
nyc man released,280
symptoms daily even,280
sooner self reporting,280
risk cases sooner,280
reporting symptoms daily,280
19 people driven,279
spread covid19 identify,279
covid19 identify risk,279
covid 19 impact,279
identify risk cases,279
update covid 19,279
87 new cases,278
000 covid 19,278
penyebaran pandemi covid,278
new york allow,277
covid 19 sign,276
arus mudik di,276
covid 19 frontline,276
mengurangi penyebaran pandemi,276
prediction covid 19,275
memantau langsung pos,275
connected consortium behind,275
timur memantau langsung,275
langsung pos penyekatan,275
feel well download,275
jawa timur memantau,275
penyekatan arus mudik,275
covid 19 dan,275
pos penyekatan arus,275
mudik di exit,275
pandemic end dates,274
soros connected consortium,274
000 americans died,274
appoints wife head,273
well download app,273
april 25 2020,273
response coronavirus outbreak,272
vastgesteld bij nertsenfokkerijen,272
disease covid 19,271
italy pm outlines,270
casos positivos coronavirus,270
19 bombshells via,270
ne sont pas,270
students hopes die,269
russia collusion sham,269
behind russia collusion,269
consortium behind russia,269
coronavirus vastgesteld bij,269
telling students hopes,268
patients critical condition,268
driven prediction covid,268
collusion sham pushing,268
george soros connected,268
podesta george soros,267
tested positive covid19,267
bible spoke would,266
sham pushing democrat,266
coronavirus disease 2019,266
bombshells via youtube,265
dr judy mikovits,265
covid 19 biggest,265
exit toll ngawi,265
prov jawa timur,265
hopes die coronavirus,265
pushing democrat coronavirus,265
toll ngawi minggu,265
2019 covid 19,265
di exit toll,265
coronavirus italy pm,264
nertsenfokkerijen noord brabant,264
daily death toll,264
ngawi minggu 26,264
blasio appoints wife,264
pemerintah prov jawa,264
bij nertsenfokkerijen noord,264
19 pemerintah prov,264
frente covid 19,264
john podesta george,263
covid 19 hoax,262
due coronavirus pandemic,262
realdonaldtrump foxnews cnn,261
rape charge report,261
democrat coronavirus investigation,260
caso covid 19,260
2121 hello fantasticradio,258
lives daily talk,258
stayhomesafelives buy song,258
fantasticradio co uk,258
hello fantasticradio co,258
believeyourpossibilities stayhomesafelives buy,258
fantasticradiouk homeofpossibilities believeyourpossibilities,258
homeofpossibilities believeyourpossibilities stayhomesafelives,258
0208 90 2121,258
90 2121 hello,258
co uk fantasticradiouk,258
uk fantasticradiouk homeofpossibilities,258
using covid 19,257
petition via change,256
twitter web client,256
coronavirus stay at,256
penyebaran virus covid,256
19 sign petition,255
allow tests pharmacies,255
total number cases,255
battle covid 19,254
people died today,254
new cases confirmed,253
public school teacher,253
york allow tests,253
covid 19 data,253
tests positive coronavirus,253
latest covid 19,252
confirmed coronavirus cases,252
daily talk us,251
adding value lives,251
value lives daily,251
talk us 0208,251
covid 19 brasil,251
covid 19 covid19,251
us 0208 90,251
tested covid 19,250
help covid 19,249
terdampak covid 19,249
26 2020 dirumahaja,248
uma renda extra,248
auxilioemergencia coronavirus caixatem,247
19 tracking app,247
covid 19 emergency,247
públicao app tiktok,247
ganharem renda extra,247
precisam uma renda,247
extra nessa quarentena,247
vídeos ganharem renda,247
assistir vídeos ganharem,247
código comecem assistir,247
quarentena usem código,247
tiktok ajudando pessoas,247
pessoas precisam uma,247
usem código comecem,247
comecem assistir vídeos,247
renda extra nessa,247
utilidade públicao app,247
app tiktok ajudando,247
ajudando pessoas precisam,247
nessa quarentena usem,247
14 677 casos,247
tests positive covid,246
tiempos covid 19,246
2020 dirumahaja polisijatim,246
auxilioemergencial auxilioemergencia coronavirus,246
god waiting room,245
lucha covid 19,245
全国高体連 史上初のインターハイ中止決定 coronavirus,245
covid 19 будут,244
covid 19 even,244
19 biggest threat,244
campuses must reopen,243
must reopen fall,243
college campuses must,242
covid 19 briefings,240
news mundo coronavirus,240
covid19 contest novadairy,240
driving towards cashless,239
антителами на covid,239
доноры крови антителами,239
получать стимулирующие выплаты,239
будут получать стимулирующие,239
19 будут получать,239
крови антителами на,239
bizbizeyeteriz covid self_portrait,238
coronavirus south korea,238
更新 全国高体連 史上初のインターハイ中止決定,238
новинку доноры крови,238
pillow letslovesuho trump,238
letslovesuho trump suho,238
городскую новинку доноры,238
covid self_portrait covid19,238
amid coronavirus outbreak,237
public trust plummets,237
check hospitals get,237
people barely sick,237
fact check hospitals,237
south korea recovery,236
korea recovery rate,236
recovery rate exceeds,235
pasien covid 19,234
inmates test positive,234
cdc adds new,234
il covid 19,234
rate exceeds 80,233
cases new deaths,233
patients wuhan discharged,233
staff covid 19,232
ta 2020 gratisno,232
suapbudayakan pola hidup,232
made pillow letslovesuho,232
polri ta 2020,232
pola hidup bersihbersatu,232
bersihbersatu cegah covid19,232
covid19 rekrutmenpolri2020 bersatucegahcovid19,232
kknno calono suapbudayakan,232
14 mil 677,232
2020 gratisno kknno,232
cegah covid19 rekrutmenpolri2020,232
rekrutmen anggota polri,232
hidup bersihbersatu cegah,232
anggota polri ta,232
uv light treatment,232
calono suapbudayakan pola,232
covid 19 corona,232
gratisno kknno calono,232
barely sick covid,231
get back work,231
pandemic new poll,230
coronavirus furloughed workers,230
school teacher caught,230
uk response coronavirus,230
covid 19 na,230
confirmed cases covid,229
second wave coronavirus,229
handling pandemic new,229
trust plummets britain,229
covid 19 research,229
judy mikovits phd,229
corona covid 19,228
camera telling students,228
west point cadets,228
plummets britain handling,228
go back work,228
society hear jesus,227
contagio covid 19,227
coronavirus disease covid,227
coronavirus patients wuhan,227
britain handling pandemic,227
public inquiry uk,227
19 vaccine trial,227
covid 19 really,226
sweet heart check,226
heading towards cashless,226
love sweet heart,226
global covid 19,225
brad pitt dr,225
take covid 19,225
pruebas covid 19,225
since covid 19,225
owes america apology,225
covid 19 total,225
inquiry uk response,224
677 casos confirmados,224
of covid 19,224
selamat menunaikan ibadah,223
jersey public school,223
nuevos casos positivos,223
hear bible spoke,223
coronavirus press conference,223
world covid 19,223
petition calling public,222
di tengah pandemi,222
past 24 hours,222
calling public inquiry,222
new poll reveals,221
satgasnusantara satgasnusantarakepri poldakepri,220
polri polricegahcorona coronavirus,220
pelosi owes america,220
sa covid 19,220
covid19 caused vaccines,220
daily covid 19,220
new jersey public,219
lt lt lt,219
caught camera telling,219
nancy pelosi owes,218
middle aged people,218
coronavirus outbreak sign,218
humaspoldakepri satgasnusantara satgasnusantarakepri,217
america apology coronavirus,217
poldakepricegahcovid19 polripromoter polrihumanis,217
apology coronavirus relief,217
coronavirus relief delays,217
coronavirus playing outside,217
polripromoter polrihumanis polri,216
poldakepri ramadhan2020 poldakepricegahcovid19,216
ramadhan2020 poldakepricegahcovid19 polripromoter,216
die coronavirus playing,216
satgasnusantarakepri poldakepri ramadhan2020,216
polrihumanis polri polricegahcorona,216
news covid 19,216
the covid 19,215
17 police officers,214
polricegahcorona coronavirus virus,214
sign via march_change,213
diplomat lauds india,213
relief delays mccarthy,213
vaccines dr judy,213
covid 19 hastası,212
lauds india efforts,212
du conseil scientifique,212
protecting health staff,212
young middle aged,212
true covid19 contest,212
caused vaccines dr,212
confirmed covid19 cases,211
contest novadairy beawaretobeware,211
aged people barely,211
ingesting household cleaners,211
support covid 19,211
teacher caught camera,211
outbreak sign via,210
โคว ด19 covid19,210
covid19 positive cases,210
50 000 americans,210
trump incompetence caused,210
exceeds 80 coronavirus,210
every indian soldier,210
indian soldier fight,209
read article coronavirus,208
efforts protecting health,208
india efforts protecting,208
like covid 19,207
current covid 19,207
coronavirus covid19 covid_19,207
covid 19 would,207
health staff covid,207
trying stop coronavirus,207
disease 2019 covid,206
help pork producers,206
processors depopulate herds,206
find new processors,206
producers find new,206
pork producers find,206
new processors depopulate,206
delays mccarthy says,206
people 30s 40s,206
read article covid19,205
unprecedented emergency usda,205
emergency usda offers,205
offers help pork,205
usda offers help,205
news coronavirus covid19,205
19 di indonesia,205
fix china reputation,205
spoke would occur,205
death covid 19,204
billionaire trying stop,204
2020 covid 19,204
pandemic covid 19,204
take look coronavirus,204
mari jaga kesucian,204
coronavirus dying strokes,204
bersatu kita mengatasi,204
19 briefing pt,203
coronavirus cases rise,203
covid 19 est,203
puasa 1441 mari,203
vacuna covid 19,203
ce est pas,203
1441 mari jaga,203
deaths per million,202
nearly 300 inmates,202
prime minister boris,202
number coronavirus cases,202
stop coronavirus fix,202
front line workers,201
minister boris johnson,201
virus dirumahaja lawancovid19,201
us diplomat lauds,201
coronavirus fix china,201
florida god waiting,201
coronavirus virus dirumahaja,201
china claims coronavirus,200
vaccine covid 19,200
deaths 24 hours,200
young people coronavirus,200
chicago house party,200
highest coronavirus death,200
updates covid 19,200
post coronavirus world,199
ramadhan selamat menunaikan,199
dr deborah birx,198
work covid 19,198
video via gatewaypundit,198
people coronavirus dying,197
marhaban ramadhan selamat,197
propagación covid 19,197
right thing send,196
benefits right thing,196
become economy future,196
ibadah di rumah,196
tax benefits right,196
lagos8 sokoto6 taraba5,196
thing send sanctuaries,196
trump needs resign,196
send sanctuaries unprecedented,196
sanctuaries unprecedented emergency,196
sokoto6 taraba5 kaduna5,196
taraba5 kaduna5 gombe3,195
become society future,195
boris johnson back,195
new kind class,195
lawancovid19 lawancorona coronaindonesia,195
new york state,195
shines light new,195
dirumahaja lawancovid19 lawancorona,195
kind class divide,195
light new kind,194
pm narendra modi,194
300 inmates test,194
covid 19 yang,194
covid19 โคว ด19,194
casos confirmados coronavirus,194
pandemic shines light,194
bauchi2 osun1 akwa,194
world news guardian,193
mil 677 casos,193
rumah bersatu kita,193
di rumah bersatu,193
covid 19 cure,193
covid 19 real,193
kaduna5 gombe3 ondo3,193
от covid 19,193
china covid 19,193
fct3 edo3 oyo3,193
stop covid 19,193
ondo3 fct3 edo3,192
rivers3 bauchi2 osun1,192
briefings worth time,192
sent ppe china,192
oyo3 rivers3 bauchi2,192
fallecidos covid 19,192
covid 19 immunity,192
rechazo rechazo rechazo,192
gombe3 ondo3 fct3,192
edo3 oyo3 rivers3,192
four state prisons,192
43 lagos8 sokoto6,192
amidst covid 19,192
ministério da saúde,191
25 04 2020,191
say covid 19,191
china jan feb,191
caused economy crash,190
osun1 akwa ibom1,190
contagiados covid 19,190
worth time effort,190
tengah pandemi covid,190
incompetence caused economy,190
think covid 19,190
class divide inequalities,190
team sent ppe,189
trump cut pandemic,189
crash all time,189
coronaindonesia yukpakaimasker tundamudik,189
jack billionaire trying,189
feb golf times,189
unemployment highest coronavirus,189
pandemic team sent,189
ppe china jan,189
cases country today,189
akwa ibom1 bayelsa1,189
positive coronavirus 96,189
cut pandemic team,189
jan feb golf,189
lawancorona coronaindonesia yukpakaimasker,189
rate covid 19,189
times rallies amp,189
economy crash all,189
people tested positive,189
handling covid 19,189
golf times rallies,189
deal covid 19,189
bleach coronavirus cure,189
ibom1 bayelsa1 ebonyi1,189
new confirmed cases,188
steal coronavirus vaccine,188
china says coronavirus,188
covid 19 epidemic,188
amp covid 19,188
coronavirus covid_19 covid19,188
says coronavirus patients,187
all time unemployment,187
light treatment coronavirus,187
coronavirus 96 without,187
covid 19 nigeria,187
time unemployment highest,187
insecurehbo covid cdtv,187
pillow trump suho,187
bizbizeyeteriz covid covid19,187
96 without symptoms,186
coronavirus investigation via,186
spoke would unfold,186
donald trump needs,186
corona coronavirus covid19,185
covid 19 antibodies,185
please stay home,185
19 pandemic shines,185
covid19 reported nigeria,184
covid 19 quarantine,184
yukpakaimasker tundamudik cerdascovid19,184
covid 19 mundo,184
covid 19 france,184
made pillow trump,183
coronavirus cases reported,183
trump coronavirus briefings,183
state prisons nearly,183
australia launches controversial,183
spoke would happen,183
waiting room dying,183
room dying seniors,183
could covid 19,183
group peddling bleach,182
wuhan health organization,182
key workers mobile,182
coronavirus press briefings,182
new yorkers ingesting,182
covid19 reported 43,182
end coronavirus pandemic,182
prisons nearly 300,182
death toll passes,181
combat covid 19,181
hi covid 19,181
leader group peddling,181
combatir covid 19,181
claims coronavirus came,181
26 04 20,181
receiving stimulus checks,180
investigation via gatewaypundit,180
test key workers,180
222256101 auxilioemergencial auxilioemergencia,180
society hear bible,180
renda extra 222256101,180
extra 222256101 auxilioemergencial,180
coronavirus death near,180
workers mobile units,179
peddling bleach coronavirus,179
needs resign handling,179
coronavirus cure wrote,179
health organization coronavirus,179
new york daily,178
rallies amp pushed,178
pandemic news coronavirus,178
donate 150 ecoins,178
crise covid 19,178
cure wrote trump,178
covid 19 end,178
attend chicago house,177
covid 19 take,177
reported 43 lagos8,177
near 5xs cases,177
make covid 19,177
work trump incompetence,177
cures work trump,177
resign handling coronavirus,177
death near 5xs,177
novadairy beawaretobeware contestalert,177
amp pushed cures,177
covid 19 26,177
pushed cures work,177
5xs cases country,177
covid 19 india,177
handling covid19 outbreak,176
blame china coronavirus,176
coronavirus covid19 pandemic,176
global pandemic news,176
footage wall coronavirus,176
received gt 12,175
curt director drtedros,175
coronavirus antibody tests,175
acting like wuhan,175
like wuhan health,175
platform handling covid19,175
ties2 ethiopia received,175
director drtedros ethiopian,175
china 2000s3 praised,175
china ties2 ethiopia,175
politician huge china,175
china use 5g,175
gt 12 bn,175
covid 19 não,175
04 2020 17,175
2000s3 praised china,175
bn loans china,175
40s covid 19,175
30s 40s covid,175
praised china use,175
who1 curt director,175
ethiopian politician huge,175
first uk volunteer,175
ethiopia received gt,175
use 5g platform,175
drtedros ethiopian politician,175
huge china ties2,175
5g platform handling,175
facts who1 curt,175
loans china 2000s3,175
12 bn loans,175
javed akhtar writings,174
stimulus checks get,174
loud say clear,174
know bible prophesied,174
coronavirus came wet,174
see footage wall,174
people died covid,174
say loud say,174
get letter signed,174
