coronavirus,344753
covid,202960
19,191668
covid19,175131
nan,70995
people,48651
amp,43988
via,40004
new,37879
trump,37471
cases,35251
pandemic,31757
us,30810
lockdown,28349
news,26182
virus,26025
deaths,24865
like,23177
one,22911
covid_19,22885
get,21604
china,21561
realdonaldtrump,20816
time,20231
world,18941
health,18307
di,18176
000,17795
si,17463
know,17221
help,16988
death,16980
would,16707
crisis,16146
need,16063
home,15465
patients,15327
2020,15266
il,15171
could,14886
government,14543
et,14496
see,13973
casos,13971
please,13928
des,13582
state,13470
many,13364
may,13168
corona,13029
go,12990
da,12962
26,12896
total,12802
says,12653
good,12491
work,12137
even,12130
die,11961
the,11616
du,11533
still,11466
take,11441
back,11337
est,11335
day,11250
uk,11173
test,11172
going,11019
make,10982
first,10915
due,10875
per,10850
think,10779
country,10690
india,10593
dr,10484
today,10478
youtube,10461
said,10243
right,10193
testing,10143
social,10121
also,10019
live,9964
positive,9932
stay,9919
spread,9862
app,9831
vaccine,9688
well,9687
say,9658
let,9505
na,9484
april,9385
fight,9318
way,9263
president,9257
want,9206
re,9194
pour,9128
read,9019
pandemia,8958
10,8902
hospital,8885
video,8835
daily,8817
care,8709
stop,8510
really,8419
much,8416
must,8392
pas,8286
public,8156
non,8136
economy,8113
times,8105
20,8101
media,8082
response,8023
great,7872
died,7798
days,7733
come,7623
workers,7551
life,7535
states,7521
data,7510
true,7465
last,7431
tests,7429
money,7391
support,7391
every,7370
number,7319
24,7306
twitter,7150
outbreak,7126
look,7125
to,7116
america,7088
keep,7049
latest,7041
confirmed,6994
never,6896
global,6886
post,6880
got,6855
end,6837
real,6820
medical,6793
em,6711
york,6692
two,6680
gobierno,6595
com,6472
year,6462
man,6412
update,6386
million,6384
use,6382
usa,6357
vía,6345
free,6345
lives,6339
au,6328
week,6324
stayhome,6289
ne,6279
une,6260
amid,6220
business,6193
hope,6187
dan,6163
americans,6147
gente,6146
check,6134
quarantine,6131
wuhan,6131
made,6122
family,6089
thank,6081
another,6080
everyone,6061
reported,6060
face,6047
god,6041
qui,6034
open,6031
since,5976
watch,5974
food,5939
mais,5915
doctors,5888
in,5887
gt,5885
cuarentena,5850
flu,5832
safe,5832
toll,5779
weeks,5765
thanks,5737
ser,5736
casa,5636
next,5616
hospitals,5614
100,5604
sur,5604
case,5590
país,5554
better,5538
não,5497
long,5484
va,5474
salud,5472
rate,5449
pm,5442
report,5436
without,5427
mundo,5425
che,5419
article,5401
updates,5387
around,5378
give,5373
tested,5372
hoy,5368
25,5365
getting,5345
dans,5339
ca,5329
online,5321
best,5313
treatment,5303
needs,5280
plan,5270
working,5267
believe,5239
numbers,5239
risk,5234
personas,5234
house,5232
plus,5222
using,5220
society,5219
30,5216
thing,5187
love,5165
done,5164
countries,5034
and,5006
symptoms,4995
yet,4969
50,4920
cure,4919
ce,4913
far,4899
masks,4879
show,4876
years,4866
ve,4864
of,4859
things,4854
find,4852
distancing,4837
already,4827
españa,4824
eu,4821
big,4747
govt,4728
put,4725
solo,4722
science,4703
france,4678
something,4654
sunday,4631
11,4590
might,4570
je,4542
15,4540
infected,4538
recovered,4536
anyone,4534
disease,4528
fake,4485
de,4476
job,4467
part,4445
कर,4430
sure,4426
trying,4413
story,4405
der,4372
dead,4369
away,4365
yes,4347
top,4337
día,4300
chinese,4294
van,4284
city,4270
start,4235
disinfectant,4232
así,4224
control,4221
cnn,4220
covidsafe,4220
bien,4217
light,4208
change,4199
point,4174
14,4173
par,4170
this,4169
call,4168
mask,4165
it,4157
dying,4149
future,4140
situation,4137
12,4136
ahora,4130
dos,4129
nuevos,4101
nothing,4099
reports,4081
covidー19,4079
cause,4072
someone,4069
high,4065
police,4063
important,4057
person,4025
community,3999
information,3984
immunity,3982
um,3980
ever,3971
13,3956
contact,3953
rt,3937
american,3929
bill,3911
tell,3903
making,3894
bad,3887
und,3880
others,3876
04,3866
taking,3862
old,3858
homes,3852
muertos,3849
impact,3848
staff,3827
always,3826
month,3825
muertes,3825
children,3813
enough,3812
follow,3809
save,3796
research,3795
saying,3795
relief,3793
population,3782
no,3771
sa,3752
sick,3736
kill,3724
coming,3722
nigeria,3720
hard,3719
human,3710
das,3707
infection,3699
economic,3699
vous,3692
bbc,3684
lot,3683
italy,3671
months,3661
protect,3657
200,3647
system,3626
mas,3610
county,3605
actually,3588
oh,3583
place,3581
doctor,3564
together,3564
18,3562
businesses,3562
gates,3562
reopen,3560
possible,3550
wrong,3540
lost,3539
evidence,3535
hoax,3516
south,3514
experts,3512
truth,3511
less,3508
national,3502
pay,3488
is,3468
soon,3464
study,3462
qu,3461
medidas,3460
restrictions,3449
quedateencasa,3449
normal,3448
puede,3446
stupid,3442
hacer,3441
briefing,3435
students,3430
feel,3427
white,3423
narendramodi,3414
thought,3411
everything,3407
donald,3387
anything,3387
full,3387
gop,3375
share,3359
mil,3355
maybe,3342
el,3342
etc,3338
local,3336
join,3314
href,3312
continue,3309
rel,3308
you,3307
nofollow,3303
order,3290
yang,3288
40,3284
used,3281
méxico,3278
ver,3271
gov,3271
shit,3270
hours,3263
nursing,3262
small,3256
nous,3256
fact,3255
27,3251
hit,3250
measures,3250
fallecidos,3234
la,3227
patient,3225
stayathome,3220
bleach,3218
रह,3215
breaking,3202
africa,3183
for,3183
link,3179
towards,3172
johnson,3168
governor,3153
fauci,3150
we,3149
across,3144
uma,3136
60,3126
healthcare,3125
idea,3124
sir,3121
seen,3118
early,3117
coronaviruspandemic,3115
air,3111
en,3102
on,3101
ai,3097
party,3095
nyc,3092
potus,3091
confinement,3089
school,3089
team,3088
press,3080
heart,3078
australia,3076
cdc,3074
second,3062
avec,3062
salir,3059
ini,3059
presidente,3054
stayhomesavelives,3052
pacientes,3047
minister,3045
brasil,3044
leaders,3042
ago,3029
war,3026
least,3018
called,3016
abril,3013
emergency,3007
personal,3001
cashless,2986
little,2984
gracias,2972
return,2962
recovery,2955
briefings,2948
ll,2940
menos,2937
nation,2931
millions,2930
become,2925
hace,2924
force,2923
hear,2919
pmoindia,2914
group,2906
self,2900
left,2897
looking,2890
vida,2889
ppe,2886
found,2873
closed,2872
cuomo,2872
kids,2870
california,2870
told,2869
días,2862
different,2844
coronavírus,2837
hi,2836
worse,2828
tweet,2823
question,2822
understand,2821
conte,2821
makes,2819
tracing,2818
niños,2797
sont,2794
caso,2793
ou,2782
पर,2779
fear,2779
boris,2775
mayor,2774
march,2771
kano,2771
mean,2769
italia,2766
anti,2743
fighting,2742
families,2729
het,2718
talk,2717
jesus,2715
company,2715
service,2711
fuck,2711
try,2711
bir,2710
seems,2695
reason,2690
info,2684
questions,2684
problem,2682
whole,2682
और,2671
market,2655
shows,2653
likely,2652
behind,2640
uv,2638
related,2636
travel,2634
friends,2631
based,2629
nhs,2627
germany,2625
increase,2623
vez,2620
cuba,2614
web,2613
años,2604
interesting,2604
cómo,2603
higher,2601
sign,2598
citizens,2596
tv,2591
democrats,2591
confirmados,2577
modi,2577
cada,2576
poor,2572
blood,2566
united,2565
including,2561
un,2555
spreading,2553
despite,2552
women,2545
talking,2543
dangerous,2540
00,2534
500,2533
essential,2529
almost,2523
ask,2523
ki,2522
black,2519
canada,2518
ramadan,2508
political,2500
expert,2491
all,2486
leader,2483
que,2483
staysafe,2480
body,2474
23,2471
aquí,2466
ça,2464
listen,2453
lies,2452
remember,2449
three,2448
domingo,2444
2019,2443
at,2435
taken,2435
ny,2430
calls,2429
mal,2426
caused,2418
federal,2416
sense,2414
argentina,2414
else,2411
given,2410
spain,2403
living,2401
learn,2399
ils,2398
médicos,2394
oms,2391
treat,2390
download,2388
run,2387
past,2386
worth,2381
nytimes,2380
wait,2378
trust,2373
22,2368
guy,2367
officials,2365
services,2361
foxnews,2360
sad,2358
scientists,2354
tech,2353
nuevo,2353
80,2351
instead,2343
leadership,2340
untuk,2336
spoke,2334
wo,2332
thread,2330
bible,2330
hands,2329
wants,2327
list,2325
infections,2319
mejor,2317
according,2312
close,2312
donate,2311
hey,2308
advice,2308
allah,2304
action,2302
wow,2296
17,2295
fucking,2295
set,2289
er,2289
crise,2286
ways,2286
count,2284
thousands,2284
means,2280
reporting,2277
age,2276
message,2275
isolation,2274
sars,2273
dice,2271
happy,2270
shut,2270
among,2270
vote,2264
able,2263
ist,2260
rest,2259
probably,2258
contre,2257
rise,2255
bu,2251
pra,2248
outside,2246
started,2245
facts,2244
novel,2234
tem,2234
contagios,2229
official,2229
following,2228
efforts,2226
extra,2224
covid2019,2223
low,2222
current,2222
healthy,2208
killed,2207
law,2203
número,2202
lol,2200
power,2199
line,2191
21,2187
tax,2187
giving,2172
pruebas,2167
ok,2167
hai,2163
came,2162
birx,2161
account,2160
bring,2158
horas,2158
handling,2158
needed,2156
serious,2155
leave,2146
cas,2146
yg,2143
young,2139
level,2134
mr,2134
plasma,2130
results,2129
zero,2128
helping,2113
released,2110
16,2109
dies,2101
immune,2101
नह,2099
provide,2099
ready,2098
blame,2098
act,2098
pandemi,2096
financial,2092
positivos,2092
that,2088
socialdistancing,2085
though,2080
gets,2078
happen,2075
plans,2075
play,2075
common,2072
tan,2067
companies,2066
reopening,2066
ont,2065
datos,2064
head,2063
ke,2061
members,2057
nicht,2055
deadly,2055
especially,2054
moment,2050
affected,2048
den,2048
records,2047
vaccines,2046
created,2043
después,2043
name,2043
mit,2042
comments,2041
fall,2038
strategy,2038
course,2037
woman,2034
rules,2033
coronavirusoutbreak,2029
worst,2024
54,2023
west,2021
kita,2014
vamos,2013
source,2012
mental,2010
fase,2009
ppl,2008
jobs,2007
available,2002
looks,1999
im,1998
task,1997
deal,1994
safety,1993
28,1983
morning,1983
wonder,1982
history,1978
took,1977
discharged,1977
clear,1975
orders,1971
front,1969
parte,1967
florida,1964
comment,1963
pakistan,1962
ycpcovidiots,1959
vs,1951
vulnerable,1949
lead,1948
general,1937
thinking,1937
move,1937
highest,1936
amazing,1935
key,1932
went,1929
warns,1928
bank,1928
demand,1927
allowed,1925
cash,1925
aux,1924
comes,1924
issues,1923
are,1923
indian,1922
they,1918
office,1912
google,1908
wave,1907
heard,1903
agree,1902
killing,1900
education,1898
san,1896
trial,1896
contagiados,1893
huge,1892
mass,1892
mayo,1887
not,1880
visit,1879
kind,1877
schools,1875
politics,1870
send,1868
technology,1867
critical,1863
masques,1863
5g,1862
allow,1860
reality,1860
till,1859
europe,1857
dengan,1853
ones,1851
single,1850
della,1849
happening,1848
zu,1847
tener,1846
yesterday,1845
tom,1843
lockdowns,1840
sent,1838
lab,1838
delhi,1836
antibody,1836
paid,1831
matter,1831
dia,1831
hand,1827
active,1826
300,1825
venezuela,1824
digital,1820
tiempo,1819
knew,1816
seriously,1810
residents,1808
industry,1807
sono,1807
indiafightscorona,1804
calling,1804
hell,1804
ease,1801
être,1801
fait,1799
semana,1797
guess,1796
claims,1794
tras,1794
guys,1794
trabajo,1792
prevent,1792
up,1792
korea,1790
iran,1790
campaign,1787
worldwide,1785
goes,1783
países,1780
op,1780
university,1777
irresponsables,1777
confinamiento,1777
fund,1776
click,1775
favor,1775
happened,1775
von,1775
threat,1773
late,1770
als,1770
noticias,1768
dear,1766
morts,1763
nearly,1763
contagio,1762
car,1758
employees,1756
frontline,1756
special,1754
netflix,1750
pessoas,1750
effective,1745
situación,1743
telling,1739
indonesia,1736
administration,1735
ir,1735
gon,1734
running,1734
date,1732
lie,1731
infectados,1731
russia,1729
asked,1728
israel,1728
actual,1727
wife,1727
issue,1726
wearing,1724
words,1724
near,1722
millones,1721
positivo,1720
peor,1719
sorry,1719
casi,1718
கள,1717
facebook,1715
mannkibaat,1715
disinfectants,1709
responsible,1709
security,1709
faire,1705
potential,1704
hold,1704
imagine,1704
mind,1700
chief,1700
buy,1700
