gram,counts
covid 19 pandemic,8870
covid 19 cases,8788
due covid 19,3404
casos covid 19,3183
covid 19 crisis,2796
coronavirus covid 19,2614
new covid 19,2406
covid 19 outbreak,2265
penanganan covid 19,2247
coronavirus mass lockdowns,2204
lied coronavirus mass,2203
mass lockdowns proof,2164
carlson lied coronavirus,2156
tucker carlson lied,2097
covid 19 optimisnewnormal,2051
covid 19 patients,1797
positive covid 19,1767
new coronavirus cases,1748
covid 19 deaths,1687
pandemia covid 19,1680
covid 19 di,1674
amid covid 19,1651
cases covid 19,1618
covid 19 via,1604
impact covid 19,1567
da covid 19,1494
pandemi covid 19,1462
black lives matter,1445
covid 19 em,1429
covid 19 testing,1429
covid 19 patient,1396
últimas 24 horas,1391
covid 19 vaccine,1371
post covid 19,1302
positivo covid 19,1146
vacina covid 19,1141
spread covid 19,1109
million coronavirus cases,1097
second wave coronavirus,1090
covid 19 response,1084
double lung transplant,1081
covid 19 death,1065
percepatan penanganan covid,1064
gugus tugas percepatan,1043
tugas percepatan penanganan,1035
response covid 19,1026
june 11 2020,1021
covid 19 test,1012
fight covid 19,1005
pacientes covid 19,969
covid 19 lockdown,946
bbc news coronavirus,941
menuju tatanan baru,937
lockdowns proof foxnews,936
tatanan baru penanganan,929
baru penanganan covid,929
get covid 19,923
nuevos casos coronavirus,905
rfid microchip mark,902
microchip mark beast,902
positif covid 19,899
covid 19 virus,893
covid 19 impact,888
wave covid 19,887
covid 19 update,876
terdampak covid 19,874
covid 19 amp,867
jajaran gugus tugas,864
seluruh jajaran gugus,856
coronavirus disease 2019,854
penyebaran covid 19,848
kepada seluruh jajaran,844
apresiasi tinggi kepada,836
tinggi kepada seluruh,833
presiden republik indonesia,831
covid 19 coronavirus,822
republik indonesia apresiasi,822
indonesia apresiasi tinggi,822
last 24 hours,818
optimisnewnormal presiden republik,803
contagios covid 19,795
hit covid 19,793
di tengah pandemi,781
11 06 2020,781
coronavirus live updates,779
coronavirus task force,776
hits grim milestone,772
us hits grim,766
coronavirus cases rise,753
ve signed petition,735
new york times,730
grim milestone 2m,716
nuevos casos covid,713
covid 19 nedeniyle,713
fiasco us hits,712
wash hands well,711
condition covid 19,711
vacuna covid 19,710
american fiasco us,710
2m covid 19,709
recourse public funds,707
signed petition asking,706
public funds visa,700
funds visa condition,700
du covid 19,699
nrpf corona borisjohnson,699
borisjohnson scrap recourse,698
scrap recourse public,698
visa condition covid,697
outbreak nrpf corona,695
19 outbreak nrpf,694
corona borisjohnson via,693
borisjohnson via 38_degrees,692
petition asking borisjohnson,690
asking borisjohnson scrap,689
milestone 2m covid,687
covid 19 positive,686
meaning behind calculating,681
hidden meaning behind,679
an american fiasco,674
covid 19 semangat,669
19 semangat dan,667
semangat dan optimis,667
dan optimis optimisnewnormal,667
johnson amp johnson,662
mari kita dukung,657
pule_polsek menuju tatanan,651
died covid 19,649
covid 19 spread,648
covid 19 tests,648
perangi covid 19,643
positivos covid 19,638
tested positive coronavirus,637
us coronavirus cases,635
ponpes tangguh semeru,635
polres trenggalek inisiasi,634
trenggalek inisiasi berdirinya,634
inisiasi berdirinya ponpes,634
berdirinya ponpes tangguh,634
tangguh semeru mari,634
semeru mari kita,634
kita dukung inovasi,634
dukung inovasi polres,634
inovasi polres trenggalek,634
polres trenggalek dalam,634
trenggalek dalam rangka,634
dalam rangka perangi,634
rangka perangi covid,634
cashless society know,631
must read article,622
covid 19 case,621
atau covid 19,621
covid 19 restrictions,619
shorten poll lines,614
prevent covid 19,612
em mil voluntários,609
mortes covid 19,608
deği şi kli,605
şi kli ği,605
muertes covid 19,604
sınavı covid 19,604
nedeniyle ertelenmiştir çok,604
covid 19 related,603
ünvan değişikliği sınavı,603
kli ği yapılmasını,603
covid 19 relief,602
bakanlığı ünvan değişikliği,602
19 nedeniyle ertelenmiştir,602
ertelenmiştir çok yorgunuz,602
değişikliği sınavı covid,601
ünvan deği şi,599
home address please,599
address please votebymail,599
sinavsiz ünvan deği,598
covid 19 situation,596
bir defalığına sinavsiz,596
amid coronavirus pandemic,594
defalığına sinavsiz ünvan,594
tatanan kehidupan baru,590
19 em mil,590
irá testar vacina,589
testar vacina covid,588
butantan irá testar,588
tested positive covid,587
instituto butantan irá,583
2019 atau covid,582
new covid19 cases,581
disease 2019 atau,580
new cases covid,577
pandemi coronavirus disease,574
please votebymail shorten,574
votebymail shorten poll,574
poll lines coronavirus,574
lines coronavirus saveourdemocracysafely,574
yang lebih baik,573
covid 19 second,571
hits million coronavirus,571
baru yang lebih,569
tengah pandemi coronavirus,566
yang sejahtera di,564
masa depan yang,562
like covid 19,560
baik demi masa,560
lebih baik demi,559
demi masa depan,556
mari kita hadapi,555
kehidupan baru yang,555
aturan dan juga,554
sejahtera di tengah,554
depan yang sejahtera,553
covid 19 través,551
dan juga protokol,548
coronavirus cases surpass,546
kesehatan mari kita,546
kita hadapi tatanan,546
confirmed covid 19,544
months coronavirus pandemic,544
hadapi tatanan kehidupan,544
covid 19 still,543
fighting covid 19,542
negotiated 100 billion,540
mematuhi aturan dan,540
contact tracing deal,538
protokol kesehatan mari,534
covid 19 méxico,526
gates negotiated 100,526
100 billion contact,526
epoch times app,526
juga protokol kesehatan,526
billion contact tracing,525
exclusive coronavirus coverage,523
bill gates negotiated,521
crisis covid 19,521
times app see,520
app see exclusive,520
coverage daily updates,519
see exclusive coronavirus,516
deal democratic congressman,515
since covid 19,515
coronavirus coverage daily,515
tracing deal democratic,511
contagiados covid 19,509
covid 19 infections,509
covid 19 covid19,508
six months coronavirus,506
bill six months,502
democratic congressman sponsor,501
congressman sponsor bill,501
contagio covid 19,501
19 death toll,500
confirmados covid 19,499
gt gt gt,496
sponsor bill six,496
chimalhuacán necesitan insumos,485
000 coronavirus deaths,483
covid 19 infection,481
highest single day,480
stay at home,478
number covid 19,478
hospitales chimalhuacán necesitan,478
towards cashless society,476
tests positive coronavirus,473
second coronavirus wave,470
masks social distancing,468
due coronavirus pandemic,467
covid 19 numbers,467
second wave covid,466
us covid 19,465
one safe covid19,465
safe covid19 everyone,465
covid19 everyone safe,465
urgentes atender covid19,462
virus covid 19,461
insumos urgentes atender,460
10 junio 2020,459
coronavirus death toll,458
behind calculating 666,458
sembako kepada warga,457
sağlık bakanlığı ünvan,457
lopezobrador_ ssalud_mx hlgatell,457
covid19 hospitales chimalhuacán,456
demandas sector salud,456
covid 19 vaccines,455
necesitan insumos urgentes,455
hospitales chimalhuacán atienden,455
wanted pass along,454
mark beast hidden,451
beast hidden meaning,451
number coronavirus cases,450
mampu terdampak covid,446
warga kurang mampu,445
kurang mampu terdampak,445
proof rfid microchip,444
kepada warga kurang,442
casos positivos covid,441
trenggalek melalui bhabinkamtibmasnya,441
melalui bhabinkamtibmasnya mendistribusikan,441
bhabinkamtibmasnya mendistribusikan sembako,441
mendistribusikan sembako kepada,441
lopezobrador_ hlgatell edomex,441
hlgatell edomex alfredodelmazo,441
coronavirus covid19 sarscov2,440
exclusive bill gates,440
tests positive covid,440
polres trenggalek melalui,440
states see surge,439
atiende demandas sector,439
ders çalışacak durumda,438
çalışacak durumda değiliz,438
coronavirus second wave,437
çok yorgunuz ders,437
yorgunuz ders çalışacak,437
sector salud hospitales,437
cases many states,436
salud hospitales chimalhuacán,435
spike covid 19,434
chimalhuacán solicitan lopezobrador_,433
101 mil 238,432
sağlık personellerinin bir,431
personellerinin bir defalığına,431
mil 238 contagios,431
ssalud_mx lopezobrador_ hlgatell,429
11 mil decesos,429
covid 19 hospitalizations,428
many states see,428
coronavirus cases many,427
coronavirus deaths september,426
ği yapılmasını rica,425
yapılmasını rica ediyoruz,425
insumos necesarios hospitales,425
covid19 lopezobrador_ ssalud_mx,423
hospitales chimalhuacán solicitan,423
worst day since,423
chimalhuacán atienden covid19,422
population coronavirus covid19,421
covid19 sarscov2 forecast,421
casos contagio covid19,420
covid 19 treatment,419
covid 19 recovery,417
falta insumos hospitales,417
see surge patients,415
solicitan lopezobrador_ hlgatell,415
hospitales tratan covid19,414
covid 19 updates,413
death population coronavirus,412
atiendan demandas salud,412
insumos hospitales chimalhuacán,412
lopezobrador_ continúa mintiendo,412
new death population,411
durumda değiliz sağlık,411
promesa atiende demandas,411
hospitales 90 camas,408
değiliz sağlık personellerinin,408
rica ediyoruz sayın,408
cada vez casos,408
necesarios hospitales tratan,406
confirmed coronavirus cases,404
lopezobrador_ hlgatell atiendan,404
cumple promesa atiende,403
ediyoruz sayın vekilimiz,401
atienden covid19 lopezobrador_,401
lopezobrador_ cumple promesa,401
primero pobres decías,400
muertos covid 19,399
pobres decías campaña,399
reach 200 000,398
sayın vekilimiz desteğinizi,398
vez casos contagio,398
briden insumos necesarios,398
cases united states,397
riesgo falta insumos,393
vekilimiz desteğinizi bekliyoruz,393
hlgatell atiendan demandas,393
médicosenpeligro primero pobres,393
com covid 19,392
decías campaña lopezobrador_,392
sign petition via,391
contagio covid19 hospitales,390
alfredodelmazo briden insumos,390
covid 19 vía,389
asks colored population,385
edomex alfredodelmazo briden,385
could reach 200,384
escasean cada vez,384
covid 19 país,383
mask wearing could,383
widespread mask wearing,382
campaña lopezobrador_ cumple,382
mexicanos exigimos veracidad,381
demandas salud municipio,380
exigimos veracidad seguridad,379
veracidad seguridad social,379
wearing could prevent,378
gets double lung,378
chimalhuacán alza voz,378
insumos escasean cada,377
affected covid 19,375
от covid 19,374
wearethenewsnow factsmatter wwg1wga,372
world health organization,372
médicosenpeligro insumos escasean,371
factsmatter wwg1wga wakeupamerica,370
qanon wearethenewsnow factsmatter,369
wwg1wga wakeupamerica unitednotdivided,369
patient gets double,369
growing calls government,368
government scrap 2m,368
covid 19 data,366
wakeupamerica unitednotdivided saveamerica,366
calls government scrap,366
entertain empower educate,365
empower educate talk,365
0208 090 2121,365
090 2121 hello,365
2121 hello fantasticradio,365
hello fantasticradio co,365
fantasticradio co uk,365
co uk fantasticradiouk,365
uk fantasticradiouk homeofpossibilities,365
fantasticradiouk homeofpossibilities believeyourpossibilities,365
homeofpossibilities believeyourpossibilities stayhomesafelives,365
believeyourpossibilities stayhomesafelives buy,365
stayhomesafelives buy song,365
hands well groups,365
unitednotdivided saveamerica greatawakening,364
scrap 2m rule,364
covid 19 world,362
covid 19 could,361
ministério da saúde,360
educate talk us,359
talk us 0208,359
us 0208 090,359
casos confirmados covid,359
time covid 19,358
could prevent covid,357
test positive covid,357
19 patient gets,355
tested covid 19,354
seguridad social aboral,354
lung transplant offering,353
enfermos covid 19,352
lives matter protester,352
transplant offering hope,352
médicosenpeligro chimalhuacán alza,352
voz manifestamos ssalud_mx,351
manifestamos ssalud_mx lopezobrador_,351
mexiquenses riesgo falta,350
total number cases,349
ssalud_mx hlgatell atiende,349
update covid 19,348
millones casos coronavirus,346
test covid 19,346
coronavirus growing calls,346
hlgatell atiende demandas,346
mil decesos covid19,346
19 second waves,345
méxico alto contagio,345
cases surpass 2m,345
menuju new normal,344
second waves study,344
contagio coronavirus covid19,343
offering hope others,343
day since march,343
latest covid 19,342
000 covid 19,341
new cases coronavirus,341
fruit vegetable packers,341
11 junio 2020,339
alto contagio quedateencasa,339
infected covid 19,339
salud municipio mexiquense,339
238 contagios 11,338
contagios 11 mil,338
among fruit vegetable,337
covid 19 safety,335
spreads among fruit,335
alza voz manifestamos,335
public health experts,334
coronavirus spreads among,331
covid 19 brasil,330
11 juni 2020,330
lopezobrador_ gobiernomx ssalud_mx,329
free covid 19,328
atiende demandas edomex,328
jueves 11 junio,327
another 100 000,325
wearing face masks,325
gobiernomx lopezobrador_ continúa,325
covid 19 wave,324
pela covid 19,323
contact tracing app,323
safe covid 19,322
ohio state senator,322
united states topped,322
covid19 mexicanos exigimos,322
vegetable packers worrying,321
mintiendo 101 mil,321
lung transplant covid,319
médicosenpeligro mexiquenses riesgo,319
june 10 2020,318
single day spike,318
society know bible,317
people tested positive,317
society know jesus,314
afectados covid 19,314
covid19 cases united,314
transplant covid 19,314
long term care,313
states topped million,313
continúa mintiendo 101,313
200 000 coronavirus,312
decesos covid19 mexicanos,312
penularan covid 19,311
covid 19 free,311
frente covid 19,310
lawmaker asks colored,310
getting reopening even,310
tested positive covid19,309
risk covid 19,309
caso covid 19,308
virus takes another,308
reopening even virus,307
even virus takes,307
takes another swipe,307
fears coronavirus resurgence,307
premier league clubs,306
severe covid 19,306
fears second wave,306
de covid 19,305
covid 19 re,303
thursday june 11,303
taxpayer backed coronavirus,303
tenemosderechoaunirnos alzamos voz,303
got 511 billion,301
news coronavirus covid19,300
covid 19 symptoms,300
billion taxpayer backed,300
trump getting reopening,299
packers worrying officials,299
alzamos voz chimalhuacán,299
kasus covid 19,298
president donald trump,298
week earlier could,298
511 billion taxpayer,297
dio positivo covid,296
backed coronavirus loans,296
new cases covid19,295
effects covid 19,293
covid 19 antibody,293
2020 06 11,292
coronavirus cases 24,290
1trenggalek thearieair tjhinfar21,290
say got 511,290
2020 covid 19,289
ayo segera verifikasi,288
segera verifikasi online,288
kknno calono suapbudayakan,288
calono suapbudayakan pola,288
suapbudayakan pola hidup,288
pola hidup bersihbersatu,288
hidup bersihbersatu cegah,288
bersihbersatu cegah covid19,288
cegah covid19 rekrutmenpolri2020,288
covid19 rekrutmenpolri2020 bersatucegahcovid19,288
total confirmed cases,288
george floyd protests,288
covid 19 quedateencasa,288
one week earlier,287
global pandemic news,286
pandemic news coronavirus,286
coronavirus covid19 protests,286
kita harus optimis,286
covid 19 na,284
verifikasi online masuk,284
online masuk polisi,284
masuk polisi gratisno,284
polisi gratisno kknno,284
gratisno kknno calono,284
covid 19 hospital,284
increase coronavirus cases,283
deaths covid 19,283
mayores seguro privado,283
11 june 2020,281
dos millones casos,280
dengan mematuhi aturan,280
covid 19 nas,277
mail in voting,277
die covid 19,277
social aboral tenemosderechoaunirnos,277
test positive coronavirus,276
increase covid 19,276
harus optimis hadapi,276
hentikan penyebaran covid,275
spike coronavirus cases,273
know covid 19,273
optimis hadapi semua,273
semua tantangan dengan,273
residencias hospitales madrid,273
lockdown one week,272
20 000 lives,272
tantangan dengan mematuhi,272
says covid 19,271
hadapi semua tantangan,271
10 06 2020,270
first covid 19,269
rising covid 19,269
15 mil 357,268
fallecidos covid 19,268
primera línea batalla,268
100 000 americans,267
covid 19 wash,267
90 camas vicente,267
409 new cases,266
beat covid 19,266
covid 19 covid,266
au covid 19,265
pasien covid 19,265
nhs contact tracing,265
covid 19 jaga,265
camas vicente guerrero,265
aboral tenemosderechoaunirnos alzamos,265
combatir covid 19,264
pruebas covid 19,264
19 wash hands,264
potential covid 19,263
wash hands often,263
19 jaga jarak,263
tests treatments vaccines,262
covid 19 disinformation,261
11 06 20,261
administration say got,261
на covid 19,260
saved 20 000,260
points fears coronavirus,260
test trace system,259
marmite supplies hit,258
post amphan crisis,258
politicians scared us,258
tiempos covid 19,257
new york city,257
deaths september expert,257
september expert says,257
patient cleaned hospital,257
cleaned hospital room,257
amp covid 19,255
protester tests positive,255
unexpected bond saved,255
corrupt politicians scared,255
000 muertes coronavirus,254
finally revealed coronavirus,254
supplies hit covid,254
bond saved life,254
trump administration say,254
article amp reuters,253
despite covid 19,253
19 patient cleaned,253
trailer china coronavirus,253
china coronavirus covid,253
covid 19 fears,252
covid 19 corona,252
40 mil mortes,252
covid 19 beer,252
hospital room unexpected,252
19 quedateencasa dia,252
quedateencasa dia bts,252
playstation5 ps5reveal sevilla,252
sevilla xbox spiderman,252
spiderman sony design,252
sony design trailer,252
design trailer china,252
covid19 death toll,251
usa northamerica cases,251
could saved 20,251
19 beer brewing,251
beer brewing slowdown,251
room unexpected bond,251
coronavirus resurgence economic,251
ps5reveal sevilla xbox,251
xbox spiderman sony,251
129 mil 184,250
million covid 19,250
earlier could saved,250
played corrupt politicians,250
dia bts blackpink,250
covid 19 mundo,249
thearieair tjhinfar21 kita,249
bts blackpink army,249
blackpink army yoongi,249
crise du coronavirus,248
kasus positif covid,248
army yoongi taehyung,248
impacts covid 19,247
uk lockdown one,247
yoongi taehyung jungkook,247
slow spread covid19,246
enforcing uk lockdown,246
taehyung jungkook jimin,246
miércoles 10 junio,245
19 covid 19,245
scared us giving,245
at home order,244
covid 19 may,244
covid 19 news,244
vicente guerrero san,244
death toll may,244
insumos médicos calidad,244
us giving control,244
casos confirmados coronavirus,243
129 184 casos,243
covid 19 yang,243
kita harus optimisdengan,243
distance wash hands,242
tjhinfar21 kita harus,242
may less half,242
resurgence economic pain,242
covid19 positive cases,241
johns hopkins university,241
jaga jarak aman,241
coronavirus vaccine july,241
saw 140 clients,241
help slow spread,240
exposure covid 19,240
please take time,239
da positivo covid,239
harus optimisdengan mematuhi,239
covid 19 ini,238
new coronavirus infections,238
related covid 19,237
nuevos casos positivos,237
fund global humanitarian,237
global humanitarian efforts,237
help provide tests,237
provide tests treatments,237
ever wondered meaning,237
wondered meaning behind,237
meaning behind 666,237
behind 666 wonder,237
666 wonder must,237
wonder must read,237
god holy spirit,237
holy spirit revealed,237
optimisdengan mematuhi aturan,237
covid 19 health,236
canada coronavirus medical,236
coronavirus medical research,236
poorest countries globalgoalunite,236
centuries people wondered,236
people wondered mystery,236
wondered mystery behind,236
mystery behind number,236
behind number god,236
number god holy,236
spirit revealed truth,236
revealed truth must,236
truth must read,236
ohio gop lawmaker,236
covid 19 hoax,235
number 666 hidden,235
666 hidden meaning,235
hidden meaning finally,235
meaning finally revealed,235
cases surpass million,235
transition delay negotiations,235
guerrero san agustín,235
stay home much,234
cases new deaths,234
negative covid 19,234
delay negotiations coronavirus,234
giving control basic,234
2019 covid 19,233
bill_morneau one safe,233
invest canada spent,233
canada spent far,233
spent far response,233
far response home,233
response home fund,233
home fund global,233
combat covid 19,233
negotiations coronavirus outbreak,233
willing help people,233
línea batalla coronavirus,233
covid 19 emergency,232
pattyhajdu navdeepsbains one,232
navdeepsbains one safe,232
commit ensure canada,232
ensure canada coronavirus,232
medical research shared,232
research shared openly,232
equitably rest world,232
justintrudeau bill_morneau one,232
everyone safe invest,232
safe invest canada,232
humanitarian efforts help,232
efforts help provide,232
treatments vaccines globalgoalunite,232
people covid 19,232
take time read,231
experimental covid 19,231
everyone safe commit,231
safe commit ensure,231
shared openly equitably,231
openly equitably rest,231
rest world especially,231
world especially poorest,231
especially poorest countries,231
covid 19 covert,231
19 covert id,231
covert id heading,231
id heading towards,231
heading towards future,231
towards future cashless,231
future cashless society,231
worries marmite supplies,231
pandemic behind us,231
hope ll read,230
pass along article,230
along article believe,230
article believe everyone,230
believe everyone read,230
everyone read rfid,230
read rfid microchip,230
mark beast meaning,230
beast meaning behind,230
calculating 666 revealed,230
handling covid 19,230
re staying safe,229
read interesting article,229
interesting article concerning,229
wave coronavirus cases,229
hope re staying,228
staying safe times,228
safe times also,228
times also hope,228
also hope ll,228
ll read interesting,228
article concerning hidden,228
concerning hidden meaning,228
meaning behind counting,228
behind counting fascinating,228
counting fascinating everyone,228
fascinating everyone read,228
battle covid 19,228
hope ve great,228
ve great day,228
great day want,228
day want share,228
want share interesting,228
share interesting article,228
interesting article read,228
article read concerning,228
read concerning rfid,228
concerning rfid microchip,228
calculating 666 fascinating,228
amp post amphan,228
keep safe distance,227
covid 19 dan,227
current covid 19,227
gop state senator,227
extend transition delay,227
covid 19 persistente,227
coronavirus sars cov,226
total covid 19,226
case covid 19,226
challenges like covid,226
gop lawmaker asks,226
petición afectados covid,226
wb currently battling,226
currently battling multiple,226
multiple challenges like,226
19 amp post,226
challenging times tmyc,226
times tmyc onboarding,226
tmyc onboarding jubo,226
onboarding jubo jodhhas,226
county covid 19,225
184 casos confirmados,225
worst pandemic behind,225
coronavirus saw 140,225
battling multiple challenges,225
amphan crisis challenging,225
crisis challenging times,225
covid 19 et,224
autoridades sanitarias españolas,224
sanitarias españolas estatales,224
españolas estatales petición,224
estatales petición afectados,224
pass along absolute,223
along absolute proof,223
absolute proof rfid,223
behind calculating number,223
nuevos casos covid19,223
trump hold first,223
ministers consider nhs,223
coronavirus wash hands,223
jubo jodhhas willing,223
jodhhas willing help,223
help people respective,223
people respective localities,223
covid 19 new,222
yeast worries marmite,222
tracing app rethink,222
behind us scientists,222
us scientists know,222
time read pass,221
read pass friends,221
pass friends family,221
friends family proof,221
family proof rfid,221
mark beast mysterious,221
beast mysterious meaning,221
mysterious meaning behind,221
meaning behind finally,221
behind finally revealed,221
daily covid 19,221
past 24 hours,220
consider nhs contact,220
toll may less,220
hairstylists coronavirus saw,220
covid 19 hit,219
know jesus spoke,219
coronavirus deaths could,219
second covid 19,219
000 new coronavirus,219
des entreprises ont,219
dr amy acton,219
2nd wave covid,218
coronavirus cases spike,218
coronavirus ministers consider,218
entreprises ont fait,218
ont fait pression,218
fait pression sur,218
population wash hands,217
impacted covid 19,217
jarak aman optimisnewnormal,217
hard hit covid,217
pression sur leurs,217
receives double lung,217
safe distance wash,216
hands often cover,216
colored population wash,216
coronavirus vaccine tracker,216
2nd wave coronavirus,216
tests covid 19,216
combate covid 19,215
cas covid 19,215
tour sri lanka,215
covid 19 changed,215
comment des entreprises,215
population hard hit,215
insumos calidad hospitales,215
disease 2019 covid,214
testing covid 19,214
covid 19 contact,214
hospitales covid 19,214
since coronavirus pandemic,214
highest number coronavirus,214
colored population hard,214
house goes quiet,213
since memorial day,213
new cases confirmed,213
india covid 19,213
think covid 19,213
goes quiet coronavirus,212
often cover cough,212
news covid 19,212
sur leurs salariés,212
less half recorded,212
covid 19 economic,211
home much keep,211
much keep safe,211
leurs salariés pour,211
support covid 19,210
pandemic ending surging,210
salariés pour enfreindre,210
know bible spoke,209
pour enfreindre règles,209
enfreindre règles du,209
du chômage partiel,209
quiet coronavirus outbreak,208
casos positivos coronavirus,208
contre covid 19,208
gop ohio state,208
coronavirus outbreak spikes,207
outbreak spikes across,207
wake covid 19,207
white house goes,206
yang terdampak covid,206
règles du chômage,206
19 second wave,205
covid 19 drug,205
19 testing sites,204
health care workers,203
covid 19 en,203
million confirmed coronavirus,203
least 21 states,203
perform first known,203
proof qanon wearethenewsnow,203
prueba covid 19,202
finally revealed covid19,202
million confirmed cases,202
