coronavirus,298171
covid,226747
19,214502
covid19,190376
nan,62991
amp,46653
people,46232
new,38955
pandemic,36555
via,35998
us,31490
cases,31025
virus,30598
trump,28812
news,25539
may,23598
get,23054
like,22312
health,22117
deaths,21667
lockdown,21654
one,20954
home,20207
work,19847
time,18962
china,18547
crisis,18042
2020,17678
di,17471
000,17275
go,16921
world,16846
corona,16743
mudik,16646
help,16511
government,16510
need,16111
casos,15931
would,15818
covidー19,15277
stopmudikcegahcovid19,15022
back,14933
death,14198
could,14074
know,14067
realdonaldtrump,13964
see,13751
si,13668
due,13637
today,13578
da,13450
13,13408
care,13329
dan,13012
state,12868
says,12836
polri,12744
many,12730
et,12545
please,12369
test,12279
going,12165
public,11973
uk,11716
day,11617
die,11438
first,11386
take,11377
even,11347
still,11332
live,11308
good,11197
re,11083
il,10960
des,10925
total,10866
testing,10817
na,10709
social,10626
vaccine,10620
make,10620
response,10613
10,10606
read,10321
stay,10266
pandemia,10235
per,10216
country,10101
think,10075
du,10054
also,9884
support,9652
want,9601
well,9570
let,9521
patients,9461
right,9396
positive,9345
the,9305
economy,9240
dr,9103
way,9035
business,8966
say,8898
children,8793
untuk,8766
said,8755
em,8714
india,8584
never,8504
est,8492
twitter,8456
spread,8448
data,8383
workers,8275
hospital,8215
year,8189
fauci,8093
times,8088
keep,8015
latest,8010
20,8008
não,7984
open,7965
com,7804
pour,7767
great,7733
really,7717
global,7664
true,7663
much,7658
plan,7656
12,7580
daily,7551
penyebaran,7551
house,7540
post,7524
president,7409
outbreak,7383
safe,7380
working,7319
must,7307
amid,7290
risk,7241
states,7214
look,7208
stop,7110
life,7105
face,7099
bill,6999
last,6981
fight,6980
americans,6968
update,6950
every,6913
number,6897
cnn,6827
use,6809
impact,6756
million,6733
since,6726
everyone,6665
eu,6650
tidak,6633
america,6616
died,6579
days,6577
two,6558
thank,6551
free,6514
got,6506
come,6498
homes,6489
money,6455
video,6417
real,6398
mais,6360
vía,6352
24,6340
away,6335
long,6332
masks,6275
case,6258
another,6236
tests,6195
lives,6187
mata,6183
gt,6154
pandemi,6149
next,6093
app,6072
youtube,6047
to,5990
au,5975
gobierno,5944
getting,5941
rantai,5910
relief,5896
100,5893
hope,5866
ca,5828
mask,5813
watch,5799
thanks,5796
media,5778
une,5772
ser,5759
report,5754
salud,5750
made,5738
better,5727
non,5717
11,5695
memutus,5694
around,5690
without,5660
online,5577
hari,5575
economic,5534
confirmed,5515
disease,5505
país,5490
cuarentena,5460
years,5459
14,5457
week,5453
article,5447
in,5431
big,5424
updates,5394
15,5393
tested,5384
research,5364
end,5363
30,5355
order,5346
usa,5328
saat,5327
mundo,5323
find,5310
man,5307
pas,5298
check,5292
old,5256
family,5235
countries,5234
give,5226
businesses,5180
job,5167
numbers,5159
ve,5149
county,5126
community,5087
gente,5070
um,5053
sur,5030
medical,5019
city,5015
covid_19,5009
pay,5006
yet,4988
atau,4988
guna,4968
food,4952
information,4951
already,4923
best,4921
kita,4916
done,4892
months,4886
thing,4876
part,4873
weeks,4858
sure,4835
high,4776
quarantine,4764
needs,4763
raya,4749
personas,4746
reopening,4721
school,4720
anggota,4710
trying,4699
put,4698
nursing,4677
local,4676
pm,4661
dos,4653
distancing,4625
hoy,4622
reopen,4607
change,4607
plus,4597
dans,4596
call,4585
fitri,4574
idul,4572
toll,4568
dilarang,4541
important,4536
democrats,4530
1441,4529
future,4515
pns,4501
control,4500
top,4497
larangan,4482
person,4474
staff,4460
join,4456
start,4447
love,4440
rel,4440
href,4430
nofollow,4427
reported,4423
anyone,4421
white,4410
rate,4407
study,4370
show,4369
flu,4354
far,4350
nuevos,4343
tell,4341
things,4332
american,4330
using,4323
va,4316
travel,4302
share,4294
making,4293
story,4284
ever,4278
restrictions,4277
second,4275
brasil,4254
protect,4251
nothing,4248
de,4240
qui,4218
día,4213
dead,4211
national,4180
wuhan,4155
कर,4153
gov,4144
full,4130
place,4120
ahora,4118
chinese,4111
and,4096
hit,4090
warns,4079
contact,4075
solo,4073
related,4063
infected,4044
50,4020
govt,4016
yes,4015
york,4008
casa,3999
experts,3992
system,3972
mil,3968
05,3966
might,3956
mas,3948
expert,3933
coronavírus,3928
team,3925
der,3924
reports,3920
others,3916
coming,3911
medidas,3908
continue,3892
someone,3868
ne,3868
used,3859
released,3847
yang,3830
kids,3828
oh,3810
return,3809
market,3806
follow,3796
situation,3794
something,3791
science,3789
normal,3788
par,3783
bad,3780
lost,3778
believe,3777
across,3776
safety,3752
learn,3748
soon,3747
taking,3737
webinar,3736
south,3735
told,3723
contagios,3711
measures,3711
mayo,3692
population,3657
rt,3657
god,3655
masyarakat,3653
así,3645
muertes,3643
human,3641
federal,3635
sa,3609
possible,3604
link,3604
gop,3596
ce,3589
enough,3588
bbc,3588
van,3586
españa,3561
this,3560
recovery,3553
symptoms,3553
infection,3550
healthcare,3545
méxico,3544
package,3517
paul,3516
less,3510
shows,3506
und,3478
hard,3472
including,3468
of,3458
point,3456
40,3447
nation,3442
act,3441
industry,3441
web,3429
everything,3414
always,3412
officials,3410
schools,3401
governor,3392
wrong,3388
cause,3388
cdc,3386
la,3378
early,3370
das,3364
likely,3363
prison,3357
together,3345
saying,3344
ll,3342
minister,3339
actually,3339
johnson,3338
info,3331
presidente,3328
it,3322
stayhome,3318
looking,3318
canada,3316
march,3311
ini,3309
18,3307
wednesday,3304
doctors,3299
no,3294
small,3292
boris,3292
mayor,3288
feel,3285
bien,3281
self,3271
lot,3271
australia,3261
treatment,3259
france,3255
cure,3254
emergency,3247
je,3241
plans,3232
sick,3228
nuevo,3222
anything,3206
transport,3198
che,3196
días,3194
found,3193
puede,3171
el,3167
bolsonaro,3162
uma,3157
students,3149
least,3139
maybe,3132
different,3126
breaking,3118
ai,3118
despite,3116
employees,3113
shit,3112
services,3101
families,3081
dying,3065
recovered,3064
advice,3050
infections,3047
ver,3042
questions,3041
sector,3038
obamagate,3037
police,3034
set,3024
little,3017
manafort,3017
become,3007
thought,2999
companies,2987
called,2982
fear,2981
month,2975
25,2973
personal,2972
tem,2966
makes,2963
cómo,2952
truth,2949
england,2943
caso,2939
fake,2937
power,2937
jobs,2930
available,2929
pacientes,2926
whole,2920
wear,2919
africa,2913
visit,2910
etc,2890
education,2888
sign,2882
virtual,2875
pra,2874
residents,2872
at,2869
mean,2867
question,2859
service,2857
left,2856
save,2848
california,2841
blame,2841
wave,2832
muertos,2831
hospitals,2828
administration,2824
dengan,2820
provide,2806
fuck,2800
essential,2796
hacer,2793
court,2785
women,2775
fallecidos,2768
en,2767
interesting,2766
ppe,2766
office,2763
60,2757
financial,2757
official,2757
vida,2757
based,2753
london,2752
oms,2751
current,2751
fact,2750
ou,2749
stimulus,2738
nhs,2738
wo,2734
sense,2731
on,2730
16,2729
thousands,2725
tengah,2720
war,2715
80,2702
law,2693
confirmados,2692
understand,2692
00,2689
low,2683
wait,2683
kill,2682
congress,2664
17,2663
increase,2663
obama,2657
given,2654
digital,2654
three,2650
positivo,2644
you,2637
able,2636
seen,2635
wants,2634
vote,2634
closed,2628
hace,2623
rules,2621
menos,2618
vous,2613
tax,2610
leaders,2607
tetap,2602
listen,2596
ask,2595
europe,2594
behind,2592
linked,2585
confinement,2583
united,2581
talk,2580
party,2577
affected,2575
aquí,2569
quedateencasa,2566
rise,2565
action,2564
air,2563
force,2558
fund,2557
access,2557
avec,2556
general,2551
hear,2551
term,2548
we,2548
mental,2546
is,2544
friends,2543
caused,2541
try,2534
idea,2534
fucking,2531
company,2529
level,2518
else,2516
issues,2511
group,2508
wisconsin,2508
april,2506
black,2503
campaign,2499
means,2499
500,2497
fall,2488
key,2483
dari,2476
millions,2469
gracias,2469
guidance,2466
greta,2463
horas,2455
staysafe,2452
highest,2444
vulnerable,2435
hours,2433
ready,2431
remember,2430
tras,2427
ago,2425
ao,2425
course,2422
needed,2421
opening,2417
qu,2416
años,2414
seems,2413
sars,2411
texas,2406
dies,2406
patient,2398
russia,2397
almost,2397
election,2394
immunity,2385
stupid,2385
living,2382
close,2373
tracing,2373
child,2372
borisjohnson,2366
nous,2366
doctor,2365
following,2360
nigeria,2360
line,2359
buy,2359
policy,2358
according,2354
vai,2352
talking,2344
coronaviruspandemic,2340
leadership,2339
worse,2337
allowed,2335
anti,2334
problem,2331
stayathome,2331
tech,2331
lead,2325
morning,2324
citizens,2324
woman,2322
communities,2322
nueva,2320
washington,2314
political,2314
crise,2314
poor,2314
gets,2313
survey,2310
move,2307
for,2305
nunca,2304
announced,2301
concerns,2301
ways,2298
isso,2292
venezuela,2291
yesterday,2290
history,2288
cada,2288
special,2283
happen,2283
número,2282
common,2280
efforts,2280
tweet,2279
que,2269
play,2261
deal,2257
pelosi,2256
june,2255
dia,2253
blog,2253
21,2249
rest,2245
members,2241
results,2237
helping,2236
ok,2231
positivos,2227
पर,2224
details,2223
cost,2222
international,2216
especially,2214
instead,2213
looks,2213
worst,2211
stock,2208
2019,2205
dirumah,2203
lol,2200
release,2197
chile,2196
já,2194
orders,2193
millones,2190
wearing,2185
aja,2185
datos,2182
200,2179
contre,2175
press,2173
lockdowns,2172
hands,2168
contagio,2168
rates,2164
started,2163
date,2162
reason,2161
spreading,2149
higher,2148
san,2146
potus,2145
narendramodi,2142
facts,2141
republicans,2138
past,2131
probably,2128
among,2127
guidelines,2126
hi,2119
lies,2116
facebook,2116
mother,2116
sont,2116
het,2113
nearly,2111
drug,2107
frente,2107
run,2101
información,2097
vez,2089
fighting,2089
leave,2087
ke,2086
funding,2085
trillion,2083
sad,2081
up,2075
mejor,2073
demand,2072
pa,2066
climate,2065
cover,2061
age,2061
wow,2058
रह,2055
shut,2054
critical,2051
só,2049
evidence,2049
donald,2048
rights,2048
resources,2047
pruebas,2046
agar,2043
comes,2041
mass,2036
trust,2034
serious,2032
all,2031
27,2031
mortes,2028
florida,2028
avoid,2025
cek,2024
yg,2023
challenges,2022
learning,2009
funds,2009
though,2000
और,2000
record,2000
brazil,1996
gates,1995
killed,1994
class,1994
result,1992
aux,1991
mal,1991
sir,1990
senate,1989
reporting,1987
parents,1983
former,1980
strategy,1979
director,1978
politics,1974
technology,1969
chief,1968
happy,1965
clear,1958
tomorrow,1958
bring,1956
pastikan,1956
jangan,1954
sales,1953
forced,1952
merak,1948
summer,1947
tol,1945
issue,1943
unemployment,1942
nyc,1941
taken,1940
panel,1940
fbi,1939
threat,1937
republican,1937
wonder,1934
front,1933
source,1933
cas,1933
tv,1931
hand,1931
forward,1927
gerbang,1927
season,1921
car,1919
22,1918
drive,1916
security,1915
ayo,1914
changes,1912
co,1906
noticias,1906
países,1905
single,1905
hey,1903
un,1902
ist,1898
parte,1895
bersama,1895
bank,1893
goes,1893
fears,1893
moment,1893
cut,1892
scientists,1892
biden,1889
young,1877
list,1877
hold,1874
aid,1871
failed,1870
gon,1870
germany,1870
billion,1868
rs,1868
segera,1867
sent,1861
conditions,1857
causa,1855
casi,1854
nurses,1852
half,1851
ont,1850
situación,1847
huge,1846
calling,1846
calls,1846
zero,1846
70,1843
department,1839
83,1837
im,1833
gran,1831
giving,1831
thinking,1829
reality,1826
thread,1826
supreme,1826
name,1823
finally,1822
alert,1822
count,1821
berlalu,1821
heart,1817
major,1813
socialdistancing,1812
argentina,1810
novel,1809
isolation,1809
hell,1806
chance,1806
allow,1803
experience,1802
mit,1801
website,1801
continues,1797
dice,1797
answer,1797
worldwide,1794
immune,1794
asked,1793
vamos,1791
agree,1790
worth,1789
failure,1785
body,1781
cara,1780
nacional,1780
late,1774
expect,1770
cuomo,1766
mexico,1766
28,1766
prevent,1765
message,1765
longer,1764
register,1764
four,1760
within,1759
head,1752
outside,1750
area,1749
korea,1749
