gram,counts
covid 19 pandemic,8397
penyebaran covid 19,5964
memutus mata rantai,5269
rantai penyebaran covid,4981
mata rantai penyebaran,4957
pandemi covid 19,4897
guna memutus mata,4800
covid 19 cases,4538
covid 19 atau,4526
hari raya idul,4500
19 atau virus,4500
raya idul fitri,4499
atau virus corona,4498
idul fitri 1441,4495
saat hari raya,4492
1441 guna memutus,4490
polri dan pns,4489
fitri 1441 guna,4489
dan pns polri,4489
mudik saat hari,4489
dilarang mudik saat,4488
anggota polri dan,4487
polri dilarang mudik,4486
pns polri dilarang,4486
untuk anggota polri,4481
mudik untuk anggota,4479
larangan mudik untuk,4445
href rel nofollow,4427
virus corona stopmudikcegahcovid19,4410
true href rel,4357
rel nofollow twitter,3514
covid 19 stopmudikcegahcovid19,3309
covid 19 crisis,3251
due covid 19,2843
coronavirus covid 19,2566
nofollow twitter web,2490
di tengah pandemi,2348
tengah pandemi covid,2293
casos covid 19,2180
twitter web app,2126
new covid 19,2036
covid 19 via,2023
covid 19 deaths,2003
never go away,1988
covid 19 patients,1969
masyarakat tidak mudik,1926
pastikan masyarakat tidak,1926
cek gerbang tol,1922
merak pastikan masyarakat,1921
gerbang tol merak,1921
tol merak pastikan,1921
tidak mudik di,1918
polri cek gerbang,1918
mudik di tengah,1918
may never go,1912
covid 19 vaccine,1768
stay at home,1719
covid 19 response,1702
fight covid 19,1559
amid covid 19,1557
covid 19 testing,1527
covid 19 outbreak,1521
bbc news coronavirus,1484
covid 19 segera,1450
pandemia covid 19,1426
new coronavirus cases,1425
go back work,1418
agar pandemi covid,1388
19 segera berlalu,1388
mudik tidak piknik,1386
covid 19 lockdown,1384
tidak mudik tidak,1381
dan dirumah aja,1380
kita tetap patuh,1379
tidak piknik dan,1379
patuh tidak mudik,1379
tetap patuh tidak,1379
piknik dan dirumah,1379
aja agar pandemi,1377
dirumah aja agar,1377
positive covid 19,1333
covid 19 di,1322
da covid 19,1291
paul manafort released,1290
covid 19 relief,1287
impact covid 19,1286
covid 19 death,1269
cases covid 19,1238
at home order,1226
response covid 19,1208
covid 19 coronavirus,1122
wisconsin supreme court,1094
ayo kita tetap,1056
pule_polsek ayo kita,1047
may 13 2020,1030
covid 19 test,1002
últimas 24 horas,1000
du covid 19,997
post covid 19,985
covid 19 virus,965
spread covid 19,962
covid 19 update,952
new york times,952
amid coronavirus pandemic,928
coronavirus death toll,911
coronavirus may never,906
terdampak covid 19,881
nofollow twitter android,841
died covid 19,814
coronavirus relief bill,798
covid 19 vía,773
world health organization,771
covid 19 impact,756
covid 19 em,755
positif covid 19,734
13 mayo 2020,726
positivo covid 19,725
manafort released prison,725
segera berlalu stopmudikcegahcovid19,722
virus may never,703
fbi serves warrant,697
13 05 2020,692
covid 19 related,692
stock sales linked,681
crisis covid 19,646
work home forever,645
covid 19 baksosbersamatnipolri,640
covid 19 dengan,635
covid 19 restrictions,632
wabah covid 19,632
trillion coronavirus relief,628
covid 19 may,622
released home confinement,617
covid 19 ini,612
former trump campaign,604
trump campaign chairman,601
supreme court strikes,598
coronavirus live updates,594
long term care,587
virus covid 19,582
big tech plans,580
sales linked coronavirus,578
investigation stock sales,577
covid 19 tests,577
penyebaran covid19 stopmudikcegahcovid19,577
tech plans profit,576
covid 19 patient,575
home confinement amid,571
nuevos casos coronavirus,570
plans profit pandemic,561
com covid 19,559
serves warrant senator,553
manafort released home,553
covid 19 case,552
confinement amid coronavirus,551
die covid 19,548
contagios covid 19,543
covid 19 positive,542
covid 19 amp,540
putus penyebaran covid19,537
winter modern history,536
senator investigation stock,533
covid 19 symptoms,532
ayo putus penyebaran,530
klein big tech,530
us covid 19,530
warrant senator investigation,530
naomi klein big,529
chairman paul manafort,528
campaign chairman paul,527
darkest winter modern,526
gt gt gt,526
this virus may,520
covid 19 situation,520
sign petition via,518
case covid 19,515
new cases covid,514
tested positive covid,512
13 may 2020,512
pacientes covid 19,508
jangan mudik dulu,507
nuevos casos covid,489
miércoles 13 mayo,489
muertes covid 19,481
get covid 19,477
last 24 hours,475
cegah covid 19,473
dr anthony fauci,472
get back work,472
covid 19 spread,471
due coronavirus pandemic,464
covid 19 infection,459
coronavirus hotspots appear,456
coronavirus vaccine found,455
covid 19 research,455
warga terdampak covid,455
hotspots appear republican,454
us coronavirus hotspots,454
amid coronavirus crisis,451
appear republican heartlands,450
covid 19 could,450
risk covid 19,449
new us coronavirus,447
found famotidine trial,444
famotidine trial underway,444
trial underway nyc,444
vaccine found famotidine,444
dies covid 19,443
mortes covid 19,443
covid 19 stimulus,441
warns this virus,440
use public transport,438
20 lakh crore,433
19 death toll,432
expert coronavirus panel,428
deaths covid 19,427
confirmed covid 19,424
covid 19 us,424
13 mei 2020,424
new york city,419
amid coronavirus concerns,418
positivos covid 19,417
number covid 19,417
coronavirus task force,414
first covid 19,413
tested positive coronavirus,411
go away coronavirus,406
caso covid 19,404
time covid 19,400
covid 19 covid19,398
fighting covid 19,391
handling covid 19,389
penanganan covid 19,389
jokowi halimiskandarnu anwsanusi,389
coronavirus warns this,389
covid 19 infections,388
covid 19 na,386
untuk cegah covid,382
avoid public transport,379
satgasnusantara satgasnusantarakepri poldakepri,378
new cases coronavirus,375
frente covid 19,374
go away world,372
anwsanusi imansyukri malik_haramain,372
mu untuk cegah,372
poldakepricegahcovid19 polripromoter polrihumanis,372
mudik mu untuk,372
patients nursing homes,372
polripromoter polrihumanis polri,372
coronavirus virus dirumahaja,371
covid 19 news,370
imansyukri malik_haramain taufikmadjid71,370
19 benar benar,370
care home death,370
covid 19 benar,370
satgasnusantarakepri poldakepri ramadhan2020,369
ramadhan2020 poldakepricegahcovid19 polripromoter,369
poldakepri ramadhan2020 poldakepricegahcovid19,369
kita lawan bersama,369
sama sampai rantai,368
lawan bersama sama,368
benar benar putus,368
sampai rantai penyebaran,368
benar putus stopmudikcegahcovid19,368
bersama sama sampai,368
away world health,365
rfid microchip mark,365
uk economy shrinks,365
latest covid 19,365
microchip mark beast,365
twitter web client,365
epoch times app,362
jangan mudik sayangi,362
double official figure,361
home death toll,360
tunda mudik mu,360
test covid 19,360
exclusive coronavirus coverage,360
halimiskandarnu anwsanusi imansyukri,360
times app see,359
app see exclusive,359
vacuna covid 19,358
au covid 19,358
coverage daily updates,358
coronavirus coverage daily,358
see exclusive coronavirus,358
affected covid 19,353
covid 19 respiratory,352
polri stopmudikcegahcovid19 coronavirus,351
official figure study,351
stopmudikcegahcovid19 coronavirus virus,351
polrihumanis polri stopmudikcegahcovid19,351
real care home,350
demi memutus mata,350
penyebaran wabah covid,350
at home orders,350
covid 19 treatment,349
rantai penyebaran wabah,349
covid 19 tunda,349
19 tunda jangan,348
says covid 19,348
covid 19 fight,348
crise du coronavirus,347
dari bahaya virus,347
democrats trillion coronavirus,347
mudik sayangi keluarga,346
covid 19 brasil,346
keluarga dikampung halaman,346
tunda jangan mudik,346
bahaya virus corona,346
halaman dari bahaya,345
dikampung halaman dari,345
corona lebih aman,344
dirumah corona pasti,344
virus corona lebih,344
corona pasti berlalu,344
aman dirumah corona,344
lebih aman dirumah,344
lawan covid 19,343
sayangi keluarga dikampung,343
respiratory disease hits,342
19 respiratory disease,342
disease hits whole,342
hits whole body,341
like covid 19,340
update covid 19,339
figure study says,338
melawan covid 19,338
covid 19 recovery,337
dari covid 19,337
death toll double,335
first case covid,333
contre covid 19,333
staff work home,332
toll double official,332
113 year old,332
coronavirus real care,332
confirmados covid 19,332
health organization warns,331
using covid 19,330
infected covid 19,329
coronavirus disease 2019,326
coronavirus relief package,326
jalanan terjal dan,324
menuju rumah warga,324
berbatu tni polri,324
paket sembako menuju,324
dan berbatu tni,324
polri gotong paket,324
sembako menuju rumah,324
rumah warga terdampak,324
tni polri gotong,324
gotong paket sembako,324
terjal dan berbatu,324
bbc news mundo,323
coronavirus pandemic via,322
pasti berlalu stopmudikcegahcovid19,322
covid 19 world,321
dirumahaja lawancovid19 lawancorona,320
virus dirumahaja lawancovid19,320
duty boris johnson,318
rs 20 lakh,318
17 nuevos casos,318
civic duty boris,318
boris johnson thank,317
covid 19 méxico,317
tetap di rumah,316
people covid 19,316
linked covid 19,316
lessons civic duty,315
told go back,315
sayangi keluarga di,313
casos positivos covid,311
people go back,311
casos confirmados covid,308
test 11 million,308
combate covid 19,308
malik_haramain taufikmadjid71 fachrilabalado,305
causa covid 19,305
covid 19 new,305
muertos covid 19,304
since covid 19,303
student debt cancellation,302
heroesact covid 19,302
wake covid 19,301
19 stimulus studentdebtstimulus,299
president donald trump,299
used white house,298
pelosi coronavirus plan,298
two weeks later,298
confirmed cases covid19,298
covid 19 data,296
tested positive covid19,296
covid 19 país,293
home covid 19,292
covid 19 et,292
tiempos covid 19,291
forced back work,291
cnn expert coronavirus,289
covid 19 mundo,287
penularan covid 19,287
आत मन भर,287
article amp reuters,287
dengan tidak mudik,286
new cases covid19,286
tested covid 19,286
coronavirus covid19 sarscov2,285
tidak usah mudik,285
covid 19 lockdowns,285
tetap dirumah aja,285
usah mudik dulu,284
white house report,284
coronavirus rates spiking,283
nursing homes accept,283
aja guna memutus,282
000 covid 19,282
mudik dulu tetap,282
dulu tetap dirumah,282
health care workers,282
dirumah aja guna,282
weeks later china,281
228 travel gelap,280
effects covid 19,280
year old woman,280
amankan 228 travel,279
2019 covid 19,279
us treated remdesivir,279
polri amankan 228,279
covid19 used cover,279
later china mass,279
used cover up,278
treated remdesivir late,278
china mass producing,278
meaning behind calculating,278
bargain power deep,277
inflammation effect human,277
due alleged withholding,277
undermines immune system,277
cover up 5g,277
cell undermines immune,277
stay home order,277
up 5g 60ghz,277
power deep state,277
60ghz inflammation effect,277
human cell undermines,277
5g 60ghz inflammation,277
19 us treated,277
ccp push 5g,277
dissolution due alleged,277
ccp dissolution due,277
remdesivir late january,277
effect human cell,277
wednesday may 13,277
000 student debt,277
alleged withholding data,277
home confinement due,276
cancellation heroesact covid,276
deep state funds,276
immune system act,276
state funds ccp,276
funds ccp push,276
term covid19 used,276
future ccp dissolution,276
cost future ccp,276
vaccine cost future,276
firm gilead sciences,276
debt cancellation heroesact,276
patients covid 19,276
5g vaccine cost,276
mass producing drug,276
second wave coronavirus,276
system act bargain,276
withholding data planned,276
act bargain power,276
push 5g vaccine,276
covid 19 numbers,275
beat covid 19,275
late january two,275
january two weeks,275
speakerpelosi housedemocrats including,274
polda metro jaya,274
thank speakerpelosi housedemocrats,274
hidden meaning behind,273
2020 05 13,272
gilead sciences dr,272
sciences dr fauci,272
dr fauci middle,272
20 000 student,271
know covid 19,271
may 12 2020,271
amp covid 19,270
untuk memutus penyebaran,270
including 20 000,270
housedemocrats including 20,269
producing drug firm,269
drug firm gilead,269
unreleased white house,269
13 05 20,268
от covid 19,268
despite covid 19,267
covid 19 help,267
obamagate obamagate obamagate,267
mudik dan tetap,264
covid 19 yang,264
covid 19 dan,263
new covid19 cases,262
untuk mencegah penyebaran,262
covid 19 adalah,261
covid 19 emergency,261
blt dana desa,260
contagio covid 19,259
twitter allows staff,257
mother senior facility,257
contact tracing app,257
moved mother senior,257
treat covid 19,257
dan tetap di,257
pennsylvania secretary health,256
allows staff work,256
pruebas covid 19,256
fallecidos covid 19,256
cure covid 19,256
coronavirus social distancing,255
senior facility hotel,255
facility hotel coronavirus,255
health moved mother,255
secretary health moved,255
di kampungjangan mudik,254
coronavirus swept nursing,254
keluarga di kampungjangan,254
kampungjangan mudik dan,254
demi berakhirnya corona,253
news covid 19,253
swept nursing homes,253
day covid 19,253
kesadaran diri sendiri,253
sendiri demi berakhirnya,253
bangkitkan kesadaran diri,253
hotel coronavirus swept,253
diri sendiri demi,253
demi kebaikan bersama,252
covid 19 contact,252
highest coronavirus death,251
terbebas dari covid19,250
covidー19 covid19 coronavirus,250
abc news via,250
mudik ke kampung,250
tests positive coronavirus,250
coronavirus stay at,249
ditlantas polda metro,249
kita pun bisa,248
covid 19 updates,248
membuat anda terbebas,248
disease 2019 covid,248
disadari kita pun,248
bahkan tanpa disadari,248
ke kampung belum,248
tentu membuat anda,248
228 kendaraan travel,248
tanpa disadari kita,248
kampung belum tentu,248
pun bisa membawanya,248
anda terbebas dari,248
bisa membawanya stopmudikcegahcovid19,248
belum tentu membuat,248
dari covid19 bahkan,248
covid19 bahkan tanpa,248
kendaraan travel gelap,248
anda mudik ke,247
mata rantai penywbaran,247
penywbaran covid 19,247
kita tidak usah,247
sementara kita tidak,247
rantai penywbaran covid,247
untuk sementara kita,247
mudik bangkitkan kesadaran,247
berakhirnya corona stopmudikcegahcovid19,247
inside democrats trillion,246
new trillion coronavirus,246
新型コロナ 消滅しない可能性 終息に長い道のり,246
jangan mudik bangkitkan,246
covid 19 public,245
nursing homes video,245
mencegah penyebaran covid,245
related covid 19,245
news sky news,245
news mundo coronavirus,245
top story coronavirus,245
jonsen16523542 untuk sementara,245
coronavirus twitter allows,244
mudik dulu yaa,244
via namo app,244
covid 19 cure,244
oldest woman spain,243
read amp share,242
news coronavirus covid19,242
total number cases,242
146 new cases,240
lt lt lt,240
rates spiking heartland,239
mit dem coronavirus,239
total confirmed cases,239
term care facilities,238
people died today,238
patients critical condition,237
highest unemployment since,237
nick cordero wakes,236
covid 19 bill,236
test positive covid,236
china jan mar,235
coronavirus antibody test,235
500 dead amp,235
trump cut pandemic,235
case countryu today,235
mar golf times,235
economy crash highest,235
200 83 500,235
depression economy crash,235
coronavirus death 6xs,235
unemployment since depression,235
cut pandemic team,235
house democrats coronavirus,235
incompetence caused highest,235
sent covid ppe,235
team sent covid,235
jan mar golf,235
410 200 83,235
ppe china jan,235
travel gelap ditlantas,235
dead amp rising,235
crash highest coronavirus,235
golf times ralliestrump,235
since depression economy,235
countryu today 410,235
times ralliestrump incompetence,235
caused highest unemployment,235
covid ppe china,235
6xs case countryu,235
death 6xs case,235
ralliestrump incompetence caused,235
83 500 dead,235
pandemic team sent,235
today 410 200,235
dulu yaa stopmudikcegahcovid19,234
amankan sebanyak 228,234
covid 19 hoax,234
sebanyak 228 kendaraan,233
employees work home,233
demi keluarga demi,232
tests positive covid,231
berhasil amankan sebanyak,231
amp share people,231
ｗｈｏ 新型コロナ 消滅しない可能性,230
19 via youtube,230
care home deaths,229
sumo wrestler shobushi,229
allowed work home,228
metro jaya berhasil,228
going black hole,227
untuk melindungi diri,227
tucker inside democrats,227
jaya berhasil amankan,227
pm cares fund,227
11 million residents,226
pandemic news coronavirus,226
masyarakat saat pandemi,226
rel nofollow tweetdeck,226
data commercial labs,226
sukseskan larangan mudik,225
dukung pemerintah sukseskan,225
pemerintah sukseskan larangan,225
gelap ditlantas polda,225
mari dukung pemerintah,225
job retention scheme,224
say covid 19,224
labs going black,224
support covid 19,224
impacted covid 19,224
commercial labs going,224
test data commercial,224
modern history without,223
uk fantasticradiouk homeofpossibilities,222
0208 90 2121,222
homeofpossibilities believeyourpossibilities stayhomesafelives,222
stayhomesafelives buy song,222
2121 hello fantasticradio,222
fantasticradio co uk,222
believeyourpossibilities stayhomesafelives buy,222
hello fantasticradio co,222
90 2121 hello,222
co uk fantasticradiouk,222
mudik dulu stopmudikcegahcovid19,222
fantasticradiouk homeofpossibilities believeyourpossibilities,222
covid 19 survey,222
lives daily talk,222
response coronavirus outbreak,221
current covid 19,221
covid 19 would,221
global pandemic news,220
daily talk us,220
talk us 0208,220
free covid 19,220
us 0208 90,220
adding value lives,220
value lives daily,220
new deaths today,219
cases new deaths,219
indonesiajangan mudik dulu,219
demi indonesiajangan mudik,219
keluarga demi indonesiajangan,219
diri dari covid,218
dying covid 19,218
petition via change,216
regla 10 propuesta,216
lawancovid19 lawancorona coronaindonesia,216
saat pandemi covid19,216
video via gatewaypundit,216
19 adalah dengan,216
sering membersihkan tangan,215
treatment covid 19,215
court strikes governor,215
trump coronavirus response,215
yuk cara terbaik,214
dengan sering membersihkan,214
ditengah pandemi covid,214
membersihkan tangan stopmudikcegahcovid19,214
cara terbaik untuk,214
adalah dengan sering,214
terbaik untuk melindungi,214
melindungi diri dari,214
covid 19 economic,211
propuesta grupo científicos,211
pasien covid 19,211
pasting world press,210
coronavirus vaccine research,210
lawancorona coronaindonesia yukpakaimasker,210
coronaindonesia yukpakaimasker tundamudik,210
combat covid 19,210
vonderleyen lagarde regsprecher,210
10 propuesta grupo,210
exames covid 19,209
employees allowed work,209
due coronavirus concerns,209
coronavirus town hall,209
aprovechar punto débil,209
coronavirus regla 10,209
científicos reabrir economía,209
takes pasting world,208
covid 19 bersama,208
raising country total,208
reabrir economía aprovechar,208
wave covid 19,208
world press coronavirus,208
use covid 19,208
prison home confinement,207
convertirse virus endémico,207
economía aprovechar punto,207
deaths today raising,207
confinement due coronavirus,207
grupo científicos reabrir,206
manhattan faces reckoning,206
woman spain beats,205
spain beats coronavirus,205
press coronavirus crisis,205
people back work,204
melindungi masyarakat saat,204
uk takes pasting,204
medio pandemia covid,203
signed petition calling,203
faces reckoning working,203
lasting economic damage,203
coronavirus lockdown us,203
reckoning working home,203
kasus covid 19,203
working home becomes,203
covid 19 health,203
punto débil virus,203
000 new coronavirus,203
lockdown us politics,202
19 dengan tidak,202
first time since,202
yukpakaimasker tundamudik cerdascovid19,202
today raising country,202
bltddberkah tppijawatimur tppilumajang,202
niro coronavirus lockdown,202
cordero wakes coma,202
di rumah saja,201
penyebaran virus covid,201
casos positivos coronavirus,201
coronavirus sars cov,201
memutus penyebaran covid,201
dana desa melindungi,201
desa melindungi masyarakat,201
il covid 19,201
โคว ด19 covid19,201
confirmed deaths go,200
income support scheme,200
corona covid 19,200
covid 19 13,200
robert niro coronavirus,200
must read article,199
home becomes norm,199
dampak covid 19,199
twitter announces employees,199
covid 19 epidemic,199
gilbyerd42 kita tetap,199
beats coronavirus 113,198
casos confirmados coronavirus,198
lewati jalanan terjal,198
rel nofollow hootsuite,198
nofollow hootsuite inc,198
new cases confirmed,198
state covid 19,198
penumpang akan mudik,197
stay home stay,197
coronavirus roils nation,197
pandemi covid19 bltddberkah,197
announces employees allowed,197
likely die covid,197
fauci middle via,197
testing covid 19,197
middle via gatewaypundit,197
said covid 19,197
da positivo covid,197
county covid 19,196
40 186 casos,196
protect covid 19,196
covid19 โคว ด19,196
many people die,195
covid 19 não,195
india covid 19,195
covid 19 still,195
deaths go updates,195
behind calculating 666,194
population coronavirus covid19,194
covid19 sarscov2 forecast,194
congress darkest winter,194
13 mai 2020,194
number coronavirus cases,194
ministério da saúde,194
tak miliki izin,194
pandémie covid 19,193
coronavirus panel twitter,193
covid 19 drug,193
thank marina hyde,193
40 mil 186,193
covid19 bltddberkah tppijawatimur,193
people getting sick,193
death toll rises,192
new global hotspot,192
covid 19 mortality,192
johnson thank marina,192
covid 19 antibodies,192
take covid 19,192
data covid 19,192
death covid 19,191
19 may never,191
kita lawan covid,191
amidst covid 19,191
china covid 19,191
greta thunberg expert,191
highest daily rise,191
mencegah penularan covid,190
slow spread covid19,190
19 bersama sama,190
miliki izin trayek,190
recovered covid 19,190
19 public health,190
tppijawatimur tppilumajang jokowi,190
help usbank name,189
getting food help,189
bank limitediban pk65mezn0002770103420943swift,189
children getting food,189
caused lockdown country,189
past 24 hours,189
meezan bank limitediban,189
lockdown country work,189
limitediban pk65mezn0002770103420943swift code,189
coronavirus caused lockdown,189
test positive coronavirus,189
pk65mezn0002770103420943swift code meznpkka,189
2020 covid 19,189
name meezan bank,189
food help usbank,189
perangi covid 19,189
work wife children,189
country work wife,189
usbank name meezan,189
wife children getting,189
selling bleach coronavirus,188
millions health conditions,188
sebagai langkah untuk,188
tppilumajang jokowi halimiskandarnu,188
contracting covid 19,188
brazil records highest,187
covid 19 antibody,187
ao covid 19,187
death population coronavirus,187
impacto covid 19,187
19 help hub,187
uk response coronavirus,186
mengangkut penumpang akan,186
covid 19 covid,186
message covid 19,186
released prison home,186
records highest daily,186
covid 19 est,186
tundamudik cerdascovid19 indonesia,186
boy scouts banned,185
covid 19 global,185
new death population,185
let us know,184
agar tidak mudik,184
roils nation trump,184
help slow spread,184
covid19 positive cases,184
184 new cases,183
covid19 cacerolada21h salamanca,183
greta thunberg coronavirus,183
wanted pass along,183
contagiados covid 19,183
19 contact tracing,183
bersatu kita lawan,182
time rethink everything,182
amnesty illegal immigrants,182
chinese communist party,182
cacerolada21h salamanca fallas,182
exclusive test data,182
pasien positif covid,181
released prison due,181
public inquiry uk,181
langkah untuk memutus,181
bersama sama stopmudikcegahcovid19,181
tidak mudik sebagai,181
trump says fauci,181
mari bersatu kita,181
mudik sebagai langkah,181
de covid 19,181
testing contact tracing,181
menghimbau agar tidak,181
going back work,180
trump death clock,180
amid coronavirus threat,180
mark beast hidden,180
coronavirus covid covid19,180
beast hidden meaning,180
covid 19 package,180
back covid 19,180
us accuses china,179
covid 19 venezuela,179
true death toll,179
propagación covid 19,179
response coronavirus pandemic,179
texas 05 13,179
calling public inquiry,179
coronavirus covidー19 covid19,179
petition calling public,179
chief medical officer,178
000 people died,178
children could die,178
rethink everything let,178
shows us time,178
coronavirus job retention,178
history without ramped,178
covid 19 corona,178
us time rethink,178
everything let start,178
prison amid coronavirus,178
finally virus got,177
covid 19 reported,177
316 nuevos casos,177
house report coronavirus,177
amid coronavirus outbreak,177
may take longer,177
warn congress darkest,177
set become new,177
putus penyebaran covid,177
disease covid 19,177
even covid 19,177
di rumah stopmudikcegahcovid19,176
targeting covid 19,176
work covid 19,176
coronavirus angeles times,176
bersama untuk mencegah,176
report coronavirus rates,176
dan kesadaran bersama,176
access covid 19,176
berhasil pulangkan pemudik,176
kebaikan bersama sementara,176
government covid 19,176
public health response,176
take longer expected,176
covid 19 community,175
white house officials,175
soberanía alimentaria protección,175
public sector pay,175
alimentaria protección social,175
plan orders felons,175
senda soberanía alimentaria,175
total covid 19,175
