gram,counts
covid 19 cases,4097
covid 19 pandemic,3625
covid 19 vaccine,2696
casos covid 19,2284
positive covid 19,2009
new covid 19,1964
covid 19 deaths,1548
due covid 19,1445
covid 19 patients,1159
new coronavirus cases,1140
coronavirus covid 19,1139
vacuna covid 19,1069
amid covid 19,999
cases covid 19,933
covid 19 test,874
covid 19 via,854
últimas 24 horas,850
covid 19 testing,834
covid 19 di,776
covid 19 crisis,758
died covid 19,741
covid 19 coronavirus,698
da covid 19,686
pandemia covid 19,673
covid 19 tests,638
spread covid 19,626
primer lote vacuna,609
tests positive covid,586
pacientes covid 19,571
says covid 19,570
tested positive covid,562
coronavirus death toll,550
15 08 2020,549
fight covid 19,548
nuevos casos coronavirus,546
covid 19 response,544
covid 19 outbreak,537
15 agosto 2020,537
covid 19 death,524
recovered covid 19,520
positivo covid 19,514
covid 19 update,510
positif covid 19,496
contagios covid 19,494
pandemi covid 19,461
impact covid 19,461
covid 19 virus,456
last 24 hours,454
nuevos casos covid,448
august 15 2020,445
new cdc guidance,445
children steadily increasing,445
positivos covid 19,444
covid 19 rates,436
scheduled mass recovery,436
covid 19 relief,431
atención casos covid,431
garantizando atención casos,423
covid 19 todas,422
sábado 15 agosto,418
batalla salud garantizando,418
salud garantizando atención,418
cdc guidance says,417
19 todas fases,417
bolivariano da batalla,415
port du masque,414
da batalla salud,414
coronavirus live updates,411
hope everyone safe,409
gobierno bolivariano da,409
happy independence day,408
produce primer lote,408
covid 19 positive,402
fallecidos covid 19,398
rates children steadily,395
rusia produce primer,395
gnboficialve fabiozavarsep gnbgdjfl,395
gnbypueblounido batallaporlasaludylavida gnboficialve,393
new cases covid,392
fanb gnbypueblounido batallaporlasaludylavida,389
19 rates children,388
covid 19 lockdown,387
15ago fanb gnbypueblounido,386
muertes covid 19,384
vacuna sputnik coronavirus,383
tested positive coronavirus,380
batallaporlasaludylavida gnboficialve fabiozavarsep,380
dougducey iagovernor louisianagov,377
iagovernor louisianagov govmlg,376
covid 19 concerns,372
covid 19 15ago,371
guidance says covid,370
test positive covid,368
drop testing hampers,366
testing hampers coronavirus,366
hampers coronavirus response,355
tests positive coronavirus,354
realdonaldtrump dougducey iagovernor,352
covid 19 infections,351
covid 19 amp,351
clearly enough drop,351
enough drop testing,351
covid 19 saliva,349
com covid 19,341
penyebaran covid 19,337
todas fases seguimos,332
fases seguimos recuperando,330
11 tribute light,328
seguimos recuperando pacientes,328
bbc news coronavirus,324
entertain empower educate,323
empower educate talk,323
0208 090 2121,323
090 2121 hello,323
2121 hello fantasticradio,323
hello fantasticradio co,323
fantasticradio co uk,323
co uk homeofpossibilities,323
uk homeofpossibilities believeyourpossibilities,323
covid 19 situation,323
get covid 19,322
puy du fou,322
homeofpossibilities believeyourpossibilities buy,320
believeyourpossibilities buy song,320
recuperando pacientes visitando,320
visitando casa casa,318
educate talk us,316
talk us 0208,316
us 0208 090,316
virus covid 19,315
pacientes visitando casa,315
covid 19 symptoms,314
000 coronavirus cases,312
dio positivo coronavirus,311
covid 19 em,311
casa casa cortando,309
new cases coronavirus,308
new york times,307
batalla covid 19,307
amid coronavirus pandemic,307
emergency use authorization,307
batallaporlasaludylavida gobierno bolivariano,306
new covid19 cases,305
covid 19 safety,304
19 saliva test,301
от covid 19,300
lote vacuna sputnik,299
deaths among nhs,298
covid 19 infection,298
among nhs staff,297
nhs staff kept,297
casa cortando cadenas,297
up fears reviews,294
19 deaths among,293
staff kept secret,293
cover up fears,292
reviews covid 19,291
cortando cadenas transmisión,288
covid 19 related,287
fears reviews covid,287
etiqueta día batallaporlasaludylavida,287
du covid 19,286
covid 19 vaccines,285
test covid 19,283
tribute light memorial,282
india mitega india,279
production covid 19,277
mitega india mitega,277
patients test positive,276
mortes covid 19,274
covid 19 case,274
covid 19 restrictions,274
elregresodelnecio tiempodeelegir quedateencasa,274
coronavirus database refuses,273
months diagnosis infectious,273
tiempodeelegir quedateencasa 15ago,273
74th independence day,272
mail in voting,271
diagnosis infectious others,271
canceled amid covid,271
light memorial nyc,269
memorial nyc canceled,269
nyc canceled amid,269
la etiqueta día,267
test positive three,265
positive three months,265
casos positivos covid,264
response covid 19,264
three months diagnosis,262
saliva based coronavirus,262
produces first batch,261
19 patients test,260
russia produces first,259
one please share,259
cdc recovered covid,259
based coronavirus test,259
produce covid 19,258
19 concerns yes,258
concerns yes one,258
yes one please,258
please share 11,258
share 11 nyc,258
11 nyc nyfd,258
nyc nyfd nypd,258
19 15ago fanb,257
deaths covid 19,256
infected covid 19,256
covid 19 méxico,255
covid 19 rapid,255
000 covid 19,253
covid 19 data,252
vaksin covid 19,247
new cases confirmed,246
deliver copy officials,245
covid 19 través,244
uk covid 19,243
reconsigap relawankemdikbud siapadaptasi,241
mass produce covid,240
trump administration coronavirus,240
nuevos casos positivos,239
confirmed covid 19,238
fabiozavarsep gnbgdjfl nicolasmaduro,238
covid 19 país,237
covid 19 spread,236
cette politique asphyxie,236
politique asphyxie thérapeutique,236
asphyxie thérapeutique qui,236
thérapeutique qui sous,236
qui sous oxygène,236
sous oxygène démocratie,236
oxygène démocratie et,236
démocratie et esprit,236
et esprit critiquepour,236
esprit critiquepour mieux,236
critiquepour mieux masquer,236
mieux masquer tous,236
masquer tous ces,236
tous ces peuples,236
ces peuples immuno,236
peuples immuno réprimés,236
immuno réprimés par,236
réprimés par peurjusqu,236
par peurjusqu vaccination,236
peurjusqu vaccination totalitaire,236
vaccination totalitaire prônée,236
totalitaire prônée par,236
prônée par dieu,236
par dieu fric,236
covid 19 covid19,235
political tone like,235
die covid 19,234
tone like nothing,234
muertos covid 19,234
19 rapid testing,234
covid 19 taken,233
covid 19 long,232
15ago la etiqueta,231
coronaviruspandemic covid19india coronavirus,230
pasien covid 19,229
600 000 coronavirus,227
15 agustus 2020,225
refuses answer senators,224
covid 19 plan,224
covid 19 impact,223
coronavirus covid19 sarscov2,223
warns anthony fauci,220
number covid 19,220
contagio covid 19,220
answer senators questions,218
covid 19 patient,218
covid 19 venceremos,218
slams trump administration,218
batch covid 19,217
primera partida vacuna,217
jenazah terinfeksi covid,216
post covid 19,215
rapid testing deliver,215
testing deliver copy,215
administration coronavirus death,215
coronavirus test funded,215
first batch covid,214
15agos felizsabado batalla,214
felizsabado batalla detiene,214
batalla detiene si,214
detiene si salud,214
si salud así,214
salud así cumplamos,214
así cumplamos normas,214
cumplamos normas ganaremos,214
normas ganaremos batalla,214
ganaremos batalla covid,214
19 venceremos prevención,214
venceremos prevención batallaporlasaludylavida,214
tested positive covid19,213
covid 19 news,212
terinfeksi covid 19,212
covid19 sarscov2 forecast,212
covid 19 staycation,212
population coronavirus covid19,211
romney slams trump,211
beat france quarantine,209
coronavirus south africa,209
pruebas covid 19,209
player tests positive,209
overcrowded overpriced overwhelmed,209
death covid 19,208
adaptasi kebiasaan baru,207
people covid 19,206
death population coronavirus,206
tests come back,206
percent covid 19,205
new death population,205
dies covid 19,204
us covid 19,204
covid 19 first,203
covid 19 numbers,203
covid 19 vía,203
public health england,203
na po sa,202
coronavirus live news,202
gt gt gt,202
new york city,201
vacunas covid 19,201
taken political tone,201
test funded nba,201
ce masque esclavagiste,201
masque esclavagiste dont,201
esclavagiste dont monnaiera,201
libération par vaccin,201
par vaccin si,201
vaccin si affairiste,201
po konting tulong,200
konting tulong po,200
tulong po sana,200
po sana kahit,200
sana kahit konting,200
kahit konting barya,200
konting barya po,200
barya po sobrang,200
po sobrang laking,200
sobrang laking tulong,200
laking tulong na,200
tulong na po,200
po sa magulang,200
sa magulang ko,200
magulang ko godbless,200
ko godbless po,200
godbless po stay,200
po stay safe,200
stay safe kahit,200
safe kahit retweet,200
kahit retweet lang,200
retweet lang po,200
lang po sobra,200
po sobra kong,200
sobra kong appreciated,200
kong appreciated gcash,200
appreciated gcash number,200
gcash number 09151198529,200
since covid 19,199
hello po konting,199
covid 19 dan,199
running coronavirus database,199
database refuses answer,199
russia starts production,198
19 tests come,198
dont monnaiera si,198
monnaiera si gentiment,198
si gentiment libération,198
gentiment libération par,198
firm running coronavirus,195
covid 19 updates,194
ever seen warns,194
daily covid 19,194
dans tous lieux,194
lucha covid 19,193
tous lieux clos,193
uk beat france,191
19 taken political,191
ve ever seen,191
19 long haulers,191
día batallaporlasaludylavida gobierno,191
coronavirus thousands return,190
thousands return uk,190
return uk beat,190
seen warns anthony,190
come back late,190
way spin romney,189
back late clinically,189
late clinically meaningful,189
spin romney says,188
pengambilan paksa jenazah,188
overpriced overwhelmed uk,187
19 staycation nightmare,187
past 24 hours,186
19 death toll,185
clinically meaningful data,185
says deaths blaming,184
deaths blaming trump,184
covid 19 would,184
18australia 14spain 12uk,184
14spain 12uk 11japan,184
12uk 11japan 10germany,184
11japan 10germany 8canada,184
romney says deaths,183
protect post office,183
170 000 americans,182
vacina covid 19,182
overwhelmed uk covid,182
19 deaths yesterday,182
coronavirus coronavirusupdate covid19,181
coronavirusupdate covid19 coronaviruspandemic,181
becomes first state,181
hope everyone okay,181
spent 66 million,181
forty percent covid,181
meaningful data show,181
funded nba nbpa,181
gmt coronavirus coronavirusupdate,180
california becomes first,180
arizona school district,180
coronavirus disease 2019,179
long haulers months,179
months debilitating symptoms,179
severe side effects,179
19 safety measures,179
10germany 8canada 5usa,179
haulers months debilitating,178
know make better,178
security public health,178
know covid 19,177
france 18australia 14spain,177
19 plan education,177
post office suburban,177
office suburban voters,177
suburban voters pets,177
voters pets veterans,177
pets veterans nurses,177
veterans nurses doctors,177
nurses doctors hospitals,177
doctors hospitals economy,177
hospitals economy environment,177
economy environment social,177
environment social security,177
social security public,177
public health women,177
health women voters,177
coronavirus new wrinkle,176
debilitating symptoms know,176
symptoms know make,176
votes covid 19,176
plan education rural,176
education rural voters,176
rural voters protect,176
voters protect post,176
nollywood actress omotola,176
test positive coronavirus,175
update way spin,175
omotola jalade ekeinde,175
blaming trump administration,174
like nothing ve,174
georgia widespread expanding,174
risk covid 19,173
vaccine covid 19,173
nothing ve ever,173
confirmados covid 19,173
children coronavirus new,173
coronavirus update way,173
announces grandmother died,173
new wrinkle debate,172
immunity covid 19,171
older children coronavirus,171
grandmother died covid,171
mail in ballots,170
cas covid 19,170
india set mass,170
covid_19 coronavirus covid19,170
spread georgia widespread,170
56 mil 543,170
coronavirus spread georgia,169
set mass produce,168
school district cancels,168
वत रत वस,167
million covid 19,167
covid 19 covid,167
casos positivos coronavirus,167
covid 19 protocols,167
covid 19 still,167
indiafightscorona stayhome staysafe,167
chicago spent 66,167
face retaliation demanding,167
due coronavirus pandemic,166
russian covid 19,166
tested covid 19,166
covid 19 guidelines,166
noalconfinamiento noalnuevoordenmundial noalbozal,166
deaths yesterday france,166
covid19 last days,166
2020 08 15,165
noalnuevoordenmundial noalbozal noalamascarillaobligatoria,165
noalbozal noalamascarillaobligatoria noalavacuna,165
lote vacuna covid,165
workers face retaliation,165
like covid 19,164
prueba covid 19,164
demanding covid 19,164
penularan covid 19,163
200 new cases,163
coronatimo coronafarsa genocidio,163
noalamascarillaobligatoria noalavacuna políticosaprisión,163
noalavacuna políticosaprisión sanitariosasesinos,163
políticosaprisión sanitariosasesinos periodistascobardes,163
2019 covid 19,162
go back school,162
coronafarsa genocidio rebrotetimo,162
genocidio rebrotetimo noalconfinamiento,162
rebrotetimo noalconfinamiento noalnuevoordenmundial,162
covid19 bot covid19,162
bot covid19 last,162
last days stats,162
cases trend11 aug,162
covid19india coronavirus indiafightscorona,162
coronavirus indiafightscorona stayhome,162
pemulasaraan jenazah terinfeksi,161
potential covid 19,161
daily cases increase,161
au covid 19,161
nba nbpa gets,161
obat covid 19,160
india covid 19,160
reported today utc,160
today utc time,160
yesterday france 18australia,160
expanding says report,160
kasus covid 19,159
frente covid 19,159
sanitariosasesinos periodistascobardes covid_19,159
shift covid 19,159
19 first appeared,159
2020 covid 19,158
live updates arizona,158
updates arizona school,158
covid 19 yang,157
вакцины от covid,157
human challenge trials,157
retaliation demanding covid,157
total covid 19,156
penanganan covid 19,156
time covid 19,156
hard hit states,156
widespread expanding says,156
nurkić announces grandmother,156
of covid 19,155
cost million jobs,155
chinese miners 2012,155
covid 19 venezuela,154
hastalavictoriasiempredarío elregresodelnecio tiempodeelegir,154
gets emergency authorization,154
miners 2012 scientists,154
update covid 19,153
pela covid 19,153
170 000 dead,153
surge covid 19,153
covid 19 india,153
periodistascobardes covid_19 covid19,153
covid_19 covid19 covidhoax,153
8canada 5usa 120,153
block coronavirus aid,153
jusuf nurkić announces,153
total number cases,152
authorize covid 19,152
starts production covid,152
covid19 covidhoax borregos,152
covidhoax borregos covidianos,152
paying epidemic stupidity,151
nbpa gets emergency,151
emergency authorization fda,151
covid 19 victims,150
sign authorize covid,150
covid 19 face,149
make better via,149
handling covid 19,149
15 august 2020,149
contre covid 19,149
decision block coronavirus,149
coronavirus aid hard,149
aid hard hit,149
hit states cost,149
states cost million,149
covid 19 hoax,148
31 hari tantangan,147
amp covid 19,147
health care workers,147
li meng yan,147
million jobs analysis,147
nacional 30 días,146
school public health,146
sfogo dell infermiere,146
negative covid 19,145
casos confirmados covid,145
actress omotola jalade,145
covid 19 could,144
covid 19 recovery,144
nocturnetariq kcaverne plumeqalam,144
kcaverne plumeqalam covidcoronavir2,144
plumeqalam covidcoronavir2 fzabana,144
latest covid 19,143
bikinihaul tryon bikini,143
tryon bikini bhbodytypem,143
bikini bhbodytypem style,143
bhbodytypem style bodycare,143
style bodycare holiday,143
bodycare holiday vacation,143
holiday vacation beach,143
vacation beach model,143
beach model swimsuit,143
model swimsuit summer,143
swimsuit summer covid19,143
covid 19 new,143
trump decision block,143
reveals fled home,143
517 mil 714,143
nuevos casos covid19,142
market research report,142
coronavirus impact economy,141
atender pacientes covid,141
disease 2019 covid,141
reds player tests,141
du masque dans,141
masque dans tous,141
scrutinizing sign etc,141
covid 19 among,140
crisis covid 19,140
check bikinihaul tryon,140
modi says india,140
despite covid 19,140
safe covid 19,140
producción vacuna sputnik,140
able amp willing,140
counted nov eod,140
helps overcome potus,140
usps funding leave,140
funding leave less,140
leave less scrutinizing,140
less scrutinizing sign,140
sign etc per,140
etc per varying,140
per varying rules,140
covid 19 plasma,139
covid 19 tally,139
risk death covid,138
causa covid 19,138
coronavirus covid19 sar,138
covid19 sar cov,138
sar cov nocturnetariq,138
cov nocturnetariq kcaverne,138
back to school,137
duelo nacional 30,137
covid 19 changed,137
19 covid 19,137
global forecast 2025,137
forecast 2025 cumulative,137
2025 cumulative impact,137
coronavirus new cdc,137
social distancing measures,136
000 dead americans,136
dr li meng,136
us coronavirus new,136
covid 19 travel,135
covid 19 hospital,135
treating covid 19,135
haut conseil santé,135
amp willing gets,135
willing gets counted,135
gets counted nov,135
может это прочитать,134
covid19 positive cases,134
varying rules state,134
rules state election,134
state election boards,134
election boards covid19,134
says india set,133
cumulative impact covid,133
new confirmed cases,133
based covid 19,133
ekeinde tests positive,133
getting covid 19,132
beat covid 19,132
кто может это,132
conseil santé publique,132
hari tantangan siapadaptasi,131
víctimas covid 19,131
covid 19 treatments,131
segunda ola covid,131
coronavirus sfogo dell,131
get well soon,130
sa covid 19,130
better via yahoo,130
обожаю владимира путина,130
19 face mask,130
naked bike ride,130
scientist reveals fled,130
order covid 19,129
combatir covid 19,129
democrats using coronavirus,129
gov ron desantis,129
000 americans dead,129
anthony fauci via,129
south africa crime,128
covid 19 mundo,128
propagación covid 19,128
batallaporlasaludylavida hastalavictoriasiempredarío elregresodelnecio,128
person earlyvoting able,128
earlyvoting able amp,128
crisis made brazil,128
made brazil ideal,128
brazil ideal vaccine,128
philly naked bike,128
coronavirus scientist reveals,128
14 agosto 2020,127
19 vaccine launches,127
per 100 000,127
death toll there,127
629 nuovi casi,127
potus tactics usps,127
tactics usps funding,127
coronavirus crisis made,127
ideal vaccine laboratory,127
dying covid 19,126
first covid 19,126
guidance imply immunity,126
africa crime rate,126
digital health mission,126
first state pass,126
district wanted wait,126
covid 19 going,125
coronavirus task force,125
patients covid 19,125
florida school district,125
school district wanted,125
wanted wait reopen,125
desantis threatened cut,125
fda issues emergency,125
covid 19 real,124
covid 19 hit,124
síntomas covid 19,124
yale school public,124
time national crisis,124
falleció covid 19,124
wait reopen school,124
reopen school buildings,124
person person contact,124
says recovered covid,123
got covid 19,123
ng covid 19,123
school buildings gov,123
situation covid 19,123
national crisis cumm,123
crisis cumm ads,123
cumm ads suggests,123
ads suggests limiting,123
suggests limiting person,123
limiting person person,123
person contact coronavirus,123
contact coronavirus beaten,123
coronavirus beaten play,123
beaten play safe,123
play safe play,123
safe play online,123
toll there way,123
there way spin,123
use authorization yale,123
cdc says recovered,122
deaths per million,122
ron desantis threatened,122
covid 19 continues,122
negative sideffski efectovski,122
school covid 19,122
boards covid19 scotus,122
group chinese miners,122
south africa eases,122
outbreak reaches peak,122
19 patients immunity,121
14 08 2020,121
000 americans died,121
increase covid 19,121
said covid 19,121
buildings gov ron,121
non andate ad,121
andate ad infettarvi,121
ad infettarvi crepare,121
infettarvi crepare un,121
crepare un isola,121
un isola fuori,121
isola fuori dai,121
fuori dai coglioni,121
hoy 15 agosto,121
players test positive,121
treated 38 patients,121
2012 scientists say,121
immunity three months,120
vacuna rusa covid,120
rusa covid 19,120
president donald trump,120
political weapon hope,120
weapon hope winning,120
think covid 19,120
august 14 2020,120
hit covid 19,120
prison inmate hangs,120
producción vacuna covid,120
lieux clos collectifs,120
hastalavictoriasiempredario elregresodelnecio tiempodeelegir,120
overcome potus tactics,120
first appeared group,120
appeared group chinese,120
africa eases lockdown,120
connecticut prison inmate,120
russian covid19 vaccination,119
vaccination yesterday tell,119
untuk mencegah penyebaran,119
38 nuevas muertes,119
argues democrats using,118
take covid 19,118
pandemic covid 19,118
early voting starts,118
patients immunity three,117
recovery covid 19,117
immune covid 19,117
state pass 600,117
pass 600 000,117
world health organisation,117
hangs covid 19,117
using coronavirus as,116
coronavirus as political,116
as political weapon,116
covid19 live update,116
refuses senators questions,116
tell absolutely negative,116
absolutely negative sideffski,116
sideffski efectovski secundariosvki,116
segunda ola coronavirus,116
dire che non,116
66 million coronavirus,116
eases lockdown outbreak,116
inmate hangs covid,116
obesity raises risk,115
coronavirus relief talks,115
tucker argues democrats,115
covid 19 últimas,115
chinese communist party,115
covid19 vaccination yesterday,115
borregos covidianos cotolengo,115
million coronavirus facility,115
coronavirus facility treated,115
facility treated 38,115
38 patients total,115
mil 714 casos,115
activos covid 19,114
united statescoronavirus cases,114
president cyril ramaphosa,114
tackle covid 19,114
russia begins production,114
working parents hitting,114
lockdown outbreak reaches,114
raises risk death,113
reach 200 000,113
sputnik covid 19,113
slow spread covid19,113
coronavirus social distancing,113
rusia produce primera,113
complete project chapter,112
casos activos covid,112
rapid covid 19,112
covid 19 measures,112
yesterday tell absolutely,112
new cases covid19,112
member cleaning service,112
dillon tests positive,112
controlled chicago spent,112
saturday august 15,111
hope winning november,111
corona spread death,111
américa latina caribe,111
usa northamerica cases,111
issues emergency use,111
democrat controlled chicago,111
supportsmallbusiness bidenharris2020 bidenharrislandslide2020,111
bidenharris2020 bidenharrislandslide2020 covid19,111
19 plasma therapy,110
plasma therapy resources,110
teamsosindia theniteshsingh himanshu_irl,110
database refuses senators,110
fights covid 19,110
covid 19 est,110
ce est pas,110
secundariosvki кто может,110
parents hitting coronavirus,110
hitting coronavirus breaking,110
coronavirus breaking point,110
alabama votes covid,110
august 16 2020,110
show support bidenharris,110
support bidenharris help,110
food table supportsmallbusiness,110
table supportsmallbusiness bidenharris2020,110
jalade ekeinde tests,110
using covid 19,109
details teamsosindia theniteshsingh,109
covert id cashless,109
id cashless society,109
people around world,109
ultime 24 ore,109
efectovski secundariosvki кто,109
gov andrew cuomo,109
gnbgdjfl nicolasmaduro dcabellor,109
uses new method,109
amidst covid 19,108
mil mortes covid,108
check bio details,108
bio details teamsosindia,108
trump covid 19,108
nelle ultime 24,108
covid 19 treatment,108
covid 19 state,108
perchè non andate,108
american people suffering,108
usps rig election,108
batallaporlasaludylavida hastalavictoriasiempredario elregresodelnecio,108
saliva based covid,108
covid 19 brasil,107
affected covid 19,107
coronavirus sars cov,107
related covid 19,107
relief therapeutics rlftf,107
promise covid 19,107
covid 19 world,107
coronavirus últimas 24,107
covid19 170k dead,107
170k dead 5m,107
mencegah penyebaran covid,106
firm helping run,106
high covid 19,106
это прочитать обожаю,106
прочитать обожаю владимира,106
caso covid 19,106
therapeutics rlftf shows,106
rlftf shows promise,106
shows promise covid,106
100 000 casos,106
dead 5m infected,106
coronavirus cases deaths,105
19 among men,105
nuevos covid 19,105
15 08 20,105
viernes 14 agosto,105
contracted covid 19,105
19 cases reported,105
confirmed coronavirus cases,105
hostess enforcing coronavirus,105
fattoquotidiano perchè non,105
000 new cases,105
rusia producción vacuna,105
30 gradi voi,105
millones casos covid,105
saturday smack dopeydon,105
smack dopeydon trump,105
dopeydon trump gop,105
trump gop reason,105
gop reason american,105
reason american people,105
people suffering barr,105
suffering barr protecting,105
barr protecting many,105
protecting many prosecution,105
many prosecution destroying,105
prosecution destroying usps,105
destroying usps rig,105
rig election narcissist,105
election narcissist liar,105
narcissist liar mentally,105
liar mentally incompetent,105
mentally incompetent covid19,105
incompetent covid19 170k,105
5m infected unmaga,105
infected unmaga humptytrumpty,105
control covid 19,104
coronavirus cover up,104
200 000 labor,104
000 labor day,104
survivor plasma fights,104
bill gates says,104
needed covid 19,104
coronavirus haut conseil,104
noi bardati 30,104
bardati 30 gradi,104
gohmert credits hydroxychloroquine,104
casos nuevos covid,103
19 via youtube,103
detrás preocupante repunte,103
