gram,counts
covid 19,156727
coronavirus covid19,10881
coronavirus pandemic,8615
last delivered,8425
deliver copy,8425
signing support,8373
support usps,8221
officials last,8193
copy officials,8193
usps deliver,8157
covid19 coronavirus,8007
new york,6171
boris johnson,5143
coronavirus cases,5129
anak anak,4898
coronavirus crisis,4838
happy easter,4831
death toll,4753
19 pandemic,4710
via youtube,4609
stay home,4546
19 semuapedulicovid19,4273
social distancing,4084
coronavirus lockdown,3929
19 cases,3762
new cases,3711
coronavirus outbreak,3570
rantai covid,3500
amid coronavirus,3402
coronavirus deaths,3266
coronavirus covid,3249
coronavirus via,3245
bbc news,3153
href rel,3068
rel nofollow,3068
true href,3013
coronavirus response,2680
nofollow twitter,2657
10 000,2605
easter sunday,2537
due coronavirus,2509
bill gates,2452
news coronavirus,2418
19 patients,2370
physical distancing,2364
covid19 pandemic,2356
stay safe,2348
coronavirus death,2302
fight covid19,2300
new coronavirus,2297
brooke taylor,2270
york times,2223
19 crisis,2215
tested positive,2167
mata rantai,2096
confirmed cases,2070
fake news,2056
sosialisasikan physical,2027
united states,2000
corona virus,1977
fight coronavirus,1967
anak ini,1900
donald trump,1891
20 000,1861
casos coronavirus,1851
due covid,1835
coronavirus patients,1828
19 deaths,1827
tim brooke,1795
spread coronavirus,1794
demi terputusnya,1792
positive coronavirus,1790
terputusnya mata,1780
distancing demi,1780
ikut andil,1778
andil sosialisasikan,1777
ini ikut,1775
casos confirmados,1749
white house,1732
public health,1723
fight covid,1706
prime minister,1698
tetap dirumah,1697
coronavirus covid_19,1697
tidak mudik,1689
du coronavirus,1679
trump coronavirus,1657
dr fauci,1652
novel coronavirus,1649
nuevos casos,1646
pandemia coronavirus,1637
untuk putuskan,1631
19 via,1630
many people,1618
health care,1616
covid_19 coronavirus,1612
dies coronavirus,1577
crisis coronavirus,1576
anak indonesia,1572
people died,1557
live updates,1549
twitter web,1539
indonesia untuk,1535
untuk tetap,1534
gt gt,1515
gon na,1511
dan tidak,1506
amid covid,1505
mudik dulu,1501
covid19 covid_19,1497
virus covid,1496
19 outbreak,1487
coronavirus live,1483
partisipasi anak,1482
dirumah dan,1480
response coronavirus,1480
president trump,1480
putuskan rantai,1479
bentuk partisipasi,1477
dulu adalah,1474
adalah bentuk,1474
casos covid,1463
capol covid19,1462
capolitics capol,1462
19 lockdown,1453
pun turut,1442
covid19 cases,1434
mengajak untuk,1428
dewasa anak,1426
year old,1425
due covid19,1410
covid19 stayhome,1408
tak hanya,1407
death rate,1396
19 di,1384
anak pun,1365
april 12,1363
april 2020,1362
qu il,1361
trump administration,1348
senfeinstein senkamalaharris,1334
around world,1331
task force,1311
est pas,1294
fox news,1291
12 abril,1288
died coronavirus,1286
12 04,1286
new deaths,1282
positive covid,1281
nhs staff,1280
web app,1278
realdonaldtrump nytimes,1274
usia dewasa,1269
masyarakat usia,1262
cases coronavirus,1235
positive cases,1228
19 tak,1224
24 horas,1221
19 death,1208
19 coronavirus,1206
dunia covid,1198
resah dan,1197
turut resah,1192
dan prihatin,1185
pandemi dunia,1180
covid19 please,1179
hanya meresahkan,1176
12 2020,1169
prihatin semuapedulicovid19,1169
meresahkan masyarakat,1166
coronavirus vía,1163
total number,1157
taylor dies,1155
cases covid,1154
19 virus,1148
menjadi pandemi,1145
coronavirus uk,1137
test positive,1130
04 2020,1128
discharged hospital,1127
penyebaran covid,1119
good news,1113
loved ones,1110
herd immunity,1101
spread covid19,1098
looks like,1095
24 hours,1089
coronavirus spread,1067
uk coronavirus,1059
god bless,1040
aarogya setu,1036
lockdown coronavirus,1033
il coronavirus,1029
south korea,1028
contact tracing,1027
coronavirus update,1025
setu app,1024
save lives,1020
delivered senfeinstein,1002
us coronavirus,995
casos positivos,991
coronavirus vaccine,985
coronavirus boris,984
healthcare workers,962
covid19 lockdown,960
coronavirus us,958
uk government,957
first time,957
please download,956
sars cov,953
washington post,952
postal service,947
19 yang,947
new covid,941
people dying,939
app fight,937
coronavirus covid2019,937
social media,930
download share,929
stayhome staysafe,925
using link,924
share using,923
apple google,922
johnson discharged,915
domestic abuse,913
twitter android,912
covid19 crisis,911
via nytimes,906
du covid,905
recommend aarogya,903
cases covid19,902
every day,901
via mailonline,901
coronavirus research,899
help us,899
100 000,891
12 april,889
000 people,884
coronavirus argentina,882
19 testing,881
red dawn,878
go back,877
coronavirus could,874
mental health,873
china coronavirus,873
sign petition,870
mari kita,869
covid__19 coronavirus,869
covid19 patients,861
at home,860
covid19 covid2019,851
link android,851
people die,843
coronavirus testing,841
19 response,835
19 vaccine,830
du covid19,828
anthony fauci,823
get coronavirus,820
jangan sampai,820
signed petition,819
pandemia covid,815
000 deaths,812
care workers,811
via 38_degrees,808
covid19 deaths,805
nypolitics nypol,804
nypol covid19,803
front line,803
oleh virus,799
ve signed,798
coronavirus covid__19,798
di kampung,798
spread covid,796
kita semuapedulicovid19,796
government protect,793
doctors nurses,792
tertular oleh,792
yang terdampak,789
chinese virus,788
pope francis,787
abuse survivors,786
survivors coronavirus,786
crisis join,783
petition urging,783
covid2019 coronavirus,782
protect domestic,782
urging government,781
muertos coronavirus,780
join coronavirus,780
últimas 24,778
die coronavirus,774
american lives,773
staying home,771
kampung halaman,769
ada ditubuh,766
kemungkinan ada,766
sampai mereka,766
mereka tertular,766
tiempos coronavirus,766
yang kemungkinan,765
keluarga di,762
covid2019 covid19,761
ditubuh kita,755
halaman jangan,754
released hospital,752
total cases,748
coronavirus task,747
pandemia covid19,747
nursing homes,746
weeks ago,745
muertes coronavirus,742
daily thanks,740
coronavirus new,739
โคว ด19,738
covid_19 covid19,734
please help,730
corona covid19,728
covidー19 coronavirus,728
let us,723
easter message,719
cases deaths,713
would saved,713
make sure,712
says coronavirus,710
minister boris,709
coronavirus stayhome,708
health workers,706
abril 2020,703
nytimes secazar,703
covid19 dan,698
virus covid19,696
died covid,693
coronavirus trump,691
could seen,687
dawn emails,685
back work,684
trump failure,683
covid19 corona,682
would like,682
response covid,682
seen coming,681
ee uu,680
da covid,679
time coronavirus,678
mr president,677
covid covid19,676
face masks,675
home stay,674
top story,672
il faut,671
could saved,669
coronavirus coronavirus,669
total deaths,669
em casa,668
coronavirus china,667
coronavirus news,665
petition via,665
realdonaldtrump foxnews,665
namo app,665
coronavirus españa,664
coronavirus virus,662
corona coronavirus,660
nursing home,660
delivered gillibrandny,656
whole world,655
well done,654
coronavirus disease,648
take care,647
cuarentena coronavirus,647
cases reported,645
wuhan coronavirus,644
nueva york,643
coronavirus covidー19,642
testing positive,641
कड उन,640
stayhome covid19,638
coronavirus quarantine,634
wuhan lab,632
19 test,632
wan na,629
last week,628
health officials,628
post coronavirus,627
covid19 covidー19,627
get back,625
world coronavirus,625
coronavirus pope,622
coronavirus victims,619
coronavirus il,619
coronavirus test,618
key exchanges,617
fighting covid,617
coronavirus relief,617
mitigation efforts,617
vía youtube,614
du confinement,614
cases rise,613
deaths coronavirus,608
faltering response,608
positive covid19,608
tom hanks,607
coronavirus india,607
sant shri,607
realdonaldtrump oann,607
contracting coronavirus,601
intensive care,600
behind trump,597
19 vía,596
slow spread,595
long term,594
wash hands,594
19 patient,593
world news,592
coronavirus stimulus,592
worldwide coronavirus,590
rock bottom,588
immune system,588
anjuran pemerintah,588
two weeks,586
mortality rate,584
easter everyone,584
covid19 outbreak,583
virus corona,582
hong kong,580
san francisco,580
saved lives,579
ce qu,579
new post,578
face mask,578
million people,577
shri asharamji,577
asharamji bapu,576
bringing total,574
health ministry,573
goodies star,571
new zealand,570
coronavirus wash,570
global reputation,569
reputation hits,568
puede ser,568
hits rock,568
ikuti anjuran,567
di rumah,566
climate change,564
pemerintah dalam,564
the coronavirus,563
long time,563
dan selalu,562
domingo 12,561
13 feet,561
qu ils,559
look like,558
one day,558
know coronavirus,557
tests positive,557
please stay,557
joe biden,556
casos covid19,556
thank god,555
19 mitigation,554
au coronavirus,553
peduli dengan,552
us global,552
dalam menanggulangi,551
breaking news,550
menanggulangi covid19,550
black people,549
kita ikuti,549
dengan sesama,549
bill maher,549
coronavirus fight,548
selalu peduli,547
sesama khususnya,547
terdampak semuapedulicovid19,547
khususnya yang,547
world health,545
federal government,545
control narrative,542
fighting coronavirus,542
care homes,541
people like,540
american people,540
uk could,540
recovered coronavirus,538
confirmed coronavirus,538
bottom trump,537
crise du,537
mundo coronavirus,537
stop spread,537
york city,536
coronavirus coronaviruspandemic,534
2020 04,534
partido comunista,531
il est,529
covid19 dudukrumah,528
coronavirus easter,526
covid19 stayathome,526
johns hopkins,525
fallecidos coronavirus,525
coronavirus si,523
efforts would,523
deaths reported,523
lockdown covid19,522
19 relief,521
place already,521
saved american,520
via breitbartnews,520
number deaths,518
ceux qui,517
earlier covid,515
fauci admits,514
het coronavirus,513
admits earlier,513
home coronavirus,512
global pandemic,512
emails key,511
covid19 covid,511
via franceinfo,510
exchanges faltering,510
overtakes italy,510
realdonaldtrump trump,509
need know,507
positif covid,507
pandemic via,507
across country,506
one thing,505
dr anthony,501
infected coronavirus,500
wet markets,497
txpolitics covid19,497
of the,496
go away,496
south africa,495
muertes covid,495
world highest,495
front lines,494
sayangi keluarga,494
coronavirus corona,493
fauci says,492
need help,491
johncornyn sentedcruz,489
common sense,488
jesus christ,488
coronavirus treatment,488
coronavirus may,487
daily coronavirus,487
comunista chino,486
people need,485
leaves hospital,485
nuevo coronavirus,485
easter bunny,485
johnson released,484
active cases,484
even though,484
pandemi covid,483
realdonaldtrump potus,483
coronavirus infection,482
stifles coronavirus,480
coming behind,480
apparent bid,479
toll passes,479
number coronavirus,479
coronavirus updates,477
última hora,476
per capita,476
crisis covid19,475
covid19 virus,475
cause death,475
per million,475
analysts say,473
narrative analysts,473
april 11,471
theodore roosevelt,469
coronavirus amp,469
confirmed covid,469
kenny dalglish,468
crisis covid,467
failure virus,467
toll rises,467
years ago,467
died covid19,466
pandemic coronavirus,466
qu on,466
number cases,465
कर रह,465
04 12,465
tell us,465
response covid19,464
let coronavirus,464
like coronavirus,462
worst affected,461
papol covid19,461
covid19 easter,460
covid19 covid__19,460
china stifles,459
feel like,459
coronavirus coverage,458
contre coronavirus,458
research apparent,457
19 update,457
bid control,456
in the,455
wash country,455
stay at,453
easter eastersunday,451
report trump,450
deaths per,450
22 000,450
family friends,450
cure coronavirus,449
star brooke,449
coronavirus related,449
coronavirus realdonaldtrump,449
coronavirus spreads,448
grocery store,448
je suis,447
reino unido,447
download app,446
cases country,446
either way,446
ils ont,445
coronavirus ukraine,444
great job,444
coronavirus impact,443
face au,443
country europe,442
wuhan china,442
coronavirus world,442
aujourd hui,441
covidー19 covid19,441
days ago,441
must read,441
kita lawan,440
gave 7million,440
human rights,440
get covid,440
never forget,439
sad news,439
covid19 death,439
world bank,439
second wave,438
buona pasqua,438
good job,438
16 972,437
coronavirus latest,436
coronavirus une,436
got ta,435
saudi arabia,434
easter covid19,434
au covid,434
wabah covid,433
travel ban,433
covid19 amp,432
ministerio salud,432
via nypost,432
small businesses,432
covid19 eastersunday,432
coronavirus would,431
el coronavirus,431
7million grant,431
last 24,430
critical condition,430
easter coronavirus,430
click link,430
fighting covid19,429
epoch times,429
battle coronavirus,428
ver si,428
eastersunday covid19,428
work home,428
quarantine covid19,427
nhs workers,427
est une,426
19 amp,425
every single,424
last night,423
people coronavirus,423
000 uk,423
pacientes covid,423
lawan covid,420
daily updates,420
coronavirus quedateencasa,420
anyone else,420
medical supplies,418
19 positive,418
stayhome stayathome,417
delivered senbobcasey,417
article amp,416
vacuna coronavirus,416
origen coronavirus,415
african americans,415
toll coronavirus,415
lutte contre,414
self isolation,414
essential workers,414
people still,413
gillibrandny senschumer,413
health experts,412
protective equipment,412
per il,412
law firm,410
hospital coronavirus,410
pandemic covid19,409
wear mask,409
help slow,409
back normal,408
wuhan virus,408
dies covid,407
cases confirmed,405
medical staff,405
give us,405
times report,404
หน ากากอนาม,404
last year,404
latest news,404
si coronavirus,404
per day,404
new confirmed,404
delivered johncornyn,402
américa latina,401
india coronavirus,401
sistema salud,400
covid19 coronaviruspandemic,399
penyebaran virus,399
sunday mass,399
est ce,399
next week,398
single day,398
post covid19,398
amp reuters,397
care home,397
prevent spread,396
supreme court,396
twill covid19,396
want know,395
test kits,395
salud pública,395
number confirmed,395
cura coronavirus,395
source coronavirus,394
chino ocultó,394
people would,394
deep state,394
via googlenews,392
number covid,392
uk prime,391
small business,391
social distance,390
news mundo,390
new covid19,390
supply chain,388
coronavirus case,388
coronavirus tests,388
coronavirus patient,387
000 coronavirus,387
deaths covid,386
passed away,386
da saúde,385
deaths covid19,385
cegah penyebaran,385
highest coronavirus,385
frente coronavirus,385
americans died,385
sounds like,384
please read,384
center coronavirus,384
casos nuevos,384
via nbcnews,384
seems like,383
senatordurbin senduckworth,383
ve got,383
03 2020,382
impact covid,382
easter weekend,382
ce est,382
mike lindell,381
19 situation,381
et des,381
people get,380
coronavirus infections,380
confirmed case,380
nouveaux cas,380
coronavirus confinement,379
everyone else,379
affected country,379
trump ignored,378
covid19 coronavirusoutbreak,378
die covid19,378
19 case,378
us death,378
contre covid,378
johnson leaves,377
sintético filtró,377
ce qui,377
andrea bocelli,377
30 días,377
combatir coronavirus,376
pope calls,376
half million,376
easter easter2020,376
real estate,375
us could,374
sokağa çıkma,374
di indonesia,374
500 000,374
50 states,373
per coronavirus,373
19 tests,373
exclusive coronavirus,373
flapol covid19,373
filtró laboratorio,372
peut être,372
sayfie flapol,372
19 quarantine,372
via change,372
emmanuel macron,371
redes sociales,371
times app,371
babu manu,370
first coronavirus,370
coronavirus hoax,370
pas une,369
covid cdtv,368
causa coronavirus,368
covid self_portrait,368
cases new,368
jorge babu,368
cdtv covid_19,368
manu foraprior,368
covid_19 prior,368
prior jorge,368
self_portrait covid19,368
trump suho,368
lindell made,368
letslovesuho trump,368
pillow letslovesuho,368
david mike,368
bizbizeyeteriz covid,368
suho bizbizeyeteriz,368
foraprior david,368
covid__19 covid19,367
coronavirus shutdown,367
lab center,367
us covid,367
data coronavirus,366
handling coronavirus,366
trump reportedly,365
coronavirus cómo,365
chinese government,364
app see,363
made pillow,363
come back,363
rejects bailout,363
personal salud,363
covid19 di,363
blood hands,362
domestic violence,362
coverage daily,362
spread virus,362
see exclusive,362
covid19 positive,362
ne pas,361
2020 coronavirus,361
despite coronavirus,360
seasonal flu,360
new world,360
post covid,360
please take,359
sri lanka,358
even feel,358
number people,357
não tem,357
hundreds thousands,357
new jersey,357
debe ser,357
coronavirus méxico,357
maggienyt nytimes,356
people tested,356
muertos covid,355
countries get,355
000 americans,355
could worst,355
alberto fernández,355
uss theodore,354
lucha coronavirus,354
italy spain,354
feel well,353
stayhome coronavirus,353
conspiracy theories,353
religious services,353
help fight,353
three weeks,353
distancing advice,353
help people,352
covid_19 covidー19,352
health organization,352
fauci said,352
coronavirus free,351
overcome us,351
trump rebuffed,351
abc news,350
cases total,350
johnson says,350
get grade,350
vía el_pais,350
asegura partido,349
self reporting,349
rebuffed social,349
daily even,348
covid19 quedateencasa,347
coronavirus overcome,347
symptoms daily,346
join us,346
er doctor,346
seanhannity maggienyt,346
family members,346
market news,346
stock market,346
covid coronavirus,345
com covid,345
celebrate easter,345
risk cases,345
fauci confirms,345
000 000,344
ruiz sacristán,344
identify risk,344
saturday night,343
highest number,343
cases sooner,343
reporting symptoms,343
new study,343
via changefrance,343
covid19 identify,343
delivered senatordurbin,342
ocultó sintético,342
bailout postal,342
sooner self,341
well download,341
may god,341
experiments bats,340
trump says,339
service battered,339
great news,339
easter mass,339
time covid19,339
coronavirus threat,338
post office,338
covid19 testing,338
battered coronavirus,338
let get,337
661 casos,337
china covid19,337
von der,337
new orleans,337
14 days,337
google apple,336
confirmados covid,336
12 avril,336
19 related,335
ils sont,335
home order,335
covid19 china,335
jaime ruiz,335
grade coronavirus,335
crisis via,334
dying coronavirus,334
narendramodi pmoindia,334
house rejects,334
could gone,333
conspiracy theory,333
19 treatment,333
press release,333
semana santa,333
contagios coronavirus,333
000 muertos,332
cara coronavirus,332
health minister,332
disney world,332
coronavirus asegura,331
11 2020,331
gates countries,331
tested covid,331
deaths forget,330
refuse treat,330
qui ont,330
14 393,330
infected covid,329
us covid19,329
people world,328
patient data,328
cada vez,328
forget preventable,328
covid19 quarantine,328
fact check,328
origin wuhan,327
disease 2019,327
beat coronavirus,327
documental origen,327
