gram,counts
covid 19 pandemic,7443
covid 19 baksostnipolriutknegeri,4879
terdampak covid 19,4295
masyarakat yang terdampak,4270
yang terdampak covid,3850
href rel nofollow,3821
true href rel,3748
covid 19 crisis,3610
bakti sosial untuk,3384
covid 19 cases,3253
rel nofollow twitter,3252
covid 19 dapurumumtnipolri,3153
world health organization,2881
coronavirus covid 19,2846
due covid 19,2503
copy officials last,2301
officials last delivered,2301
deliver copy officials,2301
usps deliver copy,2300
signing support usps,2300
support usps deliver,2300
dapur umum untuk,2297
untuk masyarakat yang,2253
mendirikan dapur umum,2252
covid 19 patients,2193
nofollow twitter web,2174
pandemic covid 19,2155
umum untuk masyarakat,2096
bersinergi mendirikan dapur,2093
polri bersinergi mendirikan,2093
tni polri bersinergi,2085
yang terdampak pandemic,1987
terdampak pandemic covid,1987
fight covid 19,1930
twitter web app,1850
funding world health,1850
covid 19 outbreak,1840
covid 19 lockdown,1836
amid covid 19,1821
untuk membantu masyarakat,1795
masyarakat kurang mampu,1783
covid 19 via,1775
membantu masyarakat kurang,1775
beban masyarakat yang,1733
kurang mampu yang,1722
mampu yang terdampak,1721
untuk ringankan beban,1705
sosial untuk ringankan,1703
polri dan tni,1703
gelar bakti sosial,1699
melaksanakan bakti sosial,1689
dan tni bersinergi,1687
tni bersinergi dalam,1687
bersinergi dalam melaksanakan,1687
sosial untuk membantu,1686
dalam melaksanakan bakti,1686
ringankan beban masyarakat,1682
polri gelar bakti,1674
bbc news coronavirus,1462
covid 19 deaths,1452
covid 19 di,1424
casos covid 19,1373
covid 19 response,1349
positive covid 19,1321
coronavirus originated wuhan,1221
originated wuhan lab,1221
amid coronavirus pandemic,1211
spread covid 19,1210
pandemi covid 19,1207
covid 19 coronavirus,1158
coronavirus stimulus checks,1148
believe coronavirus originated,1143
pandemia covid 19,1123
sources believe coronavirus,1120
world health organisation,1112
penyebaran covid 19,1112
wuhan lab part,1098
lab part china,1096
covid 19 relief,1096
part china efforts,1092
china efforts compete,1092
new york times,1083
covid 19 death,1078
covid 19 testing,1055
cases covid 19,1053
coronavirus task force,1050
response covid 19,1046
efforts compete us,1030
new covid 19,1019
stay at home,950
covid 19 virus,946
du covid 19,942
da covid 19,927
covid 19 vaccine,897
15 04 2020,897
health care workers,880
nofollow twitter android,869
april 15 2020,849
impact covid 19,840
new york city,830
covid 19 update,829
coronavirus death toll,828
tested positive coronavirus,794
ditengah covid 19,750
covid 19 test,734
kepedulian kepada sesama,720
kepada sesama ditengah,719
sesama ditengah covid,719
dalam kepedulian kepada,719
mantap lanjutkan dalam,719
lanjutkan dalam kepedulian,719
pule_polsek mantap lanjutkan,718
coronavirus live updates,709
died covid 19,702
countries best coronavirus,678
trump cut funding,669
best coronavirus responses,665
crisis covid 19,665
covid 19 vía,664
virus covid 19,663
covid 19 amp,662
gt gt gt,655
coronavirus responses common,652
common women leaders,649
new coronavirus cases,642
covid 19 patient,629
responses common women,624
middle covid19 pandemic,623
covid19 coronavirus ukraine,621
massive public call,619
health organisation middle,613
organisation middle covid19,612
public call save,609
aarogya setu app,608
save going viral,607
call save going,607
pandemic massive public,606
covid19 pandemic massive,606
sign petition via,606
15 april 2020,595
president donald trump,594
us halt funding,567
hit covid 19,566
penanganan covid 19,564
cut funding world,558
human to human,556
últimas 24 horas,547
at home order,545
announces 125m fund,540
newsom announces 125m,537
pacientes covid 19,534
covid 19 tests,533
give coronavirus stimulus,530
take pay cut,529
app fight covid19,520
fight covid19 please,520
fund give coronavirus,520
15 abril 2020,516
covid19 please download,515
stimulus checks immigrants,514
setu app fight,514
tested positive covid,513
125m fund give,513
checks immigrants state,512
please download share,509
download share using,505
share using link,504
recommend aarogya setu,503
immigrants state illegally,500
positif covid 19,497
covid 19 spread,494
covid 19 situation,486
white house coronavirus,485
using link android,477
long term care,473
capolitics capol covid19,473
covid 19 related,465
ardern ministers take,464
california newsom announces,464
politicians refused listen,457
covid 19 em,452
pay cut solidarity,449
com covid 19,449
covid 19 positive,449
stay home order,444
new cases coronavirus,443
dies covid 19,441
due coronavirus pandemic,441
scientists said lock,439
going viral sign,439
uk politicians refused,435
covid 19 case,434
au covid 19,434
covid 19 symptoms,432
mask stark failings,429
viral sign rt,427
post covid 19,426
covid cdtv covid_19,425
cut solidarity hit,425
suho bizbizeyeteriz covid,425
said lock uk,425
covid_19 prior jorge,425
babu manu foraprior,425
foraprior david mike,425
mike lindell made,425
manu foraprior david,425
cdtv covid_19 prior,425
david mike lindell,425
prior jorge babu,425
trump suho bizbizeyeteriz,425
jorge babu manu,425
turns mask stark,423
lock uk politicians,423
confirmed covid 19,422
coronavirus disease 2019,421
jacinda ardern ministers,420
trump halts funding,417
failings covid 19,414
stark failings covid,413
confirmed cases coronavirus,412
lindell made pillow,408
covid 19 fight,407
solidarity hit covid,406
get covid 19,406
nuevos casos coronavirus,404
people covid 19,403
trump turns mask,402
lesser two evils,393
to human transmission,389
amid coronavirus outbreak,387
number covid 19,387
ministers take pay,387
stay home stay,386
covid 19 infection,385
fighting covid 19,384
job retention scheme,381
confirmed cases covid19,372
halt funding says,372
covid 19 ini,371
medio pandemia covid19,367
covid 19 cepat,366
coronavirus us halt,364
coronavirus pandemic via,364
wabah covid 19,360
covid 19 impact,360
covid 19 restrictions,358
contre covid 19,357
funding says trump,354
home stay safe,352
affected covid 19,347
time covid 19,347
19 cepat berlalu,345
coronavirus job retention,343
19 death toll,343
positivo covid 19,343
covid 19 covid19,342
oms en medio,341
masivo llamamiento público,341
last delivered senfeinstein,340
coronavirus via youtube,340
dapurumumtnipolrisemoga covid 19,339
volviendo viral firma,338
viral firma rt,338
epoch times app,337
coronavirus coverage daily,337
exclusive coronavirus coverage,336
amid coronavirus crisis,336
app see exclusive,335
crise du coronavirus,335
times app see,335
deaths covid 19,335
see exclusive coronavirus,335
coverage daily updates,334
test positive coronavirus,333
women leaders via,327
en medio pandemia,325
twitter web client,325
combat covid 19,325
miércoles 15 abril,325
suspender toda financiación,324
acaba suspender toda,324
20 pay cut,324
kepada masyarakat yang,323
toda financiación oms,322
llamamiento público salvar,322
pandemia covid19 ahora,322
covid 19 treatment,321
ahora masivo llamamiento,321
covid19 ahora masivo,321
million confirmed cases,321
leaders via forbes,320
público salvar oms,320
oms volviendo viral,320
financiación oms en,319
covid 19 covid,319
last 24 hours,319
salvar oms volviendo,319
new cases covid,318
die covid 19,318
covid 19 could,316
corona covid 19,315
trump acaba suspender,315
19 covid 19,314
test positive covid,314
coronavirus antibody tests,312
update covid 19,311
meringankan beban masyarakat,310
19 via youtube,309
trump name appear,307
memutus penyebaran covid,307
delivered senfeinstein senkamalaharris,306
first covid 19,305
pillow letslovesuho trump,304
bizbizeyeteriz covid self_portrait,304
covid self_portrait covid19,304
letslovesuho trump suho,304
covid 19 stimulus,301
membantu dan bekerjasama,299
bekerjasama memutus penyebaran,299
president trump coronavirus,299
saling membantu dan,299
dan bekerjasama memutus,299
tested positive covid19,297
2019 covid 19,296
pasien covid 19,295
americans die coronavirus,293
made pillow letslovesuho,293
test covid 19,292
positivos covid 19,292
health organization funding,290
us covid 19,290
muertos covid 19,290
impacted covid 19,289
covid 19 may,289
know covid 19,288
coronavirus relief checks,288
ชานมข นกว าเล,288
นกว าเล อด,287
muertes covid 19,286
coronavirus crisis via,286
refused listen helen,285
19 di indonesia,284
listen helen ward,282
infected covid 19,282
two million confirmed,281
covid 19 dengan,281
recovered covid 19,281
letting americans die,279
2020 04 15,279
nuevos casos covid,279
99 year old,279
social distancing measures,279
โคว ด19 covid19,278
surpasses two million,277
covid 19 méxico,277
world surpasses two,275
trump cuts funding,274
pruebas covid 19,274
woman discovered first,273
death toll rises,272
support covid 19,271
coronavirus world surpasses,271
covid 19 dan,269
kemanusiaan tni polri,269
combatir covid 19,268
bagi mereka yang,268
contagios covid 19,267
disease 2019 covid,267
trump name printed,266
frente covid 19,266
bermanfaat bagi mereka,265
go back work,265
ditengah pandemi covid,264
coronavirus donald trump,264
donald trump suspend,264
slow spread covid19,264
coronavirus lesser two,262
new cases covid19,261
chinese communist party,261
discovered first coronavirus,260
17 bodies found,259
nursing home hit,258
compete us foxnews,257
protest coronavirus lockdown,257
never tested positive,256
sosial tni polri,256
two evils compared,256
anonymous tip 17,256
mereka yang terdampak,256
task force hold,256
contagio covid 19,256
help slow spread,256
pandemia da covid19,255
organização mundial da,255
global covid 19,255
mundial da saúde,254
ministério da saúde,254
confirmed coronavirus cases,254
tip 17 bodies,254
sangat bermanfaat bagi,253
covid 19 updates,253
akan sangat bermanfaat,253
trump says us,253
next coronavirus package,253
help covid 19,252
stop spread coronavirus,252
tests positive coronavirus,252
handling covid 19,252
disease covid 19,248
covid 19 emergency,248
coronavirus package studentdebtstimulus,248
know help support,248
face au coronavirus,247
da pandemia da,247
trabajado paguen cotizado,246
si trabajado paguen,246
sepe denegando préstaciones,246
45 million people,246
despedidas covid19 firma,246
called covid 19,246
préstaciones personas despedidas,246
covid19 firma comparte,246
support others locally,246
paguen cotizado sinertesinparo,246
comparte si trabajado,246
personas despedidas covid19,246
denegando préstaciones personas,246
social distancing may,246
firma comparte si,246
funding coronavirus response,246
package studentdebtstimulus help,245
meio da pandemia,245
organización mundial salud,245
cancelstudentdebt next coronavirus,245
covid19 check glblctzn,244
glblctzn article make,244
locally covid19 check,244
article make difference,244
want know help,244
others locally covid19,244
check glblctzn article,244
membantu meringankan beban,244
réouverture des écoles,243
help support others,243
studentdebtstimulus help 45,243
debt stimulate economy,243
million people student,243
covid 19 world,243
stimulate economy needed,243
student debt stimulate,243
people student debt,243
help 45 million,243
coronavirus stimulus check,242
die coronavirus lesser,242
please stay home,241
current covid 19,241
covid 19 new,240
lawan covid 19,240
at home orders,240
halts world health,239
urge cancelstudentdebt next,239
confirmados covid 19,238
combate covid 19,238
toda verba organização,238
verba organização mundial,238
mas esse apelo,238
evils compared economy,238
da covid19 mas,238
esse apelo gigantesco,238
covid 19 economic,237
covid19 mas esse,237
covid 19 causing,237
cases covid19 reported,236
covid 19 support,236
cortar toda verba,236
da saúde meio,236
pendemi covid 19,236
covid 19 infections,236
saúde meio da,234
fact check trump,234
uma pirraça cortar,233
apelo gigantesco salvar,233
pirraça cortar toda,233
live president trump,233
fazer uma pirraça,233
like covid 19,232
saying another thing,232
families first coronavirus,232
salvar oms viralizando,232
gigantesco salvar oms,232
envió oms diciembre,232
coronavirus death rate,231
coronavirus response act,231
captain tom moore,231
first coronavirus response,230
masyarakat terdampak covid19,230
ce est pas,230
false claims coronavirus,230
makes false claims,230
vacuna covid 19,229
denies saying another,229
another thing said,229
public health emergency,229
trump denies saying,228
cegah covid 19,228
distancing may need,228
acabou fazer uma,228
emergencia covid 19,228
trump acabou fazer,228
trump halts world,228
lucha covid 19,227
covid 19 mundo,227
related covid 19,226
covid 19 quarantine,225
sa covid 19,225
coronavirus lockdown measures,225
said makes false,225
petition via change,225
stop spread covid,225
thing said makes,224
veteran tom moore,224
halt funding world,224
risk covid 19,223
claims coronavirus briefing,222
yang terdampak pendemi,222
terdampak pendemi covid,222
covid 19 país,222
great job handling,221
dying covid 19,221
000 covid 19,221
covid 19 china,221
treat covid 19,220
treatment covid 19,220
casos confirmados covid,220
may need continue,219
tested covid 19,219
covid 19 numbers,219
trump covid 19,217
sekecil apapun yang,217
slow spread coronavirus,217
tni polri untuk,217
covid 19 news,216
covid19 โคว ด19,216
recuperados brindan esperanza,216
coronavirus recuperados brindan,216
need continue 2022,216
scientists bad news,215
global coronavirus cases,214
15 04 20,214
personal protective equipment,214
tiempos covid 19,214
casos positivos covid,214
membantu masyarakat terdampak,213
case covid 19,213
wednesday april 15,213
take 20 pay,213
job handling pandemic,213
says letting americans,212
oms diciembre alertando,212
diberikan akan sangat,212
get back work,212
army veteran tom,212
apapun yang diberikan,212
yang diberikan akan,212
amid coronavirus lockdown,212
stop funding world,211
whitmer coronavirus lockdown,211
home covid 19,211
johns hopkins university,210
covid 19 yang,210
correos envió oms,210
article amp reuters,210
confirmed cases covid,210
us passed peak,210
reveló correos envió,209
response coronavirus pandemic,209
covid 19 brasil,209
masker kepada masyarakat,209
trump coronavirus press,209
propagación covid 19,208
taiwán reveló correos,208
briefing white house,207
april 14 2020,207
coronavirus press briefing,206
coronavirus poem racism,206
check trump denies,206
covid 19 et,206
clap coronavirus poem,206
coronavirus disease covid,205
poem racism immigration,205
compared economy tanking,204
coronavirus army veteran,204
cure covid 19,204
contracting covid 19,204
world covid 19,204
escándalo taiwán reveló,204
polri polricegahcorona coronavirus,203
satgasnusantara satgasnusantarakepri poldakepri,203
trump threatens adjourn,203
dirumahaja lawancovid19 lawancorona,203
public health workers,203
virus dirumahaja lawancovid19,203
satgasnusantarakepri poldakepri poldakepricegahcovid19,203
coronavirus virus dirumahaja,203
poldakepri poldakepricegahcovid19 polri,203
poldakepricegahcovid19 polri polricegahcorona,203
polricegahcorona coronavirus virus,203
casos confirmados coronavirus,202
penyebaran virus covid,202
pacientes coronavirus recuperados,202
response must prioritize,202
regarding covid 19,202
health workers environment,201
amp covid 19,201
prioritize public health,201
lockdown protestors swarm,201
anti whitmer coronavirus,201
protestors swarm michigan,201
coronavirus lockdown protestors,201
total confirmed cases,200
diciembre alertando epidemia,200
changes help keep,200
covid19 response must,200
kepedulian tni polri,200
covid 19 epidemic,199
analyze risk model,199
even feel well,199
risk model changes,199
us analyze risk,199
alertando epidemia coronavirus,199
pour lutter contre,199
economic uncertainty fear,199
markets impact portfolio,199
let us analyze,199
let us know,199
model changes help,199
financial markets impact,199
impact portfolio may,199
fear financial markets,199
uncertainty fear financial,199
portfolio may significant,199
daily even feel,198
19 causing severe,198
symptoms daily even,198
identify risk cases,198
keep goals track,198
help keep goals,198
must prioritize public,198
risk cases sooner,198
nation covid19 response,198
found nursing home,198
significant let us,198
spread covid19 identify,198
severe economic uncertainty,198
people never tested,198
caused covid 19,198
cases sooner self,198
sooner self reporting,198
reporting symptoms daily,198
may significant let,198
causing severe economic,198
covid19 identify risk,198
self reporting symptoms,198
patients covid 19,198
swarm michigan capitol,198
since covid 19,197
feel well download,197
covid 19 data,197
dapurumumtnipolri satgasnusantara satgasnusantarakepri,197
house coronavirus task,197
videos pacientes coronavirus,197
yang terdampak covid19,197
bodies found nursing,197
think covid 19,197
trump suspend contribution,197
handling coronavirus pandemic,197
mandatory provisions families,196
threatens adjourn congress,196
ne sont pas,196
provisions families first,196
well download app,196
14 04 2020,195
caso covid 19,195
getting covid 19,195
capital protest coronavirus,195
covid 19 est,195
fallecidos covid 19,194
concerts sporting events,194
mari bersatu saling,193
berlalu mari bersatu,193
since great depression,193
masyarakat ditengah pandemi,193
cepat berlalu mari,193
cuts funding coronavirus,193
past 24 hours,193
workers environment democracy,193
contagiados covid 19,193
covid 19 corona,192
halting funding world,192
south korea holds,192
use covid 19,192
warga terdampak covid,191
updates covid 19,191
continue 2022 say,191
di tengah pandemi,190
botched coronavirus response,190
name appear coronavirus,190
amidst covid 19,189
coronavirus new york,189
coronavirus covid19 pandemic,189
covid 19 health,189
info covid 19,189
2022 say experts,189
polri kepada masyarakat,189
casos positivos coronavirus,189
tni polri kepada,189
latest covid 19,189
may feed animals,188
tests positive covid,188
covid 19 business,188
home hit virus,188
на covid 19,188
covid 19 would,188
right stop funding,187
bantu masyarakat terdampak,187
lock anti whitmer,187
trump pulls funding,187
coronavirus stay at,186
dari covid 19,186
despite covid 19,186
michigan capital protest,186
death covid 19,186
nypolitics nypol covid19,186
new covid19 cases,186
testing covid 19,185
coronavirus distancing may,185
coronavirus united states,185
lawancovid19 lawancorona coronaindonesia,185
lawancorona coronaindonesia kepri,185
swarm michigan capital,185
work covid 19,185
people died today,184
americans 000 month,184
as dangerous sounds,184
trump de funding,184
claims covid 19,183
au nz us,183
nz us sg,183
bbc news mundo,183
us sg za,183
please help us,183
sg za horseracing,183
il covid 19,183
number coronavirus cases,183
trump right stop,182
coronaindonesia kepri indonesia,181
new zealand pm,181
news coronavirus us,181
drivers swarm michigan,180
us fox news,180
recovers covid 19,180
covid 19 global,180
yang ada di,180
sembako dan masker,179
press briefing white,179
human human transmission,179
per il coronavirus,178
markets au nz,178
za horseracing greyhounds,178
19 relief fund,178
crece escándalo taiwán,178
new markets au,178
horseracing greyhounds live,178
pulls funding coronavirus,178
care home residents,178
ditengah wabah covid,177
covid 19 still,176
combater covid 19,176
covid19 coronavirus stayhome,176
covid 19 hospital,176
news white house,176
bad news white,176
effects covid 19,176
house coronavirus antibody,176
chang trump right,175
us funding world,175
live staysafe coronavirus,175
greyhounds live staysafe,175
dan masker kepada,175
funding as dangerous,174
salurkan bantuan untuk,174
gordon chang trump,174
health organization botched,174
paket sembako dan,174
15 avril 2020,173
compete us fox,173
organization botched coronavirus,173
coronavirus trump de,173
rel nofollow tweetdeck,172
ii dit kamneg,172
using covid 19,172
battle covid 19,172
vaccine covid 19,172
covid 19 na,171
ada di ibu,171
causa covid 19,171
one covid 19,171
di ibu kota,171
pregnant nurse dies,171
yang disampaikan oleh,171
polri salurkan bantuan,171
funding pending review,170
download epoch times,170
covid 19 means,170
covid 19 fears,169
bantuan untuk masyarakat,169
oleh kasubdit ii,169
lockdown exit strategy,169
covid 19 information,169
coronavirus sign petition,169
coronavirus sars cov,169
beban masyarakat ditengah,169
500 sembako yang,169
trump coronavirus task,168
coronavirus stay home,168
kegiatan bakti sosial,168
trump suspends funding,168
covid 19 victims,168
sembako yang disampaikan,168
kasubdit ii dit,168
hard contain coronavirus,168
per million population,168
dit kamneg untuk,168
says covid 19,168
extreme side effects,167
covid 19 us,167
zoo may feed,167
read full article,166
news covid 19,166
disampaikan oleh kasubdit,166
working hard contain,166
prominent scientists bad,166
kamneg untuk membantu,166
new cases new,166
2020 covid 19,166
stop covid 19,165
coronavirus social distancing,165
trump announces halt,165
bantuan 500 sembako,165
untuk membantu meringankan,165
coronavirus cases rise,165
help fight covid,165
covid 19 came,164
signez pétition via,164
face au covid,164
white house task,164
symptoms covid 19,163
racism immigration britain,163
coronavirus captain tom,163
ibu kota ditengah,163
south dakota governor,163
covid19 coronavirus pandemic,163
corona coronavirus covid19,162
críticos 0total testeados,162
new blog post,162
amp stay safe,162
highest coronavirus death,162
disproportionately great job,162
salurkan bantuan 500,162
million covid 19,162
cases per million,161
force hold press,161
petition via cdnchange,161
people tested positive,161
covid 19 antibody,160
hold press briefing,160
coronavirus covid19 coronavirusoutbreak,160
coronavirus covid19 covid_19,160
covid 19 não,159
term care facilities,159
damage kidneys hearts,159
peduli kemanusiaan tni,159
dampak covid 19,159
health organization coronavirus,159
coronavirus destroys lungs,159
all time high,159
new deaths total,159
kota ditengah wabah,159
contribution américaine oms,159
news mundo coronavirus,159
social distancing 2022,159
tests promised care,159
de funding as,159
promised care homes,158
90 2121 hello,158
masyarakat terdampak covid,158
uk fantasticradiouk homeofpossibilities,158
hello fantasticradio co,158
co uk fantasticradiouk,158
deaths care homes,158
believeyourpossibilities stayhomesafelives buy,158
lives daily talk,158
mercredi 15 avril,158
masyarakat yang ada,158
stayhomesafelives buy song,158
2121 hello fantasticradio,158
0208 90 2121,158
members coronavirus task,158
polsekmunjungan polri salurkan,158
im kampf gegen,158
fantasticradiouk homeofpossibilities believeyourpossibilities,158
fantasticradio co uk,158
homeofpossibilities believeyourpossibilities stayhomesafelives,158
virtual town hall,157
écoles 11 mai,157
de covid 19,157
many people died,157
leaders disproportionately great,156
fight coronavirus pandemic,156
passed peak coronavirus,156
covid 19polri salurkan,156
19polri salurkan bantuan,156
result covid 19,156
wabah covid 19polri,156
information covid 19,156
china working hard,156
greatly appreciates efforts,156
finding damage kidneys,156
coronavirus trump 25,156
trump incompetence economy,156
ce qu il,156
coronavirus arrested murder,156
incompetence economy crashed,156
destroys lungs doctors,155
doctors finding damage,155
kidneys hearts elsewhere,155
value lives daily,155
dapat membantu masyarakat,155
decision cut funding,155
daily talk us,155
covid 19 task,155
19 di kabupaten,155
talk us 0208,155
adding value lives,155
lungs doctors finding,155
said covid 19,155
us 0208 90,155
prevent spread coronavirus,155
battle erupts trump,154
trump 25 mil,154
controls stop spread,154
death rate likely,154
patients critical condition,154
blocked doctors urging,154
border controls stop,154
erupts trump pulls,154
go back normal,153
pétition via changefrance,153
economic impact payment,153
appreciates efforts transparency,153
daily covid 19,153
sinergitas tni polri,152
coronavirus tests promised,152
warn public likely,152
petition via ukchange,152
19 task force,152
ministers take 20,152
jptu jabatanpenerangan covid19,152
penanggulangan covid 19,152
suspend contribution américaine,152
data covid 19,151
от covid 19,151
crise du covid19,151
new york state,151
covid 19 affecting,151
florida inmate released,151
funding handling coronavirus,151
women leaders disproportionately,151
orders magnitude lower,151
rep trey hollingsworth,150
the covid 19,150
news coronavirus trump,150
des écoles 11,150
likely orders magnitude,150
branch coronavirus pandemic,149
workers covid 19,149
coronavirus covid19 sarscov2,149
remote voting ensure,149
china covid 19,149
ensure continuity legislative,149
continuity legislative branch,149
states greatly appreciates,149
dr anthony fauci,149
speakerpelosi senschumer must,149
german zoo may,149
front line workers,149
contingencia covid 19,149
voting ensure continuity,149
legislative branch coronavirus,149
united states greatly,149
