gram,counts
covid 19,185053
19 cases,9544
coronavirus cases,9106
19 pandemic,7659
coronavirus pandemic,7449
coronavirus covid19,6231
new cases,5064
covid19 coronavirus,4773
100 000,4642
wear mask,4360
covid19 pandemic,3439
positive covid,3438
new coronavirus,3262
social distancing,2948
new covid,2929
casos covid,2909
due covid,2856
nuevos casos,2784
new york,2702
19 vaccine,2652
tested positive,2644
19 di,2604
covid19 cases,2591
public health,2397
coronavirus covid,2347
19 crisis,2150
casos coronavirus,2100
bbc news,2097
19 patients,2055
positive coronavirus,2023
coronavirus outbreak,1990
wear masks,1986
stay home,1965
rand paul,1956
united states,1924
via youtube,1922
june 30,1877
wearing mask,1874
due coronavirus,1860
dr fauci,1853
news coronavirus,1845
corona virus,1826
gon na,1778
pandemia coronavirus,1705
coronavirus vaccine,1696
amid coronavirus,1690
yet come,1687
test positive,1659
tests positive,1645
000 new,1643
casos confirmados,1620
anthony fauci,1620
gt gt,1602
live updates,1588
death toll,1563
due covid19,1561
coronavirus crisis,1534
penanganan covid,1532
24 horas,1531
donald trump,1530
spread coronavirus,1498
pandemia covid,1495
casos positivos,1490
amid covid,1487
face masks,1484
wearing masks,1437
19 deaths,1425
19 testing,1424
cases day,1422
19 drug,1418
per day,1380
cases covid,1367
sars cov,1367
confirmed cases,1363
spread covid,1354
health care,1326
many people,1326
19 via,1303
pandemi covid,1302
30 2020,1299
19 test,1285
fauci warns,1248
19 outbreak,1243
di jakarta,1242
boris johnson,1229
da covid,1226
últimas 24,1211
impact covid,1208
fauci says,1206
000 day,1191
cases could,1173
second wave,1167
death rate,1165
stay safe,1160
rumah sakit,1150
paket sembako,1149
coronavirus live,1148
coronavirus lockdown,1146
tenaga medis,1137
last week,1134
worst yet,1126
nursing homes,1125
herd immunity,1122
spread covid19,1121
joe biden,1116
active cases,1105
wisma atlet,1104
24 hours,1102
coronavirus response,1098
dr anthony,1098
positive cases,1096
30 06,1094
post covid,1091
long term,1085
06 2020,1085
pandemia covid19,1078
mental health,1056
looks like,1051
ang kalaban,1049
19 response,1048
kepada tenaga,1040
diberikan kepada,1038
medis di,1034
29 junio,1026
sakit rujukan,1025
rsdc wisma,1025
health officials,1024
ke beberapa,1020
cases rise,1018
disalurkan ke,1018
beberapa rumah,1018
sembako diberikan,1016
di rsdc,1016
atlet serta,1015
serta disalurkan,1015
rujukan penanganan,1015
contact tracing,1014
novel coronavirus,1013
cases per,1003
coronavirus update,1002
coronavirus deaths,996
positivo covid,985
new normal,984
cases coronavirus,977
new deaths,976
swine flu,962
go back,958
india first,958
drug remdesivir,955
30 junio,952
human trials,951
join us,931
coronavirus via,927
coronavirus spread,923
post covid19,920
trump coronavirus,919
lives matter,918
new covid19,912
wash hands,911
terdampak covid,908
young people,903
us buys,901
two weeks,881
social media,880
every day,878
casos covid19,876
positive covid19,876
covid19 vaccine,872
good news,869
around world,868
june 2020,866
covid19 crisis,860
first time,856
vaccine candidate,854
prime minister,851
key covid,849
world stock,845
get tested,840
european union,838
19 positive,828
stock key,820
500 000,819
junio 2020,816
buys world,816
covid coronavirus,815
first covid,815
make sure,814
face mask,811
covid_19 coronavirus,803
dio positivo,802
coronavirus infections,801
19 74thpolriberbakti,795
covid19 lockdown,794
covid19 corona,793
total cases,792
died coronavirus,790
146 paket,789
save lives,787
sebanyak 146,787
coronavirus argentina,786
people coronavirus,786
cases surge,784
crisis coronavirus,782
response covid,781
people died,779
untuk masyarakat,779
coronavirus spike,775
june 29,772
19 update,771
year old,768
masyarakat terdampak,766
stop spread,762
positive test,758
19 lockdown,753
corona covid19,743
du coronavirus,742
19 virus,739
sembako untuk,736
new post,733
help us,732
19 coronavirus,732
president trump,729
coronavirus surge,722
white house,721
40 000,716
coronavirus covid_19,713
bagikan sembako,712
us coronavirus,711
19 em,711
get covid,709
task force,709
need know,705
york times,704
19 death,704
could see,704
cases reported,696
bharat biotech,696
19 tests,694
000 people,692
million people,688
black lives,685
fight covid,682
covid19 patients,678
deandre jordan,678
cases deaths,674
common cold,671
fake news,670
covid19 covid,666
casos nuevos,666
people dying,666
bill gates,663
pandemic covid19,653
cases covid19,642
covid19 virus,642
coronavirus updates,642
19 impact,641
small businesses,638
last 24,637
19 new,636
across country,635
died covid,634
global pandemic,633
build build,633
total number,631
coronavirus testing,627
sign petition,627
even close,625
covid19 covid_19,623
covid covid19,623
local lockdown,620
wan na,619
casos activos,618
leicester lockdown,618
19 infections,618
000 deaths,615
world population,613
covid19 amp,613
number cases,610
fox news,609
coronavirus corona,608
pacientes covid,607
fight covid19,604
15 000,603
covid19 deaths,603
tested coronavirus,596
social distance,595
see 100,595
spike coronavirus,591
daily cases,590
contagios covid,590
000 americans,590
get coronavirus,588
in person,586
19 amp,586
contagios coronavirus,585
says coronavirus,584
19 situation,583
positivo coronavirus,581
000 cases,581
slow spread,579
nuevos contagios,578
covid19 sarscov2,578
positivos covid,578
look like,576
would like,574
nursing home,569
19 spread,568
com covid,568
rate covid,568
10 million,566
fight coronavirus,565
groboganpolres sebanyak,565
trump administration,564
muertes coronavirus,564
patients mexico,564
coronavirus uk,563
19 relief,563
response covid19,562
impact covid19,560
us covid,559
ke 74,556
surge covid,555
economic recovery,554
coronavirus disease,554
covid cases,554
coronavirus death,553
loved ones,553
coronavirus news,552
mask wearing,551
vacuna covid,549
19 case,548
could get,546
get back,546
du covid,543
south africa,539
world health,539
american soldiers,536
test results,535
coronavirus concerns,534
new zealand,534
could reach,534
new death,533
bhayangkara ke,530
akeredolu tests,530
of the,529
months ago,527
take care,526
muertes covid,525
positif covid,524
19 spike,524
30 june,523
4th july,520
go away,520
false prophet,520
testing positive,519
turn around,518
people get,517
tell us,517
coronavirus one,514
cirque du,513
du soleil,513
face coverings,512
post coronavirus,512
clinical trials,511
surge coronavirus,510
people die,508
people like,507
cases spike,507
19 came,505
back school,505
pm modi,504
hari bhayangkara,504
corona coronavirus,503
since march,503
ministerio salud,503
narendra modi,502
please retweet,501
fourth july,500
one day,500
small business,500
antibody tests,500
wear face,499
covid19 testing,497
spike covid,497
coronavirus test,496
tulsa rally,496
pandemic potential,495
coronavirus us,495
risk covid,495
14 days,494
mil casos,494
american people,494
single day,494
six months,493
back work,493
000 coronavirus,493
125 000,490
reach 100,490
response coronavirus,489
ee uu,484
19 infection,483
coronavirus patients,483
weeks ago,482
us could,482
number covid,482
common sense,481
19 restrictions,481
crise du,480
please help,477
uk economy,477
get sick,476
breaking news,475
health organization,475
truth covid,472
vacuna coronavirus,472
19 treatment,471
harry roque,470
hong kong,469
prevent spread,469
du covid19,466
congratulations philippines,465
in the,465
bars travelers,465
last year,464
watch live,464
daily thanks,464
going disturbing,464
at home,463
got ta,463
si puedes,463
covid19 positive,462
tested covid,461
29 2020,461
new deal,461
infect many,457
16 18,456
fauci testifies,456
deaths reported,455
total deaths,454
health department,454
looking forward,454
right hand,453
lockdown covid19,453
july weekend,452
updates fauci,452
13 16,451
experts say,451
via nytimes,450
novos casos,450
climate change,449
spencer dinwiddie,447
next year,447
deceives many,447
receive mark,447
mark revelation,447
revelation 13,447
coronavirus spreading,447
19 recovery,446
usa world,445
people need,445
the coronavirus,445
three months,444
polres trenggalek,444
trenggalek bagikan,444
well done,442
many states,441
let us,440
19 numbers,440
going back,440
protokol kesehatan,440
even though,439
people still,439
spread infect,438
learn truth,436
30 days,432
warns coronavirus,432
mark right,432
prophet deceives,431
many miracles,431
covid19 covidー19,429
di tengah,429
seems like,428
july 2020,427
confirmed covid,427
world blame,426
spread virus,426
go 100,426
coronavirus coverage,425
test rate,424
came usa,423
blame please,423
positivos coronavirus,423
29 06,422
population coronavirus,422
delcy rodríguez,421
pandemic via,421
19 covid19,421
aumento casos,421
like coronavirus,420
high risk,420
covid19 response,420
30 juni,420
wrong direction,420
virus covid19,418
death panels,418
puedes quedateencasa,417
cure corona,416
10 000,414
tshighcourtrespond tsnsuiforstudents,414
nuevo coronavirus,413
need help,413
like covid,412
100 positive,412
jun 30,412
ka na,410
covid19 test,409
19 related,409
recovery rate,409
coronavirus treatment,409
come back,408
juni 2020,406
sarscov2 forecast,405
mortes covid,403
big pharma,401
handling covid,400
amid surge,400
petition via,400
000 casos,399
000 dead,399
27 121,398
death population,398
233 nuevos,398
covaxin india,397
recovery plan,397
coronavirus relief,396
feel like,396
lockdownextension covid19,396
27 mil,394
increase covid,394
coronavirus tests,393
population 25,393
us states,392
july 4th,392
going wrong,392
case count,391
reported today,390
face covering,390
daily updates,390
positive patients,390
people wear,387
martes 30,387
2020 06,386
coronavirus drug,385
washington post,385
trump tulsa,385
following trump,385
great job,384
hit 100,384
health amp,383
cases new,383
handling coronavirus,382
19 could,382
crisis covid19,382
19 través,382
19 following,382
deaths covid,381
10 times,381
rest world,381
19 still,380
new jersey,379
people tested,379
06 30,379
contagios covid19,379
americans dead,379
global covid,379
via nyt,379
pandemic even,378
came back,377
next week,377
coronavirus could,377
every single,376
19 may,376
coronavirus case,376
federal government,374
covidー19 coronavirus,374
000 jobs,374
sounds like,373
take action,373
health workers,373
could go,373
pala ang,373
first coronavirus,371
indoor dining,371
immune system,370
coronavirus restrictions,370
health crisis,370
people covid,369
die covid,369
abc news,369
working home,368
since covid,368
est pas,368
safety measures,367
covid19 outbreak,367
coronavirus hit,367
new virus,366
care workers,365
negative covid,365
dalam rangka,365
coronavirus amp,364
romero deschamps,364
cases today,363
mask mandate,363
coronavirus covidー19,363
di indonesia,363
test covid,363
657 casos,363
kcragainststudents tshighcourtrespond,363
buy sell,362
000 covid,362
keep safe,361
said coronavirus,361
one thing,361
like covid19,360
us covid19,360
san quentin,360
department health,358
fallecidos covid,358
vaccine covaxin,358
could hit,358
220 657,357
great news,357
cases rising,357
19 symptoms,357
impact coronavirus,357
18 522,357
back reopening,356
stay at,356
china coronavirus,356
days ago,356
re opening,356
epoch times,356
mortality rate,356
puede ser,355
lópez gatell,355
crisis covid,355
family members,353
coronavirus coronavirus,353
kalaban hindi,353
ondo state,353
johns hopkins,352
last days,352
flu virus,352
re going,352
the worst,351
stayhome staysafe,351
trump campaign,351
developing countries,351
bars gyms,350
covid19 lockdownextension,350
coronavirus leicester,350
times app,350
app see,350
exclusive coronavirus,350
human rights,349
contagio covid19,349
see exclusive,349
seeing 100,349
000 daily,349
medidas prevención,348
coronavirus través,348
gopchairwoman realdonaldtrump,348
virus covid,348
coverage daily,348
back normal,347
worrying trend,347
il coronavirus,346
bringing total,344
top story,344
pandemic coronavirus,343
died covid19,342
tengah pandemi,342
death rates,341
russian bounties,341
coronavirus related,340
get covid19,340
co uk,340
deaths covid19,340
220 mil,340
health safety,340
press conference,339
would surprised,339
de covid,339
de la,339
wearing face,338
cada vez,338
take look,337
infection rates,337
healthcare workers,337
cases via,336
americans died,336
wartime president,336
coronavirus eu,335
key points,335
distanciamiento social,334
infection rate,334
infectious disease,334
get bad,334
us cases,334
anyone else,333
qu il,332
sa covid,331
500m pepfar,331
gavin newsom,330
black people,330
pasien covid,330
caso positivo,329
da pandemia,329
back positive,329
long time,328
daily coronavirus,328
covid19 si,328
tested negative,328
beat covid,328
oklahoma seeing,328
000 000,327
19 vía,327
2020 coronavirus,327
cases confirmed,326
matt hancock,326
na lang,326
us world,325
talk us,325
remdesivir cost,325
state governor,325
going get,324
please take,324
warns could,324
positivo covid19,323
2nd wave,323
000 us,323
bakti sosial,323
south korea,322
coronavirus china,321
total confirmed,321
trend new,320
covid_19 covid19,319
right thing,319
mass testing,319
health experts,319
via yahoonews,318
coronavirus mutation,318
nuevas muertes,318
2020 covid19,318
term care,318
signed petition,317
per cent,317
coronavirus fauci,317
nouveaux cas,316
spreading rapidly,315
19 concerns,315
coronavirus hoax,315
front line,315
pala kalaban,315
lunes 29,314
stock market,314
good job,314
worst coronavirus,314
two key,314
cases increase,313
high school,313
please read,313
cases india,313
fauci said,313
number people,311
rise covid,311
time covid,311
lot people,310
george floyd,310
américa latina,310
although worrying,310
investors understandably,310
understandably bearish,310
overlooking two,310
deaths per,309
cases investors,309
bearish may,309
may overlooking,309
points earnings,309
earnings sentiment,309
latest news,308
casos diarios,308
19 data,308
canada day,308
good luck,307
566 new,307
public spaces,307
travel ban,307
coronavirus recovery,307
masks mandatory,306
infected covid,306
19 safety,306
warns worst,306
despite coronavirus,306
wave coronavirus,306
could top,306
buy song,305
wakeupamerica unitednotdivided,305
two friends,305
coronavirus fears,305
coronainfoch covid19,305
entertain empower,304
empower educate,304
educate talk,304
0208 090,304
090 2121,304
2121 hello,304
hello fantasticradio,304
fantasticradio co,304
uk fantasticradiouk,304
fantasticradiouk homeofpossibilities,304
homeofpossibilities believeyourpossibilities,304
believeyourpossibilities stayhomesafelives,304
stayhomesafelives buy,304
wearethenewsnow factsmatter,304
factsmatter wwg1wga,304
wwg1wga wakeupamerica,304
unitednotdivided saveamerica,304
nueva normalidad,304
day turn,304
masks work,303
back lockdown,303
covid19 situation,303
california coronavirus,302
qanon wearethenewsnow,302
economy hit,302
pandemic yet,301
jun 2020,301
memorial day,300
saveamerica greatawakening,300
one bill,300
click link,300
india mitega,300
mitega india,300
this is,300
us 0208,299
makes sense,299
bill 199,299
new infections,299
killing us,299
friends texas,298
texas tested,298
199 408,298
please wear,298
ng covid,298
covid19 death,298
pmoindia narendramodi,298
andrew cuomo,298
new confirmed,297
pandemic response,297
amid covid19,297
top 100,297
19 ini,297
us going,296
10 millones,296
amp malaria,296
travelers coronavirus,296
healthcare system,295
disease 2019,295
covid19 coronaviruspandemic,295
19 hoax,294
san diego,294
per patient,294
covid19 via,294
covid19 update,294
virus wave,294
mexico california,294
19 real,293
coronavirus new,293
tb amp,293
positive tests,292
warns us,292
pacientes covid19,291
coronavirus surges,291
via breitbartnews,291
give us,291
หน ากากอนาม,291
numbers covid,291
130 000,290
19 news,290
number coronavirus,290
het coronavirus,290
25 coronavirus,290
confirmados covid,289
coronavirus trump,289
pm narendra,289
โคว ด19,289
sent positive,289
infectious diseases,288
biden says,288
cut 15,288
masks public,287
pacientes recuperados,287
spreading coronavirus,287
19 world,287
coronavirus task,287
tuesday june,287
19 dan,287
travel restrictions,287
outbreak going,287
19 país,286
to the,286
want know,285
semaforonaranja coronavirus,285
sa mga,285
get rid,285
covid patients,285
coronavirus virus,284
care homes,284
kalaban natin,284
daily covid19,283
lockdown measures,283
thousands people,283
ka pa,283
new us,282
make sense,282
realdonaldtrump trump,282
acting like,282
rotimi akeredolu,282
damn mask,281
years ago,281
good thing,281
salud pública,281
19 updates,281
pm narendramodi,281
come warns,280
update covid,280
work home,280
mail in,280
agnès buzyn,280
reignite virus,280
18 coronavirus,279
rising covid,279
human clinical,279
california reignite,279
time since,278
united nations,278
reopening amid,277
trump amp,277
real estate,277
and or,277
physical distancing,277
address nation,277
akala ko,277
polri bagikan,277
da covid19,276
covid19 still,276
league baseball,276
approval human,276
quedateencasa buenmartes,276
follow trick,275
times infectious,275
19 risk,275
pruebas covid,275
last day,275
contagio covid,275
first covid19,275
people infected,275
1b globalfund,275
19 fund,274
says covid,274
many us,274
first thought,274
direction coronavirus,274
hand foreheads,273
amp covid19,273
selasa 30,273
masks social,272
unión europea,272
disease control,272
coronavirus still,272
warns 100,272
news via,271
muertos coronavirus,271
safe countries,271
cases 10,271
19 patient,271
whole world,270
business owners,270
half million,270
2019 covid,270
buenmartes 30dejunio,270
penyebaran covid,269
back soon,269
covid19 world,269
die covid19,268
lockdown coronavirus,268
good morning,268
know covid,268
buenos aires,268
