covid,203613
coronavirus,197864
19,188241
covid19,155813
cases,45973
amp,38333
people,37494
new,36892
pandemic,33202
us,29599
virus,23085
trump,22697
via,22525
like,19119
get,18925
one,18624
health,18076
news,18004
000,17250
casos,17034
2020,16452
deaths,15852
world,14841
time,14503
china,14232
mask,14222
day,14137
positive,14133
need,13641
realdonaldtrump,13496
could,13359
would,13181
lockdown,12906
na,12686
know,12520
masks,12515
30,12323
many,12175
going,11960
di,11919
today,11787
back,11638
still,11554
help,11548
go,11513
due,11343
see,11341
test,10967
state,10907
crisis,10828
please,10705
si,10659
says,10590
even,10330
pandemia,10275
may,10190
spread,9989
first,9965
re,9905
vaccine,9838
good,9595
death,9555
10,9548
100,9547
country,9485
testing,9445
home,9341
take,9330
fauci,9316
states,9297
government,9148
corona,9112
work,9095
the,9087
da,8969
care,8946
right,8894
wear,8860
total,8764
said,8727
think,8668
india,8645
also,8511
make,8499
public,8456
live,8370
social,8080
read,7965
say,7930
well,7907
want,7811
july,7776
patients,7634
let,7620
dr,7567
way,7521
uk,7367
june,7355
response,7340
tests,7230
really,7227
much,7170
americans,7153
per,7111
support,6996
come,6967
year,6953
stop,6933
data,6877
face,6848
tested,6811
die,6799
keep,6771
last,6740
stay,6734
since,6705
safe,6642
county,6600
et,6592
america,6281
great,6229
economy,6222
days,6185
hospital,6126
daily,6122
lives,6064
business,6037
everyone,6033
yet,6004
number,5982
ang,5967
risk,5938
life,5848
sa,5829
post,5781
times,5776
president,5774
got,5771
global,5737
em,5736
latest,5731
to,5725
update,5699
usa,5668
salud,5650
every,5645
months,5629
two,5628
must,5625
another,5598
control,5595
20,5583
rate,5579
outbreak,5559
du,5550
amid,5383
look,5344
countries,5310
real,5285
better,5257
around,5238
24,5235
texas,5228
week,5227
nuevos,5211
million,5199
close,5179
impact,5169
gt,5154
ca,5152
next,5128
spike,5108
numbers,5106
flu,5091
case,5083
eu,5076
des,5047
never,5044
use,5032
covid_19,4995
wearing,4988
com,4980
plan,4954
in,4941
best,4924
open,4924
florida,4912
school,4872
free,4848
getting,4847
il,4824
made,4799
leicester,4793
de,4775
15,4764
local,4756
dan,4711
man,4705
thanks,4681
city,4668
updates,4647
29,4643
hit,4618
workers,4604
american,4603
gop,4573
recovery,4566
check,4536
est,4493
medical,4461
surge,4459
put,4446
family,4445
personas,4445
money,4426
long,4416
travel,4413
pm,4380
ve,4366
human,4340
mil,4331
thank,4324
reopening,4321
media,4287
watch,4263
thing,4259
protect,4250
california,4240
done,4233
não,4180
governor,4169
died,4165
país,4141
part,4103
video,4098
students,4097
confirmed,4091
high,4090
community,4067
weeks,4065
report,4053
end,4040
businesses,4032
ser,4029
working,4004
reported,4003
without,3995
already,3989
start,3988
ka,3976
and,3969
nothing,3956
children,3956
follow,3955
online,3954
job,3929
ng,3926
bad,3908
needs,3902
call,3902
hope,3891
rise,3887
years,3881
worst,3879
find,3877
fight,3849
pour,3847
things,3843
experts,3839
contagios,3839
mundo,3827
top,3824
person,3822
hoy,3822
important,3822
drug,3813
warns,3807
big,3802
economic,3768
anyone,3758
cdc,3739
gov,3737
biden,3734
sure,3713
continue,3696
mais,3679
national,3643
away,3641
coming,3626
enough,3622
schools,3620
bars,3616
distancing,3614
across,3594
non,3589
oh,3578
show,3540
making,3527
disease,3522
give,3517
information,3502
staff,3497
gobierno,3490
article,3483
safety,3473
research,3469
population,3461
full,3460
far,3460
tuesday,3454
shit,3445
medidas,3444
ever,3438
74thpolriberbakti,3406
increase,3394
believe,3394
quarantine,3377
something,3376
reports,3372
12,3369
learn,3365
of,3355
change,3350
youtube,3348
soon,3345
14,3338
muertes,3337
second,3322
hospitals,3313
infected,3306
taking,3302
team,3298
love,3293
tell,3292
science,3287
infections,3273
least,3269
trying,3258
situation,3254
dos,3245
gente,3237
arizona,3235
hard,3232
breaking,3232
fuck,3226
healthcare,3224
25,3221
place,3217
join,3209
god,3206
wrong,3205
others,3201
méxico,3198
yes,3176
pas,3169
sick,3167
someone,3164
ahora,3154
fucking,3151
18,3149
officials,3147
positivo,3145
cuarentena,3132
infection,3123
50,3114
jobs,3108
pay,3099
pacientes,3080
food,3080
future,3077
au,3077
restrictions,3069
en,3067
contact,3055
story,3048
it,3048
la,3047
symptoms,3043
pa,3019
une,3018
everything,3014
treatment,3006
this,3003
remdesivir,2996
york,2989
might,2989
dead,2989
recovered,2958
market,2955
día,2933
key,2927
including,2920
lot,2907
11,2904
actually,2886
less,2868
través,2866
no,2866
normal,2864
va,2861
together,2861
you,2854
brasil,2849
spreading,2845
covidー19,2845
system,2830
el,2828
kids,2825
united,2824
black,2822
thought,2813
solo,2808
canada,2798
junio,2791
mas,2791
rt,2789
oms,2788
saying,2777
order,2775
wave,2770
yang,2768
40,2767
march,2763
save,2758
así,2755
16,2747
protests,2734
is,2731
old,2716
06,2716
ke,2715
point,2714
bbc,2710
stupid,2707
share,2707
told,2705
maybe,2695
season,2689
sur,2686
early,2685
always,2677
shows,2667
um,2661
plus,2656
anything,2654
closed,2642
lost,2641
ll,2639
house,2633
record,2629
govt,2625
looking,2622
found,2621
500,2621
study,2621
shut,2619
measures,2617
paul,2616
plans,2609
education,2606
feel,2604
reopen,2591
venezuela,2586
south,2576
worse,2576
following,2576
month,2575
understand,2575
untuk,2570
set,2564
link,2563
fallecidos,2552
three,2547
leadership,2541
we,2530
tiktok,2529
doctor,2520
white,2508
mean,2500
cause,2493
using,2493
positivos,2491
nuevo,2483
mo,2476
despite,2471
kill,2469
available,2464
fall,2462
remember,2458
hands,2456
thousands,2455
blame,2451
puede,2445
small,2439
called,2426
lockdownextension,2424
info,2418
possible,2411
van,2406
political,2405
vote,2398
narendramodi,2398
russia,2391
listen,2389
matter,2385
cnn,2384
bill,2384
app,2379
chinese,2372
wait,2366
00,2363
based,2362
san,2361
nation,2360
reason,2355
27,2355
results,2353
current,2351
confirmados,2346
ago,2344
wo,2338
13,2338
kalaban,2338
rand,2335
ba,2327
used,2323
return,2321
little,2318
mayor,2318
past,2311
doctors,2308
wow,2305
dying,2302
related,2301
caso,2300
issues,2297
homes,2293
vía,2288
service,2287
industry,2284
friends,2282
whole,2277
dans,2270
personal,2269
polri,2269
families,2268
vacuna,2266
leaders,2266
webinar,2264
fact,2263
hours,2262
course,2262
for,2262
problem,2259
services,2252
truth,2250
fear,2250
2019,2249
financial,2248
talk,2248
gets,2244
list,2242
gilead,2237
seen,2236
makes,2235
etc,2230
police,2230
group,2230
deal,2224
horas,2219
immunity,2218
europe,2202
party,2194
mexico,2193
federal,2191
yung,2190
johnson,2189
true,2188
ne,2181
कर,2176
air,2174
action,2168
rules,2165
act,2165
sign,2155
become,2153
casa,2147
fake,2146
means,2144
días,2143
monday,2141
members,2141
bien,2138
active,2137
africa,2136
toll,2130
seriously,2127
on,2126
republicans,2126
left,2126
lol,2119
par,2113
coronavírus,2107
able,2106
hear,2105
else,2105
hindi,2103
seems,2099
instead,2098
came,2095
low,2095
visit,2093
affected,2085
relief,2084
je,2079
masyarakat,2079
hoax,2078
announced,2078
sir,2077
australia,2075
guidelines,2073
argentina,2072
minister,2069
potential,2067
rest,2060
roque,2059
young,2056
hacer,2053
qui,2052
pruebas,2051
sars,2043
almost,2041
patient,2036
2021,2035
among,2035
millions,2034
wearamask,2033
according,2028
build,2021
beat,2020
especially,2020
killing,2019
rising,2017
citizens,2012
das,2011
damn,2010
killed,2009
different,2009
power,2003
play,2001
digital,1997
años,1993
continues,1992
uma,1987
cómo,1985
पर,1985
likely,1984
caused,1982
employees,1980
muertos,1977
cure,1975
provide,1974
started,1972
ini,1970
cost,1969
negative,1966
chief,1966
sembako,1964
der,1960
all,1959
emergency,1951
ko,1950
17,1943
ask,1941
policy,1940
happy,1926
women,1924
half,1924
lang,1924
ok,1924
access,1923
office,1920
bar,1916
self,1914
issue,1914
hand,1910
nursing,1905
higher,1905
comes,1904
anti,1904
covaxin,1902
democrats,1900
pandemi,1900
try,1899
border,1896
twitter,1895
joebiden,1895
vulnerable,1893
ready,1891
probably,1890
failed,1887
seeing,1882
company,1880
prevent,1880
living,1879
stock,1879
turn,1879
common,1878
trials,1875
war,1874
prediction,1874
tras,1871
contagio,1862
gon,1861
demand,1860
result,1858
senate,1858
ai,1855
sector,1855
pala,1855
law,1854
menos,1854
sense,1853
summer,1853
taken,1853
jun,1849
communities,1846
given,1844
england,1844
presidente,1838
hey,1836
mark,1836
penanganan,1831
needed,1830
fund,1827
ver,1827
thread,1825
companies,1822
que,1821
tweet,1820
vs,1820
virtual,1819
opening,1818
distance,1815
yesterday,1815
quedateencasa,1814
talking,1814
boris,1813
donald,1805
aquí,1805
happen,1804
late,1801
tomorrow,1796
funding,1796
idea,1795
general,1795
tuesdayvibes,1794
level,1793
recent,1786
coronaviruspandemic,1786
line,1786
area,1785
director,1784
looks,1779
cada,1777
und,1777
run,1776
weekend,1775
phase,1759
kepada,1757
wants,1756
residents,1756
ce,1754
poor,1752
blm,1746
21,1742
that,1739
election,1736
vida,1731
concerns,1730
happening,1728
went,1727
60,1727
players,1721
rates,1721
millones,1721
single,1719
mental,1719
scientists,1719
question,1716
modi,1714
morning,1712
nueva,1707
fighting,1706
soldiers,1704
within,1701
joe,1698
buy,1697
nearly,1697
interesting,1695
anthony,1694
term,1693
serious,1688
putin,1687
sad,1679
nytimes,1671
forward,1671
false,1669
evidence,1666
parents,1665
critical,1664
22,1663
españa,1663
though,1662
proud,1659
international,1655
move,1655
expert,1654
lack,1653
cities,1653
victoria,1653
staysafe,1650
hi,1650
nacional,1649
últimas,1649
rally,1648
hace,1648
gracias,1646
ass,1645
lead,1644
lies,1644
colombia,1643
atención,1643
april,1643
program,1642
pakistan,1641
wonder,1640
potus,1639
billion,1631
force,1629
información,1622
mass,1622
price,1620
advice,1611
facts,1604
borisjohnson,1604
changes,1603
allowed,1595
guess,1594
ban,1594
mortes,1593
situación,1593
vez,1588
30jun,1587
co,1585
head,1584
entire,1584
nigeria,1578
trust,1577
23,1575
questions,1573
up,1573
che,1572
huge,1568
ways,1565
bring,1556
ensure,1554
meses,1553
guys,1551
slow,1549
tem,1549
administration,1549
effective,1547
zero,1547
randpaul,1547
essential,1546
event,1545
challenges,1545
source,1545
cov,1542
mal,1542
threat,1542
wake,1540
department,1537
congress,1537
po,1537
tax,1536
security,1536
clear,1535
28,1534
finally,1531
european,1530
reporting,1529
guy,1528
nba,1528
evitar,1527
happened,1527
trial,1523
hold,1522
hell,1518
200,1518
calls,1517
países,1517
beaches,1516
mga,1514
blood,1511
survey,1510
ahead,1509
campaign,1507
número,1504
congrats,1503
naman,1503
noticias,1502
guidance,1498
water,1497
remain,1495
dont,1493
registra,1491
major,1488
union,1485
tres,1484
france,1484
highest,1484
indian,1483
pmoindia,1482
ano,1482
yeah,1481
actual,1479
university,1479
learning,1477
age,1476
worth,1473
knows,1473
26,1470
leave,1470
developed,1468
blog,1464
failure,1463
restaurants,1458
longer,1457
technology,1456
ppl,1456
im,1455
hate,1453
idiot,1451
behind,1450
gone,1449
areas,1447
talaga,1445
congratulations,1443
military,1441
travelers,1441
along,1439
ones,1439
till,1436
chance,1436
reuters,1435
4th,1433
nhs,1433
resources,1432
handling,1432
took,1432
goes,1430
unemployment,1429
cuba,1428
effects,1425
sports,1425
leader,1423
reach,1421
responsible,1417
website,1416
jakarta,1416
thinking,1415
worldwide,1410
sorry,1410
cas,1409
details,1408
knew,1406
cut,1403
increased,1402
address,1401
और,1401
se,1400
calling,1399
not,1399
official,1398
philippines,1398
70,1396
politics,1392
govrondesantis,1387
recuperados,1387
college,1387
stayhome,1386
center,1385
allow,1384
reality,1382
literally,1382
healthy,1382
decision,1382
dalam,1381
tv,1379
