gram,counts
covid 19,167078
19 pandemic,6298
19 cases,5873
coronavirus pandemic,4990
19 vaccine,4773
coronavirus covid19,4424
coronavirus cases,4312
pandemi covid,3977
new cases,3920
covid19 coronavirus,3412
kesehatan dan,2996
19 telah,2984
nuevos casos,2968
telah menjadi,2960
menjadi bencana,2954
bencana kesehatan,2953
dan kemanusiaan,2951
abad ini,2949
kemanusiaan di,2827
di abad,2827
coronavirus vaccine,2797
casos covid,2602
due covid,2580
covid19 pandemic,2578
new covid,2482
ini yang,2460
berimbas pada,2458
yang berimbas,2457
kehidupan manusia,2457
pada semua,2418
semua lini,2413
lini kehidupan,2412
19 patients,2411
public health,2372
casos coronavirus,2359
new york,2345
positive covid,2278
new zealand,2253
tested positive,2106
new coronavirus,2099
death toll,2024
three months,1944
manusia indonesiamaju,1827
24 horas,1786
coronavirus covid,1782
social distancing,1726
14 agosto,1713
wear mask,1678
cdc says,1675
19 deaths,1577
vacuna covid,1560
coronavirus relief,1550
covid19 cases,1507
due coronavirus,1464
recovered covid,1452
positive coronavirus,1445
amid covid,1435
gt gt,1426
due covid19,1425
19 via,1415
casos positivos,1409
via youtube,1404
19 testing,1378
covid_19 coronavirus,1345
cases covid,1344
herd immunity,1329
últimas 24,1324
test positive,1268
independence day,1266
august 14,1264
mental health,1253
says recovered,1253
postponeneetandjee postponeneetandjee,1248
donald trump,1245
positivo coronavirus,1231
14 2020,1225
immunity three,1224
white house,1222
14 08,1218
patients immunity,1218
news coronavirus,1214
casos confirmados,1208
positivo covid,1201
coronavirus covid_19,1154
coronavirus outbreak,1136
spread covid,1120
gon na,1118
united states,1110
bbc news,1105
pandemia coronavirus,1105
19 crisis,1100
live updates,1087
president trump,1077
24 hours,1077
coronavirus deaths,1076
active cases,1073
amid coronavirus,1062
dio positivo,1056
coronavirus live,1045
aug 14,1027
da covid,1026
confirmed cases,1024
19 outbreak,1022
tests positive,1022
stay safe,1020
covid_19 covid19,1019
19 test,993
fumar calle,993
sars cov,982
pandemia covid,979
1trenggalek thearieair,979
vacuna coronavirus,972
spread coronavirus,939
aged care,925
mail in,925
08 2020,912
geçmiş olsun,907
long term,903
health care,887
nursing homes,886
1802_kimmi kianinara1,875
new deaths,874
kianinara1 agus_candra_,873
agus_candra_ gond_rong,871
covid19 vaccine,869
19 di,869
postal service,869
200 000,866
wearing mask,865
thearieair wiwikherma,863
wiwikherma tjhinfar21,863
tjhinfar21 1802_kimmi,863
gond_rong pandemi,861
pandemia covid19,860
impact covid,853
coronavirus lockdown,847
coronavirus update,845
strip club,841
spread covid19,836
year old,832
young people,826
many people,826
looks like,825
death rate,822
agosto 2020,821
american people,815
19 update,815
contact tracing,814
task force,812
19 response,808
novel coronavirus,800
19 death,799
covid19 covid_19,798
face masks,792
get coronavirus,791
contagios covid,785
1trenggalek pandemi,778
coronavirus response,774
post office,764
19 tests,754
casos covid19,749
august 2020,748
tribute light,738
total cases,735
in person,735
coronavirus crisis,728
19 relief,726
19 coronavirus,720
health officials,717
fight covid,713
coronavirus via,710
help us,707
positive cases,704
100 000,702
stay home,700
back school,697
trump administration,690
people died,686
bill gates,680
corona virus,679
contagios coronavirus,677
positivos covid,677
face mask,676
joe biden,674
south korea,674
du masque,674
19 virus,672
coronavirus argentina,670
wear masks,669
casos nuevos,657
nuevos contagios,657
second wave,655
cases reported,654
via yahoo,651
make sure,647
coronavirus death,644
post covid,643
wearing masks,638
get covid,634
cases coronavirus,634
19 positive,633
ocio nocturno,630
two weeks,629
600 000,627
trump coronavirus,627
samuel umtiti,626
get tested,624
every day,622
dr fauci,609
19 data,607
around world,606
new covid19,605
last 24,605
du coronavirus,605
social media,604
health ministry,604
anthony fauci,599
cases deaths,598
port du,598
170 000,596
vacuna covid19,595
good news,594
covid19 deaths,589
19 spread,585
mask mandate,585
clinical trials,584
coronavirus vaccines,582
positive covid19,580
france quarantine,578
died covid,573
go back,570
via gatewaypundit,569
19 em,569
coronavirus aid,569
first time,565
india mitega,565
coronavirus testing,564
prohíbe fumar,562
000 americans,561
casos activos,559
please retweet,559
000 coronavirus,559
toda españa,559
11 tribute,554
stop spread,551
última hora,550
ruby princess,548
covid19 sarscov2,548
last week,547
million doses,544
human rights,539
du covid,538
000 people,537
total number,537
19 dan,536
new post,535
19 case,533
coronavirus stimulus,532
coronavirus quarantine,532
in voting,531
positif covid,530
please help,527
nursing home,527
com covid,527
viernes 14,525
loved ones,523
covid cases,522
covid coronavirus,521
1918 flu,519
ministerio salud,519
per day,518
save lives,516
dr anthony,514
need know,511
exposed covid,511
pacientes covid,510
19 vaccines,509
19 symptoms,507
aumento casos,506
fight covid19,506
semutthek 1trenggalek,506
quarantine list,503
coronavirus infections,503
19 restrictions,501
mitega india,501
vacuna rusa,500
get back,500
month long,500
ini indonesiamaju,499
one day,497
19 related,497
fake news,497
cierre discotecas,497
global pandemic,496
high school,496
new death,495
covid covid19,493
deaths reported,493
york city,492
nuovi casi,492
frozen food,491
big pharma,491
social security,491
amit shah,491
cases confirmed,488
muertes covid,486
positivos coronavirus,486
covid19 crisis,486
pandemic covid19,485
coronavirus france,485
nouveaux cas,484
19 lockdown,481
would like,481
join us,480
response covid,478
relief bill,476
trump says,475
du virus,475
cases covid19,474
prevent spread,473
000 dead,472
gerardo morales,472
coronavirus corona,468
us coronavirus,468
next week,468
york times,467
common cold,466
potential covid,465
trump amp,465
13 agosto,464
wash hands,464
14 agustus,462
darío vivas,462
chicken wings,461
est pas,460
19 infection,459
let us,459
single day,458
protokol kesehatan,455
long recess,454
covid19 amp,451
get well,450
may exposed,450
agustus 2020,449
well soon,448
died coronavirus,445
contagios covid19,445
senate month,444
coronavirus disease,442
américa latina,442
14 days,441
vote mail,439
covid19 covid,439
coronavirus test,439
corona covid19,436
19 impact,435
emergencia sanitaria,434
virus covid,434
penyebaran covid,431
19 situation,430
64 553,430
alberto fernández,430
morally obscene,430
drrpnishank dg_nta,429
muertos coronavirus,428
new normal,427
covid19 lockdown,427
от covid,426
cases among,426
coronavirus updates,425
months ago,425
10 000,424
teachers amp,424
sergio berni,424
slow spread,420
19 través,420
covid19 testing,420
population coronavirus,420
550 people,420
coronavirus new,418
coronavirus task,417
high risk,416
back work,412
sarscov2 forecast,412
mil casos,410
paris et,408
south africa,407
negative covid,407
recovery rate,404
coronavirus tests,404
hari pramuka,402
test results,402
2020 08,401
since covid,401
health amp,401
nuevo coronavirus,401
death population,401
nuevas medidas,401
prime minister,400
qu il,398
people die,398
labor day,398
11 light,397
muertes coronavirus,394
matthew mcconaughey,394
covid19 test,393
bouches du,392
reported today,391
happy independence,390
wan na,387
go away,387
healthcare workers,386
000 deaths,385
90 million,384
look like,383
amid pandemic,382
flu pandemic,381
amp get,381
people covid,381
resistersunite strongertogether,381
wear face,380
confirmed covid,380
tests negative,380
small businesses,379
health department,379
ee uu,379
fauci says,378
people dying,378
19 amp,378
department health,378
abc news,378
people may,377
000 casos,377
19 concerns,375
covid19 corona,374
home minister,374
kamala harris,373
coronavirus vía,373
royaume uni,373
contagio covid,371
14 august,371
second quarter,371
return uk,370
daily thanks,369
speedy recovery,369
daily cases,368
coronavirus españa,368
million people,368
across country,367
biden harris,366
russian covid,366
deaths amp,366
uk coronavirus,366
americans died,365
china virus,365
relief package,364
55 mil,362
da saúde,362
coronavirus restrictions,361
vote person,360
du rhône,359
number cases,358
tested negative,358
au coronavirus,357
immune system,356
challenge trials,356
covid19 patients,355
uk quarantine,355
post covid19,353
test covid,352
prueba covid,352
covid19 response,352
human challenge,352
top story,352
died covid19,351
หน ากากอนาม,351
het coronavirus,351
amp gop,350
000 covid,350
positivo covid19,348
gerakan pramuka,347
number covid,347
never forget,345
total deaths,344
since march,344
testing positive,344
mortality rate,344
via nyt,344
stayhome staysafe,343
il coronavirus,343
study finds,343
lost job,342
one thing,342
impact covid19,341
us covid,341
die covid,341
officials warn,341
covid19 cybersecurity,340
coronavirus través,339
19 infections,338
19 patient,338
tested covid,337
call south,337
health crisis,336
segunda ola,336
infected covid,336
08 14,335
au covid,335
people need,334
covid19 virus,334
da primeira,334
korea stop,334
hong kong,333
august 13,333
international leaders,333
leaders human,333
rights ngos,333
ngos call,333
stop oppression,333
health minister,332
new study,332
care home,332
of the,332
medidas prevención,331
technology ai,331
last time,331
pruebas covid,331
last days,330
pmoindia narendramodi,330
co uk,329
death tolls,329
19 recovery,328
social distance,328
among children,328
legal case,327
mortes covid,327
banco central,327
positivity rate,326
coronavirus spread,326
risk covid,326
dies covid,325
covid19 coronaviruspandemic,325
response coronavirus,325
thelegallowdown law,324
law court,324
court lawyer,324
lawyer lawfirm,324
lawfirm justice,324
justice legal,324
case ip,324
ip scotus,324
scotus tort,324
tort covid19,324
cybersecurity technology,324
167 000,324
โคว ด19,323
death covid,323
first covid,322
postponeneetandjee drrpnishank,321
covid19 covidー19,320
000 cases,320
surge covid,320
light tribute,319
take care,319
please postpone,319
coronavirus hit,318
in the,318
19 guidelines,317
19 among,317
60 000,317
fight coronavirus,317
12 days,317
salud pública,317
got ta,316
fallecidos covid,316
cierra discotecas,316
cases today,315
369 casos,315
amp children,314
would lead,314
pm et,313
cases increase,312
joebiden kamalaharris,312
novo coronavírus,312
vaccine doses,312
dan bela,311
last year,311
19 covid19,311
fox news,311
personal salud,311
discotecas bares,311
amp teachers,310
medio millón,309
penanganan covid,309
flu season,309
coronavirus news,309
novos casos,309
must read,308
cases rise,307
scott morrison,307
13 2020,307
school year,307
expanding covid,307
without coronavirus,307
covid19 positive,307
climate change,306
virus covid19,305
du covid19,305
kasus covid,304
whitehouse realdonaldtrump,304
the coronavirus,304
pcr test,303
corona coronavirus,302
well done,302
uk government,302
kids amp,302
coronavirus thousands,302
000 muertos,301
coronavirus concerns,301
bringing total,301
24 61,300
fatality rate,300
worst fall,300
massive death,300
tax free,300
talk us,299
sounds like,299
bela negara,299
pramuka ikut,299
dalam penanggulangan,299
cuci tangan,299
oppression minor,299
minor religion,299
religion covid,299
beat france,299
entertain empower,298
empower educate,298
educate talk,298
0208 090,298
090 2121,298
2121 hello,298
hello fantasticradio,298
fantasticradio co,298
uk homeofpossibilities,298
homeofpossibilities believeyourpossibilities,298
believeyourpossibilities buy,298
buy song,298
coronavirus coronavirus,298
puede ser,298
19 safety,298
coronavirus infection,297
160 000,297
19 support,297
tell us,297
breaking news,297
selamat hari,296
conspiracy theories,296
lead massive,296
na po,295
19 deal,295
wo protect,295
thousands return,295
ver si,294
like covid,294
membantu dalam,294
2020 covid,294
uk beat,294
seems like,293
need help,293
deaths per,293
new report,293
cada vez,293
coronavirus herd,293
deaths covid,292
us 0208,291
response covid19,291
september without,291
deal sight,291
fauci warns,291
covid19india coronavirus,290
cdc director,290
ikut membantu,290
reconsigap relawankemdikbud,290
via breitbartnews,290
19 plan,289
da positivo,288
free covid,288
come back,288
positif au,288
relief deal,287
19 vía,287
protect kids,287
federal government,286
voting mail,286
pm modi,286
even though,286
post coronavirus,285
500 000,285
confirmados covid,285
bangsa yang,285
executive order,284
coronavirus india,284
14 day,284
added uk,284
testi pozitif,284
000 000,283
il est,283
interview covid,282
coronavirus case,282
recess covid,282
india covid,281
get covid19,281
segunda onda,281
us health,281
álvaro uribe,281
méxico argentina,280
aid block,280
100 mil,280
coronavirus strain,280
coronavirus teachers,280
covid19 relief,279
health workers,279
school reopenings,279
mask wearing,278
grills dr,278
young adults,278
reopening schools,278
muertos covid,278
coronavirus fears,278
gop wo,278
live news,277
mcconaughey grills,277
50 000,277
school district,276
meaning behind,276
per million,276
face coverings,276
click link,275
feel like,275
people get,275
19 testi,275
po sa,275
please support,275
redes sociales,274
coronavirus coronaviruspandemic,274
look forward,274
nuevos positivos,274
teachers coronavirus,274
fall 2021,274
coronavirus si,273
people tested,273
lang po,273
covid19 update,272
latest news,272
strongertogether fbr,272
sur covid,271
coronavirus mask,271
read article,271
deal coronavirus,271
children pawns,271
pawns republicans,271
republicans 01,271
21 pls,271
pls visit,271
2021 resistersunite,271
fbr shareifyoucare,271
scientists say,270
spread virus,270
family members,270
jaga jarak,270
rebrote coronavirus,270
coronavirus could,269
jee neet,269
watch live,269
prohibición fumar,269
berni coronavirus,269
pandemic coronavirus,268
virus vaccine,268
não tem,268
brass rail,268
amid covid19,267
small business,267
economic damage,267
like coronavirus,267
keep kids,267
hello po,267
health insurers,267
people like,266
si coronavirus,266
evitar propagación,266
tulong po,266
po sana,266
laking tulong,266
tulong na,266
coronaviruspandemic covid19india,265
pandemic via,265
causa covid,265
750 000,265
165 000,265
crisis coronavirus,265
po konting,265
konting tulong,265
sana kahit,265
kahit konting,265
konting barya,265
barya po,265
po sobrang,265
sobrang laking,265
sa magulang,265
magulang ko,265
ko godbless,265
godbless po,265
po stay,265
safe kahit,265
kahit retweet,265
retweet lang,265
po sobra,265
sobra kong,265
kong appreciated,265
appreciated gcash,265
gcash number,265
number 09151198529,265
doubled profits,265
cas covid,264
deaths coronavirus,264
drrpnishank hrdministry,264
friday august,264
relawankemdikbud siapadaptasi,264
face covering,264
app asi,264
buenos aires,263
vaccine trials,263
highest number,263
go home,263
experts say,263
take look,263
self isolate,263
great news,263
nuevas muertes,262
new confirmed,262
widespread expanding,261
two months,261
via franceinfo,261
cancel 11,261
arjunawan16 semutthek,261
health experts,260
covid19 bot,260
infectious diseases,260
patients covid,260
bencana covid,259
cases new,259
new infections,258
potential coronavirus,258
19 numbers,258
get sick,257
kids safe,257
coronavirus source,257
coronavirus trump,257
distanciamiento social,257
realdonaldtrump trump,257
first state,256
ministry health,255
caught covid,255
asi ecuador,255
india coronavirus,254
market 2020,254
gracias dios,254
god bless,254
using coronavirus,254
immunity would,254
penanggulangan bencana,253
contagio covid19,253
indonesiamaju bangkituntukindonesiamaju,253
sign petition,253
insurers doubled,253
obscene mcconnell,253
college football,252
coronavirus covidー19,252
gop realdonaldtrump,252
handling covid,252
reino unido,252
northamerica cases,252
national crisis,252
sanidad prohíbe,252
say coronavirus,251
amp amp,251
johns hopkins,251
time covid,251
coronavirus il,251
vaksin covid,250
cashless society,250
nurses doctors,250
sexta feira,250
france added,249
peak covid,249
we re,248
obesity raises,248
cases per,247
today utc,247
utc time,247
boris johnson,247
three month,247
coronavirus frozen,246
000 new,246
handling coronavirus,246
48 040,246
2020 coronavirus,246
19 país,246
lav agarwal,246
health safety,245
19 news,245
deals 90,245
19 méxico,244
day day,244
vaccine candidate,244
please take,244
police officers,244
dado positivo,244
triple whammy,244
among men,244
washington post,243
world health,243
quarter amid,243
attempt get,243
profits second,243
19 triple,243
justintrudeau pattyhajdu,243
working home,242
bowling alleys,242
new jersey,241
19 updates,241
highest daily,241
disease 2019,241
side effects,241
2020 covid19,240
americans dead,240
riesgo contagio,240
covid19 death,240
zealand extends,240
30 agosto,240
related deaths,239
30 000,239
vaccine sign,239
low deaths,239
ke 59,238
years ago,238
latest covid,238
usa northamerica,238
life support,238
pattyhajdu big,238
school reopening,237
good job,237
74th independence,237
die covid19,237
risk death,237
hits covid,237
minimal economic,237
pharma cash,237
tell justintrudeau,237
cash covid,237
common sense,236
next year,236
hari ini,236
dg_nta drrpnishank,236
coronavirus país,236
whammy lockdowns,236
sign vaccines4all,236
coronavirus mundo,235
real estate,235
get rid,235
il faut,235
fallecidos coronavirus,235
lockdowns low,235
amp minimal,235
kamalaharris joebiden,234
says covid,234
19 hit,234
dans monde,234
via googlenews,234
19 still,234
60 million,234
vacunas covid,234
officials say,233
contre covid,233
safe protect,233
retail sales,232
13 08,232
postpone jee,232
infectious disease,232
sweden hits,232
coronavirus pandemia,231
covid vaccine,231
new case,231
fauci instagram,231
per il,231
coronavirus excuse,231
covid deaths,231
let know,231
economic recovery,231
strip clubs,231
