gram,counts
covid 19 pandemic,4936
coronavirus covid 19,3076
href rel nofollow,2924
true href rel,2864
covid 19 cases,2641
deliver copy officials,2595
officials last delivered,2594
copy officials last,2594
signing must act,2552
must act deliver,2552
act deliver copy,2552
rel nofollow twitter,2486
covid 19 crisis,2296
due covid 19,1963
covid 19 outbreak,1961
penyebaran covid 19,1769
nofollow twitter web,1726
covid 19 patients,1707
fight covid 19,1576
twitter web app,1496
positive covid 19,1410
virus covid 19,1369
amid covid 19,1296
covid 19 via,1269
covid 19 coronavirus,1234
sign petition via,1161
covid 19 31mardisinfektanmassal,1154
31 maret 2020,1103
pada 31 maret,1100
covid 19 virus,1070
last delivered govabbott,997
bbc news coronavirus,996
spread covid 19,971
coronavirus death toll,964
tested positive coronavirus,952
covid 19 lockdown,948
casos covid 19,936
melakukan penyemprotan disinfektan,933
amid coronavirus pandemic,917
stay at home,910
cases covid 19,883
upaya polri dalam,882
covid 19 deaths,858
covid 19 response,845
new york times,808
du covid 19,808
prior jorge babu,792
jorge babu manu,791
babu manu foraprior,791
covid 19 test,773
covid 19 di,773
magnets stuck nose,770
response covid 19,752
delivered govabbott representative,748
coronavirus task force,747
covid_19 prior jorge,733
cdtv covid_19 prior,733
tests positive coronavirus,727
mencegah penyebaran covid,716
manu foraprior david,716
health care workers,714
covid 19 sign,708
petition via ukchange,699
new york city,699
cegah covid 19,699
30 03 2020,692
19 sign petition,691
new coronavirus cases,688
dalam mencegah penyebaran,683
covid 19 salah,681
19 salah satunya,681
covid 19 update,681
covid cdtv covid_19,679
salah satunya dengan,679
disinfektan berskala besar,677
penyemprotan disinfektan berskala,677
serentak oleh kepolisian,676
tingkat mabes polri,676
dari tingkat mabes,676
kepolisian dari tingkat,676
oleh kepolisian dari,676
dengan melakukan penyemprotan,675
polri dalam mencegah,675
lakukan serentak oleh,674
satunya dengan melakukan,673
di lakukan serentak,673
berskala besar yang,672
mabes polri hingga,672
yang di lakukan,671
besar yang di,670
covid self_portrait covid19,669
hingga polda polres,669
polri hingga polda,669
maret 2020 besok,664
polda polres dan,659
polres dan polsek,657
love rock roll,648
johnson amp johnson,643
2020 besok 31mardisinfektanmassal,640
indonesia pada 31,639
se indonesia pada,639
polsek se indonesia,639
gets magnets stuck,638
march 30 2020,630
dan polsek se,624
covid 19 testing,617
nofollow twitter android,615
stay home stay,608
pandemia covid 19,606
at home order,605
covid 19 death,602
stuck nose inventing,588
coronavirus live updates,587
nose inventing coronavirus,586
inventing coronavirus device,584
amid coronavirus outbreak,583
astrophysicist gets magnets,579
covid 19 symptoms,566
david telephone made,557
foraprior david telephone,557
telephone made another,557
new covid 19,555
another letslovesuho trump,550
made another letslovesuho,550
fda issues emergency,543
crisis covid 19,514
social distancing guidelines,503
stay home order,499
last delivered govparsonmo,498
covid 19 situation,486
impact covid 19,485
tested positive covid,483
shri asharamji bapu,474
sant shri asharamji,467
make breathing aid,466
covid 19 atau,464
home stay safe,464
us covid 19,464
covid 19 relief,461
massal pada 31,459
issues emergency authorization,458
covid 19 vía,453
jorge covid self_portrait,453
kebijakan pemerintah dalam,443
19 atau corona,442
terhadap kebijakan pemerintah,441
kepatuhan terhadap kebijakan,441
pemerintah dalam penanganan,440
perkembangan virus covid,435
atau corona dan,434
melakukan penyemproran disinfektan,433
penyemproran disinfektan massal,433
dan kepatuhan terhadap,433
corona dan kepatuhan,433
disinfektan massal pada,432
dalam penanganan corona,432
penanganan corona polri,432
polri memerintahkan melakukan,431
memerintahkan melakukan penyemproran,431
corona polri memerintahkan,431
personal protective equipment,430
antisipasi perkembangan virus,421
amid coronavirus crisis,420
covid 19 spread,417
mercedes f1 make,413
f1 make breathing,408
new cases coronavirus,404
coronavirus mercedes f1,404
comedian ken shimura,404
confirmed covid 19,404
au covid 19,403
gt gt gt,400
da covid 19,397
president donald trump,395
due coronavirus pandemic,389
pm cares fund,388
help fight coronavirus,385
nuevos casos coronavirus,383
pencegahan penyebaran covid,380
tests positive covid,375
positivo covid 19,371
fighting covid 19,371
please stay home,369
patients 100 success,363
últimas 24 horas,362
000 200 000,359
100 000 200,359
last week tonight,351
died covid 19,349
covid 19 case,348
maret 2020 31mardisinfektanmassal,347
coronavirus via youtube,343
japanese comedian ken,343
covid 19 related,342
coronavirus patients 100,341
world health organization,339
699 coronavirus patients,335
test positive coronavirus,334
delivered govparsonmo representative,334
bersama cegah covid,333
coronavirus pandemic via,333
tested positive covid19,331
da positivo coronavirus,331
lakukan pencegahan penyebaran,331
ken shimura dies,330
covid 19 patient,330
konsistensi polri lakukan,330
polri lakukan pencegahan,330
covid 19 ini,326
tonight john oliver,325
week tonight john,325
treat covid 19,323
new york state,319
covid 19 yang,319
000 coronavirus deaths,319
white house coronavirus,319
covid 19 amp,318
iii last week,315
positif covid 19,313
death toll rises,313
trump com jorge,312
get covid 19,310
coronavirus iii last,310
dominic cummings self,309
covid 19 infection,308
letslovesuho trump suho,308
john oliver hbo,308
coronavirus social distancing,306
200 000 americans,304
affected covid 19,303
chief medical officer,301
crise du coronavirus,299
covid 19 vaccine,297
treated 699 coronavirus,297
petition via change,296
com covid 19,293
cure covid 19,291
van gogh painting,291
zelenko treated 699,290
extends social distancing,289
protect right birth,286
partner covid 19,286
right birth partner,286
time covid 19,284
birth partner covid,284
covid 19 tests,283
number coronavirus cases,283
nhs protect right,283
death cases diseases,282
difference death cases,282
great difference death,282
makes great difference,282
anti malaria drug,282
help covid 19,281
30 marzo 2020,280
covid_19 covid19 coronavirus,279
die covid 19,278
infected covid 19,271
number covid 19,271
lawan covid 19,270
case covid 19,269
coronavirus transmite aire,268
government key workers,268
covid 19 positive,268
disease covid 19,268
extra covid 19,268
paid 30 extra,268
更新 小池都知事が20時から緊急記者会見 coronavirus,267
get well soon,267
coronavirus press conference,267
face au coronavirus,267
key workers paid,266
workers paid 30,266
19 death toll,266
30 extra covid,266
uk government key,266
pandemi covid 19,262
100 000 would,262
confirmed coronavirus cases,261
coronavirus disease 2019,260
deaths 100 000,260
covid 19 emergency,259
test positive covid,258
pacientes covid 19,258
authorization anti malaria,256
prepare covid 19,256
people stay home,256
rock roll songwriter,256
would good job,254
anti malaria drugs,253
gogh painting stolen,252
simón da positivo,251
delivered govabbott senator,249
contre covid 19,249
fernando simón da,249
easyjet grounds entire,248
coronavirus covid_19 covid19,248
please sign petition,246
grounds entire fleet,246
coronavirus disease covid,245
first covid 19,245
letslovesuho trump jimin,244
slow spread covid19,244
last 24 hours,243
combat covid 19,242
โคว ด19 covid19,242
wabah covid 19,242
trump jimin jorge,241
jimin jorge covid,241
oliver hbo via,240
update covid 19,240
corona covid 19,239
covid 19 em,238
hbo via youtube,238
com jorge covid,236
sayfie flapol covid19,235
guidelines april 30,235
trump coronavirus response,234
pandemik covid 19,234
stop spread coronavirus,233
help slow spread,233
stay fuck home,232
people covid 19,231
amid coronavirus lockdown,231
covid 19 could,231
twitter web client,231
declara emergencia sanitaria,230
coronavirus new york,229
covid_19 coronavirus covid19,229
emergency authorization anti,229
000 would good,228
coronavirus patients via,227
covid 19 covid19,227
number global cases,226
covid 19 quarantine,226
sa covid 19,224
back students coronavirus,223
brings back students,222
amp covid 19,222
university brings back,222
last delivered rondesantisfl,221
medical supplies china,220
liberty university brings,220
job retention scheme,220
covid 19 kills,220
prevent spread coronavirus,220
dies covid 19,219
symptoms prevention android,218
coronavirus symptoms prevention,218
prevention android prepare,218
penanganan covid 19,218
android prepare covid,218
via namo app,217
covidー19 coronavirus covid2019,217
polri dalam melakukan,217
americans could die,217
19 di indonesia,217
terkait virus covid,217
practice social distancing,216
21 day lockdown,216
distancing guidelines april,215
2019 covid 19,214
regarding covid 19,214
confirmados covid 19,214
related covid 19,214
lungs covid19 tuberculosis,213
health individuals makes,213
covid19 tuberculosis asthma,213
asthma difficultbreathingno medicine,213
removing trigger points,213
coronavirus removing trigger,213
coronavirus covid19 covid_19,213
tuberculosis asthma difficultbreathingno,213
treatment coronavirus removing,213
difficultbreathingno medicine viruses,213
viruses health individuals,213
points lungs covid19,213
help treatment coronavirus,213
trigger points lungs,213
medicine viruses health,213
sangat serius dalam,213
individuals makes great,213
000 covid 19,213
covid 19 hal,212
19 hal ini,212
pencegahan pandemik covid,212
100 success using,212
federal judge temporarily,212
serius dalam melakukan,211
hydroxychloroquine sulfate zinc,211
polri sangat serius,211
penanggulangan pencegahan pandemik,211
dalam melakukan penanggulangan,211
covid 19 impact,211
melakukan penanggulangan pencegahan,210
dengan upaya polri,209
covid 19 affected,209
hal ini dibuktikan,209
dibuktikan dengan upaya,209
ini dibuktikan dengan,209
covid 19 fight,209
judge temporarily blocks,209
covid 19 treatment,208
000 americans could,208
penyemprotan disinfektan diberbagai,208
dalam melakukan penyemprotan,208
sign petition share,207
deaths covid 19,207
temporarily blocks texas,207
disinfektan diberbagai titik,207
covid 19 méxico,207
covid 19 still,207
success using hydroxychloroquine,206
closed due coronavirus,205
navy hospital ship,205
emergency authorization hydroxychloroquine,205
breaking fda issues,205
patients covid 19,204
test covid 19,204
trump says keeping,204
petition share friends,204
says keeping us,204
stay safe stay,203
using hydroxychloroquine sulfate,203
know covid 19,203
aide tests positive,202
president trump coronavirus,202
000 cases march,202
coronavirus abortion ban,202
due coronavirus outbreak,202
current covid 19,201
casos confirmados covid,201
1trenggalek konsistensi polri,201
shimura dies coronavirus,201
makinde tests positive,200
covid 19 new,200
treatment covid 19,200
emergency use authorization,200
200 000 coronavirus,199
students coronavirus fears,198
covid 19 updates,198
casos confirmados coronavirus,198
blocks texas enforcing,196
covid 19 dengan,196
symptoms covid 19,196
confirmed cases coronavirus,196
dr vladimir zelenko,196
news coronavirus mercedes,196
texas enforcing coronavirus,196
sulfate zinc pak,195
confirmed cases covid,195
covid 19 país,195
enforcing coronavirus abortion,195
tested covid 19,194
malaria drug coronavirus,193
200 000 deaths,193
coronavirus death rate,192
titik di indonesia,192
amidst covid 19,192
latest covid 19,192
job losses could,192
diberbagai titik di,192
stay home save,192
covid 19 may,192
lunes 30 marzo,191
authorization hydroxychloroquine prescribed,191
testing positive coronavirus,191
hydroxychloroquine prescribed coronavirus,191
19 deaths 100,190
19 test kits,190
let us know,190
prescribed coronavirus patients,190
nuevos casos covid,190
pour lutter contre,188
coronavirus crisis via,188
covid19 covid_19 coronavirus,188
watch full video,188
monday march 30,187
informed trump administration,186
lucha covid 19,186
coronalockdown coronavirus covid19,186
30 trump com,185
home save lives,185
coronavirus job retention,185
another 30 trump,185
47 million unemployment,184
risk covid 19,184
practice turns fatal,183
covid19 nationalnurses demanding,183
contrarian coronavirus theory,183
losses could total,183
di indonesia 31mardisinfektanmassal,183
workers covid 19,183
covid19 โคว ด19,182
coronavirus theory informed,182
identify risk cases,182
self reporting symptoms,182
spread covid19 identify,182
covid 19 dan,182
risk cases sooner,181
part war coronavirus,181
liberty university students,181
cases sooner self,181
sooner self reporting,181
total 47 million,181
covid19 identify risk,181
positivos covid 19,181
could total 47,181
reporting symptoms daily,181
covid 19 hospital,181
daily even feel,180
ne sont pas,180
disease 2019 covid,180
symptoms daily even,180
choir practice turns,180
million unemployment rate,180
even feel well,180
theory informed trump,180
keeping us covid,179
covid 19 data,179
covid 19 jatenglawancorona,178
like covid 19,178
19 via youtube,177
comes covid19 bot,177
coronavirus update country_region,177
new deaths total,177
data comes covid19,177
101 year old,176
well download app,176
governor seyi makinde,176
30 march 2020,176
masal cegah covid,176
feel well download,176
penyemprotan masal cegah,176
casos positivos coronavirus,176
suho bizbizeyeteriz covid,175
drug coronavirus care,175
article amp reuters,175
fight coronavirus pandemic,175
david mike lindell,175
19 jatenglawancorona 31mardisinfektanmassal,175
bizbizeyeteriz covid self_portrait,175
covid 19 corona,174
news covid 19,173
things almost perfectly,173
support covid 19,173
ao covid 19,173
van gogh museo,172
arrives new york,172
ng covid 19,172
million americans tested,172
84 वर वय,172
need helping hand,172
last delivered iagovernor,171
trump extends social,171
shelter in place,171
dr anthony fauci,171
missing six weeks,171
year old man,170
100 success rate,170
trump administration sent,170
post covid 19,170
covid 19 et,169
covid 19 hoax,169
coronavirus cases rise,168
muertos covid 19,168
jerry falwell jr,168
impacted covid 19,168
protective medical gear,167
transmite través aire,166
supporting need helping,166
meresahkan masyarakat polri,166
covid 19 numbers,165
war coronavirus join,165
medical gear china,165
join supporting need,164
coronavirus outbreak via,164
helping hand critical,164
masyarakat polri sangat,164
response coronavirus pandemic,164
caso covid 19,164
eight sex offenders,164
socialdistancing coronalockdown coronavirus,164
despite covid 19,164
breaking foxnews alert,163
failed biggest test,163
biggest test life,163
hand critical hour,163
lundi 30 mars,163
think covid 19,162
spreading fake news,162
19 yang kian,162
ministério da saúde,162
coronavirus join supporting,162
merrill love rock,162
roll songwriter dies,162
sent protective medical,162
two weeks ago,162
ja ja ja,161
long term care,161
predicts 200 000,161
covid 19 news,161
coronavirus stimulus package,161
trump failed biggest,161
sant shri asaram,161
combatir covid 19,160
national doctors day,160
weeks trump failed,160
yang kian meresahkan,160
kian meresahkan masyarakat,160
covid 19 china,160
please stay safe,160
covid 19 please,160
contagios covid 19,160
six weeks trump,160
protect others covid19,160
delivered govparsonmo senator,160
propagación covid 19,160
administration sent protective,159
home covid 19,159
alan merrill love,159
new cases covid,159
19 kills surgeon,159
social distancing measures,158
coronavirus job losses,158
trump covid 19,158
face au covid,157
done good job,157
gon na get,157
at home orders,157
up to date,156
firma petición vía,156
100 000 deaths,156
virus threat us,155
china covid 19,155
seyi makinde tests,155
handling covid 19,154
new york coronavirus,154
get coronavirus pets,154
confirmed cases covid19,154
dr zelenko treated,154
coronavirus covid19 sarscov2,154
share friends covid19,153
covid 19 infections,153
coronavirus coverage daily,153
epoch times app,153
exclusive coronavirus coverage,152
surgeon ca save,152
coronavirus covid19 covidー19,152
coverage daily updates,152
kills surgeon ca,152
app see exclusive,152
fernando simón positivo,152
stock trades lawmakers,152
times app see,152
covid 19 two,152
see exclusive coronavirus,152
health care professionals,152
vincent van gogh,152
fatal airborne coronavirus,151
coronavirus strongly suspected,151
updates covid 19,151
stay away crowded,151
turns fatal airborne,151
trades lawmakers coronavirus,151
using hydroxychloroquine zinc,151
songwriter dies coronavirus,150
nationalnurses demanding ahahospitals,150
airborne coronavirus strongly,150
demanding ahahospitals listen,150
spread novel coronavirus,150
foraprior 90dayfiance mickey,150
lawmakers coronavirus briefings,150
शन इनक coronavirus,150
protective equipment protect,150
manu foraprior 90dayfiance,150
ahahospitals listen science,150
debts countries people,149
debt jubilee germany,149
jubilee germany 1948,149
mortes covid 19,149
god help us,149
science protectnurses add,149
allies germany clean,149
protectnurses add name,149
government allies germany,149
help american government,149
1948 help american,149
worldwide coronavirus covid19,149
hydroxychloroquine zinc pak,149
germany 1948 help,149
clean slate start,149
reviews stock trades,149
germany clean slate,149
dies coronavirus complications,149
forgive debts countries,149
treating covid 19,149
frente covid 19,149
coronavirus fake news,149
go back work,149
must forgive debts,149
world need coronavirus,149
listen science protectnurses,149
american government allies,149
ce est pas,148
contagio covid 19,148
washington post must,148
need coronavirus jubilee,148
others covid19 nationalnurses,148
post must forgive,148
year old italian,148
animals shelters ignorance,147
simón positivo coronavirus,147
equipment protect others,147
prevent covid 19,147
कर शहर शन,147
शहर शन इनक,146
pets people dumping,146
prevent spread covid,146
proper personal protective,146
dumping animals shelters,146
give ration hindus,146
dr birx predicts,146
coronavirus pets people,146
coronavirus test kits,145
covid19 means many,145
coronavirus transmite través,145
people dumping animals,145
कहर कर शहर,145
battle covid 19,145
cummings self isolates,145
total confirmed cases,145
shelters ignorance fear,144
covid 19 na,144
hindus karachi city,144
ration hindus karachi,144
trump says coronavirus,144
refuses give ration,144
new cases covid19,144
last delivered dougducey,144
slow spread coronavirus,144
work covid 19,143
covid 19 would,143
covid 19 world,143
joe diffie dies,143
bbc news mundo,143
2020 03 30,143
conjoined twins dies,143
abc news via,143
coronavirus pakistan refuses,143
pakistan refuses give,143
birx predicts 200,142
coronavirus cases surge,142
cause du coronavirus,142
jptu jabatanpenerangan covid19,142
means many ca,142
coronavirustruth coronavirus covid19,142
इनक coronavirus pakistan,141
says covid 19,141
karachi city navbharat,141
mortgages covid19 means,141
hindus कहर कर,141
ration hindus कहर,141
city navbharat times,141
hospital exec fired,141
prueba covid 19,141
pakistan refuses ration,141
ca save via,141
covid 19 stay,141
refuses ration hindus,141
many ca pay,141
rel nofollow tweetdeck,141
covid 19 est,141
prince charles self,140
oms confirma coronavirus,140
away crowded areas,140
museum closed due,140
nurses threatened disciplined,140
the covid 19,140
covid 19 não,140
top health officials,140
coronavirus relief bill,140
threatened disciplined advocating,140
people tested positive,140
delivered rondesantisfl representative,140
contingencia covid 19,139
causa covid 19,139
disciplined advocating proper,139
ignorance fear please,139
usns comfort arrives,139
limits number people,139
advocating proper personal,138
mateus covid_19 covid19,138
people recovered coronavirus,138
si mata coronavirus,138
covid 19 epidemic,138
cuadro van gogh,138
vladimir zelenko treated,138
help fight covid,138
pasien covid 19,138
number people see,138
license practice medicine,138
charles self isolation,138
casos positivos covid,137
confirma coronavirus transmite,137
840 000 voices,137
000 voices urging,137
contro il coronavirus,137
30 mars 2020,137
social distancing rules,136
rate using hydroxychloroquine,136
lakukan penyemprotan disinfektan,136
covid 19 victims,136
patients via gatewaypundit,136
members covid 19,136
stay home covid19,136
save via youtube,136
delivered dougducey representative,136
community covid 19,135
covid19 coronavirus coronavid19,135
penyemprotan disinfektan serentak,135
sanitaria covid 19,135
success rate using,135
cummings self isolating,135
minister relief fund,135
stop spread covid19,135
update dr zelenko,135
complications covid 19,135
méxico declara emergencia,134
mari bersama sama,134
of covid 19,134
coronavid19 stayhome staysafe,134
justice department reviews,134
staysafe washyourhands corona,134
corona coronaoutbreak covid2019,134
department reviews stock,134
coronavirus easyjet grounds,134
cases detected positive,134
washyourhands corona coronaoutbreak,134
prevent spreading coronavirus,134
coronavirus sars cov,134
please help us,134
coronavirus coronavid19 stayhome,134
hydroxychloroquine treating coronavirus,134
cancel rent mortgages,134
19 affected countries,134
rent mortgages covid19,134
stayhome staysafe washyourhands,134
news via abc,133
videos 840 000,133
cuomo new york,133
asaram bapu ji,133
voices urging cancel,133
du coronavirus via,133
world covid 19,133
urging cancel rent,133
causa fuerza mayor,133
watch videos 840,133
coronavirus total number,132
30 03 20,132
repeat get coronavirus,132
fact check trump,132
van het coronavirus,132
covid 19 really,132
consejo salubridad general,132
stay safe everyone,132
per il coronavirus,132
delivered iagovernor representative,132
last delivered asahutchinson,132
covid 19 mundo,132
coronavirus license practice,131
entire fleet planes,131
covid 19 global,131
covid 19 yet,131
trump coronavirus press,131
medical officer banned,131
justintrudeau watch videos,131
polri penyemprotan masal,131
tjhinfar21 thearieair aryprasetyo85,130
fallecidos covid 19,130
help stop spread,130
thearieair aryprasetyo85 narkosun,130
emergencia covid 19,130
treating coronavirus license,130
1trenggalek tjhinfar21 thearieair,130
health care system,130
covid 19 health,130
chinese communist party,129
us coronavirus death,129
misleading viewers coronavirus,129
officer banned hydroxychloroquine,129
live updates 200,129
banned hydroxychloroquine treating,129
foraprior david mike,129
il covid 19,129
br3k3l3_ny454r yunankingstar1 bungahalomoan1,129
narkosun divhumas_polri br3k3l3_ny454r,129
mann ki baat,129
hwi_wijaya_ke2 notesofmila konsistensi,129
notesofmila konsistensi polri,129
divhumas_polri br3k3l3_ny454r yunankingstar1,129
bungahalomoan1 hwi_wijaya_ke2 notesofmila,129
yunankingstar1 bungahalomoan1 hwi_wijaya_ke2,129
aryprasetyo85 narkosun divhumas_polri,129
separated conjoined twins,129
president ignores coronavirus,129
public health crisis,128
nevada governor sisolak,128
earn 600 ecoins,128
since covid 19,128
march 29 2020,128
updates 200 000,128
covid 19 community,128
contagiados covid 19,128
korea burning cash,128
asaram ji bapu,128
burning cash prevent,127
covid 19 disease,127
cash prevent spreading,127
people see please,127
total number cases,127
governor sisolak chief,127
cases covid19 reported,127
sisolak chief medical,127
jabatanpenerangan covid19 dudukrumah,126
information covid 19,126
said last week,126
covid19 sarscov2 forecast,126
muertes covid 19,126
population coronavirus covid19,126
gegen das coronavirus,125
people dying coronavirus,125
ai tempi coronavirus,125
fear please please,125
covid19 dudukrumah stayathome,125
nigeria records second,125
vs covid 19,125
coronavirus response act,125
covid 19 spreading,125
critical population coronavirus,125
the new york,125
south korea burning,124
join fight coronavirus,124
covid 19 confirmed,124
may hit 32,124
covid 19 expert,124
amp seoul led,124
stop covid 19,124
dying covid 19,124
coronavirus amp seoul,124
death critical population,124
ce qu il,124
please please post,124
spreading coronavirus amp,124
us service member,124
use covid 19,124
issues stay at,123
painting stolen museum,123
42 000 people,123
led government initiative,123
first coronavirus response,123
2020 covid 19,123
coronavirus covid19 coronavirusoutbreak,123
global covid 19,123
nearly dozen liberty,123
cegah penyebaran covid,123
unemployment rate may,123
families first coronavirus,123
trump coronavirus task,122
mike lindell made,122
seoul led government,122
wuhan residents say,122
republicans would never,122
rate may hit,122
virus corona covid,122
000 people may,122
government initiative introduce,122
italy banco sella,122
covid 19 like,122
launch bitcoin trading,122
alertó 10 ocasiones,122
covid 19 stimulus,122
number confirmed cases,122
coronavirus aid relief,122
spanish flu pandemic,122
coronavirus deaths if,121
coronavirus self isolation,121
total number global,121
if things almost,121
encouraged italy banco,121
covid 19 information,121
trump suho bizbizeyeteriz,121
sella launch bitcoin,121
informe ue revela,121
working around clock,121
ue revela alertó,121
वर वय sant,121
वय sant shri,121
diagnosed covid 19,121
pillow letslovesuho trump,121
