coronavirus,327329
covid19,153681
covid,139430
19,133474
nan,84245
people,41166
amp,36560
via,33369
trump,31397
us,27433
new,26363
pandemic,25558
cases,25084
virus,24109
news,21422
like,20380
covid_19,20072
china,20002
get,19944
help,19062
home,18726
one,18513
time,18166
crisis,18100
lockdown,17388
000,16847
health,16244
need,16047
please,15872
stay,15276
si,15235
di,15030
world,14878
would,13442
deaths,13142
know,13114
et,13060
corona,12895
good,12777
realdonaldtrump,12188
il,12002
des,11949
could,11862
see,11839
2020,11780
30,11728
go,11383
due,11381
da,11119
day,11059
government,11035
hospital,10776
support,10690
die,10664
many,10611
take,10558
patients,10525
work,10482
going,10446
na,10423
spread,10398
still,10310
du,10027
positive,9975
death,9950
fight,9919
social,9897
make,9815
today,9724
test,9673
outbreak,9656
est,9647
says,9586
per,9531
even,9513
workers,9509
may,9473
first,9465
right,9421
state,9411
country,9200
last,9095
casos,8933
the,8923
care,8919
think,8894
president,8791
must,8727
let,8670
well,8634
re,8603
pour,8557
also,8305
stop,8279
thank,8206
back,8199
quarantine,8181
medical,8177
live,8087
response,8085
said,7962
total,7933
great,7920
10,7743
want,7691
keep,7682
india,7677
days,7631
read,7612
way,7546
really,7423
testing,7369
much,7169
say,7028
times,6970
week,6946
every,6930
safe,6856
god,6850
everyone,6848
coronavirustruth,6822
life,6809
video,6716
use,6686
100,6673
public,6636
uk,6621
working,6610
masks,6568
pas,6563
youtube,6515
non,6497
update,6480
march,6437
got,6420
come,6351
hope,6315
amid,6261
pandemia,6261
stayhome,6248
twitter,6232
business,6205
man,6199
york,6103
free,6025
true,6022
dr,6011
20,6001
number,5990
media,5974
real,5973
dan,5891
latest,5854
com,5846
lives,5813
daily,5790
au,5788
em,5770
made,5748
gobierno,5634
to,5618
two,5608
love,5592
family,5591
another,5580
tested,5571
thanks,5566
year,5546
doctors,5545
face,5492
emergency,5462
job,5456
qui,5414
cuarentena,5399
gt,5399
distancing,5386
vía,5333
data,5313
une,5281
never,5277
tests,5272
america,5252
around,5241
casa,5237
look,5229
sur,5136
act,5130
não,5122
symptoms,5113
getting,5094
weeks,5061
give,5052
global,5042
va,5029
information,5019
better,4971
watch,4964
case,4955
done,4941
money,4917
americans,4911
check,4884
mais,4877
confirmed,4851
ser,4844
usa,4834
ca,4830
officials,4828
thing,4819
ve,4807
ne,4805
best,4802
self,4799
million,4798
chinese,4786
food,4733
things,4640
already,4635
died,4621
mundo,4618
gente,4611
updates,4604
call,4590
dans,4583
eu,4582
order,4567
hospitals,4561
online,4552
stayathome,4551
salud,4546
pm,4531
italy,4522
risk,4474
pay,4456
states,4453
post,4443
community,4439
staff,4436
protect,4431
app,4430
april,4404
país,4388
part,4360
since,4348
needs,4325
sick,4325
ce,4307
cnn,4305
anyone,4293
put,4293
something,4279
sa,4274
in,4267
24,4265
van,4263
together,4259
house,4257
plus,4244
away,4229
31mardisinfektanmassal,4204
next,4202
show,4171
healthcare,4169
long,4168
end,4165
personas,4140
and,4136
je,4111
important,4100
without,4095
save,4083
city,4081
che,4078
sure,4061
find,4033
situation,4026
share,4023
article,4010
infected,4001
place,3996
coronavírus,3986
countries,3976
disease,3953
others,3947
someone,3940
big,3923
using,3920
shit,3909
old,3906
कर,3903
yang,3887
flu,3882
taking,3871
par,3832
start,3824
yet,3812
15,3800
vous,3785
open,3785
making,3783
numbers,3780
local,3772
bien,3771
wuhan,3754
españa,3753
national,3745
solo,3730
plan,3706
medidas,3695
nothing,3688
ahora,3678
trying,3672
police,3670
years,3667
12,3657
impact,3628
11,3619
um,3609
govt,3605
isolation,3592
relief,3580
enough,3577
believe,3556
breaking,3553
hoy,3549
far,3533
france,3533
bad,3521
ever,3514
rate,3507
report,3497
nhs,3490
polri,3484
50,3474
oh,3473
american,3466
economy,3462
200,3457
coronaviruspandemic,3449
person,3448
fuck,3444
story,3433
covidー19,3429
essential,3421
months,3408
fake,3402
así,3388
hard,3385
der,3384
coming,3381
county,3377
full,3369
governor,3367
this,3357
de,3355
dies,3349
confinement,3347
saying,3344
dos,3342
might,3341
yes,3341
of,3339
top,3337
tell,3337
treatment,3316
team,3304
toll,3299
it,3280
follow,3279
measures,3278
service,3274
feel,3261
always,3260
rt,3249
lot,3245
14,3242
businesses,3237
hands,3218
presidente,3213
mas,3213
monday,3209
deliver,3167
least,3161
sign,3160
human,3131
cure,3129
reported,3128
link,3127
soon,3119
hit,3112
continue,3110
high,3107
everything,3103
ini,3103
vaccine,3100
control,3097
join,3094
anything,3083
info,3069
ll,3065
services,3058
doctor,3055
south,3051
supplies,3045
31,3039
el,3039
día,3038
johnson,3034
senator,3033
delivered,3026
hacer,3017
gov,3012
spreading,3008
friends,3006
covid2019,3002
change,2995
war,2984
mask,2948
across,2946
qu,2943
href,2933
narendramodi,2932
listen,2932
rel,2930
socialdistancing,2928
ver,2926
nofollow,2924
fund,2920
no,2912
point,2907
called,2884
dead,2878
nous,2875
bill,2867
possible,2867
contact,2867
italia,2860
makes,2859
und,2849
students,2844
puede,2842
das,2840
fucking,2839
copy,2829
looking,2827
thought,2827
gets,2826
little,2823
ppe,2817
whole,2817
wrong,2806
minister,2805
tv,2794
ago,2792
ventilators,2791
questions,2789
small,2785
signing,2784
ai,2780
actually,2780
used,2776
muertos,2774
dying,2767
cause,2762
maybe,2758
system,2751
told,2745
including,2728
रह,2722
coronavirusoutbreak,2719
fda,2712
nyc,2709
staysafe,2709
tweet,2694
representative,2694
available,2693
reports,2691
economic,2688
guy,2678
méxico,2678
03,2673
issues,2673
sir,2671
question,2662
advice,2654
web,2654
días,2645
current,2644
29,2635
you,2622
closed,2621
positivo,2620
florida,2620
personal,2619
yg,2602
donate,2598
ou,2595
nation,2590
learn,2588
prevent,2588
school,2584
fighting,2583
front,2581
we,2576
travel,2566
helping,2566
is,2562
nurses,2544
hace,2543
infection,2543
less,2536
avec,2532
all,2522
hand,2522
hydroxychloroquine,2520
employees,2520
etc,2517
close,2512
hours,2502
press,2497
line,2496
cómo,2489
dalam,2485
fact,2482
la,2478
gracias,2472
sont,2470
normal,2468
affected,2467
united,2463
critical,2462
action,2462
on,2457
resources,2449
aid,2443
companies,2442
remember,2439
spain,2438
seen,2438
for,2435
fear,2434
पर,2433
early,2425
needed,2425
children,2421
federal,2420
ask,2420
nigeria,2418
month,2408
uma,2405
air,2397
related,2397
instead,2393
patient,2391
menos,2380
caso,2378
potus,2373
briefing,2370
recovered,2368
idea,2360
force,2358
provide,2355
25,2349
hoax,2349
lost,2349
het,2340
set,2337
citizens,2335
sad,2335
kill,2333
mean,2321
500,2318
thelockdown,2316
experts,2315
left,2301
able,2301
fox,2300
mayor,2287
try,2283
hear,2281
penyebaran,2281
worse,2274
en,2268
talk,2266
taken,2264
ny,2263
population,2260
safety,2258
families,2253
aux,2253
morning,2250
company,2241
pra,2240
wow,2236
problem,2236
millions,2233
hi,2233
white,2228
else,2227
anti,2226
17,2224
mil,2224
seriously,2222
shows,2219
18,2218
donald,2216
chloroquine,2215
bolsonaro,2213
understand,2212
korea,2211
quedateencasa,2210
kids,2208
gon,2203
market,2198
leave,2197
message,2194
started,2189
dari,2188
wait,2184
members,2182
21,2174
vida,2173
pacientes,2167
petition,2166
drug,2162
means,2159
power,2159
emergencia,2155
lies,2154
three,2151
germany,2150
dengan,2147
different,2147
thread,2142
untuk,2137
poor,2136
truth,2135
group,2121
leadership,2119
indonesia,2112
coronaupdate,2110
residents,2107
bbc,2104
crise,2086
brasil,2083
law,2083
general,2083
guys,2079
nuevos,2072
despite,2072
found,2071
restrictions,2067
ok,2067
science,2064
giving,2060
shut,2049
europe,2049
cas,2045
aquí,2045
marzo,2041
muertes,2038
administration,2036
amazon,2035
se,2029
wo,2029
pelosi,2025
john,2022
age,2022
stupid,2020
oms,2018
rest,2017
2019,2015
mejor,2015
thousands,2012
sent,2010
lol,2009
serious,2000
pmoindia,1998
que,1997
industry,1992
13,1987
university,1986
tem,1983
threat,1982
gop,1981
años,1980
keeping,1975
inside,1974
name,1972
seems,1967
efforts,1961
living,1959
guidelines,1958
at,1954
worst,1953
treat,1953
equipment,1952
visit,1951
mal,1944
research,1939
given,1935
contre,1933
almost,1930
ke,1930
website,1930
cada,1928
especially,1926
ready,1925
financial,1925
pray,1923
और,1917
ça,1913
past,1913
demand,1909
orders,1904
access,1901
canada,1901
party,1898
healthy,1893
ils,1892
staying,1892
become,1889
future,1887
talking,1883
hey,1874
list,1873
happy,1872
area,1868
allah,1863
bir,1861
leaders,1861
vulnerable,1860
center,1858
office,1852
increase,1849
political,1848
following,1848
40,1848
ng,1846
ones,1846
cuomo,1843
bu,1841
pakistan,1840
mental,1838
jorge,1832
based,1830
goes,1828
foxnews,1824
ont,1819
dice,1818
sorry,1818
stimulus,1814
thinking,1810
un,1802
novel,1802
melakukan,1799
low,1796
reason,1792
send,1791
likely,1789
entire,1788
comes,1786
second,1785
disinfektan,1785
información,1785
60,1784
16,1777
play,1776
announced,1775
looks,1767
ppl,1764
moment,1764
wants,1760
im,1760
tan,1759
australia,1758
probably,1757
amazing,1756
fallecidos,1756
delhi,1753
dia,1751
sars,1747
ao,1746
interesting,1742
kind,1741
favor,1741
venezuela,1739
facebook,1732
momento,1728
mind,1724
that,1723
argentina,1722
study,1721
deal,1719
heart,1718
ang,1717
vez,1714
tips,1714
happen,1707
date,1705
dear,1704
went,1704
hate,1704
release,1702
stock,1701
course,1701
00,1695
rise,1693
hell,1689
woman,1687
vs,1687
sense,1686
iran,1685
28,1683
calling,1681
protection,1678
issue,1678
reporting,1677
mr,1673
behind,1670
key,1670
women,1669
ways,1669
run,1667
though,1661
faire,1660
asked,1659
kits,1658
hold,1655
department,1653
sanitaria,1650
bank,1648
stuck,1647
tout,1647
ada,1645
millones,1644
situación,1643
history,1641
panic,1641
leader,1640
hai,1639
outside,1638
protective,1638
número,1637
parte,1629
chief,1626
yomequedoencasa,1623
reality,1622
calls,1622
kita,1620
negative,1617
took,1617
bring,1616
vamos,1613
buy,1611
slow,1610
africa,1610
page,1608
ass,1607
médicos,1603
नह,1603
finally,1603
sunday,1602
head,1600
indiafightscorona,1600
damn,1599
confirmados,1599
infectados,1599
infections,1598
combat,1596
happening,1595
rules,1595
david,1595
trust,1593
lying,1592
late,1588
ist,1587
contagio,1587
period,1584
nice,1582
cares,1581
epidemic,1579
official,1579
medicine,1577
ratings,1575
vote,1573
blame,1572
single,1571
penyemprotan,1571
joe,1571
fauci,1571
results,1570
asking,1570
den,1569
fait,1566
contagiados,1563
proud,1562
sharing,1562
jobs,1560
dont,1560
70,1558
huge,1552
account,1551
dios,1548
according,1548
gives,1548
cette,1548
pada,1545
wuhanvirus,1543
pa,1542
prior,1540
wear,1540
tener,1538
tiempo,1537
blood,1536
lack,1534
nuevo,1534
friend,1534
move,1532
common,1532
wish,1527
nose,1527
wash,1526
dangerous,1526
imagine,1524
came,1523
security,1519
recovery,1517
break,1516
breathing,1516
contagios,1516
internet,1515
después,1514
co,1514
society,1513
watching,1511
return,1509
special,1507
โคว,1504
paid,1504
avoid,1503
yesterday,1502
causa,1501
up,1500
er,1498
worldwide,1493
tiempos,1493
democrats,1492
water,1491
frente,1491
worth,1490
works,1490
cdc,1490
23,1489
drugs,1487
parents,1485
matter,1483
80,1483
vai,1482
seeing,1482
ship,1482
stayhomestaysafe,1481
nytimes,1481
être,1481
among,1480
red,1478
currently,1477
heard,1476
showing,1476
agree,1473
absolutely,1472
facts,1472
sector,1470
private,1470
texas,1470
países,1469
conference,1469
msnbc,1468
difficult,1465
win,1465
supply,1464
bit,1464
tomorrow,1458
task,1458
semana,1457
indian,1455
major,1455
abril,1454
released,1453
cuba,1453
rent,1452
ko,1451
comment,1451
six,1451
fast,1451
putting,1451
gran,1448
night,1448
guidance,1447
campaign,1442
details,1442
