gram,counts
covid 19 pandemic,6903
href rel nofollow,3491
covid 19 cases,3451
true href rel,3411
coronavirus covid 19,2897
rel nofollow twitter,2877
covid 19 crisis,2806
covid 19 patients,2224
due covid 19,2115
nofollow twitter web,1835
amid covid 19,1704
fight covid 19,1647
covid 19 via,1636
covid 19 outbreak,1609
covid 19 deaths,1589
twitter web app,1577
bbc news coronavirus,1567
positive covid 19,1423
casos covid 19,1407
covid 19 lockdown,1340
coronavirus task force,1315
covid 19 coronavirus,1303
coronavirus death toll,1278
sign petition via,1225
covid 19 death,1191
new york city,1160
covid 19 virus,1093
du covid 19,1074
coronavirus new york,1074
covid 19 response,1068
virus covid 19,981
spread covid 19,969
cases covid 19,968
new york times,961
covid 19 testing,955
covid 19 relief,930
new covid 19,928
covid 19 di,922
amid coronavirus pandemic,882
petition via change,872
nofollow twitter android,837
response covid 19,826
covid 19 contact,803
19 contact tracing,786
april 10 2020,774
pandemia covid 19,771
november election coronavirus,770
protect november election,769
election coronavirus realdonaldtrump,764
da covid 19,756
voter cast ballot,727
cast ballot mail,727
guarantee every voter,727
passing bill guarantee,726
every voter cast,726
bill guarantee every,726
stand demandprogress protect,721
demandprogress protect november,721
coronavirus realdonaldtrump passing,721
realdonaldtrump passing bill,721
stay at home,713
impact covid 19,703
coronavirus live updates,698
died covid 19,695
covid 19 update,678
covid 19 vaccine,655
covid 19 cehalet,644
american moneyforthepeople covid19,643
every american moneyforthepeople,643
give 2000 month,642
2000 month every,640
month every american,640
tested positive coronavirus,637
new coronavirus cases,635
contact tracing technology,623
covid19 sign petition,623
pandemi ile savaşıyoruz,621
covid 19 treatment,618
moneyforthepeople covid19 sign,612
covid19 coronavirus ukraine,604
gt gt gt,603
apple google partner,600
10 04 2020,589
apple google team,580
covid 19 test,566
tests positive coronavirus,562
covid 19 vía,559
savaşıyoruz covid 19,556
últimas 24 horas,552
health care workers,541
ile savaşıyoruz covid,534
covid 19 situation,533
wearing garbage bags,533
nurses wearing garbage,518
world poorest countries,515
tested positive covid,513
covid 19 tests,512
10 april 2020,509
iki pandemi ile,501
get covid 19,496
sokağa çıkma yasağı,495
last 24 hours,494
covid 19 case,493
fosas comunes nueva,487
comunes nueva york,486
stay home stay,481
covid 19 amp,475
funding tackle pandemic,473
emergency funding tackle,473
defeat covid19 please,468
muertes covid 19,467
partner covid 19,466
provide emergency funding,462
aarogya setu app,460
pandemi covid 19,459
gestión crisis coronavirus,459
au covid 19,458
countries provide emergency,457
poorest countries provide,457
google partner covid,456
new cases coronavirus,456
stay home coronavirus,455
covid19 please commit,454
fight covid19 please,454
debt payments world,453
payments world poorest,453
covid 19 patient,453
cancelling debt payments,449
commit cancelling debt,448
please commit cancelling,448
world health organization,442
nuevos casos coronavirus,440
fighting covid 19,440
covid 19 positive,436
home stay safe,436
positif covid 19,435
confirmed covid 19,433
app fight covid19,432
covid 19 infection,430
amid coronavirus crisis,428
junta andalucía paga,426
worldwide coronavirus covid19,425
abren fosas comunes,425
covid19 please download,425
artículos elogiosos gestión,421
coronavirus pandemic via,419
10 abril 2020,419
please download share,418
paga artículos elogiosos,417
setu app fight,416
deaths covid 19,416
elogiosos gestión crisis,414
crisis covid 19,414
home coronavirus lockdown,413
download share using,413
coronavirus via youtube,412
share using link,411
recommend aarogya setu,411
andalucía paga artículos,410
coronavirus cases country,408
engaño china mundo,407
com covid 19,404
nueva york crisis,403
york crisis coronavirus,402
recovered coronavirus patients,401
first covid 19,399
19 death toll,398
covid 19 related,395
covid 19 victims,394
peor pruebas muestran,392
covid 19 spread,392
johns hopkins university,391
coronavirus existía diciembre,386
china mundo peor,385
muestran coronavirus existía,384
pruebas muestran coronavirus,384
fans stay home,383
yemin ederim ki,382
white house coronavirus,382
mundo peor pruebas,381
party two android,379
urging fans stay,379
kyle walker hosted,379
hookers day urging,379
two android hookers,379
walker hosted sex,379
day urging fans,379
hosted sex party,379
sex party two,379
android hookers day,379
using link android,377
teme rebrote mortal,375
confirmed coronavirus cases,372
oms teme rebrote,369
ederim ki iki,365
please stay home,364
get well soon,363
existía diciembre régimen,363
diciembre régimen ocultó,359
help slow spread,359
ki iki pandemi,358
coronavirus town hall,357
die covid 19,357
si levanta confinamiento,357
new york coronavirus,355
due coronavirus pandemic,353
covid 19 symptoms,353
time covid 19,350
pacientes covid 19,348
slow spread covid19,346
confinamiento demasiado rápido,345
first coronavirus case,344
contre covid 19,343
covid 19 ini,341
risk covid 19,341
people covid 19,340
patients covid 19,338
number covid 19,337
test positive coronavirus,336
trump covid 19,336
epoch times app,336
like covid 19,335
levanta confinamiento demasiado,335
us covid 19,334
penyebaran covid 19,334
exclusive coronavirus coverage,334
dalglish tests positive,333
patients testing positive,328
coronavirus coverage daily,328
app see exclusive,327
times app see,327
coverage daily updates,327
see exclusive coronavirus,327
affected covid 19,325
google team contact,325
team contact trace,321
confirmed cases covid19,321
jorge babu manu,314
babu manu foraprior,314
david mike lindell,314
trump suho bizbizeyeteriz,314
covid_19 prior jorge,314
mike lindell made,314
manu foraprior david,314
suho bizbizeyeteriz covid,314
foraprior david mike,314
infected covid 19,314
covid self_portrait covid19,314
cdtv covid_19 prior,314
prior jorge babu,314
pillow letslovesuho trump,314
letslovesuho trump suho,314
bizbizeyeteriz covid self_portrait,314
covid cdtv covid_19,314
covid 19 em,313
go back work,313
positivos covid 19,313
article amp reuters,312
covid 19 emergency,309
covid 19 fight,309
dies covid 19,308
lindell made pillow,307
made pillow letslovesuho,307
coronavirus patients testing,306
amid coronavirus outbreak,306
case covid 19,305
penyebaran virus covid,304
muertos covid 19,303
past 24 hours,303
combat covid 19,302
covid 19 covid19,302
coronavirus boris johnson,302
test positive covid,302
sir kenny dalglish,300
viernes 10 abril,299
coronalockdown coronavirus covid19,299
crise du coronavirus,298
positivo covid 19,296
new york state,294
crisis coronavirus vía,294
covid 19 restrictions,293
death toll passes,292
bbc news mundo,292
field hospital dismantled,291
19 via youtube,290
covid 19 time,289
at home order,288
socialdistancing coronalockdown coronavirus,288
fallecidos covid 19,287
covid 19 impact,286
investigation bringing light,283
light origins coronavirus,283
origins coronavirus gt,283
bringing light origins,283
south korea reports,282
death toll coronavirus,282
tests positive covid,281
using mass graves,280
post covid 19,279
mass graves amid,279
times covid 19,279
000 covid 19,279
plan defeat coronavirus,278
get back work,278
update covid 19,278
penanganan covid 19,277
global death toll,276
death toll rises,276
whatever takes defeat,276
takes defeat covid19,275
social distancing works,274
end nurses wearing,272
wabah covid 19,271
new york using,270
pledged whatever takes,270
severe covid 19,270
back covid 19,270
president donald trump,269
covid 19 dan,269
tested positive covid19,269
covid 19 may,268
g20 pledged whatever,267
tackle pandemic cancelthedebt,266
pandemic cancelthedebt oneworld,266
help covid 19,266
kenny dalglish tests,266
nuevos casos covid,265
york using mass,265
emerges white house,263
frente covid 19,262
personal protective equipment,262
rebrote mortal si,261
twitter web client,258
coronavirus disease 2019,258
graves amid outbreak,257
corona covid 19,257
china handling coronavirus,254
mortal si levanta,252
self reporting symptoms,252
19 pandemic via,252
coronavirus apple google,252
cases sooner self,251
even feel well,251
sooner self reporting,251
risk cases sooner,251
symptoms daily even,251
reporting symptoms daily,251
identify risk cases,250
covid19 identify risk,250
daily even feel,250
spread covid19 identify,249
test covid 19,248
coronavirus charts show,248
new cases covid,247
feel well download,247
boycott china handling,246
pledge boycott china,246
struggle coronavirus charts,246
well download app,245
current covid 19,245
recovered covid 19,245
petition via ukchange,245
sign pledge boycott,245
america struggle coronavirus,245
dying covid 19,243
leading cause death,243
korea reports recovered,242
rishisunak g20 pledged,242
cancelthedebt oneworld dropdebtsavelives,242
news coronavirus new,241
trace covid 19,241
treating covid 19,241
coronavirus contact tracing,240
10 04 20,240
stay home order,239
defeat coronavirus finally,237
coronavirus crisis via,237
covid 19 et,237
all time high,236
at home orders,236
trump coronavirus response,235
contact trace covid,235
crisis coronavirus via,235
tested covid 19,235
ended nurses wearing,235
casos positivos covid,235
covid 19 could,234
reports recovered coronavirus,234
coronavirus finally emerges,233
contagios covid 19,231
people died today,230
news mundo coronavirus,230
battle covid 19,229
covid 19 quarantine,229
covid 19 news,228
world covid 19,228
handling covid 19,228
caso covid 19,227
treat covid 19,226
bring baseball back,224
pre existing conditions,224
covid 19 méxico,224
covid 19 hospital,224
black america amp,224
know covid 19,224
wild realignment proposal,223
coronavirus oms teme,223
country world today,223
trump cut pandemic,223
sent ppe china,223
coronavirus ended nurses,223
time high unemployment,222
team sent ppe,222
america amp coronavirus,222
timefortrumptogo voteforjoe trump,222
economy collapsed all,222
voteforjoe trump cut,222
china economy collapsed,222
collapsed all time,222
pandemic team sent,222
unemployment trump incompetence,222
high unemployment trump,222
cut pandemic team,222
ppe china economy,222
realignment proposal table,221
proposal table bring,221
combatir covid 19,221
finally emerges white,221
treatment covid 19,221
confirmados covid 19,220
covid 19 país,220
table bring baseball,220
baseball back covid,219
president trump coronavirus,219
coronavirus testing sites,219
port du masque,217
disease covid 19,216
support covid 19,216
system ios android,215
covid19 local response,214
claims covid 19,214
local response initiative,214
covid 19 would,214
lucha covid 19,213
2019 covid 19,213
bloombergdotorg covid19 local,212
leaders like barackobama,212
stop covid 19,211
coronavirus mortality rate,210
recent virtual convening,210
related covid 19,210
task force hold,210
coronavirus via el_pais,210
covid19 โคว ด19,209
face au coronavirus,209
covid 19 infections,209
global coronavirus death,207
new deaths total,206
casos confirmados coronavirus,206
air longer previously,205
job retention scheme,205
fight led mayors,205
longer previously thought,205
per million population,204
impacted covid 19,204
coronavirus fight led,204
support leaders like,204
virtual convening bloombergdotorg,204
walk run bike,203
convening bloombergdotorg covid19,203
like barackobama spoke,203
led mayors support,203
vote by mail,203
house coronavirus task,203
casos positivos coronavirus,203
mayors support leaders,203
spoke recent virtual,202
demasiado rápido coronavirus,202
covid 19 like,202
new confirmed case,202
barackobama spoke recent,202
garbage bags via,202
hospital dismantled treating,201
via namo app,201
g20 pledged defeat,201
eu finance ministers,201
pledged defeat covid19,201
ce est pas,200
africa african country,200
african country g20,200
south africa african,200
g20 need voice,200
country g20 need,200
bags via newyorker,200
cases country world,199
covid 19 ile,199
tito_mboweni south africa,199
friday april 10,199
amp coronavirus town,199
run bike close,198
global covid 19,198
card thank local,198
tracing technology apple,198
standing covid 19,198
covid 19 yang,198
tackle pandemic oneworld,198
99 year old,198
thank local nurse,198
face au covid,198
covid 19 epidemic,197
latest covid 19,197
โคว ด19 covid19,197
dr anthony fauci,197
19 time sign,197
voice g20 pledged,197
need voice g20,197
thank nurses standing,197
happy good friday,197
sign card thank,197
time sign card,197
nurses standing covid,197
wall street journal,196
dan tidak panik,196
на covid 19,196
casos confirmados covid,196
pandemic covid 19,196
china covid 19,196
cegah covid 19,196
belgian dutch study,195
dismantled treating patient,195
lingers air longer,195
covid 19 corona,195
take covid 19,195
covid 19 masyarakat,194
terkait penyebaran virus,194
mass burials amid,194
covid 19 china,194
patients test positive,194
dutch study times,193
coronavirus lingers air,193
coronavirus vía el_pais,193
ramps mass burials,192
covid 19 numbers,192
new york cases,192
tenang dan tidak,192
himbauan kamtibmas terkait,192
covid 19 walk,192
covid 19 updates,191
agar tenang dan,191
covid 19 new,191
death toll hits,191
kamtibmas terkait penyebaran,191
tidak panik polrestabandungmantap,191
pour lutter contre,191
masyarakat agar tenang,191
sent states worse,191
19 masyarakat agar,191
states worse hit,191
india covid 19,190
treating patient sent,190
19 walk run,190
covid 19 recovery,190
kimstrassel realdonaldtrump wsj,190
worse hit coronavirus,190
patient sent states,190
contagio covid 19,190
long term care,190
washington field hospital,190
island potter field,189
apple google building,189
number coronavirus cases,189
11 style commission,189
100 000 worldwide,189
covid 19 mundo,188
coronavirus covid19 pandemic,188
hart island potter,188
people died coronavirus,188
new york ramps,188
york ramps mass,187
covid 19 world,187
people tested positive,187
previously thought scientists,187
pela covid 19,187
news covid 19,186
study times covid,186
covidー19 covid19 coronavirus,185
100 survival rate,185
diddy black america,185
burials amid outbreak,185
19 relief fund,184
coronavirus job retention,184
covid 19 est,183
covid 19 medical,183
تاجية جديدة تكمن,182
الخفافيش على حياة,182
البشر وستة فيروسات,182
mail in voting,182
فيروسات تاجية جديدة,182
says covid 19,182
وستة فيروسات تاجية,182
على حياة البشر,182
خطورة الخفافيش على,182
حياة البشر وستة,182
spreading covid 19,181
raking billions coronavirus,180
funds raking billions,180
covid 19 complications,180
front line workers,180
billions coronavirus crisis,179
covid 19 sign,179
ne sont pas,179
2020 04 10,179
think covid 19,179
covid 19 covid,179
building coronavirus tracking,178
passes 100 000,178
covid 19 data,178
new cases covid19,177
main street lending,177
garbage bags new,177
people stay home,177
coronavirus aid checks,177
since covid 19,177
hedge funds raking,177
bags new yorker,177
street lending program,177
cases per million,177
people get coronavirus,177
home covid 19,176
amid coronavirus lockdown,176
feinstein harris formally,176
york cases country,176
toll passes 100,175
style commission probe,175
disease 2019 covid,175
schiff feinstein harris,175
000 muertos coronavirus,175
google building coronavirus,174
covid 19 disease,174
coronavirus nueva york,173
the covid 19,172
100 000 deaths,172
worldwide death toll,172
caused covid 19,172
covid19 coronavirus pandemic,172
angela rye killer,172
propose 11 style,171
coronavirus disease covid,171
formally propose 11,171
commission probe coronavirus,171
fight coronavirus pandemic,171
covid 19 really,171
practice social distancing,170
ministério da saúde,170
bring covid 19,170
despite covid 19,170
israeli covid 19,170
harris formally propose,170
stay safe stay,170
covid 19 si,170
april 15 treasury,169
covid 19 na,169
stop spread coronavirus,169
covid 19 us,169
checks april 15,169
yemen confirms first,169
covid 19 india,168
baja 24 marzo,168
confirmed cases covid,168
even covid 19,168
half million cases,168
19 sign petition,167
hall angela rye,167
aid checks april,167
covid 19 brilliant,167
live president trump,167
town hall angela,167
safe covid 19,167
according johns hopkins,165
covid19 positive cases,165
probe coronavirus response,165
help fight coronavirus,165
15 treasury official,165
antibiotics work virus,165
seem threaten kids,165
covid 19 task,165
contagiados covid 19,165
testing positive coronavirus,164
patients critical condition,164
coronavirus tracking system,164
support smbs covid,163
lending program support,163
program support smbs,163
creation main street,163
smbs covid 19,163
war covid 19,162
updates covid 19,162
stop spread covid19,162
receive coronavirus aid,161
vendredi 10 avril,161
regarding covid 19,161
causa covid 19,161
09 04 2020,161
covid 19 global,161
number confirmed cases,161
cure covid 19,161
briefing white house,161
000 people died,161
total confirmed cases,161
cadáveres covid 19,160
animals covid 19,160
coronavirus response via,160
relato militar recoge,160
militar recoge cadáveres,160
ai tempi coronavirus,160
download epoch times,160
biggest coronavirus contract,160
sant shri asharamji,159
5g coronavirus conspiracy,159
furgonetas camufladas muerte,159
china stayhome newyork,159
using covid 19,159
shri asharamji bapu,159
white house task,159
000 coronavirus deaths,158
eligible americans receive,158
muerte relato militar,158
coronavirus press briefing,158
house pushed fema,158
prevent covid 19,158
brilliant antibiotics work,158
white house pushed,158
newyork chinesevirus ukcoronavirus,158
covidー19 china stayhome,158
apple google bring,158
covid 19 dengan,157
trump claims covid,157
ukcoronavirus trumpburialpits canada,157
coronavirus contract company,157
recoge cadáveres covid,157
19 task force,157
camufladas muerte relato,157
york coronavirus cases,157
contract company never,157
cifra baja 24,157
coronavirus covid19 coronavirusoutbreak,157
fema give biggest,157
covid 19 10,157
americans receive coronavirus,157
coronavirus ee uu,157
free covid 19,157
pushed fema give,157
stayhome newyork chinesevirus,156
chinesevirus ukcoronavirus trumpburialpits,156
pruebas covid 19,156
19 brilliant antibiotics,156
tracing billion people,156
contact tracing billion,156
give biggest coronavirus,156
prime minister boris,155
stay home easter,155
trump derangement syndrome,154
covid 19 please,154
amidst covid 19,154
covid 19 one,154
abc news via,154
beat covid 19,153
social distancing measures,153
covid 19 não,153
death toll surpasses,153
100 000 muertos,152
minister boris johnson,152
covid 19 going,152
let us know,152
cases covid19 reported,152
public health crisis,152
company never bid,152
coronavirus sars cov,152
coronavirus ca handle,151
19 covid 19,151
trumpburialpits canada lockdownextension,151
news sky news,151
canada lockdownextension london,150
coronavirus stimulus bill,150
hits 100 000,150
due coronavirus outbreak,150
coronavirus pandemic could,150
lockdownextension london paris,149
death covid 19,149
plena crisis coronavirus,149
amid coronavirus surge,149
hospital covid 19,149
bank holiday weekend,148
first case coronavirus,148
ca handle pandemic,148
confirms first coronavirus,148
killed anyone 25,147
10 avril 2020,147
deadly virus covid,147
graves covid 19,147
total number cases,147
covid 19 cuba,147
new covid19 cases,147
il covid 19,147
campaign ad features,147
ca operate hysteria,146
844 casos confirmados,146
joe biden cheerleading,146
nofollow twitter iphone,146
diagnosed covid 19,146
cnn coronavirus town,146
curbs lifted early,146
18 000 deaths,146
response coronavirus pandemic,146
coronavirus social distancing,145
pandemic lays bare,145
covid 19 brasil,145
give stark coronavirus,145
apple google alían,145
features joe biden,145
covid 19 battle,145
ki pandemi ile,145
resurgence curbs lifted,145
ad features joe,145
asia give stark,145
makers asia give,144
nhs doctor pleaded,144
deadly resurgence curbs,144
coronavirus deadly resurgence,144
bare city shocking,144
combate covid 19,144
dangerous coronavirus lies,144
doctor pleaded ppe,144
lays bare city,144
clothing makers asia,144
protect covid 19,144
eu agrees 500bn,144
trump coronavirus task,144
two new yorks,144
bravely deadly virus,143
lifted early warns,143
lt lt lt,143
fighting bravely deadly,143
covid 19 au,143
prevent spread coronavirus,143
kids fighting bravely,143
malnutrition kids fighting,143
body gains immunity,143
de covid 19,142
apple google unen,142
stayhomesafelives buy song,142
co uk fantasticradiouk,142
2121 hello fantasticradio,142
breaking foxnews alert,142
lives daily talk,142
coronavirus nhs doctor,142
fantasticradio co uk,142
0208 90 2121,142
retweet investigation bringing,142
fantasticradiouk homeofpossibilities believeyourpossibilities,142
homeofpossibilities believeyourpossibilities stayhomesafelives,142
stark coronavirus warning,142
city shocking inequities,142
tale two new,142
hello fantasticradio co,142
uk fantasticradiouk homeofpossibilities,142
believeyourpossibilities stayhomesafelives buy,142
90 2121 hello,142
tracking system ios,141
get back normal,141
coronavirus killed anyone,141
updates cases per,141
amp covid 19,141
pasien covid 19,141
new yorks pandemic,141
paid leave hazard,141
contracting covid 19,141
primer caso coronavirus,141
work covid 19,141
leave hazard pay,141
coronavirus far away,141
yorks pandemic lays,141
pleaded ppe dies,141
coronavirus conspiracy theory,141
workers covid 19,141
lutte contre coronavirus,141
جديدة تكمن فيها,141
covid 19 fund,140
links investigation bringing,140
coronavirus south africa,140
gains immunity coronavirus,140
saudi arabia human,140
tiempos covid 19,140
human rightsamid coronavirus,140
dr fauci says,140
war torn yemen,140
deaths nursing homes,140
covid 19 anyway,140
two links investigation,140
retweet two links,140
corona coronavirus covid19,140
rel nofollow tweetdeck,140
talk us 0208,139
corona virus covid,139
daily talk us,139
coronavirus teachers singapore,139
adding value lives,139
us 0208 90,139
confirmed cases coronavirus,139
vaccine covid 19,139
far away comprehension,139
value lives daily,139
media dangerous coronavirus,138
rightsamid coronavirus far,138
help fight covid,138
от covid 19,138
hit covid 19,138
data covid 19,138
uk government urged,138
19 cehalet sokağacikmayasaği,138
people recovered disease,138
covid 19 today,138
town hall accidentally,137
arabia human rightsamid,137
chinese communist party,137
biden cheerleading china,137
health care system,137
daily death toll,137
trump coronavirus press,137
enfrentar covid 19,137
battling covid 19,137
story apple google,137
disease control prevention,136
covid 19 health,136
discuss covid 19,136
mortes covid 19,136
grave new york,136
covid 19 real,136
national intelligence says,136
distancing works inthistogetherohio,136
top story apple,136
mass grave new,136
100 000 morts,136
first time since,136
surgeon general jerome,135
cnn coronavirus report,135
ohdeptofhealth social distancing,135
general jerome adams,135
economy continue running,135
new blog post,135
contains inaccurate information,135
wants economy continue,135
19 di indonesia,135
establishment media dangerous,135
100 days since,135
testing covid 19,135
says cnn coronavirus,134
force hold press,134
covid19 covid 19,134
recovering covid 19,134
died today still,134
coronavirus live news,134
technology apple see,134
help stop spread,134
of covid 19,134
hold press briefing,134
coronavirus report contains,134
intelligence says cnn,134
report contains inaccurate,134
top story coronavirus,134
deaths one day,133
news via abc,133
google bring covid,133
leaked home office,133
derangement syndrome question,133
covid 19 certificate,133
features trump derangement,132
2020 covid 19,132
stay safe everyone,132
saudi royal family,132
cause death us,132
director national intelligence,132
apple et google,132
state covid 19,132
hall accidentally features,132
new zealand coronavirus,132
covid 19 daily,132
coronavirus sign petition,132
universal basic income,131
works inthistogetherohio see,131
per il coronavirus,131
chief medical officer,131
accidentally features trump,131
see video covidー19,131
weigh reopening economy,131
nigerians died coronavirus,131
comprehension let see,131
coronavirus cases top,130
close jurgen thoelen,130
new cases confirmed,130
