gram,counts
covid 19,177078
19 pandemic,7200
19 vaccine,6780
coronavirus covid19,5723
19 cases,5719
coronavirus pandemic,5614
coronavirus cases,4710
coronavirus vaccine,4688
covid19 coronavirus,4444
new cases,4298
vacuna coronavirus,3281
new zealand,3187
vacuna covid,3186
covid19 pandemic,2952
19 deaths,2839
positive covid,2832
vacuna rusa,2721
death toll,2667
nuevos casos,2646
casos covid,2640
due covid,2635
new covid,2478
tested positive,2333
new coronavirus,2316
positivo covid,2149
coronavirus covid,2079
public health,2077
casos coronavirus,2067
19 testing,1889
via youtube,1877
coronavirus deaths,1848
24 horas,1845
new york,1832
positive coronavirus,1815
12 agosto,1815
social distancing,1688
covid19 cases,1659
wear mask,1638
tests positive,1566
young people,1537
bbc news,1526
stay safe,1520
due coronavirus,1511
united states,1502
stay home,1482
due covid19,1467
da covid,1461
19 via,1421
19 death,1407
news coronavirus,1401
cases covid,1366
august 12,1349
gon na,1346
alberto fernández,1328
últimas 24,1319
confirmed cases,1311
19 crisis,1283
12 08,1281
casos positivos,1277
12 2020,1269
gt gt,1245
vacuna covid19,1234
face masks,1232
19 di,1228
covid19 vaccine,1228
coronavirus outbreak,1208
vacuna oxford,1197
amid covid,1196
mental health,1187
casos confirmados,1185
active cases,1183
donald trump,1173
live updates,1170
19 test,1168
com covid,1165
novel coronavirus,1157
pandemia coronavirus,1155
kamala harris,1149
sars cov,1144
24 hours,1112
aug 12,1105
back school,1102
new post,1096
19 patients,1095
white house,1084
positivo coronavirus,1080
wearing masks,1070
coronavirus live,1061
bill gates,1061
florida sheriff,1054
long term,1052
contact tracing,1051
pandemia covid19,1050
pandemia covid,1045
trini lopez,1038
test positive,1033
coronavirus crisis,1029
russia covid,1015
impact covid,1008
spread covid,1005
dio positivo,1004
rusa covid,997
first time,993
new deaths,991
primera vacuna,972
pandemi covid,969
19 outbreak,966
08 2020,961
160 000,958
president trump,955
amid coronavirus,954
19 coronavirus,948
wearing mask,927
protokol kesehatan,908
coronavirus update,906
death rate,906
coronavirus relief,904
coronavirus argentina,899
world first,897
college football,894
high school,893
looks like,891
américa latina,890
spread coronavirus,885
19 response,879
russia coronavirus,862
coronavirus via,859
wear masks,857
producirá vacuna,853
two weeks,852
vladimir putin,850
many people,850
100 million,848
first covid,846
single day,834
health care,831
agosto 2020,830
school district,821
whitehouse realdonaldtrump,814
fight covid,809
alex jones,808
smoking gun,799
people died,798
hospital air,792
19 em,789
safe coronavirus,789
coronavirus lockdown,787
infectious coronavirus,785
deaths per,784
19 update,781
di tengah,780
every day,779
year old,778
casos covid19,775
social media,773
rusa coronavirus,770
positive cases,763
home stay,762
spread covid19,760
corona covid19,758
new covid19,756
face mask,755
19 relief,755
joebiden kamalaharris,752
coronavirus response,746
died covid,741
august 2020,741
herd immunity,739
total cases,739
corona virus,732
100 000,732
coronavirus retrieved,729
cases coronavirus,728
cases reported,727
19 tests,727
tengah pandemi,727
retrieved hospital,724
argentina producirá,724
covid19 covid,721
casos nuevos,714
join us,714
contagios covid,707
interesting watch,706
19 lockdown,702
around world,701
covid19 deaths,701
nursing homes,699
du masque,696
make sure,696
coronavirus death,693
task force,690
response covid,689
contagios coronavirus,688
gun infectious,687
positivos covid,686
coronavirus corona,685
post covid,683
argentina méxico,679
cases deaths,675
19 polriserukancucitangan,672
dr fauci,669
music community,668
port du,665
sheriff bans,663
million doses,659
meringankan beban,657
aged care,655
coronavirus recovery,647
take action,645
michelle bolsonaro,639
last 24,636
russian covid,636
india mitega,635
go back,634
biden harris,632
casos activos,632
от covid,629
nuevos contagios,624
19 virus,624
get covid,623
positive covid19,618
last week,617
help us,617
000 americans,614
die coronavirus,612
people die,610
positif covid,607
covid19 covid_19,606
universidad oxford,604
covid19 corona,602
ministerio salud,600
total number,599
good news,599
one day,597
covid coronavirus,596
19 impact,595
in person,595
virus covid,593
stop spread,591
du coronavirus,591
fake news,587
covid19 crisis,585
drrpnishank hrdministry,582
global pandemic,582
000 covid,578
deaths reported,578
165 000,575
pandemi covid19,573
000 people,566
joe biden,566
19 positive,565
per day,563
mitega india,561
number covid,555
new jersey,554
covid covid19,554
trump administration,552
nuevo coronavirus,551
000 dead,551
covid19 amp,549
19 case,548
realdonaldtrump usdot,544
health officials,543
cegah covid,542
cuci tangan,540
crisis coronavirus,537
high risk,536
foxandfriends mariabartiromo,536
post covid19,535
corona coronavirus,534
realdonaldtrump foxandfriends,534
need know,532
19 infections,532
small businesses,532
save lives,527
coronavirus covidー19,527
via gatewaypundit,525
test results,523
miércoles 12,523
death count,521
aumento casos,520
narendramodi drrpnishank,519
nursing home,517
avó michelle,517
get tested,513
champions league,512
ke 72,512
historic coronavirus,512
healthcare workers,511
vaksin covid,510
11 agosto,509
polwan ke,509
hari jadi,509
new death,508
lie ahead,506
clinical trials,505
het coronavirus,505
covid19 sarscov2,504
uk economy,503
jadi polwan,503
000 deaths,502
may lie,501
leaders reached,500
intense negotiations,499
negotiations european,499
european leaders,499
reached historic,499
recovery deal,499
deal however,499
however hardest,499
hardest challenge,499
challenge may,499
ahead spend,499
spend resources,499
resources wisely,499
19 infection,498
second wave,496
coronavirus testing,495
unemployment benefits,494
wear face,494
people dying,493
via yahoo,493
du covid,493
dead covid,492
coronavirus restrictions,491
trump says,490
coronavirus stimulus,490
new daily,490
recession record,490
york times,489
producirán vacuna,487
died coronavirus,486
study finds,486
coronavirus disease,485
pacientes covid,485
dies covid,484
día internacional,484
get back,483
jorge rodríguez,483
millones dosis,482
19 data,481
fight covid19,479
coronavirus test,477
impact covid19,477
internacional juventud,477
russian vaccine,476
new study,476
died covid19,475
cases covid19,474
vacina covid,474
19 amp,473
positivity rate,471
bolsonaro morre,471
prueba covid,470
first coronavirus,469
são paulo,468
would like,467
health department,467
19 symptoms,467
americans died,466
mil casos,466
positivos coronavirus,466
impact coronavirus,465
immune system,463
oxford coronavirus,462
school reopening,461
testing positive,461
coronavirus related,460
quedateencasa quedateenclase,460
muertes coronavirus,459
19 situation,458
us government,458
health minister,458
please help,457
coronavirus updates,456
da positivo,456
penyebaran covid,455
safe effective,455
19 related,454
look like,454
atlético go,452
loved ones,450
coronavirus uk,450
positivo covid19,448
covid cases,448
cases since,447
get coronavirus,446
coronavirus aid,445
vaccine covid,444
trump coronavirus,444
new normal,444
covid_19 covid19,444
prevent spread,441
coronavirus infections,440
common cold,440
coronavirus data,439
nueva zelanda,438
times covid,437
covid19 testing,436
total deaths,436
response covid19,436
covid19 response,435
2020 08,435
georgia school,435
muertes covid,433
selamat hari,433
fauci says,432
south africa,432
fox news,431
dirty dozen,431
qu il,430
recovery rate,429
12 august,428
go away,427
adaptasi kebiasaan,425
19 misinformation,425
garcía carneiro,424
affected covid19,423
amid pandemic,422
health experts,422
months ago,420
reported today,419
number cases,418
in the,418
coronavirus covid_19,417
big ten,417
última hora,417
cases confirmed,416
joão doria,416
warga di,415
of the,414
health amp,414
breaking news,413
ministro salud,413
beban warga,412
72 upaya,411
upaya meringankan,411
fight coronavirus,410
third world,409
fernández anunció,409
nouveaux cas,408
est pas,408
key covid19,408
second quarter,408
covid19 priorities,407
covid_19 coronavirus,406
11 years,406
deaths covid,405
world countries,405
wan na,404
kepada masyarakat,404
federal government,404
department health,404
abc news,403
back work,402
response coronavirus,401
wash hands,400
dies coronavirus,399
nuovi casi,399
covid19 patients,398
coronavirus england,398
priorities music,397
19 través,397
méxico producirán,396
kebiasaan baru,395
small business,395
covid19 lockdown,395
mortes covid,395
state covid,395
daily record,395
1trenggalek selamat,395
quem poderia,395
congress take,394
action key,393
serious doubts,393
pandemic covid19,391
young adults,390
fall sports,390
american people,389
namo app,388
producción vacuna,388
caso positivo,387
increase covid,386
vaccine safe,386
climate change,386
today join,386
fielding coach,385
anthony fauci,384
uk recession,384
il coronavirus,383
sign petition,382
highest number,382
méxico argentina,382
death rates,381
20 million,381
covid19 test,381
across country,381
barcelona player,381
prime minister,380
die covid,379
risk covid,379
producir vacuna,379
boris johnson,377
primer semestre,377
reino unido,376
prevent covid,375
recession first,375
100 mil,373
population coronavirus,373
coronavirus new,372
du covid19,372
top story,372
pm et,372
fallecidos coronavirus,371
must read,370
time 11,370
quedateencasa 12ago,370
stayhome staysafe,369
daily cases,369
per population,369
10 000,368
गड _म,368
19 restrictions,367
washington post,367
last days,366
000 casos,366
contagios covid19,366
reopening schools,365
mencegah penyebaran,364
mencuci tangan,364
19 vaccines,364
sarscov2 forecast,364
almost 30,364
august 11,363
russia vaccine,362
even though,362
foreign affairs,362
30 times,362
infection rate,361
apartment onsite,361
elregresodelnecio vamosdarioapasodevencedores,361
vivir mañana,361
_म bsnl_pride_of_india,360
us almost,360
cuidarnos hoy,360
hoy vivir,360
early hcq,360
cases rise,359
related deaths,359
19 alcance,359
500 000,358
hcq use,358
permitas covid,358
promoted early,358
nuevas muertes,357
coronavirus infection,357
dosis vacuna,357
covid19 must,357
dado positivo,356
player tests,356
us coronavirus,356
contagio covid,356
highest daily,356
countries promoted,356
08 12,355
social security,355
novos casos,355
last year,354
poderia imaginar,354
population third,354
cada vez,353
day day,353
school year,353
must see,353
mañana permitas,353
19 hoax,352
000 coronavirus,352
19 recovery,352
muertos coronavirus,352
death population,352
alcance amigos,352
covid19india coronavirus,351
feel like,351
spain italy,351
amigos familia,351
juventud siendo,351
vaccin russe,350
vacunas covid,350
tested covid,350
covidー19 covid19,350
19 new,349
confirmed covid,349
schools open,349
covid19 virus,348
102 days,348
work covid,348
americans dead,348
jail fauci,348
people get,347
personal salud,346
florida georgia,345
watch live,345
antonio banderas,345
take care,345
effective vaccine,345
19 covid19,345
solidarios cuidarnos,345
open schools,344
members congress,344
pm modi,344
60 963,344
salud pública,344
russia approves,343
agustus 2020,343
north carolina,343
click link,343
it time,343
fauci us,343
daily thanks,342
covid19 covid__19,341
coronavirus trump,341
covid deaths,341
let us,340
puede ser,340
care workers,339
positivo prueba,339
co uk,339
excess deaths,339
people need,338
pac 12,338
coronavirus task,338
post office,337
coronavirus india,336
million people,335
celebramos día,335
community transmission,334
grammyadvocacy districtadvocate,334
onsite team,334
side effects,333
covid19 death,333
kids back,333
next week,332
não tem,332
penanganan covid,330
vacina chinesa,330
read article,329
public schools,329
schools reopen,329
pencegahan covid,328
coronavirus vía,328
kamalaharris joebiden,328
well done,328
post coronavirus,327
slow spread,327
economic recovery,327
tell us,327
people covid,326
covid19 covidー19,326
infectious disease,326
14 days,326
11 años,326
ee uu,325
wearing face,325
hard work,325
gop realdonaldtrump,324
world health,324
doubts russia,323
since june,323
like coronavirus,323
united kingdom,323
das coronavirus,323
testa positivo,323
contre covid,322
000 new,322
covid19 baktisosialpolwan,322
bans masks,322
time stop,321
toll 000,321
quarta feira,320
bringing total,320
rajasthan royals,320
see safety,320
vaccin contre,319
per cent,319
moderna 100,318
ciclo escolar,318
talk us,317
since march,317
अन त_ह,317
त_ह गड,317
_म _म,317
il vaccino,316
coronavirus través,315
effects covid,315
please retweet,315
districtadvocate today,315
urge members,315
fantastic job,314
000 000,313
got ta,313
students staff,313
number coronavirus,313
antibody drugs,313
gnbespueblo juventudconcienteysolidaria,313
safety interesting,313
coronavirus patients,312
press conference,312
people like,312
hundreds dead,312
take seriously,311
pandemic via,311
join recordingacad,311
affected covid,310
visitors wearing,310
semestre 2021,310
cashless society,309
via nytimes,309
hong kong,309
cases amp,309
familia protégete,309
juventudporlavida juventudconcienteysolidaria,309
deal moderna,308
coronavirus spread,308
access small,308
19 spread,307
penyebaran virus,307
dio negativo,307
community access,307
coronavirus case,307
cases increase,307
seems like,306
hrdministry reduceiittuitionfee,306
one thing,305
per capita,304
19 numbers,304
joseph mercola,304
entertain empower,303
empower educate,303
educate talk,303
0208 090,303
090 2121,303
2121 hello,303
hello fantasticradio,303
fantasticradio co,303
uk homeofpossibilities,303
homeofpossibilities believeyourpossibilities,303
south korea,303
covid19 coronaviruspandemic,303
need help,303
covid19 bot,302
mask wearing,302
vaccine covid19,302
buy song,302
next year,302
covid19 relief,302
great job,302
19 could,302
fallecidos covid,302
bring enforcement,302
enforcement proceedings,302
believeyourpossibilities buy,301
trump told,301
use via,301
vaccine coronavirus,301
19 vía,301
coronavirusindia covid19,301
stop supplement,301
supplement salesmen,301
youth day,300
breaks new,300
says covid,300
niña 11,300
vaccines please,300
coronaviruspandemic covid19india,299
coronavirus news,299
coronavirus numbers,299
coronavirus source,299
contre coronavirus,299
negative covid,299
protect us,299
social distance,299
drugs treat,299
gnboficialve fabiozavarsep,299
please us_fda,299
ftc it,299
cinco meses,298
football season,298
doctors die,298
argentina vacuna,298
us 0208,297
china virus,297
testou positivo,297
fabiozavarsep gnbgdjfl,297
obama resign,296
หน ากากอนาม,296
19 guidelines,295
father doctors,295
uk officially,295
dead americans,294
100 millones,294
bakti sosial,294
time bring,294
via googlenews,293
going back,293
covid19 update,293
big 12,292
stevie nicks,292
coronavirus tests,292
12 agustus,292
mortality rate,292
sounds like,292
marion county,292
royals fielding,292
world beating,291
want know,291
juventudconcienteysolidaria gnboficialve,291
54 mil,290
12 20,290
fabricará vacuna,290
covid19 positive,289
daily covid,289
testaram positivo,288
com covid19,287
dishant yagnik,287
profiting covid,287
sí quedateencasa,287
16 feet,286
economic crisis,286
ebola death,286
get covid19,286
loans unemployment,286
small biz,286
patuhi protokol,285
one ebola,285
russia says,285
11 2020,285
free covid,285
bans deputies,285
coronavirus cluster,284
masks state,284
pandemic fearmongering,284
us_fda ftc,284
proceedings joseph,284
russian coronavirus,283
pandemic news,283
salesmen profiting,283
told obama,282
resign one,282
amp amp,282
die covid19,282
england death,282
fearmongering vaccines,282
deaths fantastic,281
total confirmed,280
death calls,280
face covering,280
primer lote,280
mercola info,280
97 000,279
recovers covid,279
uk usa,279
pakai sabun,278
times likely,278
weeks ago,278
support need,278
carlos slim,278
source new,277
number deaths,277
19 aid,277
care homes,277
worst recession,277
test antibody,277
19 covid,276
family members,276
calls 160,276
relief bill,276
virus covid19,276
di kabupaten,276
vaccine unlikely,276
au coronavirus,276
possible source,275
latest covid,275
covid19 students,275
time covid,275
proud grammyadvocacy,275
live news,274
cases new,274
alyssa milano,274
covid19 interesting,274
medidas prevención,274
reduces uk,274
health ministry,273
india covid,273
23 29,273
good luck,273
tangan pakai,272
health problems,272
working home,272
muertos covid,272
companies test,272
28 days,272
uk toll,272
billy woods,272
spread virus,271
dr anthony,271
masks work,271
juventudconcienteysolidaria elregresodelnecio,271
review reduces,271
โคว ด19,270
update covid,270
scott atlas,270
people still,270
covid19 via,270
back lockdown,270
new confirmed,270
da pandemia,270
recordingacad urge,270
people think,269
ver si,269
coronavirus may,269
since mid,269
19 travel,269
novo coronavírus,269
deaths yesterday,269
nasal spray,269
segunda vacuna,269
count review,269
three months,268
face coverings,268
evitar contagios,268
technology ai,268
covid vaccine,267
19 world,267
take look,267
pandemic us,267
benefits music,267
health safety,267
realdonaldtrump billmaher,267
potential covid,266
like covid,266
penyebaran covid19,265
covid19 last,265
lopez singer,265
million coronavirus,265
six months,265
fact check,265
amp covid,265
medidas sanitarias,265
experts say,265
biz loans,265
etiqueta día,265
putin says,264
cases today,264
2020 covid19,264
new infections,263
pruebas covid,263
students suffer,263
il faut,263
coronavirus europe,263
2020 2021,263
freight possible,262
test coronavirus,262
real estate,262
19 made,262
underserved communities,262
trump gop,262
putin vacuna,262
south dakota,261
cases surge,261
fee burden,261
ministry health,261
2020 covid,261
doubts safety,261
treat prevent,261
lote vacuna,261
вакцины от,260
done students,260
uk death,260
cybersecurity technology,260
19 brasil,259
coronavirus mundo,259
florida covid,259
per il,259
international youth,259
experts warn,259
toll breaks,259
president vladimir,258
due impact,258
data thrown,258
last night,257
lost job,257
positive test,257
suffer fee,257
common sense,257
crisis covid,257
coronavirus il,257
day since,257
coronavirus 83,257
argentina fabricará,257
disease 2019,256
