gram,counts
covid 19 pandemic,8036
href rel nofollow,4204
covid 19 cases,4161
true href rel,4130
covid 19 crisis,3860
rel nofollow twitter,3514
covid 19 patients,3419
coronavirus covid 19,2974
pandemi covid 19,2819
due covid 19,2661
nofollow twitter web,2477
twitter web app,2142
covid 19 via,2033
covid 19 lockdown,2008
fight covid 19,1870
amid covid 19,1844
positive covid 19,1821
covid 19 relief,1767
covid 19 outbreak,1759
covid 19 response,1629
covid 19 deaths,1554
bbc news coronavirus,1505
covid 19 testing,1486
sign petition via,1483
casos covid 19,1481
masa pandemi covid,1469
covid 19 vaccine,1462
coronavirus task force,1419
new covid 19,1414
23 04 2020,1394
covid 19 coronavirus,1356
petition via change,1195
covid 19 sign,1190
covid 19 death,1189
19 sign petition,1170
new york times,1162
covid 19 dprriapresiasipolri,1156
cases covid 19,1150
covid 19 di,1143
covid 19 virus,1119
da covid 19,1112
impact covid 19,1099
stay at home,1074
spread covid 19,1061
prices covid 19,1057
du covid 19,1055
give subscribers payment,1048
subscribers payment break,1048
pandemia covid 19,1043
payment break decrease,1038
dstv give subscribers,1038
break decrease prices,1038
decrease prices covid,1038
dstv dstv give,1024
test positive coronavirus,975
di masa pandemi,966
response covid 19,963
treatment covid 19,954
april 23 2020,933
tindak tegas pelaku,892
tegas pelaku kejahatan,892
pelaku kejahatan di,890
kejahatan di masa,890
polri tindak tegas,886
covid 19 update,883
nofollow twitter android,846
amid coronavirus pandemic,824
new york city,811
últimas 24 horas,810
towards cashless society,797
tested positive coronavirus,775
warren oldest brother,768
на covid 19,762
new coronavirus cases,750
cashless society know,746
world health organization,731
died covid 19,731
elizabeth warren oldest,723
covid 19 test,713
fighting covid 19,710
covid 19 vía,699
suho bizbizeyeteriz covid,685
manu foraprior david,685
prior jorge babu,685
david mike lindell,685
cdtv covid_19 prior,685
trump suho bizbizeyeteriz,685
foraprior david mike,685
jorge babu manu,685
mike lindell made,685
covid cdtv covid_19,685
covid_19 prior jorge,685
babu manu foraprior,685
crisis covid 19,684
test positive covid,683
brother dies coronavirus,681
gt gt gt,677
lindell made pillow,676
1trenggalek polri tindak,675
23 april 2020,669
cats new york,664
covid 19 patient,660
ararcoronasaviours ararservinghumanity covid19,635
virus covid 19,635
covid 19 em,634
disinfectant beat coronavirus,630
post covid 19,628
injection disinfectant beat,620
suggests injection disinfectant,618
new markets au,613
trump suggests injection,612
coronavirus live updates,611
live staysafe coronavirus,610
beat coronavirus clean,610
covid 19 ini,604
coronavirus clean lungs,599
oldest brother dies,595
amid coronavirus crisis,589
covid 19 related,588
treat covid 19,580
23 abril 2020,580
tested positive covid,579
new york state,577
coronavirus death toll,575
at home order,574
covid 19 будут,574
covid 19 fight,573
антителами на covid,571
19 будут получать,571
получать стимулирующие выплаты,571
крови антителами на,571
будут получать стимулирующие,571
доноры крови антителами,571
городскую новинку доноры,570
новинку доноры крови,570
penyebaran covid 19,562
long term care,561
covid 19 positive,553
covid 19 situation,546
covid 19 tests,545
confirmed covid 19,543
health care workers,537
positif covid 19,532
covid 19 amp,531
covid 19 treatment,523
first patients injected,508
contre covid 19,501
patients injected uk,497
free treatment covid,492
us sg za,491
nz us sg,491
au nz us,491
sg za horseracing,491
markets au nz,490
horseracing greyhounds live,490
za horseracing greyhounds,490
greyhounds live staysafe,487
stay home stay,487
covid 19 impact,485
due coronavirus pandemic,485
españa mediados febrero,479
coronavirus circulaba españa,476
president donald trump,475
mortes covid 19,474
trump suggests injecting,474
com covid 19,471
president united states,471
aus 23rd apr,470
new cases coronavirus,470
pada masa pandemi,469
covid 19 may,466
dies covid 19,459
tindak kriminal pada,458
kriminal pada masa,458
uk vaccine trial,455
suggests injecting disinfectant,455
cure covid 19,454
muertes covid 19,452
terhadap tindak kriminal,449
kepolisian terhadap tindak,448
tegas kepolisian terhadap,448
tindakan tegas kepolisian,448
iii apresasi tindakan,447
apresasi tindakan tegas,447
injected uk vaccine,443
us covid 19,441
coronavirus first patients,438
circulaba españa mediados,437
jueves 23 abril,437
sugiere coronavirus circulaba,435
covid 19 covert,433
society did know,432
towards future cashless,432
heading towards future,432
pandemic task force,432
cashless society did,432
id heading towards,432
covert id heading,432
future cashless society,432
19 covert id,432
pillow letslovesuho trump,429
covid self_portrait covid19,429
letslovesuho trump suho,429
bizbizeyeteriz covid self_portrait,429
covid 19 could,424
get covid 19,423
penanganan covid 19,423
made pillow letslovesuho,422
covid 19 infection,421
covid 19 case,421
confirmed cases covid19,418
trump covid 19,418
pet cats new,415
article amp reuters,415
covid 19 spread,413
home stay safe,411
test covid 19,410
nuevos casos coronavirus,410
number covid 19,409
know bible spoke,405
time covid 19,403
análisis genético sugiere,400
last 24 hours,399
genético sugiere coronavirus,399
positivo covid 19,399
covid 19 recovery,398
pacientes covid 19,396
coronavirus pandemic via,395
go back work,392
wabah covid 19,392
komisi iii apresasi,390
raisons lien avec,389
invoquer des raisons,389
matos partout avec,389
des raisons lien,389
comment peut invoquer,389
insuffisance du matos,389
contagions aucun protocole,389
scientifiques attente tests,389
attente tests alors,389
soins est respecté,389
par insuffisance du,389
alors par insuffisance,389
du matos partout,389
tests alors par,389
consequences contagions aucun,389
protocole soins est,389
leurs consequences contagions,389
aucun protocole soins,389
avec protocoles scientifiques,389
peut invoquer des,389
partout avec leurs,389
lien avec protocoles,389
protocoles scientifiques attente,389
avec leurs consequences,389
respecté êtes vous,388
fou covid19 chloroazythro,388
est respecté êtes,388
êtes vous fou,388
elizabeth warren brother,388
vous fou covid19,388
covid 19 restrictions,387
exclusive coronavirus coverage,385
epoch times app,385
484 billion coronavirus,383
know jesus spoke,383
coronavirus coverage daily,382
coverage daily updates,382
times app see,382
see exclusive coronavirus,382
app see exclusive,382
second wave coronavirus,379
infected covid 19,379
di tengah pandemi,378
society know bible,378
covid 19 emergency,372
covid 19 covid19,372
covid 19 new,369
dying covid 19,369
society know jesus,368
covid 19 symptoms,367
tested positive covid19,367
au covid 19,367
mos hfw govt,366
amarprasadreddy media advisor,366
coronavirus relief package,366
using uv light,365
bloodontrumpshands bloodontrumpshands bloodontrumpshands,365
coronavirus new york,365
affected covid 19,362
help fight coronavirus,362
new cases covid19,361
former labradoodle breeder,358
amid coronavirus outbreak,358
brothers amp sisters,353
coronavirus via youtube,350
disbelief world missing,349
world missing american,346
crise du coronavirus,343
contagios covid 19,343
counter trump suggestion,340
twitter web client,339
sadness disbelief world,339
handling covid 19,339
covid 19 help,338
missing american leadership,337
officials counter trump,337
keep praying amp,337
person shielding us,336
muslims brothers amp,336
side keep praying,336
support covid 19,336
basics my message,336
develop us better,336
better person shielding,336
evil side keep,336
us better person,336
praying amp fasting,336
covid19 evil side,336
dr birx reaction,334
28 days make,334
blessing peaceful month,333
focus basics my,333
month need focus,333
recall muslims brothers,333
us covid19 evil,333
need focus basics,333
peaceful month need,333
shielding us covid19,333
message recall muslims,333
my message recall,333
president trump coronavirus,333
white house coronavirus,332
people covid 19,332
em 24 horas,330
get back work,330
small businesses hospitals,330
new york largest,330
проекте активный гражданин,328
covid 19 national,328
выплаты проекте активный,328
стимулирующие выплаты проекте,328
new cases covid,327
first covid 19,327
covid 19 world,324
cases covid19 reported,322
โคว ด19 covid19,322
muertos covid 19,322
tengah pandemi covid,321
two pet cats,321
die covid 19,317
000 covid 19,317
positivos covid 19,317
update covid 19,316
2020 04 23,316
study using uv,316
at home orders,315
deaths covid 19,313
combat covid 19,313
coronavirus relief bill,311
covid 19 infections,311
president trump asks,311
covid 19 research,308
trump coronavirus task,308
cashless society hear,308
2019 covid 19,308
absolutely crazy things,304
battle covid 19,304
patients covid 19,302
frente covid 19,301
current covid 19,298
covid 19 dengan,298
dr anthony fauci,298
lead pandemic task,296
dies coronavirus oklahoma,296
injecting disinfectant treat,295
since covid 19,295
tests positive coronavirus,293
us long time,293
covid 19 brasil,292
billion coronavirus relief,291
clean lungs via,290
labradoodle breeder tapped,290
third world country,289
related covid 19,288
vacuna covid 19,288
оценил городскую новинку,288
coronavirus small business,288
via namo app,287
breeder tapped lead,287
lungs via nbcnews,286
covid 19 updates,285
coronavirus disease 2019,283
factory 28 days,283
like covid 19,283
оценилa городскую новинку,282
sen elizabeth warren,281
medidas económicas sociales,281
enfrenta país coronavirus,280
tapped lead pandemic,280
contingencia enfrenta país,279
covid 19 et,278
killing coronavirus patients,277
confirmados covid 19,277
live president trump,276
venezolanos contingencia enfrenta,276
económicas sociales anunciadas,275
tested covid 19,275
gobierno protegiendo venezolanos,275
warren brother dies,275
protegiendo venezolanos contingencia,275
anunciadas gobierno protegiendo,274
jangan coba coba,274
sociales anunciadas gobierno,274
slow spread covid19,274
ini termasuk begal,273
lived factory 28,273
cats test positive,273
termasuk begal dan,272
dan penjahat jalanan,272
500 respirateurs produits,272
begal dan penjahat,272
underlying health issue,270
thursday april 23,270
pets test positive,269
trump disregards science,268
contagio covid 19,268
human rights crisis,268
500 billion coronavirus,267
pruebas covid 19,267
covid 19 antibody,266
like third world,264
risk covid 19,264
críticos 0total testeados,263
help slow spread,263
covid19 โคว ด19,263
komisi iii dpr,262
must read article,262
coronavirus juntos posible,261
país coronavirus juntos,261
patients suffered underlying,259
casos confirmados covid,259
lucha covid 19,259
house passes 484b,259
suffered underlying health,259
iii dpr ri,259
19 patients bengalfightscorona,257
pillow trump suho,256
insecurehbo covid cdtv,256
total confirmed cases,256
bizbizeyeteriz covid covid19,256
oldest brother died,255
passes 484b coronavirus,255
made pillow trump,254
passes 484 billion,253
disregards science chaos,252
science chaos overtakes,252
covid 19 complications,252
did absolutely crazy,252
chaos overtakes coronavirus,251
108 new cases,250
ny coronavirus patients,250
champion team needs,250
case covid 19,250
trump coronavirus response,250
covid 19 data,250
covid 19 drug,250
produits pour rien,250
coronavirus patients suffered,249
terdampak covid 19,249
link see details,249
message covid 19,249
nuevos casos covid,248
overtakes coronavirus response,248
help covid 19,248
health issue study,247
ce est pas,247
19 via youtube,247
four times official,247
china coronavirus cases,247
covid 19 dan,246
coronavirus contact tracing,245
let us know,245
nearly ny coronavirus,245
flattened coronavirus curve,244
covid 19 news,243
covid 19 méxico,243
task force hold,243
covid 19 país,242
covid 19 quarantine,241
increase covid 19,241
direction cashless society,241
coronavirus social distancing,240
ketua komisi iii,240
potential covid 19,240
wave covid 19,240
sa covid 19,240
word story covid19,239
covid 19 na,239
end covid 19,239
home covid 19,239
largest health system,238
issue study finds,238
respirateurs produits pour,238
dpr ri herman,238
ri herman hery,238
stay home order,237
confirmed cases covid,236
using covid 19,236
global covid 19,236
hunger kill us,236
april 22 2020,235
strokes young adults,235
rapper fred godson,235
confirmed coronavirus cases,235
amidst covid 19,235
contingencia covid 19,235
ramadan mubarak blessing,234
house passes 484,234
handle covid 19,234
coronavirus us unemployment,233
ingenuity covid 19,233
make millions pounds,233
fallecidos covid 19,233
death toll rises,232
heat light disinfectants,232
first known coronavirus,231
mubarak blessing peaceful,231
times official figure,231
feedtheneedyurs amarprasadreddy media,230
god help us,230
know covid 19,230
days make millions,230
expertise ingenuity covid,229
contributes expertise ingenuity,229
nasa contributes expertise,229
coronavirus hunger kill,229
injecting disinfectant body,229
19 help hub,228
millions pounds raw,228
impacts covid 19,228
disinfectants could coronavirus,228
instead coronavirus hunger,228
light inside body,227
age cashless society,227
contributions covid 19,227
advisor mos hfw,227
suggestion heat light,227
digial age cashless,227
latest covid 19,227
france fabrique elle,227
light disinfectants could,227
media advisor mos,227
sister dying coronavirus,227
wearethenewsnow truth coronavirus,226
new covid19 cases,226
kriminalitas di tengah,226
trump suggestion heat,226
bible spoke would,225
could coronavirus treatments,225
raw ppe materials,225
rel nofollow tweetdeck,224
society physical cash,224
million americans filed,224
casos positivos covid,224
crise du covid19,223
did know bible,223
global food crisis,223
italian cruise ship,223
kill covid 19,222
health system died,222
refund options visit,221
provides information need,221
hub provides information,221
help hub provides,221
briefing via youtube,221
melakukan kejahatan dalam,220
free claiming voucher,220
understanding refund options,220
changing flight free,220
flight free claiming,220
host media call,220
media call today,220
caso covid 19,220
voucher understanding refund,220
coba coba melakukan,220
thanks message covid,220
information need changing,220
des respirateurs artificiels,220
society covid 19,220
coba melakukan kejahatan,220
claiming voucher understanding,220
need changing flight,220
chief medical officer,220
nasa host media,219
today contributions covid,219
call today contributions,219
jesus spoke would,219
rip trump idea,219
patients sent back,219
kejahatan dalam krisis,219
brother died coronavirus,219
food crisis looms,218
herman hery dprriapresiasipolri,218
covid 19 would,218
coronavirus 500 respirateurs,218
pounds raw ppe,218
idea injecting disinfectant,218
moving towards cashless,218
sent back nursing,218
disease covid 19,218
covid19 ini termasuk,217
effects covid 19,217
download epoch times,217
19 national response,217
experts rip trump,217
ppe materials help,217
materials help fight,217
penjahat jalanan pesan,216
dalam krisis covid19,216
report former labradoodle,216
disinfectant fight coronavirus,216
covid 19 contact,216
pesan ketua komisi,216
jalanan pesan ketua,216
covid 19 yang,216
krisis covid19 ini,216
13 nuevos casos,215
il covid 19,215
amid coronavirus lockdown,214
coronavirus vaccine trial,214
amp covid 19,214
pour lutter contre,214
sudden strokes young,214
amp sisters lessons,213
combate covid 19,213
pmikehsaastelethon ramadan mubarak,213
americans filed unemployment,212
ne sont pas,212
official figure says,211
casos positivos coronavirus,211
covid 19 aid,211
please stay home,210
lessons develop us,210
disease 2019 covid,210
kill us global,210
sisters lessons develop,210
coronavirus boris johnson,210
special report former,209
tiempos covid 19,209
catch covid 19,209
far earlier americans,209
st george day,209
us global food,209
did know jesus,209
impacted covid 19,208
coronavirus france fabrique,208
earlier americans knew,208
becoming human rights,207
despite covid 19,207
social distancing guidelines,207
free covid 19,207
corona coronavirus covid19,206
risk cases sooner,206
news coronavirus covid19,206
vaccine covid 19,206
cashless society covid,206
covid19 identify risk,206
spread covid19 identify,206
even feel well,206
data covid 19,206
ventilators new york,206
identify risk cases,206
injecting disinfectant fight,205
reporting symptoms daily,205
mediados febrero vía,205
symptoms daily even,205
daily even feel,205
cases sooner self,205
hear bible spoke,205
sooner self reporting,205
self reporting symptoms,205
figure says study,205
workers covid 19,204
outbreaks spread cities,204
patients critical condition,204
trump idea injecting,204
covid 19 covid,203
cities far earlier,203
story daniel_lewis3 here,203
feel well download,203
pasien covid 19,203
covid 19 hoax,203
urgence des respirateurs,202
spread cities far,202
us coronavirus response,202
spoke book revelation,201
cashless society coronavirus,201
91 new cases,201
well download app,200
combatir covid 19,200
ppe covid 19,200
110 mps peers,200
americans knew estimates,200
body injecting disinfectant,200
introduce universal basicincome,199
covid 19 india,199
york largest health,199
covid 19 hospital,199
coronavirus could cost,199
calling chancellor introduce,199
blood clotting complication,198
basicincome help everyone,198
even covid 19,198
chancellor introduce universal,198
knew estimates say,198
peers calling chancellor,198
recover rebuild covid19,198
dangerous experts rip,198
universal basicincome help,198
help everyone britain,197
respirateurs artificiels inadaptés,197
everyone britain recover,197
febrero vía el_pais,197
toute urgence des,197
world covid 19,197
top story daniel_lewis3,197
donate 150 ecoins,197
ao covid 19,197
mps peers calling,197
light human body,196
hospitalized covid 19,196
says covid 19,196
covid 19 global,196
britain recover rebuild,196
americans amidst covid19,196
new york test,196
hidden outbreaks spread,196
treating covid 19,195
19 patient bengalfightscorona,195
lawmaker credited trump,195
testing covid 19,195
elle toute urgence,195
fabrique elle toute,195
covid 19 epidemic,195
news coronavirus first,195
ditengah pandemi covid,195
19 fight via,194
patients put ventilators,194
light covid 19,194
making deadly error,194
fox news hosts,192
press briefing via,192
covid 19 briefing,192
states rushing reopen,191
pressing towards cashless,191
updates covid 19,191
social distancing measures,191
uv light human,191
disinfectant treat covid,190
work covid 19,190
think covid 19,190
coronavirus disease covid,189
human body injecting,189
cost covid 19,189
casos confirmados coronavirus,188
elderly trump voters,188
due coronavirus outbreak,188
clotting complication killing,188
people died today,188
combate ao coronavírus,188
bbc news mundo,188
million covid 19,188
democrats plan censure,187
19 contact tracing,187
personal protective equipment,187
trump voters dying,187
deadly error coronavirus,187
small business loan,187
hear jesus spoke,187
national response via,187
covid 19 free,187
error coronavirus models,187
complication killing coronavirus,187
state test positive,187
doctor plea ppe,186
reveal doctor plea,186
advisor study using,186
science advisor study,186
asks science advisor,186
stage fightback something,185
defeat coronavirus pls,185
coronavirus crisis still,185
jeudi 23 avril,185
champion team let,185
trump asks science,185
coronavirus models experts,185
let defeat coronavirus,185
19 relief efforts,185
contagiados covid 19,185
pls feedtheneedyurs amarprasadreddy,185
coronavirus pls feedtheneedyurs,185
world health organisation,185
team let defeat,185
22 04 2020,185
stay safe stay,185
coronavirus covid19 covid_19,184
censure lawmaker credited,184
new deaths total,184
models experts warn,184
coronavirus mortality rate,184
doctors rethink rush,184
nicotine patches coronavirus,184
voters dying coronavirus,184
health care system,183
19 relief fund,183
reaction president trump,183
people tested positive,183
response like third,183
advances doctors rethink,182
ce qu il,182
crisis still beginning,182
plan censure lawmaker,182
2020 covid 19,182
sur covid 19,182
coronavirus response like,182
dying coronavirus could,182
plea ppe covid,181
small business relief,181
covid 19 causes,181
19 patients put,181
bersihbersatu cegah covid19,181
2020 gratisno kknno,181
cegah covid19 rekrutmenpolri2020,181
suapbudayakan pola hidup,181
50 000 dead,181
calono suapbudayakan pola,181
fight via nasa,181
kknno calono suapbudayakan,181
anggota polri ta,181
hidup bersihbersatu cegah,181
polri ta 2020,181
covid19 rekrutmenpolri2020 bersatucegahcovid19,181
rate covid 19,181
fired resisting trump,181
covid 19 health,181
rekrutmen anggota polri,181
ta 2020 gratisno,181
pola hidup bersihbersatu,181
gratisno kknno calono,181
democrats punish black,180
23 04 20,180
patches coronavirus patients,180
coronavirus sars cov,180
cruise ship japan,180
rethink rush ventilate,180
birx reaction president,180
emails reveal doctor,179
19 covid 19,179
coronavirus vaccine ready,179
coronavirus patients ventilators,179
pandemic covid 19,179
cancelled due covid,179
warns coronavirus crisis,178
front line workers,178
response via nasa,178
top vaccine expert,178
irresponsible dangerous experts,178
study elderly trump,177
response coronavirus pandemic,177
covid 19 us,177
news covid 19,177
credited trump covid,177
stop covid 19,177
19 crisis well,177
port du masque,177
two cats new,177
macri firmó documento,177
crazy things alter,176
stay home save,176
caused covid 19,176
term care facilities,176
face au coronavirus,176
outbreak covid 19,176
scientists did absolutely,176
country covid 19,175
lawan covid 19,175
govt handle covid,175
punish black michigan,175
04 2020 00,175
covid 19 fears,175
black michigan lawmaker,175
wildlife wet markets,175
coherent national plan,175
died first known,175
coronavirus lockdowns working,174
the covid 19,174
champion covid 19,174
covid 19 disease,174
face covid 19,174
covid 19 cure,174
covid 19 corona,174
could cost november,174
things alter coronavirus,174
contracting covid 19,174
coronavirus test kits,174
said trump helped,173
pelaku kriminalitas di,173
michigan lawmaker said,173
corona covid 19,173
uk covid 19,173
past 24 hours,173
merkel warns coronavirus,173
coronavirus mask order,173
ultimate government overreach,173
injecting disinfectant to,173
23 avril 2020,173
task force press,172
job retention scheme,172
impacto covid 19,172
regarding covid 19,172
holy month ramadan,172
avance populismo coronavirus,172
trump coronavirus scientists,171
19 pandemic via,171
result covid 19,171
par covid 19,171
firma petición vía,171
patients ventilators make,171
president trump suggests,171
lawmaker said trump,171
trump helped beat,170
new cases confirmed,170
19 new york,170
helped beat coronavirus,170
na covid 19,170
small window opportunity,170
covid 19 fund,170
window opportunity stage,169
opportunity stage fightback,169
coronavirus patients sent,169
long way go,169
testing positive coronavirus,169
coronavirus scientists speak,169
paycheck protection program,169
covid 19 business,169
billion coronavirus bill,169
economist us coronavirus,169
team needs small,169
needs small window,169
co uk fantasticradiouk,168
00 22 02,168
top economist us,168
2121 hello fantasticradio,168
believeyourpossibilities stayhomesafelives buy,168
test nicotine patches,168
uk fantasticradiouk homeofpossibilities,168
fantasticradio co uk,168
hello fantasticradio co,168
fantasticradiouk homeofpossibilities believeyourpossibilities,168
19 patients bengal,168
homeofpossibilities believeyourpossibilities stayhomesafelives,168
90 2121 hello,168
covid 19 numbers,168
beat coronavirus urging,168
0208 90 2121,168
633 casos confirmados,168
stayhomesafelives buy song,168
scientists speak long,168
lives daily talk,168
2020 00 22,168
second wave covid,167
02 covidー19 coronavirus,167
research gave millions,167
22 02 covidー19,167
alerta avance populismo,167
total number cases,167
11 633 casos,167
coronavirus research gave,167
modi govt handle,167
covid 19 não,166
covid 19 china,166
talk us 0208,166
aux etats unis,166
adding value lives,166
dampak covid 19,166
value lives daily,166
daily talk us,166
covid 19 est,166
15 000 crore,166
19 death toll,166
tucker coronavirus lockdowns,166
pandémie covid 19,166
urging hydroxychloroquine consideration,166
us 0208 90,166
obama admin funded,165
york state test,165
death covid 19,165
nanangharyonow polri tindak,165
admin funded china,165
