gram,counts
covid 19 cases,7507
covid 19 pandemic,4142
positive covid 19,4054
get well soon,3148
casos covid 19,2151
new covid 19,2065
covid 19 patients,2023
due covid 19,1603
covid 19 positive,1486
new coronavirus cases,1453
covid 19 deaths,1437
tested positive covid,1338
coronavirus covid 19,1287
tested positive coronavirus,1243
covid 19 crisis,1206
tests positive coronavirus,1201
positivo covid 19,1194
coronavirus cover up,1171
tested positive covid19,1158
cases covid 19,1157
tests positive covid,1143
covid 19 via,1136
well soon sir,1109
bachchan tests positive,1106
amitabh bachchan tests,1055
disney world reopens,1052
virologist accuses beijing,1051
chinese virologist accuses,1043
covid 19 vaccine,1042
amid covid 19,1030
test positive covid,1017
covid 19 test,1016
flees hong kong,1015
new york times,1015
covid 19 death,998
अम बच चन,975
da covid 19,967
covid 19 di,911
beijing coronavirus cover,908
admitted nanavati hospital,887
amitabh bachchan abhishek,876
spread covid 19,865
india mitega india,847
pandemia covid 19,818
accuses beijing coronavirus,812
cover up flees,812
hong kong know,801
covid 19 testing,799
covid 19 virus,797
up flees hong,792
know treat whistleblowers,787
kong know treat,771
walt disney world,746
mitega india mitega,726
dies covid 19,720
últimas 24 horas,707
covid 19 outbreak,687
july 11 2020,671
covid 19 tests,663
exclusive chinese virologist,658
last 24 hours,658
fight covid 19,638
died covid 19,637
coronavirus live updates,618
one unstable times,614
unstable times history,613
times history country,606
covid 19 coronavirus,602
actor amitabh bachchan,587
pandemi covid 19,575
nuevos casos coronavirus,571
tested covid 19,571
expert warns us,571
positif covid 19,562
contagios covid 19,560
bachchan tested positive,557
bbc news coronavirus,555
wishing speedy recovery,545
long expected turn,544
take long expected,542
approaching one unstable,540
deaths take long,539
covid 19 response,538
us approaching one,535
expected turn worse,528
warns us approaching,527
coronavirus deaths take,527
pacientes covid 19,526
amitabh bachchan tested,523
impact covid 19,514
11 07 2020,508
70 000 new,501
positivos covid 19,500
covid 19 spread,495
coronavirus cases surge,490
get covid 19,482
covid 19 situation,479
test positive coronavirus,459
new covid19 cases,458
tv interviews never,456
world reopens florida,456
nuevos casos covid,453
nbc guest doctor,450
hospital tv interviews,450
suffering coronavirus hospital,449
coronavirus hospital tv,449
new cases covid,447
interviews never coronavirus,445
covid 19 update,444
doctor suffering coronavirus,444
covid 19 infections,443
guest doctor suffering,443
internal cdc documents,443
cdc documents warn,443
full reopening schools,438
bachchan abhishek bachchan,436
warn full reopening,434
documents warn full,433
schools highest risk,432
covid 19 treatment,431
muertes covid 19,431
reopening schools highest,426
covid 19 amp,425
virus covid 19,425
amid coronavirus pandemic,419
never coronavirus video,417
man dies covid,415
tests covid 19,413
covid 19 patient,413
star amitabh bachchan,411
tests positive covid19,409
release 000 prisoners,408
covid 19 em,407
000 new coronavirus,406
attending covid party,405
wow nbc guest,402
post covid 19,400
record covid 19,399
covid 19 lockdown,398
covid 19 numbers,398
number covid 19,397
death toll rises,390
positive coronavirus admitted,388
wish speedy recovery,385
covid 19 hoax,382
help slow spread,382
die covid 19,378
slow spread covid19,377
pm cares fund,375
vacuna covid 19,369
000 new cases,367
response covid 19,361
amitabhbachchan tested positive,361
wears mask public,361
30 year old,359
11 julio 2020,358
covid 19 case,357
highest single day,357
du covid 19,356
bollywood star amitabh,356
single day spike,355
coronavirus covid19 sarscov2,352
final year students,348
mumbai nanavati hospital,347
risk cases sooner,345
cases sooner self,343
sooner self reporting,343
spread covid19 identify,342
covid19 identify risk,342
identify risk cases,342
symptoms daily even,342
daily even feel,341
even feel well,341
infected covid 19,340
self reporting symptoms,340
reporting symptoms daily,340
test covid 19,339
feel well download,339
testing positive covid,337
world health organization,337
19 cases rise,336
covid 19 saying,336
well download app,335
need highest bidder,335
cases surge florida,334
new cases coronavirus,332
hong kong accuses,330
covid19 sarscov2 forecast,328
affects entire body,327
population coronavirus covid19,327
com covid 19,326
covid 19 surge,325
coronavirus affects entire,324
covid 19 covid19,322
death population coronavirus,321
social distancing guidelines,321
new death population,319
contagio covid 19,319
well soon srbachchan,317
covid 19 infection,316
covid 19 país,315
nanavati hospital mumbai,315
video via gatewaypundit,313
coronavirus death toll,312
tested covid19 positive,311
entertain empower educate,310
empower educate talk,310
0208 090 2121,310
090 2121 hello,310
2121 hello fantasticradio,310
hello fantasticradio co,310
fantasticradio co uk,310
co uk fantasticradiouk,310
uk fantasticradiouk homeofpossibilities,310
fantasticradiouk homeofpossibilities believeyourpossibilities,310
homeofpossibilities believeyourpossibilities stayhomesafelives,310
coronavirus cases soar,310
अभ बच चन,310
confirmed covid 19,309
trump wears mask,309
believeyourpossibilities stayhomesafelives buy,308
stayhomesafelives buy song,308
covid 19 related,308
abhishek bachchan also,308
covid 19 través,307
coronavirus video via,307
covid 19 nas,306
cases single day,305
ohio man dies,305
educate talk us,304
talk us 0208,304
us 0208 090,304
highest risk coronavirus,304
go people need,304
public first time,301
coronaviruspandemic covid19india coronavirus,300
coronavirus disease 2019,300
risk coronavirus spread,300
covid 19 relief,299
negative covid 19,299
covid 19 data,299
given covid 19,299
abhishek bachchan tests,298
india covid 19,297
casos positivos covid,297
people need highest,297
sábado 11 julio,295
also tested positive,295
coronavirus death rate,294
bill gates calls,294
mask public first,294
covid 19 admitted,293
rose ohio man,292
catch covid 19,290
richard rose ohio,289
state university exams,289
admitted mumbai nanavati,289
covid 19 contract,288
19 saying masks,287
florida sees record,287
due coronavirus pandemic,286
saying masks hype,286
dozens us marines,286
chinese communist party,284
spike covid 19,283
contract without open,282
florida covid 19,282
without open tender,280
marines japan okinawa,280
parliament panel review,279
reopens florida sees,279
sees record covid,278
york times internal,278
times internal cdc,278
19 contract without,275
अस पत भर,275
covid 19 impact,274
covid 19 symptoms,272
bachchan abhishek test,271
cognitive ability linked,268
blocks parliament panel,267
praying speedy recovery,267
lower cognitive ability,267
negativo covid 19,266
linked non compliance,265
non compliance social,265
compliance social distancing,265
2019 covid 19,265
review pm cares,263
calls covid 19,263
gt gt gt,262
panel review pm,261
covid 19 restrictions,261
brote covid 19,261
muertos covid 19,259
000 covid 19,259
coronavirus admitted nanavati,259
security guard tests,258
ability linked non,258
crisis covid 19,257
amid coronavirus surge,256
time covid 19,256
us marines japan,256
california release 000,255
like covid 19,255
distancing guidelines coronavirus,255
bjp blocks parliament,254
says covid 19,254
covid 19 vía,254
da positivo covid,254
tested positive amp,252
covid19 tested positive,252
covid 19 cover,251
deaths covid 19,251
covid 19 meds,251
third day row,250
2020 07 11,250
meds go people,250
covid 19 still,249
guidelines coronavirus outbreak,248
cares fund coronavirus,247
father covid 19,247
recover soon defeat,247
soon defeat covid19,247
covid 19 tally,246
ministério da saúde,246
record breaking coronavirus,246
wear face masks,246
extremely saddest news,246
saddest news prayers,246
handling covid 19,245
florida record breaking,244
19 meds go,244
japan okinawa get,244
covid 19 may,243
indiafightscorona stayhome staysafe,243
news prayers pakistan,243
defeat covid19 tested,243
penanganan covid 19,242
disease 2019 covid,242
covid 19 real,242
also tests positive,242
gates calls covid,242
prayers pakistan amitabhbachchan,242
positive amp shine,242
amp shine india,242
li meng yan,241
breaking coronavirus days,241
us covid 19,240
suggest florida record,240
coronavirus days may,240
delhi state university,240
fund coronavirus response,239
president donald trump,239
hospitals max icu,239
max icu capacity,238
covid 19 drugs,238
beijing covid 19,237
dio positivo covid,237
scathing obituary woman,237
coronavirus cases deaths,237
data suggest florida,237
inflated much 30,237
people covid 19,236
blood hands scathing,236
hands scathing obituary,236
obituary woman blames,236
मह यक अम,236
11 juli 2020,235
19 cover up,234
chinese virologist flees,233
hospitalized covid 19,232
27 114 new,232
19 cases surge,231
days may inflated,230
may inflated much,230
kind person please,230
coronavirus indiafightscorona stayhome,229
name maze infected,229
maze infected coronavirus,229
infected coronavirus afford,229
coronavirus afford huge,229
afford huge medical,229
huge medical expenses,229
medical expenses kind,229
expenses kind person,229
person please give,229
please give little,229
give little money,229
little money thank,229
money thank whole,229
thank whole life,229
soon sir amitabhbachchan,229
penyebaran covid 19,228
pray speedy recovery,228
okinawa get coronavirus,228
kids back school,227
covid19 last days,227
covid19india coronavirus indiafightscorona,227
accuses beijing hiding,227
woman blames governor,227
читать на литмаркет,227
covid19 bot covid19,226
bot covid19 last,226
last days stats,226
beijing hiding details,226
face coverings england,226
governor father covid,225
от covid 19,224
hiding details coronavirus,224
surge covid 19,224
blames governor father,223
total confirmed cases,223
kasus covid 19,222
fallecidos covid 19,222
dying covid 19,221
total covid 19,220
cure covid 19,219
gove cummings given,219
exams including final,219
pre existing pandemic,219
existing pandemic poverty,219
cummings given covid,218
covid 19 revealed,218
mortes covid 19,218
chooses distraction politics,218
amitabhbachchan tests positive,218
links gove cummings,217
china coronavirus cover,217
university exams including,217
distraction politics leadership,216
यक अम बच,216
think covid 19,215
firm links gove,215
11jul gnbprotegeasupueblo fanb,214
gnbprotegeasupueblo fanb protecciónyconcienciapopular,214
amitabh bachchan admitted,214
increase covid 19,213
pandemic poverty benefits,213
revealed pre existing,212
trump chooses distraction,212
ji tested positive,212
world population day,211
since covid 19,210
sign petition via,210
poverty benefits rich,210
amitabh bachchan hospitalized,210
19 death toll,209
know covid 19,209
think made mistake,209
coronavirus donald trump,209
past 24 hours,208
testes da covid,207
19 revealed pre,207
coronavirus via youtube,206
cases last 24,206
beijing cover coronavirus,206
disney world reopen,206
distance wash hands,205
virologist flees hong,204
pasien covid 19,204
000 new covid,204
battle covid 19,204
weight loss drive,204
prueba covid 19,203
speedy recovery srbachchan,203
safwat safwat safwat,203
contagiados covid 19,202
please wear mask,201
covid 19 could,201
severe covid 19,200
dos povos indígenas,200
19 nas aldeias,200
pela proteção dos,199
proteção dos povos,199
povos indígenas queremos,199
indígenas queremos testes,199
queremos testes da,199
wear damn mask,199
noexammhrd noexammhrd noexammhrd,199
covid 19 protocol,198
covid 19 second,198
speedy recovery amitabhbachchan,198
saturday july 11,197
coronavirus cases single,197
helped spread coronavirus,196
covid 19 méxico,196
da saúde pela,196
covid 19 venezuela,196
coronainfoch covid19 corona,196
ice helped spread,195
july 10 2020,195
saúde pela proteção,195
risk covid 19,195
stay home much,194
increasing day day,194
guard tests positive,194
covid19 positive cases,193
wearing face masks,193
nas aldeias assine,193
aldeias assine petição,193
19 cases increasing,193
cancel delhi state,193
bmc security guard,193
11 july 2020,192
assine petição via,191
final year exams,191
world reopens coronavirus,191
decided cancel delhi,191
losing war coronavirus,191
sealed bmc security,191
srbachchan get well,191
abhishek bachchan tested,191
trump health experts,190
claims beijing cover,189
grows trump health,189
health experts amid,189
treat whistleblowers foxnews,188
rise covid 19,188
keep safe distance,188
wash hands often,188
new cases confirmed,188
control covid 19,188
असत रह _म,188
take covid 19,188
chinese virologist claims,188
experts amid coronavirus,188
positive covid19 admitted,188
2020 covid 19,187
death rate begins,187
hospital testing positive,187
rift grows trump,187
coronavirus amitabhbachchan covid19,187
bachchan test positive,187
abhishek test positive,187
penularan covid 19,186
french bus driver,186
virologist claims beijing,186
plans weight loss,186
govt decided cancel,186
finally wears mask,186
covid 19 spike,185
वत अस पत,185
petição via change_br,184
florida hospitals max,184
reopens coronavirus cases,184
10 plans weight,184
loss drive ready,184
months decline america,183
stato di emergenza,183
frente covid 19,183
drive ready uk,183
19 second wave,183
covid 19 et,182
decline america coronavirus,182
rate begins rise,182
global covid 19,182
ready uk expected,182
expected covid 19,182
covid 19 safety,180
america coronavirus death,180
hope recover soon,180
people hospitalized coronavirus,179
lucha covid 19,179
confirmados covid 19,179
accuses china coronavirus,179
records 70 000,179
pakistan amitabhbachchan ji,179
shot could prevent,178
could prevent coronavirus,178
world health organisation,177
china covid 19,177
death covid 19,177
uk expected covid,177
delhi govt decided,177
including final exams,177
amitabh bachchan says,176
closer aroldis chapman,176
cases trend07 jul,176
total number cases,175
coronavirus really airborne,175
well soon amitabhbachchan,175
paramashiva speedy recovery,175
people embrace smartphone,175
embrace smartphone age,175
smartphone age number,175
age number consumers,175
number consumers online,175
consumers online continues,175
online continues multiply,175
continues multiply day,175
multiply day mobile,175
day mobile app,175
mobile app would,175
app would help,175
would help put,175
help put business,175
put business customer,175
business customer pockets,175
customer pockets check,175
pockets check know,175
check know coronavirus,175
know coronavirus amitabhbachchan,175
coronavirus coronavirusupdate covid19,174
masks social distancing,174
world reopen coronavirus,174
reopen coronavirus cases,174
superstar amitabh bachchan,174
amitabhbachchan covid19 app,174
new cases new,173
gmt coronavirus coronavirusupdate,173
coronavirusupdate covid19 coronaviruspandemic,173
black lives matter,173
cover coronavirus outbreak,173
man 30 dies,173
virologist fled us,173
really airborne might,173
airborne might fighting,173
might fighting wrong,173
himbauan kepada masyarakat,172
covid 19 updates,172
cases increasing day,172
leave covid 19,172
ruso covid 19,172
19 via youtube,172
anything virus doctor,172
virus doctor suicide,172
bachchan also tests,172
polres padang pariaman,171
cases new deaths,171
dies attending covid,171
países américa latina,171
hey buddy buy,171
buddy buy brand,171
buy brand new,171
brand new shirt,171
new shirt weed,171
shirt weed merchandise,171
weed merchandise bonfire,171
merchandise bonfire 26,171
bonfire 26 campaign,171
26 campaign main,171
campaign main aim,171
main aim funding,171
aim funding covid19,171
funding covid19 patients,171
covid19 patients buy,171
patients buy shirt,171
buy shirt make,171
shirt make fashion,171
make fashion part,171
fashion part campaign,171
part campaign doabitfromyourself,171
megastar amitabh bachchan,171
bachchan tests covid,171
fighting wrong way,170
safe distance wash,169
hands often cover,169
usa northamerica cases,169
county coronavirus numbers,169
amitabhbachchan ji tested,169
go back school,168
first covid 19,168
update covid 19,168
testing positive coronavirus,168
bollywood superstar amitabh,168
tatanan normal baru,167
prevent coronavirus feds,167
trump finally wears,167
overwhelmed icus leave,166
high blood sugar,166
fled us hong,166
us hong kong,166
dio positivo coronavirus,165
accuses beijing covid,165
pruebas covid 19,165
since pandemic began,165
000 coronavirus cases,165
commissioner voted masks,165
kong accuses china,165
largely avoided coronavirus,165
avoided coronavirus outbreaks,165
des tests sérologiques,165
entertainmentall well mumbai,165
well mumbai hospitalfans,165
mumbai hospitalfans praying,165
better health around,165
health around planet,165
around planet getwellsoon,165
prays paramashiva speedy,165
normal baru produktif,164
home much keep,164
much keep safe,164
often cover cough,164
houston overwhelmed icus,164
kong accuses beijing,164
schedule covid 19,164
realdonaldtrump tuckercarlson foxnews,163
spike coronavirus cases,163
coronavirus pandemic via,163
bachchan admitted hospital,163
praying better health,163
melaksanakan himbauan kepada,162
baru produktif aman,162
19 patients waiting,162
covid 19 news,162
face mask public,162
zonal etcs regarding,162
etcs regarding training,162
regarding training schedule,162
alloted 1669 alps,162
1669 alps panel,162
alps panel candidates,162
per training schedule,162
19 protocol earliest,162
day covid 19,162
high covid 19,162
angeles apparel factory,162
donald trump finally,162
corona virus cure,162
primeros recibir medicamento,162
hospitalfans praying better,162
padang pariaman melaksanakan,161
pariaman melaksanakan himbauan,161
kepada masyarakat tentang,161
masyarakat tentang tatanan,161
tentang tatanan normal,161
produktif aman dari,161
aman dari covid19,161
dari covid19 akbpdianugrahahbwps,161
covid19 akbpdianugrahahbwps polrespadangpariaman,161
akbpdianugrahahbwps polrespadangpariaman patriotdigitalpolri,161
polrespadangpariaman patriotdigitalpolri tatanannormalbaru,161
patriotdigitalpolri tatanannormalbaru cepatdekatbersahabat,161
tatanannormalbaru cepatdekatbersahabat humaspoldasumbar,161
free covid 19,161
plasma shot could,161
recovered covid 19,161
coronavirus cases rise,161
icus leave covid,161
stay at home,161
prayagraj division communication,161
division communication zonal,161
communication zonal etcs,161
training schedule alloted,161
schedule alloted 1669,161
panel candidates called,161
candidates called per,161
called per training,161
training schedule covid,161
treat covid 19,161
covid 19 protocols,161
first time records,161
europe asia largely,161
asia largely avoided,161
latina primeros recibir,161
recibir medicamento ruso,161
coronavirus covid party,161
admitted hospital testing,161
covid 19 hotspot,160
people wear masks,160
covid 19 joke,160
covid 19 rules,160
recovery get well,160
medicamento ruso covid,160
schools europe asia,160
américa latina primeros,160
rate covid 19,159
gov greg abbott,159
fighting covid 19,159
time records 70,159
african rapper aka,159
south african rapper,159
reopened schools europe,159
kit covid 19,158
hails indian doctors,158
300 coronavirus cases,158
weigh new restrictions,158
tests sérologiques rapides,158
amp admitted nanavati,158
cases one day,157
getting covid 19,157
nuevos covid 19,157
000 nuevos casos,157
combatir covid 19,157
nuevos casos positivos,157
indian doctors nurses,157
positive coronavirus amp,157
california county coronavirus,157
case covid 19,156
despite covid 19,156
rising covid 19,156
affected covid 19,156
hospitals full houston,156
full houston overwhelmed,156
doctors nurses nhs,156
nurses nhs frontline,156
health care workers,156
114 new cases,156
rekha mumbai bungalow,156
mumbai bungalow sealed,156
months covid 19,155
casos nuevos covid,155
covid 19 new,155
re losing war,155
closed 300 coronavirus,155
yikes california county,155
coronavirus amp admitted,155
sri amitabh bachchan,155
dies catching coronavirus,155
catching coronavirus covid,155
daily covid 19,154
frontline covid 19,154
news coronavirus covid19,154
coronavirus outbreaks lessons,154
amp get well,154
million covid 19,153
coronavirus task force,153
medicamento covid 19,153
covid 19 going,153
covid 19 world,153
coronavirus numbers inflated,153
speedy recovery sri,153
texas man 30,153
19 cases deaths,152
new york city,152
covid 19 día,152
port du masque,152
trump tulsa rally,152
even coronavirus cases,152
amitabh bachchan well,152
reopens florida amid,152
recovery sri amitabh,152
believe covid 19,151
covid 19 would,151
news times india,151
patients covid 19,151
uk hails indian,151
new cases reported,151
dr anthony fauci,151
covid 19 heroes,151
florida amid covid,151
yankees closer aroldis,151
bachchan well family,151
30 dies catching,151
act scientists say,150
charged selling toxic,150
selling toxic chemical,150
coronavirus impact economy,150
covid 19 control,150
tally crosses lakh,150
capacity covid 19,150
covid 19 mundo,150
coronavirus cases continue,150
year old dies,150
reports record high,150
speedy recovery amp,150
covid 19 hits,149
nhs frontline covid,149
people tested positive,149
bhagavan nithyananda paramashivam,149
nithyananda paramashivam prays,149
paramashivam prays paramashiva,149
cases third day,148
nbc science contributor,148
covid 19 transmission,148
casos confirmados covid,148
must jump hoops,148
ordered closed 300,148
since july get,148
divine holiness bhagavan,148
holiness bhagavan nithyananda,148
testing kit covid,147
thinking experiment lifes,147
experiment lifes final,147
toxic chemical coronavirus,147
chemical coronavirus cure,147
almost every organ,147
19 cases reported,147
jump hoops workers,147
titanic analogy coronavirus,147
coronavirus feds makers,146
covid 19 hospital,146
lifes final year,146
got covid 19,146
refused wear mask,146
19 heroes must,146
factory ordered closed,146
trump titanic analogy,146
analogy coronavirus failings,146
सद मह यक,146
finally releases true,145
releases true numbers,145
true numbers people,145
numbers people hospitalized,145
new covid cases,145
heroes must jump,145
hoops workers comp,145
coronavirus blm protests,145
bollywood actor amitabh,145
19 admitted nanavati,145
chapman tests positive,145
governor finally releases,144
year students justified,144
covid 19 recovery,144
covid 19 11jul,144
prevención covid 19,144
spike 27 114,144
covid 19 na,144
amidst covid 19,144
test positive covid19,144
nanavati hospital wishing,144
recovery amp get,144
crosses lakh mark,143
restricted emergency use,143
global pandemic news,143
americans covid 19,143
paul krugman sinks,143
blm protests riots,143
10 360 new,143
urban centers following,143
centers following coronavirus,143
buddy hope recover,143
shine india charity,143
covid 19 complications,142
florida governor finally,142
spreading covid 19,142
wear face mask,142
highest risk spread,142
covid 19 today,142
pandemic news coronavirus,142
prayers speedy recovery,142
flee urban centers,142
hospital wishing speedy,142
new cases covid19,141
go back work,141
the covid 19,141
day spike 27,141
coronavirus covid19 protests,141
apparel factory ordered,141
americans flee urban,141
following coronavirus blm,141
news spent weeks,140
trump covid 19,140
even covid 19,140
24 hours total,140
covid 19 never,140
वस मन करत,140
bachchan hospitalized coronavirus,140
send kids back,139
world covid 19,139
daily cases increase,139
earns compassionate coronavirus,139
compassionate coronavirus early,139
home covid 19,139
abvp thinking experiment,139
calls government clarify,139
following safety protocols,139
live address 30am,139
address 30am ist,139
record new covid,138
covid 19 ini,138
contracting covid 19,138
effects covid 19,138
day day abvp,138
day abvp thinking,138
disney world reabre,138
government clarify face,138
clarify face coverings,138
positive shifted hospital,138
employees returned work,138
ready many employees,138
many employees backstage,138
safety protocols even,138
protocols even skipping,138
even skipping temperature,138
skipping temperature check,138
temperature check line,138
check line enforcement,138
line enforcement covid19,138
enforcement covid19 disneyworld,138
masks hype via,137
icu capacity amid,137
covid 19 get,137
risk spread coronavirus,137
doctors decided life,137
decided life worth,137
life worth saving,137
de covid 19,137
july get ready,137
get ready many,137
coronavirus bollywood star,137
hype via heavysan,136
long term effects,136
paralyzed doctors decided,136
wears face mask,136
spent weeks reporting,135
reported today utc,135
today utc time,135
pastor earns compassionate,135
