covid,162850
19,149727
coronavirus,136490
covid19,120210
cases,29576
amp,27191
new,25432
pandemic,24684
people,23058
us,16478
via,15704
protestagainstexamsincovid,14857
health,14526
trump,14506
casos,14484
deaths,14041
virus,13957
news,12372
2020,12369
get,11926
one,11413
like,11269
000,10598
time,10070
21,9995
help,9816
vaccine,9714
si,9303
would,9286
di,9286
students,9010
please,8878
due,8829
positive,8697
need,8442
pandemia,8407
test,8175
day,8162
world,8159
could,8015
many,7899
know,7817
et,7795
da,7576
back,7560
state,7401
says,7379
government,7361
go,7214
see,7201
total,7157
still,7156
today,7139
na,7017
realdonaldtrump,7015
death,7012
il,6927
china,6898
country,6873
india,6792
testing,6783
spread,6708
year,6681
even,6621
tests,6560
school,6518
lockdown,6514
take,6480
may,6407
corona,6326
20,6316
going,6293
first,6244
24,6126
die,6121
uk,6064
per,6063
mask,6054
10,6032
work,6031
the,5989
du,5966
good,5935
care,5914
public,5911
crisis,5891
also,5746
biden,5651
salud,5541
read,5518
two,5448
think,5443
des,5408
home,5402
nuevos,5382
well,5370
est,5348
data,5263
want,5204
live,5199
make,5196
said,5166
re,5097
masks,5082
social,5072
week,5072
schools,5068
years,5004
august,4985
last,4867
covid_19,4849
life,4848
since,4832
drrpnishank,4828
say,4757
right,4752
update,4714
response,4669
patients,4666
risk,4619
stop,4619
sir,4612
hospital,4601
much,4587
support,4539
safe,4500
keep,4493
way,4488
business,4459
let,4451
contagios,4344
latest,4342
non,4320
lives,4288
face,4257
number,4256
children,4208
daily,4179
plan,4168
million,4152
em,4148
exams,4095
rate,4005
died,3998
every,3986
days,3966
reported,3955
pour,3951
100,3934
vacuna,3926
really,3920
pas,3904
president,3867
great,3865
tested,3844
swamy39,3814
dr,3803
county,3796
personas,3783
come,3777
economy,3767
case,3763
months,3761
mil,3735
americans,3728
another,3716
exam,3714
pmoindia,3671
impact,3632
must,3617
states,3605
post,3603
to,3594
dos,3577
plus,3573
in,3572
report,3572
look,3567
flu,3561
30,3545
end,3522
times,3514
america,3505
au,3500
got,3488
workers,3477
long,3475
oms,3450
next,3448
free,3442
dan,3440
aug,3437
país,3431
thank,3408
global,3404
com,3396
friday,3394
stay,3372
ser,3372
gobierno,3353
une,3327
gt,3324
agosto,3296
online,3295
better,3292
never,3287
postponejee_neetsept,3286
ca,3282
narendramodi,3275
mais,3253
hoy,3233
around,3218
everyone,3216
outbreak,3197
15,3193
real,3191
person,3176
12,3173
put,3169
va,3158
thanks,3155
family,3152
getting,3120
high,3117
check,3104
travel,3103
numbers,3097
use,3082
sa,3081
find,3080
control,3076
study,3049
confirmed,3027
hope,3018
kids,3014
positivos,3014
open,3008
done,3007
quarantine,3006
ve,3005
made,3001
job,2998
50,2981
22,2978
money,2945
usa,2940
día,2916
reports,2913
govt,2912
amid,2911
wear,2904
situation,2899
working,2896
11,2893
video,2889
community,2881
national,2876
sur,2874
che,2872
recovered,2863
man,2842
weeks,2836
14,2833
staff,2826
without,2821
things,2817
neet,2803
media,2797
medical,2785
updates,2782
medidas,2781
top,2779
muertes,2773
across,2768
call,2761
old,2754
qui,2740
safety,2740
already,2735
give,2729
important,2722
positivo,2722
años,2720
big,2719
minister,2718
blessing,2718
recovery,2713
watch,2684
restrictions,2680
local,2678
dans,2672
shut,2664
não,2659
start,2655
god,2654
infections,2654
fight,2649
mundo,2645
coming,2642
away,2617
08,2610
der,2610
eu,2609
vote,2605
yet,2602
south,2591
food,2579
lost,2575
cdc,2575
horas,2571
través,2568
best,2566
protect,2564
venezuela,2562
ne,2556
méxico,2554
jee,2554
menos,2554
france,2549
gente,2548
part,2542
change,2537
including,2536
love,2527
ahora,2523
infected,2517
article,2514
market,2505
van,2498
less,2493
de,2489
follow,2475
and,2465
education,2464
countries,2461
cas,2454
swamyjihelp_neetjeeaspirants,2440
families,2437
je,2436
city,2424
pacientes,2422
continue,2409
thing,2393
show,2393
information,2371
hit,2362
postpone,2358
symptoms,2349
españa,2340
youtube,2332
research,2330
joebiden,2316
others,2310
solo,2306
disease,2291
sure,2288
full,2274
american,2273
learn,2273
population,2270
far,2266
argentina,2263
scientists,2257
fallecidos,2256
of,2256
infection,2252
13,2250
story,2245
election,2243
student,2227
needs,2226
distancing,2225
ce,2219
ever,2217
businesses,2206
contact,2203
ka,2188
la,2183
días,2180
active,2172
rules,2170
joe,2159
casa,2158
18,2157
así,2150
team,2133
future,2131
economic,2131
anyone,2130
least,2128
21ago,2127
officials,2124
vía,2122
nothing,2118
lot,2116
40,2114
everything,2114
und,2112
place,2112
save,2100
dead,2094
bien,2093
yes,2093
puede,2077
tell,2075
enough,2068
no,2063
das,2063
oh,2058
um,2056
pm,2055
second,2050
taking,2046
science,2043
par,2043
normal,2041
pcr,2036
brasil,2031
increase,2025
últimas,2021
covidー19,2018
ai,2017
healthcare,2014
believe,2012
possible,2010
personal,2006
25,2005
office,2004
wearing,2002
hours,1994
postponeneet_jeesept,1993
house,1991
cnn,1979
60,1972
early,1969
het,1959
madrid,1956
police,1942
system,1940
bad,1936
director,1935
within,1934
jobs,1927
bill,1923
fall,1923
breaking,1913
university,1912
someone,1911
share,1911
rt,1911
ng,1900
yang,1897
rise,1897
making,1895
ini,1894
pay,1892
pruebas,1890
17,1888
available,1886
party,1883
trying,1882
florida,1882
something,1882
info,1881
measures,1879
parents,1879
mas,1878
teachers,1877
link,1874
fear,1874
venezueladignayantiimperialista,1873
casi,1870
united,1868
used,1868
despite,1863
hard,1861
ver,1860
europe,1858
guidelines,1853
viernes,1844
affected,1843
el,1843
app,1838
it,1830
experts,1827
toll,1822
results,1820
low,1817
fda,1813
saying,1803
feel,1794
sick,1794
soon,1792
coronaviruspandemic,1786
month,1784
vida,1782
cause,1779
college,1774
california,1772
always,1769
cada,1769
16,1758
might,1756
using,1756
shows,1754
this,1753
related,1748
we,1746
vous,1744
cuarentena,1742
current,1740
three,1740
muertos,1739
relief,1737
point,1731
women,1718
sars,1712
found,1707
talk,1706
doctors,1706
actually,1705
wrong,1704
gop,1704
human,1704
nuevo,1699
general,1699
looking,1697
administration,1696
gov,1696
caso,1696
millions,1693
level,1693
ll,1690
canada,1689
air,1686
order,1679
ang,1673
00,1672
following,1670
record,1668
service,1668
en,1666
virtual,1663
season,1661
is,1658
hace,1658
etc,1657
chief,1650
services,1649
play,1645
federal,1640
frente,1638
disguise,1637
presidente,1632
likely,1631
small,1629
true,1623
cómo,1619
highest,1617
industry,1616
issues,1614
vaccines,1613
hacer,1612
cuba,1610
among,1608
on,1608
visit,1606
fuck,1605
march,1600
york,1598
23,1594
remember,1588
join,1579
dying,1578
avec,1576
according,1575
little,1570
living,1570
29,1561
कर,1560
rally,1560
contagio,1558
wo,1555
gracias,1552
return,1552
self,1547
tras,1540
based,1537
continues,1536
plans,1534
term,1533
plasma,1529
emergency,1526
situación,1525
probably,1523
campus,1521
past,1517
head,1516
understand,1516
worse,1516
mo,1515
treatment,1514
mayor,1508
fact,1506
russia,1503
society,1497
sturgis,1496
friends,1496
doctor,1495
list,1492
result,1491
wait,1490
anything,1489
unemployment,1488
listen,1485
twitter,1485
immunity,1485
closed,1484
mail,1484
wave,1482
democrats,1480
ago,1478
masque,1477
sign,1477
coronavírus,1469
residents,1468
protestagainstexamincovid,1465
together,1463
confirmados,1463
protestagainstexamslncovid,1462
fake,1453
close,1453
abc,1451
maybe,1450
vez,1447
young,1439
500,1437
act,1437
effective,1436
aquí,1434
prevent,1434
shit,1433
zero,1431
almost,1430
child,1430
for,1429
parte,1427
able,1425
qu,1425
leadership,1425
wuhan,1420
registra,1419
left,1419
número,1416
ist,1415
postponejeeneet,1411
you,1409
seen,1408
learning,1408
given,1408
hospitals,1408
2021,1407
san,1397
mental,1396
issue,1396
bbc,1395
single,1393
happy,1393
become,1391
ban,1391
yesterday,1391
tips,1390
department,1390
semana,1389
technology,1387
sector,1385
different,1380
homes,1377
leaders,1376
started,1374
problem,1373
called,1372
truth,1371
september,1370
africa,1370
eduminofindia,1368
critical,1367
thousands,1364
policy,1363
sarscov2,1361
told,1361
australia,1356
law,1356
whole,1354
nation,1352
riesgo,1351
mean,1351
football,1350
thought,1350
postponed,1345
means,1344
reporting,1344
force,1343
digital,1339
postponeneetandjee,1336
200,1334
group,1333
white,1330
july,1329
effects,1325
employees,1319
higher,1317
evitar,1316
members,1315
spreading,1313
anti,1311
nous,1310
reason,1308
co,1306
wants,1305
noticias,1302
información,1299
nearly,1297
resources,1295
hai,1295
hear,1294
recuperados,1293
colombia,1293
prevención,1293
company,1293
action,1292
failed,1292
provide,1291
event,1291
sono,1289
spike,1288
ou,1288
worst,1286
médicos,1285
28,1283
political,1281
27,1278
taken,1276
major,1274
age,1272
mal,1270
move,1267
hands,1266
makes,1263
evidence,1260
matter,1260
set,1258
ways,1255
access,1254
final,1252
atención,1250
untuk,1248
security,1247
sont,1245
pa,1244
weekend,1242
course,1242
worldwide,1242
program,1241
millones,1239
transmission,1239
ça,1239
ready,1235
kill,1233
lakh,1231
seems,1230
debt,1229
source,1228
reopen,1227
healthy,1227
behind,1226
ke,1226
recent,1223
cov,1223
all,1223
especially,1222
benefits,1222
deal,1221
area,1217
ask,1215
vs,1215
chinese,1214
fucking,1211
talking,1209
decision,1208
dia,1208
negative,1207
uma,1206
centre,1205
31,1205
puta,1205
dice,1202
nursing,1202
caused,1201
heart,1200
black,1198
meses,1198
details,1197
पर,1195
im,1193
uso,1193
dg_nta,1191
happen,1189
demand,1188
instead,1187
rates,1185
question,1184
staysafe,1183
companies,1183
nacional,1182
records,1182
quedateencasa,1181
fin,1181
common,1179
reopening,1179
sports,1175
killed,1174
try,1174
aumento,1173
needed,1171
sad,1170
idea,1166
hi,1162
financial,1161
26,1160
line,1159
tweet,1158
else,1157
rest,1157
book,1155
communities,1154
nicht,1152
key,1150
trial,1149
fase,1148
hoax,1147
2019,1145
texas,1143
lies,1140
though,1139
70,1137
alone,1136
todas,1136
changes,1136
strategy,1134
patient,1134
center,1130
announced,1129
citizens,1128
series,1126
ki,1125
questions,1125
tener,1125
mit,1123
essential,1123
official,1122
ones,1122
blame,1120
date,1120
johnson,1120
survey,1119
wow,1118
bring,1116
mundial,1116
stupid,1115
power,1115
run,1112
een,1112
fighting,1110
spain,1110
looks,1104
59,1102
avoid,1100
responsible,1099
ont,1099
gates,1098
advice,1098
gone,1097
thursday,1096
positif,1094
motorcycle,1093
hold,1091
sense,1091
helping,1091
ao,1090
hand,1089
experience,1087
según,1084
lol,1083
analysis,1082
four,1082
primer,1080
healthoverneetjee,1079
took,1079
gets,1077
tan,1077
mortes,1077
blood,1074
nigeria,1074
guys,1073
ok,1072
buy,1071
italia,1068
nhs,1067
dari,1065
bir,1064
lockdowns,1061
datos,1059
thread,1058
tv,1057
comes,1057
vamos,1055
और,1053
pence,1050
falta,1050
hijos,1049
nuovi,1047
linked,1046
class,1043
stayhome,1042
ko,1042
usps,1041
postponeneet_jee,1041
international,1041
indonesia,1041
dat,1041
resign,1038
seriously,1037
tem,1037
já,1036
mandatory,1035
primera,1035
donald,1034
challenges,1034
sales,1034
distance,1033
came,1033
mejor,1033
niños,1033
click,1032
funding,1032
that,1032
den,1031
guy,1030
ils,1029
golfgate,1026
dangerous,1023
surge,1023
sigue,1023
six,1021
80,1021
concerns,1019
webinar,1019
june,1018
request,1017
forward,1016
mientras,1015
met,1015
review,1015
zu,1015
lose,1011
lab,1011
stats,1010
dengan,1010
cost,1009
ho,1009
went,1008
politics,1008
von,1008
que,1006
huge,1001
game,1001
website,1000
90,1000
novel,1000
viral,1000
pandemi,998
obama,997
immune,997
op,997
médico,995
outbreaks,992
als,990
на,989
korea,989
body,986
court,986
morning,982
rising,982
entire,982
provincia,982
tax,980
activos,979
interesting,979
currently,977
efforts,976
