gram,counts
penyebaran covid 19,9266
covid 19 pandemic,8663
covid 19 partisipasicegahcovid19,5977
covid 19 cases,5169
covid 19 dengan,5160
href rel nofollow,4163
true href rel,4092
cegah penyebaran covid,3586
tests positive coronavirus,3558
rel nofollow twitter,3434
19 dengan menggunakan,3332
dengan menggunakan masker,3291
positive covid 19,3230
covid 19 crisis,3178
coronavirus covid 19,3155
due covid 19,3111
menjalankan kebijakan pemerintah,3052
memutuskan penyebaran covid,3051
pemerintah adalah partisipasi,3050
partisipasi besar kita,3050
adalah partisipasi besar,3050
dalam menjalankan kebijakan,3050
dalam membantu memutuskan,3050
kita dalam membantu,3050
kebijakan pemerintah adalah,3050
besar kita dalam,3050
membantu memutuskan penyebaran,3050
disiplin dalam menjalankan,3044
covid 19 patients,2853
pada masa darurat,2398
masa darurat covid,2398
keluar rumah untuk,2334
rumah untuk wajib,2332
untuk wajib pakai,2332
wajib pakai masker,2324
joko widodopresiden republik,2318
menggunakan masker setiap,2316
nofollow twitter web,2314
mudik bagi asn,2314
asn pada masa,2312
harus keluar rumah,2310
masker setiap warga,2310
setiap warga yang,2309
bagi asn pada,2309
ir joko widodopresiden,2304
pakai masker ir,2302
masker ir joko,2302
yang harus keluar,2288
warga yang harus,2284
widodopresiden republik indonesia,2279
pelarangan mudik bagi,2242
covid 19 via,2189
casos covid 19,2167
republik indonesia partisipasicegahcovid19,2143
penanganan covid 19,2120
impact covid 19,1987
twitter web app,1987
covid 19 deaths,1935
covid 19 testing,1917
covid 19 dan,1861
new york times,1818
pandemi covid 19,1793
fight covid 19,1781
tested positive coronavirus,1769
darurat covid 19,1761
new covid 19,1756
amid covid 19,1706
towards cashless society,1649
covid 19 di,1641
covid 19 lockdown,1639
19 dengan tetap,1603
manajemen penanganan covid,1590
pedoman manajemen penanganan,1588
dampaknya bagi pemerintah,1569
stay safe stay,1566
19 dan dampaknya,1550
mencegah penyebaran covid,1549
dan dampaknya bagi,1549
siegfried amp roy,1547
covid 19 response,1545
covid 19 outbreak,1533
cashless society know,1483
tetap dirumah saja,1438
berpartisipasi mencegah penyebaran,1438
dengan tetap dirumah,1435
da covid 19,1434
dirumah saja dan,1434
dan menunda mudik,1428
saja dan menunda,1428
menunda mudik stay,1425
mudik stay safe,1425
kamu maskermu melindungi,1399
melindungi kamu maskermu,1399
ayo berpartisipasi mencegah,1399
yang harus kita,1395
hargai dan bantu,1395
dan bantu mereka,1395
harus kita lakukan,1394
bantu mereka yang,1393
lakukan hargai dan,1393
dan jangan menolak,1393
kita lakukan hargai,1393
melaksanakan isolasi mandiri,1393
yang melaksanakan isolasi,1393
jangan menolak jenazah,1393
menolak jenazah covid,1393
diskriminasi dan jangan,1393
mereka yang melaksanakan,1393
akuini yang harus,1392
melindungi akuini yang,1392
isolasi mandiri jangan,1392
mandiri jangan diskriminasi,1392
jangan diskriminasi dan,1392
maskermu melindungi akuini,1392
jenazah covid 19achmad,1382
covid 19achmad yuriantojuru,1378
roy horn siegfried,1359
maskermu melindungi kamu,1358
stay at home,1332
cases covid 19,1297
covid 19 vaccine,1284
covid 19 coronavirus,1274
pandemia covid 19,1255
pence press secretary,1246
covid 19 death,1234
new coronavirus cases,1228
penularan wabah covid,1225
umat islam untuk,1219
mengajak umat islam,1219
islam untuk beribadah,1219
untuk beribadah di,1218
mencegah penularan wabah,1218
beribadah di rumahguna,1216
saya mengajak umat,1216
rumahguna mencegah penularan,1216
di rumahguna mencegah,1216
purn fachrul razi,1216
tni purn fachrul,1216
fachrul razi partisipasicegahcovid19,1215
rijenderal tni purn,1215
agama rijenderal tni,1215
covid 19menteri agama,1213
19menteri agama rijenderal,1212
wabah covid 19menteri,1212
19achmad yuriantojuru bicara,1192
covid 19 relief,1178
bicara pemerintah partisipasicegahcovid19,1153
yuriantojuru bicara pemerintah,1151
covid 19 virus,1143
covid 19 update,1131
spread covid 19,1081
response covid 19,1071
bbc news coronavirus,1068
amid coronavirus pandemic,1066
du covid 19,1028
virus covid 19,1021
covid 19 test,1008
safe stay home,1005
tested positive covid,985
últimas 24 horas,980
covid 19 advice,947
covid 19 em,947
censor covid 19,947
staffer tests positive,938
attempt censor covid,937
bagi pemerintah daerahsumber,912
id heading towards,898
towards future cashless,898
society did know,898
future cashless society,898
covid 19 covert,898
heading towards future,898
19 covert id,898
cashless society did,898
covert id heading,898
nofollow twitter android,893
president mike pence,892
died covid 19,889
vice president mike,888
crisis covid 19,883
stay home partisipasicegahcovid19,871
coronavirus death toll,863
tests positive covid,862
know jesus spoke,857
test positive covid,853
coronavirus live updates,843
com covid 19,838
die covid 19,837
completely eliminate coronavirus,828
latest treatment completely,828
treatment completely eliminate,828
pence staffer tests,815
post covid 19,802
muertes covid 19,793
20 million jobs,779
dies covid 19,778
know bible spoke,769
society know jesus,769
covid 19 positive,768
since great depression,761
covid 19 restrictions,754
covid 19 vía,752
covid 19 case,751
08 05 2020,749
menggunakan masker partisipasicegahcovid19,743
society know bible,714
horn siegfried roy,711
tested positive covid19,690
covid 19 brasil,689
positivo covid 19,687
covid 19 tests,685
new york city,682
covid 19 impact,678
press secretary tests,673
luar daerah dan,672
secretary tests positive,672
daerah dan atau,672
ke luar daerah,672
bepergian ke luar,671
tahun 2020 tentang,671
kegiatan bepergian ke,671
darurat covid 19dasar,670
covid 19dasar hukum,670
surat edaran menteri,670
mortes covid 19,670
19dasar hukum surat,670
hukum surat edaran,670
edaran menteri pan,670
menteri pan rb,670
2020 tentang pembatasan,669
dan atau cuti,669
46 tahun 2020,669
pembatasan kegiatan bepergian,669
tentang pembatasan kegiatan,669
atau cuti bagi,669
cuti bagi asn,669
dalam upaya pencegahan,663
positif covid 19,662
covid 19 situation,661
bagi asn dalam,660
asn dalam upaya,660
mexico ignores wave,654
wave coronavirus deaths,654
horn siegfried amp,652
ignores wave coronavirus,651
covid 19 related,650
toll mexico ignores,645
coronavirus deaths capital,636
hidden toll mexico,630
test positive coronavirus,626
covid 19 could,616
covid 19 amp,612
pencegahan penyebaran covid,596
cashless society hear,595
last 24 hours,591
china coronavirus conspiracy,583
trump re elected,582
covid 19 mortality,580
one aim get,579
media china coronavirus,575
get trump re,575
murdoch media china,573
coronavirus conspiracy one,572
conspiracy one aim,571
roy dead 75,569
aim get trump,567
covid 19 numbers,566
long term care,561
vonderleyen lagarde amp,558
covid 19 complications,551
new cases covid,540
upaya pencegahan penyebaran,539
nuevos casos coronavirus,537
gt gt gt,536
stephen miller wife,528
time covid 19,527
covid 19 patient,527
covid 19 infections,518
white house staff,513
pacientes covid 19,512
amp roy dies,510
positivos covid 19,503
lagarde amp merkel,499
coronavirus task force,497
sign petition via,497
test covid 19,497
get covid 19,495
deaths covid 19,492
must read article,491
contre covid 19,489
away without vaccine,488
rb 46 tahun,485
pan rb 46,485
go away without,476
did know jesus,473
digital age cashless,471
age cashless society,471
jesus spoke would,469
safe stay at,468
contagios covid 19,467
au covid 19,465
covid 19 fight,464
covid 19 may,463
pressing towards cashless,452
due coronavirus pandemic,450
covid 19 infection,450
number covid 19,450
direction cashless society,449
nuevos casos covid,447
new cases coronavirus,447
19 mortality rates,444
terdampak covid 19,443
confirmed covid 19,440
spoke book revelation,439
society covid 19,437
covid 19 treatment,437
19 death toll,436
covid 19 spread,434
vice president pence,434
fighting covid 19,432
health care workers,432
méxico desatiende ola,430
peningkatan sistem kekebalan,430
desatiende ola muertes,429
society physical cash,428
dr judy mikovits,427
cashless society covid,427
did know bible,425
found men semen,425
at home orders,423
ocultas méxico desatiende,423
pence tests positive,423
cashless society coronavirus,423
bible spoke would,420
moving towards cashless,419
white house coronavirus,418
covid 19 memberi,417
cifras ocultas méxico,417
people covid 19,416
19 memberi hikmah,415
gato infectado coronavirus,415
pencegahan penyebaran penularan,412
new cases covid19,412
penyebaran penularan covid,411
strategi pencegahan penyebaran,411
memberi hikmah dalam,411
peningkatan kapasitas sistem,411
hikmah dalam budaya,411
coronavirus found men,410
covid 192 peningkatan,409
ola muertes capital,408
192 peningkatan sistem,408
sistem kekebalan tubuh3,406
kekebalan tubuh3 peningkatan,406
positive coronavirus via,405
at home partisipasicegahcovid19,403
covid 19 ini,403
first covid 19,402
tiempos covid 19,402
rantai covid 19,400
president donald trump,399
combate covid 19,396
valet tests positive,393
covid 19 hospital,392
infected covid 19,391
death toll tops,390
mike pence press,390
tubuh3 peningkatan kapasitas,390
week old baby,389
us covid 19,388
penularan covid 192,386
bisa tetap produktif,386
world health organization,386
hear jesus spoke,385
trump says coronavirus,385
kita bisa tetap,385
produktif walaupun kerja,385
tetap produktif walaupun,385
walaupun kerja dari,384
update covid 19,382
budaya bekerjaternyata kita,381
epoch times app,381
dalam budaya bekerjaternyata,380
bekerjaternyata kita bisa,380
times app see,379
coverage daily updates,379
patients covid 19,378
news covid 19,378
bersama kita bisa,377
duo siegfried amp,376
vacuna covid 19,376
covid 19 news,375
amp roy dead,375
melawan pandemi covid,374
coronavirus coverage daily,373
covid 19 bersama,373
coronavirus pandemic via,372
coronavirus deep dive,371
covid 19 emergency,370
says covid 19,370
dalam melawan pandemi,369
amp merkel push,369
catching covid 19,369
kita bisa lawan,369
furious attempt censor,369
covid 19 méxico,369
battle impact coronavirus,368
nations battle impact,368
high levels government,368
impact coronavirus deep,368
investor evaluate issue,368
debt nations battle,368
government debt nations,368
deep dive debate,368
evaluate issue high,368
issue high levels,368
levels government debt,368
scientists furious attempt,368
melinda gates gives,367
muertos covid 19,367
want use covid19,366
join global call,365
polluters want use,365
ikuti himbauan pemerintah,365
uk scientists furious,365
hear bible spoke,364
covid 19 data,363
go back work,363
false covid 19,363
covid 19 covid19,363
due covid19 check,362
money due covid19,361
bagi pemerintah daerah1,361
000 covid 19,361
may 08 2020,361
cegah covid 19,361
taati himbauan pemerintah,360
check last tweet,360
cases new deaths,360
pemerintah daerah1 strategi,359
infectado coronavirus españa,359
follow steps helped,359
gates gives trump,359
covid19 check last,359
scientists condemn stalinist,359
steps helped thousands,359
tweet follow steps,359
last tweet follow,359
daerah1 strategi pencegahan,358
condemn stalinist attempt,358
app see exclusive,358
मज _आश रमद,357
_आश रमद _क,357
latest covid 19,357
आश मज _आश,357
behind covid 19,357
रमद _क _स,357
himbauan pemerintah partisipasicegahcovid19,356
could die africa,355
tested covid 19,354
stalinist attempt censor,354
memutuskan rantai covid,353
see exclusive coronavirus,352
untuk memutuskan rantai,352
affected covid 19,352
exclusive coronavirus coverage,352
dari semua pihak,352
bisa lawan corona,351
covid 19 symptoms,350
secret service 11,349
covid 19 dibutuhkan,349
19 dibutuhkan partisipasi,349
jobs lost april,349
19 bersama kita,349
contagio covid 19,348
casos positivos covid,348
treatment covid 19,348
like covid 19,347
lawan corona partisipasicegahcovid19,346
miller tests positive,346
since covid 19,346
uk scientists condemn,345
coronavirus covid19 covid_19,345
coronavirus go away,344
dan taati himbauan,344
amid coronavirus crisis,344
covid19 kill climate,343
dibutuhkan partisipasi dari,343
merkel push greencoronarecovery,343
inspire world embrace,343
push greencoronarecovery europe,343
partisipasi dari semua,343
coronavirus found semen,343
embrace brighter future,342
kill climate ambition,342
use covid19 kill,342
europe inspire world,342
000 could die,342
greencoronarecovery europe inspire,342
world embrace brighter,342
climate ambition powerful,342
cara baru yang,341
aturan patuhi himbauan,341
brighter future join,341
women vonderleyen lagarde,341
baru yang lebih,341
ambition powerful women,341
powerful women vonderleyen,341
future join global,340
cara cara baru,338
covid 19 na,338
covid 19 país,338
embolden amp rt,338
call embolden amp,338
global call embolden,338
morning joe airs,336
coronavirus disease 2019,336
know covid 19,336
yang lebih inovatif,336
kedisiplinan dari masyarakat,336
confirmed cases covid19,335
primer caso gato,335
twitter web client,335
service 11 current,334
hidden agenda behind,333
kerja dari rumahdengan,332
dari rumahdengan cara,332
caso covid 19,332
ikuti aturan patuhi,331
aide tests positive,331
reveals secret service,330
april unemployment rate,330
related covid 19,330
dari masyarakat partisipasicegahcovid19,330
cegah penyebaran virus,329
rumahdengan cara cara,328
covid 19 et,326
heading towards cashless,325
pasien covid 19,325
document reveals secret,325
mike pence staffer,325
semua pihak terutama,324
terutama kedisiplinan dari,324
190 000 could,324
pihak terutama kedisiplinan,324
kapasitas sistem kesehatan4,323
shri asharamji bapu,322
cases concerns trump,321
sant shri asharamji,321
concerns trump staff,321
driving towards cashless,320
staff tests positive,320
treat covid 19,319
six week old,318
capital new york,318
trump staff grow,318
home covid 19,317
siegfried roy dead,317
covid 19 new,317
kita harus bersatu,315
staff test positive,315
siegfried roy dies,315
amid covid19 pandemic,314
world war ii,314
pela covid 19,313
inovatif yang lebih,313
contact tracing app,312
confirmados covid 19,312
death covid 19,311
vendre des masques,311
lebih inovatif yang,310
frente covid 19,309
cure covid 19,308
turut andil dalam,308
spoke would occur,307
andil dalam melawan,307
mari turut andil,307
society hear jesus,305
harus bersatu padu,303
levels may impact,302
may impact covid,301
padu bergotong royong,300
08 05 20,300
bersatu padu bergotong,300
2020 05 08,299
basic error coronavirus,299
become economy future,298
highest since great,298
vitamin levels may,298
at home order,297
baik membawa kebaikanpatuhi,297
re elected kevin,297
kebaikanpatuhi dan taati,297
membawa kebaikanpatuhi dan,297
elected kevin rudd,297
become society future,296
magician roy horn,296
yang lebih efisien,296
covid 19 recovery,295
covid19 covid_19 coronavirus,294
coronavirus sars cov,294
new covid19 cases,294
casos confirmados covid,294
covid 19 world,293
agari pandemi covid19,292
covid 19 wipe,292
pandemi covid19 lekas,292
covid 19 updates,292
katie miller tests,292
agenda behind covid,291
spoke would happen,291
spoke would unfold,291
coronavirus live news,290
society hear bible,290
stay home stay,290
petition via change,290
close genocide default,289
make testing free,289
costs rs 4500,288
coronavirus covid19 sarscov2,288
indian families govt,287
still costs rs,287
testing free fight,287
free fight covid,287
rs 4500 making,287
covid testing private,287
testing private clinics,287
private clinics still,287
class indian families,287
4500 making unaffordable,287
middle class indian,287
clinics still costs,287
unaffordable middle class,286
making unaffordable middle,286
families govt must,286
19 wipe mohfw_india,286
must make testing,286
govt must make,286
drharshvardhan hamrajsingh07 covid19,285
hamrajsingh07 covid19 patientsbeforeprofits,285
mohfw_india drharshvardhan hamrajsingh07,285
wipe mohfw_india drharshvardhan,285
house staff test,285
current virus cases,284
11 current virus,284
tops 30 000,284
2019 covid 19,284
himbauan mari turut,283
patuhi himbauan mari,283
death toll rose,283
rhetoric coronavirus death,281
penyebaran virus covid,281
sama saling mendukung,280
dying covid 19,280
bersama sama saling,280
75 catching covid,280
royong bersama sama,280
masa masa yang,279
masa yang sulit,279
saling mendukung dalam,279
melewati masa masa,279
mendukung dalam melewati,279
dalam melewati masa,279
treating covid 19,278
bergotong royong bersama,278
total confirmed cases,278
kondisi pandemi ini,278
pruebas covid 19,278
montage trump rhetoric,278
lebih efisien kita,278
ini kita harus,278
airs damning montage,278
roy dies coronavirus,278
italy death toll,278
untuk menghadapi kondisi,277
trump rhetoric coronavirus,277
pandemi ini kita,277
damning montage trump,277
menghadapi kondisi pandemi,277
million jobs april,276
joe airs damning,276
yang sulit partisipasicegahcovid19,275
trump covid 19,275
र_व _म _सरक,275
मजद र_व _म,274
million jobs lost,274
cegah covid19 partisipasicegahcovid19,274
covid 19 antibody,273
virus cases concerns,273
positive coronavirus trump,273
home stay safe,272
dr jeff barke,272
dead 75 catching,272
error coronavirus stories,272
linked covid 19,271
75 000 americans,271
viernes mayo 2020,271
386 new cases,271
silver basic error,270
melakukan transformasi cara,270
press secretary katie,270
ao covid 19,270
watch morning joe,270
stories reveal media,269
reveal media true,269
depuis fin mars,269
coronavirus stories reveal,269
unemployment rate soars,269
des masques depuis,268
datos tumban gestión,268
grip coronavirus information,267
190 000 people,267
tightens grip coronavirus,266
please read covid19,266
penularan covid19 partisipasicegahcovid19,266
news coronavirus covid19,266
media true goals,265
coronavirus cases new,265
covid19 positive cases,265
nate silver basic,265
kita melakukan transformasi,265
current covid 19,265
secretary katie miller,264
lucha covid 19,264
apolloquiboloy kingdomofjesuschrist beblessed,264
masques depuis fin,264
ayo cegah covid19,264
efisien kita melakukan,264
díaz ayuso pandemia,263
autorisés vendre des,262
19 via youtube,262
gestión díaz ayuso,262
slams false covid,262
risk covid 19,262
trump tightens grip,262
ayuso pandemia coronavirus,262
trump personal assistant,262
tumban gestión díaz,261
étaient autorisés vendre,261
pharmaciens étaient autorisés,261
pence staff tests,261
information pushes restart,260
kim jong un,260
2020 covid 19,260
mencegah penularan covid19,260
casos positivos coronavirus,260
fin mars et,259
pushes restart economy,259
lava level mad,259
coronavirus information pushes,259
ivanka trump personal,258
crise du coronavirus,258
covid 19 lessons,258
bagi pemerintah daerah,258
testing contact tracing,258
case covid 19,258
take look covid19,258
amp covid 19,258
confirmed coronavirus cases,257
dgn sejak dini,256
sejak dini agar,256
three step plan,256
primer gato infectado,256
toll rose via,256
china covid 19,256
dan bisa mencegah,256
covid 19 frontline,256
covid 19 threat,256
new deaths today,256
himbauan pemerintah dgn,256
dini agar terhindar,256
agar terhindar dan,256
terhindar dan bisa,256
bisa mencegah penularan,256
pemerintah dgn sejak,256
take look coronavirus,255
30 000 highest,255
patients critical condition,255
testing positive coronavirus,255
em 24 horas,255
القومى فى ساعتين,254
coronavirus الاسكان الاجتماعى,254
الالكترونيه لمحافظتك الرقم,254
الاسكان الاجتماعى ضد,254
eliminate coronavirus الاسكان,254
الرقم القومى فى,254
لمحافظتك الرقم القومى,254
الحصبة مجانا الالكترونيه,254
مجانا الالكترونيه لمحافظتك,254
documentary hidden agenda,254
الاجتماعى ضد الحصبة,254
ضد الحصبة مجانا,254
death toll rises,253
total number cases,252
pandemic covid 19,252
people died today,252
covid 19 contact,251
free covid 19,251
rose via mediaite,250
read article coronavirus,250
covid 19 survivors,250
battle covid 19,250
covid 19 found,250
il covid 19,250
pandemic news coronavirus,250
get back work,250
coronavirus rules promoted,249
jeff barke grabs,249
white house officials,249
barke grabs microphone,249
toll tops 30,249
tokyo game show,248
says coronavirus go,248
covid 19 españa,248
lekas berlaluperubahan baik,248
covid19 lekas berlaluperubahan,248
berlaluperubahan baik membawa,248
grabs microphone unloads,247
rules promoted liberal,247
disastrous coronavirus rules,247
global pandemic news,247
000 highest eu,247
aide vice president,247
covid 19 hoax,246
effects covid 19,246
trump personal valet,246
promoted liberal media,246
discuss covid 19,246
unloads disastrous coronavirus,246
practice dr jeff,245
dalam cegah covid19,245
family practice dr,245
disiplin dalam cegah,245
covid19 jatenglawancorona partisipasicegahcovid19,245
cegah covid19 jatenglawancorona,245
hi covid 19,245
support timely recovery,244
19 lessons learn,244
recovery impact covid,244
policy support timely,244
coordinate policy support,244
people died coronavirus,244
lessons learn past,244
foretold event believe,244
на covid 19,244
mari disiplin dalam,244
microphone unloads disastrous,244
best coordinate policy,244
learn past crises,244
timely recovery impact,244
mari bersama sama,243
pacientes com covid,243
know jesus prophesied,243
rate soars 14,243
record 20 million,242
kingdomofjesuschrist beblessed stayhome,242
read article covid19,242
roy dies covid,242
despite covid 19,241
recovered covid 19,240
plandemic documentary hidden,240
must see family,240
see family practice,240
handling covid 19,240
us jobless rate,239
need money due,239
anticuerpo puede suprimir,238
rel nofollow tweetdeck,238
mike pence tests,238
covid 19 survey,237
please read coronavirus,237
covid 19 mundo,237
deaths today raising,237
think covid 19,236
tsunami hate xenophobia,236
wabah covid 19,235
swing states ca,234
hard push lock,234
states ca ny,234
ca ny lead,234
فقط البرتقال عنها,233
lives daily talk,233
2121 hello fantasticradio,233
raising country total,233
hello fantasticradio co,233
co uk fantasticradiouk,233
90 2121 hello,233
believeyourpossibilities stayhomesafelives buy,233
eliminate coronavirus فقط,233
stayhomesafelives buy song,233
virus white house,233
warns 190 000,233
0208 90 2121,233
fantasticradio co uk,233
fantasticradiouk homeofpossibilities believeyourpossibilities,233
kasus covid 19,233
homeofpossibilities believeyourpossibilities stayhomesafelives,233
البرتقال عنها الالكترونية,233
gives trump administration,233
africa one year,233
coronavirus فقط البرتقال,233
uk fantasticradiouk homeofpossibilities,233
lock extend swing,232
push lock extend,232
ny lead controlled,232
extend swing states,232
support covid 19,232
awfully close genocide,231
coronavirus italy death,230
covid19 โคว ด19,230
75 covid 19,230
today raising country,229
daily talk us,229
adding value lives,229
us 0208 90,229
talk us 0208,229
value lives daily,229
jesus spoke book,229
vegas duo siegfried,229
virus election legal,228
controlled virus election,228
381 new cases,228
lead controlled virus,228
confirmed deaths go,228
covid 19 epidemic,228
jobless rate 14,227
uk scientists fury,227
peningkatan ketahanan pangan,227
scientists fury attempt,226
fury attempt censor,226
covid 19 would,226
covid 19 não,226
covid 19 corona,226
slow spread covid19,225
election legal challenge,225
could sexually transmitted,225
caso gato infectado,224
home saliva test,224
use covid 19,224
sends us jobless,224
daily covid 19,224
coronavirus community spread,223
society coronavirus jesus,223
ice cream man,223
pandemic sends us,222
covid 19 yang,222
economic impact covid,222
end covid 19,222
ne savaient pas,221
way impose dictatorship,221
singh ji insan,221
pandémie covid 19,221
coronavirus pandemic sends,221
amid coronavirus lockdown,220
deaths go updates,220
covid 19 jesus,220
mars et ne,219
mortos covid 19,219
et ne savaient,219
help covid 19,219
testing positive covid,219
covid 19 hits,219
impacto covid 19,218
trump administration minus,218
know bible prophesied,218
april jobs report,218
pelo covid 19,218
towards society physical,218
coronavirus covid_19 covid19,218
transformasi cara kerja,218
coronavirus trump says,217
combatir covid 19,217
people tested positive,217
31 522 casos,217
covid_19 covid19 coronavirus,217
522 casos confirmados,216
us vice president,216
past 24 hours,216
impacted covid 19,215
trump coronavirus response,215
от covid 19,215
trump white house,215
know bible foretold,215
please spread word,215
covid 19 bible,215
fallecidos covid 19,215
valet tested positive,215
state covid 19,214
know jesus foretold,214
disease covid 19,214
jesus spoke bible,214
beblessed stayhome covid19,214
pastor apollo quiboloy,213
coronavirus semen pacientes,213
disease 2019 covid,213
urging pressure israel,213
pressure israel endgazablockade,213
bible spoke bible,213
requests uk coronavirus,213
semen covid 19,212
