gram,counts
covid 19,232359
coronavirus pandemic,10976
coronavirus covid19,9405
penyebaran covid,9291
19 pandemic,8678
covid19 coronavirus,7490
positive coronavirus,6663
white house,6429
19 partisipasicegahcovid19,5979
new york,5769
coronavirus cases,5405
19 cases,5192
tests positive,5187
19 dengan,5160
tested positive,5124
coronavirus lockdown,4614
new cases,4591
covid19 pandemic,4354
via youtube,4347
rel nofollow,4163
href rel,4163
true href,4092
social distancing,4067
cegah penyebaran,4031
cashless society,3969
stay home,3864
coronavirus covid,3776
death toll,3750
yang harus,3728
coronavirus crisis,3607
nofollow twitter,3434
positive covid,3348
dengan menggunakan,3342
menggunakan masker,3324
disiplin dalam,3295
due covid,3204
19 crisis,3186
amid coronavirus,3173
stay safe,3136
kebijakan pemerintah,3111
dalam membantu,3058
kita dalam,3057
dalam menjalankan,3056
besar kita,3052
menjalankan kebijakan,3052
memutuskan penyebaran,3051
partisipasi besar,3050
pemerintah adalah,3050
adalah partisipasi,3050
membantu memutuskan,3050
due coronavirus,2990
bagi asn,2988
new coronavirus,2940
19 patients,2866
coronavirus deaths,2776
may 2020,2773
maskermu melindungi,2760
roy horn,2756
coronavirus outbreak,2710
covid_19 coronavirus,2710
covid19 covid_19,2678
donald trump,2580
public health,2572
due covid19,2528
pakai masker,2497
coronavirus covid_19,2453
test positive,2444
darurat covid,2433
pada masa,2421
masa darurat,2405
keluar rumah,2396
warga yang,2386
coronavirus via,2385
coronavirus response,2357
mike pence,2351
wajib pakai,2341
rumah untuk,2338
setiap warga,2332
untuk wajib,2332
twitter web,2322
widodopresiden republik,2318
joko widodopresiden,2318
masker setiap,2317
mudik bagi,2315
asn pada,2312
harus keluar,2312
ir joko,2305
masker ir,2302
pelarangan mudik,2294
republik indonesia,2282
covid_19 covid19,2261
nuevos casos,2223
casos covid,2222
19 via,2190
pandemia coronavirus,2172
casos confirmados,2149
indonesia partisipasicegahcovid19,2143
penanganan covid,2135
casos coronavirus,2123
confirmed cases,2029
bbc news,2025
impact covid,2020
covid19 cases,2011
gon na,1994
web app,1994
19 deaths,1974
mental health,1971
news coronavirus,1936
19 testing,1925
nursing homes,1877
19 dan,1867
fight covid,1865
contact tracing,1854
york times,1830
pandemi covid,1819
new covid,1809
year old,1804
vice president,1795
stephen miller,1776
novel coronavirus,1752
united states,1739
amid covid,1728
at home,1708
many people,1706
pemerintah partisipasicegahcovid19,1682
24 horas,1661
gt gt,1657
towards cashless,1649
19 lockdown,1644
19 di,1643
du coronavirus,1634
mencegah penyebaran,1624
live updates,1615
crisis coronavirus,1614
dengan tetap,1614
covid19 lockdown,1601
safe stay,1597
press secretary,1597
manajemen penanganan,1592
pedoman manajemen,1589
amp roy,1588
coronavirus vaccine,1576
siegfried amp,1576
dampaknya bagi,1573
bagi pemerintah,1569
unemployment rate,1558
dan dampaknya,1551
19 response,1547
dirumah saja,1537
menunda mudik,1537
19 outbreak,1535
fight covid19,1532
trump says,1529
coronavirus patients,1512
wear mask,1510
mencegah penularan,1504
08 05,1500
spread coronavirus,1498
katie miller,1493
every day,1492
corona virus,1491
trump administration,1488
society know,1485
da covid,1483
fake news,1481
20 million,1481
tetap dirumah,1478
health care,1467
covid19 crisis,1460
coronavirus live,1458
sars cov,1455
saja dan,1454
wabah covid,1450
looks like,1446
berpartisipasi mencegah,1438
mereka yang,1430
dan menunda,1428
new deaths,1425
mudik stay,1425
dan jangan,1422
jenazah covid,1408
kita lakukan,1407
isolasi mandiri,1407
ayo berpartisipasi,1402
harus kita,1400
melindungi kamu,1400
kamu maskermu,1399
dan bantu,1399
bantu mereka,1396
hargai dan,1395
yang melaksanakan,1395
menolak jenazah,1395
lakukan hargai,1393
melaksanakan isolasi,1393
jangan menolak,1393
diskriminasi dan,1393
melindungi akuini,1392
jangan diskriminasi,1392
akuini yang,1392
mandiri jangan,1392
around world,1389
jesus spoke,1386
covid 19achmad,1382
president trump,1380
horn siegfried,1380
19achmad yuriantojuru,1378
people died,1376
coronavirus death,1356
coronavirus españa,1342
stay at,1339
long term,1335
24 hours,1324
10 000,1317
cases covid,1317
coronavirus testing,1315
know jesus,1315
19 coronavirus,1310
positive covid19,1310
pence press,1302
casos positivos,1298
task force,1294
pandemia covid,1292
positive cases,1287
19 vaccine,1287
cases covid19,1282
home partisipasicegahcovid19,1274
bill gates,1274
30 000,1272
bible spoke,1268
fight coronavirus,1255
nursing home,1253
19 death,1252
heading towards,1247
coronavirus could,1244
trump coronavirus,1235
penularan wabah,1234
05 2020,1233
umat islam,1229
back work,1228
untuk beribadah,1225
beribadah di,1222
social media,1220
islam untuk,1219
mengajak umat,1219
saya mengajak,1217
tni purn,1217
purn fachrul,1216
pandemia covid19,1216
rumahguna mencegah,1216
fachrul razi,1216
di rumahguna,1216
rijenderal tni,1215
agama rijenderal,1215
razi partisipasicegahcovid19,1215
covid 19menteri,1213
19menteri agama,1213
know bible,1203
death rate,1197
yuriantojuru bicara,1192
coronavirus update,1185
19 relief,1181
il coronavirus,1174
bicara pemerintah,1165
china coronavirus,1164
19 virus,1153
go away,1137
join us,1135
19 update,1131
go back,1131
coronavirus relief,1127
spread covid19,1123
000 people,1122
coronavirus vía,1122
spread covid,1121
du covid,1120
coronavirus restrictions,1113
response covid,1107
good news,1098
coronavirus argentina,1083
new post,1079
pencegahan penyebaran,1077
great depression,1075
75 000,1068
virus covid,1062
south korea,1054
pence staffer,1054
save lives,1050
face mask,1036
truebloodpumpcovid 19,1035
million jobs,1034
coronavirus conspiracy,1025
últimas 24,1024
covid19 patients,1020
total cases,1018
face masks,1017
herd immunity,1014
19 test,1013
died coronavirus,1013
100 000,1010
mayo 2020,1008
siegfried roy,1008
help us,1007
fox news,1005
190 000,1003
care homes,994
get coronavirus,982
post covid,978
attempt censor,977
total number,970
next week,970
make sure,965
sign petition,962
get tested,960
cases coronavirus,956
coronavirus found,956
wearing mask,955
died covid,953
post covid19,952
19 em,952
active cases,951
uk scientists,950
19 advice,947
melinda gates,947
censor covid,947
pemerintah daerahsumber,944
staffer tests,942
crisis covid,919
says coronavirus,919
dies coronavirus,918
muertes coronavirus,916
healthcare workers,911
covid19 deaths,908
did know,906
towards future,905
du covid19,900
id heading,898
society did,898
future cashless,898
cases deaths,898
covid19 covid,898
19 covert,898
covert id,898
president mike,895
twitter android,894
secret service,894
positivo coronavirus,890
covid19 partisipasicegahcovid19,889
spoke would,889
eliminate coronavirus,889
response coronavirus,888
mother day,887
post coronavirus,885
die covid,879
new normal,878
trump pence,877
em casa,875
job losses,871
com covid,869
masker partisipasicegahcovid19,867
look like,863
take look,858
via franceinfo,858
health workers,858
corona covid19,856
boris johnson,855
muertes covid,854
roy dies,854
testing positive,852
dies covid,850
wave coronavirus,850
breaking news,850
impact coronavirus,848
coronavirus test,847
crisis covid19,845
small businesses,840
coronavirus news,839
covid19 stayhome,836
kita bisa,832
treatment completely,828
completely eliminate,828
latest treatment,828
must read,825
stayhome staysafe,825
casos covid19,823
est pas,818
qu il,817
cegah covid19,805
000 deaths,802
covid covid19,802
since great,796
loved ones,790
via gatewaypundit,789
coronavirus disease,787
us coronavirus,787
get back,786
die coronavirus,786
people die,783
daily thanks,780
need know,779
wear masks,777
19 positive,776
dr fauci,775
people dying,774
please read,773
would like,767
staying home,766
please help,762
read article,758
essential workers,758
primer caso,757
via nytimes,757
19 case,755
19 restrictions,754
19 vía,752
tahun 2020,747
himbauan pemerintah,746
coronavirus trump,746
coronavirus corona,746
south africa,744
ee uu,742
des masques,742
lockdown covid19,739
nuevo coronavirus,738
response covid19,738
new covid19,736
front line,736
vonderleyen lagarde,735
toll mexico,735
prime minister,731
miller wife,731
global pandemic,731
contagios coronavirus,729
pandemic via,727
tiempos coronavirus,720
hong kong,718
cases reported,718
coronavirus tests,717
positivo covid,716
covid19 corona,716
mei 2020,715
let us,713
first time,713
well done,712
need help,711
muertos coronavirus,709
judy mikovits,707
10 mil,705
coronavirus us,703
roy dead,699
million people,697
world war,697
re elected,696
19 brasil,692
lockdown coronavirus,690
surat edaran,690
without vaccine,689
mortes covid,689
trump personal,686
york city,686
upaya pencegahan,685
19 tests,685
wearing masks,684
19 impact,682
ke luar,677
positif covid,677
daerah dan,675
yang lebih,675
dan atau,675
secretary tests,674
46 tahun,674
2020 tentang,673
dalam upaya,672
pembatasan kegiatan,672
luar daerah,672
conspiracy theories,672
bepergian ke,671
kegiatan bepergian,671
covid 19dasar,670
19dasar hukum,670
last week,670
hukum surat,670
pan rb,670
menteri pan,670
edaran menteri,670
tentang pembatasan,670
cuti bagi,669
atau cuti,669
last 24,668
corona coronavirus,666
covid19 amp,665
19 situation,664
care workers,663
test coronavirus,662
could die,661
asn dalam,660
covid19 positive,657
ignores wave,656
mexico ignores,656
get trump,655
pandemic covid19,654
19 related,654
people like,654
uk coronavirus,652
impact covid19,651
sexually transmitted,648
second wave,648
years ago,647
men semen,646
total deaths,643
trump re,640
deaths capital,640
amid covid19,637
virus covid19,637
casos nuevos,635
hidden toll,633
wan na,632
two months,628
coronavirus shutdown,627
jobs lost,627
19 amp,624
read coronavirus,623
found semen,622
across country,622
19 could,621
โคว ด19,620
jobs report,619
dead 75,617
top story,616
new jersey,615
new study,615
coronavirus related,614
कर रह,613
coronavirus updates,611
bersama sama,606
health ministry,605
read covid19,604
covid19 response,603
murdoch media,603
climate change,601
coronavirus coronavirus,600
died covid19,600
two weeks,599
immune system,598
covid19 testing,598
front lines,597
000 americans,597
even though,596
society hear,595
última hora,594
mortality rates,593
migrant workers,593
washington post,591
coronavirus infection,590
look coronavirus,590
take care,588
covid coronavirus,587
aim get,584
19 mortality,583
federal government,583
middle class,581
media china,581
people need,580
one aim,580
per il,580
world health,578
nueva york,578
study finds,577
american people,575
cases new,573
conspiracy one,573
cbs news,572
get covid,569
coronavirus spread,568
19 numbers,567
covid19 virus,567
stop spread,565
2020 05,564
tsunami hate,563
tell us,563
term care,563
coronavirus drug,562
bank holiday,562
wuhan lab,561
world news,561
one day,560
lagarde amp,560
het coronavirus,560
time covid,559
11 mai,558
pence staff,556
pressing towards,556
number cases,554
moving towards,553
14 days,553
home orders,551
19 complications,551
bersama kita,550
care home,550
watch live,549
deaths covid,549
via yahoonews,549
bringing total,549
black people,547
viernes mayo,547
wash hands,545
new zealand,545
look covid19,545
75th anniversary,544
small business,544
virus corona,543
kita harus,542
last year,540
extendlockdown covid19,539
per day,538
work home,538
05 20,538
trump valet,538
house coronavirus,538
penularan covid,537
andrew cuomo,537
puede ser,534
crise du,534
pacientes covid,533
stayhome covid19,533
deaths coronavirus,532
coronavirus aid,531
penyebaran virus,531
19 patient,529
re open,529
abc news,525
house staff,523
test covid,523
health officials,523
cause death,523
health crisis,523
coronavirus task,522
god bless,521
feel like,521
lucha coronavirus,520
ice cream,520
19 infections,518
morning joe,516
looking forward,515
ministerio salud,514
gato infectado,514
petition via,514
test kits,512
via breitbartnews,512
please share,512
weeks ago,511
positivos covid,511
social distance,511
contre covid,510
via nyt,510
time coronavirus,510
fighting coronavirus,509
real estate,509
away without,508
amp rt,508
frontline workers,505
são paulo,504
press conference,504
one thing,504
handling coronavirus,503
pandemi covid19,503
per million,502
coronavirus may,502
friday may,501
supreme court,501
jared kushner,501
economic impact,500
amp merkel,499
news covid,499
rest us,498
infectado coronavirus,497
salud pública,497
people get,496
number deaths,494
cases rise,493
got ta,492
young people,492
coronavirus semen,492
au coronavirus,491
coronavirus lockdowns,491
tested daily,491
covid19 outbreak,490
contagios covid,490
first responders,490
novo coronavírus,489
au covid,488
dr judy,487
coronavirus il,486
long time,486
economy could,486
rb 46,485
health department,485
covid19 death,485
não tem,484
25 000,482
get covid19,482
mai 2020,482
mortality rate,481
05 08,481
díaz ayuso,481
digital age,480
da saúde,480
community spread,480
re opening,480
covid19 test,478
covid19 coronavirusoutbreak,478
back normal,477
08 2020,477
19 may,477
frente covid19,475
vacuna coronavirus,475
tracing app,473
health minister,473
covid19 sarscov2,473
number covid,472
last days,472
il faut,472
age cashless,471
primer gato,471
great job,468
dying coronavirus,468
covid19 covidー19,468
likely die,468
ola muertes,468
coronavirus amp,467
cuarentena coronavirus,467
19 fight,466
gives trump,466
duo siegfried,465
lópez gatell,465
via huffpostpol,465
prevent spread,464
000 000,464
rahul gandhi,463
coronavirus coverage,463
sounds like,461
seems like,461
trump admin,461
may 08,460
infected coronavirus,460
dan taati,460
like coronavirus,459
people still,459
use covid19,459
relief fund,458
state coronavirus,458
jesus prophesied,457
live news,456
jobless rate,456
coronavirus china,456
anyone else,456
terdampak covid,455
cifras ocultas,455
confirmed covid,455
daily coronavirus,455
cases total,455
the coronavirus,453
dio positivo,453
covid19 vaccine,453
covidー19 covid19,452
coronavirus méxico,451
mil casos,451
event believe,451
spread virus,451
click link,451
us covid19,451
economy future,451
working home,451
19 infection,451
trump said,451
come back,451
positivos coronavirus,450
daily updates,450
covid19 check,450
high risk,449
direction cashless,449
people covid,449
deaths reported,447
combate ao,446
tested negative,446
fighting covid,445
time covid19,445
home order,445
cases confirmed,445
via nbcnews,445
coronavirus new,444
despite coronavirus,444
uk government,444
jobs april,443
society future,443
pasar fase,442
contre coronavirus,441
society covid,441
make sense,441
coronavirus economy,440
19 treatment,440
president donald,440
spoke book,439
book revelation,439
pandemic coronavirus,439
human rights,439
president pence,438
found men,438
alberto fernández,437
19 spread,436
lutte contre,436
old baby,436
jesus foretold,436
coronavirus infections,435
deep dive,435
coronavirus impact,435
trump amp,434
society coronavirus,434
peningkatan sistem,434
coronavirus go,433
20 000,432
bible foretold,432
covid 192,432
méxico desatiende,431
desatiende ola,431
physical cash,431
coronavirus covidー19,431
last night,431
il est,431
sistem kekebalan,431
strategi pencegahan,430
society physical,428
via mailonline,428
tiempos covid,428
spoke bible,427
rantai covid,427
ocultas méxico,427
us covid,425
state government,424
single day,423
pence tests,423
western cape,423
cada vez,423
covid19 via,423
personal valet,423
take action,422
000 dead,422
give us,422
est une,420
namo app,420
कड उन,420
get sick,419
vitamin levels,418
ver si,418
19 memberi,418
fallecidos coronavirus,418
memberi hikmah,417
aujourd hui,416
fighting covid19,416
ikuti aturan,416
bible prophesied,416
coronavirus india,415
infected covid,415
supply chain,415
high levels,413
week old,413
covid_19 covid,413
coronavirus si,412
slow spread,412
muertes capital,412
penyebaran penularan,412
peningkatan kapasitas,412
first covid,412
751 mortes,411
dalam budaya,411
kapasitas sistem,411
hikmah dalam,411
386 new,411
family members,410
muertos covid,409
gov newsom,409
192 peningkatan,409
plandemic documentary,408
last month,408
says covid,407
casos activos,407
75 years,407
red cross,406
tubuh3 peningkatan,406
000 coronavirus,406
epoch times,406
join global,406
kekebalan tubuh3,406
deaths per,405
april unemployment,405
valet tests,405
vía youtube,405
people tested,404
us china,404
रक तद,403
want use,403
19 ini,403
fin semana,403
experts say,403
combate covid,403
ufc 249,402
contagio coronavirus,402
emergencia sanitaria,400
health organization,399
people think,397
patients covid,397
tetap produktif,397
deaths today,396
would happen,396
19 hospital,396
passed away,395
high school,394
people covid19,394
common sense,393
19 covid19,392
crisis sanitaria,392
lawan corona,392
coronavirus quarantine,392
coronavirus deep,392
tested coronavirus,392
da covid19,391
toll tops,391
good thing,391
stock market,391
kim jong,391
coronavirus patient,390
levels government,390
white people,390
gates gives,389
like covid19,389
personal assistant,389
watch video,389
covid19 kill,389
update covid,388
vacuna covid,388
bisa tetap,388
every single,388
produktif walaupun,387
kerja dari,387
381 new,387
dalam melawan,387
walaupun kerja,387
coronavirus rules,387
ce qui,386
covid2019 covid19,386
may 11,386
die covid19,386
help coronavirus,386
hear jesus,385
chinese virus,385
times app,385
follow steps,385
melawan pandemi,385
da positivo,385
of the,384
everyone else,384
per capita,384
mohfw_india drharshvardhan,384
di rumah,384
tested covid,384
qu ils,383
caso coronavirus,383
thank god,383
death count,383
budaya bekerjaternyata,382
cura coronavirus,382
frente coronavirus,381
app see,381
home coronavirus,381
bekerjaternyata kita,381
doctors nurses,381
lead us,381
reported today,380
corona partisipasicegahcovid19,380
re going,380
coronavirus virus,380
nouveaux cas,379
money due,379
coverage daily,379
trump staff,379
2020 coronavirus,378
credit card,378
could become,378
pence aide,378
home stay,378
government debt,377
physical distancing,377
last tweet,377
day coronavirus,376
coronavirus case,376
19 news,376
_क _स,376
murder hornets,376
scientists furious,376
8th may,376
coronavirus est,376
