gram,counts
covid 19 cases,6425
covid 19 pandemic,6017
positive covid 19,4731
casos covid 19,3356
tested positive covid,2495
due covid 19,2376
covid 19 vaccine,2316
new covid 19,2269
97 000 children,2189
children tested positive,2088
000 children tested,1907
positivo covid 19,1798
two weeks july,1762
last two weeks,1750
tested positive coronavirus,1636
covid 19 deaths,1636
get well soon,1558
covid 19 test,1438
cases covid 19,1357
covid 19 via,1331
covid 19 last,1294
test positive coronavirus,1293
coronavirus covid 19,1277
spread covid 19,1273
covid 19 testing,1269
covid 19 crisis,1259
da covid 19,1233
covid 19 di,1188
últimas 24 horas,1151
pandemia covid 19,1096
covid 19 outbreak,1071
new coronavirus cases,1068
covid 19 patients,1058
amid covid 19,982
impact covid 19,953
covid 19 tests,942
covid 19 virus,930
19 last two,921
pandemi covid 19,907
test positive covid,892
covid 19 relief,878
covid 19 response,866
well soon sir,836
covid 19 update,822
100 000 children,800
contagios covid 19,773
nuevos casos covid,765
august 10 2020,755
tests positive covid,754
president pranab mukherjee,750
nearly 100 000,732
tests positive coronavirus,724
nuevos casos coronavirus,716
sharpest tool shed,712
positivos covid 19,708
coronavirus live updates,708
vacuna covid 19,689
muertes covid 19,687
number covid 19,679
covid 19 coronavirus,676
covid 19 death,670
100 days without,668
covid 19 positive,664
former president pranab,659
get covid 19,653
tested positive covid19,649
fight covid 19,646
children test positive,646
died covid 19,644
narendramodi rsprasad pmoindia,639
amid coronavirus pandemic,627
covid 19 em,624
rsprasad pmoindia bsnl4gnow,617
evidence public record,605
july report says,601
mortes covid 19,598
tens thousands americans,598
california public health,592
response covid 19,591
public health director,587
covid 19 case,584
india mitega india,583
killed tens thousands,581
mitega india mitega,580
new york times,579
10 agosto 2020,568
10 08 2020,564
trump killed tens,563
back covid 19,559
weeks july report,552
bbc news coronavirus,543
million coronavirus cases,537
last weeks july,532
positif covid 19,525
nursing home deaths,524
post covid 19,521
pranab mukherjee tests,519
increase covid 19,503
positive coronavirus two,501
covid 19 lockdown,494
lost in laws,492
ny nursing home,489
in laws coronavirus,483
covid 19 transmission,481
confirmed coronavirus cases,481
covid 19 infections,481
last 24 hours,480
com covid 19,480
dean lost in,479
97 000 kids,478
new cases covid,477
covid 19 situation,477
hearings ny nursing,477
signals end american,475
pulled testifying hearings,475
testifying hearings ny,475
laws coronavirus says,474
says pulled testifying,474
coronavirus says pulled,473
coronavirus trump killed,472
covid 19 signals,471
people test positive,470
transmission covid 19,469
19 signals end,468
covid 19 hospitalizations,466
janice dean lost,466
mukherjee tests positive,464
lunes 10 agosto,462
nursing home coronavirus,462
covid 19 related,459
covid 19 impact,458
little evidence covid,453
gone 100 days,452
positive coronavirus last,449
000 children test,442
dio positivo covid,439
realdonaldtrump scaramucci stevehiltonx,434
home coronavirus deaths,434
president donald trump,431
investigation nursing home,431
port du masque,430
kids tested positive,430
covid 19 amp,428
sí quedateencasa quedateenclase,428
independent investigation nursing,426
covid 19 recovery,424
days without community,423
wishing speedy recovery,421
new zealand gone,418
fallecidos covid 19,416
coronavirus last two,416
covid 19 data,413
da positivo covid,413
end american rolling,412
penyebaran covid 19,410
million covid 19,408
american rolling stone,407
community transmission covid,406
covid 19 través,406
covid 19 brasil,406
rejects independent investigation,405
zealand gone 100,404
19 test results,399
actor antonio banderas,397
gt gt gt,396
banderas tests positive,393
says tested positive,392
antonio banderas tests,392
coronavirus little evidence,389
says covid 19,388
new covid19 cases,386
coronavirus deaths political,386
infected covid 19,384
20 millones casos,383
florida reports record,382
orders coronavirus relief,381
coronavirus two weeks,379
coronavirus covid19 sarscov2,378
without community transmission,377
privatiza toda prisa,376
rastreo casos covid,375
toda prisa rastreo,372
prisa rastreo casos,372
casos positivos covid,371
cuomo rejects independent,371
pacientes covid 19,370
100 mil mortes,366
covid 19 plan,366
confirmed covid 19,365
outside white house,365
window opportunity beat,365
public record via,364
record via slate,364
opportunity beat back,364
incapacidad controlar aumento,362
college football season,361
covid 19 incapacidad,361
000 kids tested,359
population coronavirus covid19,358
covid19 sarscov2 forecast,358
banderas da positivo,358
dio positivo coronavirus,357
covid 19 infection,355
speedy recovery sir,355
controlar aumento contagios,355
virus covid 19,354
beat back covid,354
19 incapacidad controlar,354
000 times likely,353
antonio banderas da,352
times likely victim,350
trump covid 19,350
du covid 19,349
death population coronavirus,349
coronavirus task force,349
victim child trafficking,347
new death population,347
america window opportunity,346
us 000 times,345
likely victim child,345
child trafficking die,345
trump executive orders,345
covid 19 covid19,344
madrid privatiza toda,344
child us 000,342
trafficking die coronavirus,339
algeria india indonesia,337
developing nations algeria,336
nations algeria india,336
india indonesia cuba,336
cuba used hcq,336
used hcq fared,336
hcq fared better,336
land covid 19,336
pela covid 19,335
indonesia cuba used,335
evidence covid transmission,335
fared better us,334
covid 19 closing,334
even developing nations,332
better us treating,332
us treating coronavirus,332
vaksin covid 19,331
covid 19 symptoms,331
tested positive last,331
due covid19 lost,330
average 79 better,330
covid transmission schools,330
covid19 lost job,328
treating coronavirus average,327
coronavirus average 79,327
lost job pls,327
manufacturing covid 19,327
job pls help,326
covid 19 spread,325
pls help secure,325
help secure job,325
transmission schools says,324
covid 19 restrictions,322
covid 19 protocols,320
fauci even developing,319
stands accused manufacturing,319
american academy pediatrics,318
antonio banderas anuncia,318
accused manufacturing covid,316
adaptasi kebiasaan baru,314
रपत रणब खर,314
killer fauci even,313
deaths covid 19,313
china stands accused,313
schools says williamson,311
covid 19 may,310
covid 19 could,310
like covid 19,310
former president india,309
coronavirus 97 000,303
19 di kota,303
sir due covid19,303
secure job one,303
job one small,303
one small recommendation,303
small recommendation change,303
recommendation change whole,303
change whole life,303
covid 19 vaccines,302
covid 19 patient,300
reports record number,300
smash mouth concert,300
coronaviruspandemic covid19india coronavirus,299
wish speedy recovery,299
college football fall,298
covid 19 safety,298
entertain empower educate,297
empower educate talk,297
0208 090 2121,297
090 2121 hello,297
2121 hello fantasticradio,297
hello fantasticradio co,297
fantasticradio co uk,297
co uk homeofpossibilities,297
uk homeofpossibilities believeyourpossibilities,297
homeofpossibilities believeyourpossibilities buy,297
believeyourpossibilities buy song,297
us covid 19,295
pruebas covid 19,292
health director resigns,291
educate talk us,290
talk us 0208,290
us 0208 090,290
contagio covid 19,290
resigns amid questions,290
tested covid 19,289
coronavirus disease 2019,288
negative covid 19,288
due coronavirus concerns,288
realdonaldtrump nytimes cnn,287
casos positivos coronavirus,287
visit discover vast,287
discover vast affordable,287
vast affordable concise,287
affordable concise courses,287
concise courses available,287
courses available learners,287
available learners kindergarten,287
learners kindergarten tertiary,287
kindergarten tertiary studies,287
tertiary studies get,287
studies get personal,287
get personal tutor,287
personal tutor assist,287
tutor assist difficult,287
assist difficult subjects,287
difficult subjects covid19,287
subjects covid19 end,287
covid19 end education,287
america offers worthless,286
worthless covid 19,285
one child infected,285
infected 25 teachers,285
covid 19 updates,284
child infected 25,284
world health organization,283
dies covid 19,283
offers worthless covid,283
coronavirus relief bill,282
hit 20 million,281
19 last weeks,281
gates america offers,281
160 000 americans,279
test results world,279
jim_jordan america needs,279
new cases coronavirus,278
antonio banderas reveals,278
least 97 000,277
bill gates america,275
cybersecurity technology ai,275
record number covid,275
first covid 19,274
contagiados covid 19,274
playing college football,274
reopened one child,274
school reopened one,272
effects covid 19,271
000 covid 19,271
10 agustus 2020,270
executive orders coronavirus,268
viral particles subway,267
covid 19 país,266
covid 19 concerns,266
antonio banderas says,266
got covid 19,265
pencegahan dan pengendalian,265
happens viral particles,265
nuevos casos positivos,264
die covid 19,264
pandemia coronavirus covid19,264
000 americans died,263
risk covid 19,262
covid 19 mundo,262
covid 19 numbers,261
thelegallowdown law court,261
law court lawyer,261
court lawyer lawfirm,261
lawyer lawfirm justice,261
lawfirm justice legal,261
justice legal case,261
legal case ip,261
case ip scotus,261
ip scotus tort,261
scotus tort covid19,261
tort covid19 cybersecurity,261
covid19 cybersecurity technology,261
paparan prof kiki,261
100 mil mortos,260
tests positive covid19,260
prof kiki tentang,260
kiki tentang pencegahan,260
tentang pencegahan dan,260
pengendalian pandemi covid,259
since covid 19,259
di kota surabaya,259
us coronavirus 97,258
dan pengendalian pandemi,258
players test positive,257
maestros alumnos distancia,257
2020 covid 19,256
marks 100 days,256
muertos covid 19,256
puso pausa mundo,256
inicia ciclo lectivo,256
ciclo lectivo maestros,256
lectivo maestros alumnos,256
250 people test,255
pausa mundo educación,255
mundo educación continuó,255
ai sharpest tool,255
go back school,254
trump signs executive,254
free covid 19,254
covid19 puso pausa,253
alumnos distancia juntos,253
global covid 19,252
case covid 19,251
big ten presidents,251
shooting outside white,251
keep kids safe,250
prevent spread covid,249
19 cases among,249
kota surabaya raya,249
covid 19 hoax,248
kasus covid 19,247
paying 250 people,246
covid 19 treatment,246
cases top million,245
covid 19 hospital,245
soon paying 250,243
due coronavirus pandemic,243
know covid 19,242
back to school,242
new cases confirmed,242
fall due coronavirus,242
24 agosto inicia,242
banderas says tested,241
agosto inicia ciclo,241
football fall due,241
covid 19 weeks,240
pju polda jatim,240
kapolrestabes surabaya mengikuti,240
surabaya mengikuti paparan,240
mengikuti paparan prof,240
long term effects,239
2019 covid 19,239
polda jatim dan,239
jatim dan kapolrestabes,239
dan kapolrestabes surabaya,239
california soon paying,238
covid 19 economic,238
despite covid 19,238
positive last two,238
coronavirus covid19 puso,238
covid 19 méxico,237
confirmados covid 19,237
update covid 19,236
educación continuó 24,236
continuó 24 agosto,236
distancia juntos nuevo,236
coming america window,235
cases hit 20,235
penanganan covid 19,234
new zealand marks,234
time covid 19,234
covid 19 world,234
coronavirus via gatewaypundit,233
covid 19 one,233
kids covid 19,233
winter coming america,233
die coronavirus via,232
state covid 19,232
test covid 19,232
indiafightscorona stayhome staysafe,231
reconsigap relawankemdikbud siapadaptasi,231
100 days community,230
say covid 19,229
may actually increase,229
blow by blow,228
see smash mouth,228
covid19 last days,227
by blow account,227
zealand marks 100,227
cure covid 19,227
cumple 60 años,227
coronavirus indiafightscorona stayhome,226
killed thousands americans,226
coronavirus cases top,226
gaiters may actually,226
covid19 bot covid19,225
bot covid19 last,225
last days stats,225
covid19india coronavirus indiafightscorona,225
people covid 19,225
latest covid 19,225
symptoms covid 19,225
reported coronavirus cases,225
actually increase covid,225
transmission study finds,225
covid 19 daily,224
covid 19 still,224
georgia high school,223
per 100 000,223
coronavirus cases children,223
neck gaiters may,223
children hospital association,222
correa sime vrsaljko,222
juntos nuevo sí,222
19 transmission study,222
от covid 19,221
vote covid 19,221
quedateenclase la pandemia,221
records deadliest day,220
79 better via,220
better via gatewaypundit,220
affected covid 19,220
nuevo sí quedateencasa,220
cases among children,219
covid 19 hit,219
maestros reto covid19,219
coronavirus relief executive,218
reto covid19 llevaron,218
covid19 llevaron éxito,218
llevaron éxito aulas,218
éxito aulas casa,218
long term care,217
coronavirus death toll,217
la pandemia coronavirus,217
education keep kids,217
19 virus via,217
trump executive actions,216
world winning pandemic,216
winning pandemic fight,216
went 100 days,216
19 plan education,216
plan education keep,216
kids safe protect,216
safe protect post,216
protect post office,216
monday august 10,215
covid 19 treatments,215
da positivo coronavirus,215
kids back school,214
coronavirus world winning,214
new zealand went,214
virus via gatewaypundit,214
crisis covid 19,213
covid 19 rapid,212
19 tests conducted,212
zealand went 100,212
wearamask yuvstrong12 campaignyolo,212
aulas casa alumnos,212
covid 19 going,211
covid 19 vía,209
second half july,209
global coronavirus cases,208
coronavirus 60th birthday,208
24 agosto termina,208
10 august 2020,207
recovered covid 19,207
schools plan reopen,207
vulnerable covid 19,207
agosto termina pausa,207
disease 2019 covid,206
daily cases increase,206
cases new deaths,206
casa alumnos 24,206
alumnos 24 agosto,206
covid 19 news,205
casos confirmados covid,205
covid 19 venezuela,205
australia records deadliest,204
reported today utc,204
today utc time,204
us tested positive,204
nuevo ciclo escolar,204
make deal coronavirus,204
lakh covid 19,203
voted playing college,202
covid 19 na,201
get coronavirus vaccine,200
prueba covid 19,200
wakapolda jatim pju,200
jatim pju polda,200
deal coronavirus relief,200
ten presidents voted,200
presidents voted playing,200
signs executive orders,199
handling covid 19,199
nuevos casos covid19,199
2020 08 10,198
recovery rate rises,198
covid 19 tweets,198
inicia nuevo ciclo,198
coronavirus sars cov,197
mail in voting,197
total confirmed cases,197
use covid 19,197
000 children us,197
pediatrics children hospital,197
day recovery rate,197
termina pausa inicia,197
pausa inicia nuevo,197
ciclo escolar educación,197
number coronavirus cases,196
au covid 19,196
going back school,196
children us tested,196
coronavirus testing insanity,195
academy pediatrics children,195
tests conducted day,195
rate rises 68,195
rises 68 78,195
conducted day recovery,194
coronavirus test data,194
health director abruptly,194
director abruptly resigns,194
quedateenclase maestros reto,194
dr scott atlas,194
485 mil 836,193
blow account president,192
president killed thousands,192
sign petition via,192
68 78 health,192
escolar educación distancia,192
dying covid 19,191
covid 19 10,191
78 health ministry,191
account president killed,190
news coronavirus covid19,190
total number cases,190
director resigns amid,190
ahead champions league,189
covid 19 aid,189
covid 19 covid,189
covid 19 health,189
doctor subject complaints,189
educación distancia sí,189
distancia sí quedateencasa,189
19 death toll,188
take covid 19,188
ontario doctor subject,188
covid 19 guidelines,187
days community coronavirus,187
pasien covid 19,186
coronavirus contact tracers,186
filer thelegallowdown law,186
college football players,185
positive coronavirus zero,185
coronavirus zero hedge,185
lucha covid 19,185
community coronavirus transmission,185
usa northamerica cases,185
covid 19 dan,184
new cases new,184
people tested positive,182
trump coronavirus relief,182
india covid 19,182
complaints covid 19,182
100 000 kids,181
coronavirus live news,181
mil mortes covid,181
000 dead americans,181
subject complaints covid,181
jatim wakapolda jatim,181
world covid 19,180
19 covid 19,180
record lakh covid,180
kapolda jatim wakapolda,180
of covid 19,180
cases trend06 aug,180
us tops million,179
covid 19 surge,179
patients nursing homes,179
93 nuevos casos,179
000 americans dead,177
global pandemic news,177
pandemic news coronavirus,177
coronavirus covid19 protests,177
995 nuevos casos,177
covid 19 yang,176
62 064 new,176
caso covid 19,176
covid 19 quarantine,175
prevención covid 19,175
millones casos coronavirus,175
rather stay home,175
stay home die,175
de covid 19,175
meet make deal,175
weeks schools plan,175
coronavirus coronavirusupdate covid19,174
covid 19 changed,174
study finds via,174
past 24 hours,173
refuse coronavirus vaccine,173
surabaya raya polripromoter,173
aug 10 2020,172
johns hopkins university,172
following covid 19,172
daily covid 19,172
covid 19 risk,172
covid 19 real,172
ensayos clínicos vacuna,172
weeks july via,172
raya polripromoter poldajatim,172
want meet make,172
million reported coronavirus,170
19 weeks schools,170
20 million reported,170
dos positivos coronavirus,169
amp covid 19,169
gmt coronavirus coronavirusupdate,169
coronavirusupdate covid19 coronaviruspandemic,169
coronavirus relief via,169
19 rapid testing,169
deliver copy officials,169
total covid 19,169
19 cases reported,169
abruptly resigns amid,169
key ending pandemic,168
gold coronavirus mask,167
related covid 19,167
frente covid 19,167
contact tracers reduced,167
contre covid 19,166
dead 5m infected,166
county covid 19,166
linked covid 19,166
segunda feira 10,166
hits grim milestone,166
milestone 20 million,166
slow spread covid19,165
tracers reduced 000,165
world hits grim,165
public health officials,164
coronavirus cases deaths,164
shortage could last,164
could last years,164
grim milestone 20,164
dio positivo covid19,163
coronavirus covid19 2019ncov,163
inside wuhan lab,163
covid19 162k dead,163
stop covid 19,162
covid 19 revealed,162
covid 19 free,162
covid 19 two,162
cas covid 19,162
ppe shortage could,162
last years without,162
monday crap dopeydon,162
crap dopeydon wants,162
dopeydon wants defund,162
wants defund socsec,162
defund socsec amp,162
socsec amp usps,162
amp usps welcomes,162
usps welcomes russia,162
welcomes russia election,162
russia election interference,162
20k lies pathological,162
lies pathological liar,162
pathological liar amp,162
liar amp narcissist,162
amp narcissist covid19,162
narcissist covid19 162k,162
162k dead 5m,162
5m infected unmaga,162
infected unmaga humptytrumpty,162
pelosi want meet,162
coronavirus australia records,161
covid 19 día,161
437 new covid,161
covid 19 new,161
years without strategic,161
without strategic plan,161
wuhan lab center,161
says schumer pelosi,161
schumer pelosi want,161
treatment covid 19,160
new york city,160
covid 19 drug,160
praying speedy recovery,160
antonio banderas anunció,160
covid 19 would,159
amidst covid 19,159
menyembuhkan covid 19,159
covid 19 disease,159
situación covid 19,159
election interference running,159
interference running disinformation,159
running disinformation campaign,159
fewer new infections,158
ng covid 19,158
369 nuevos casos,158
america ppe shortage,158
reduced 000 england,158
sa covid 19,157
covid 19 recoveries,157
positive last weeks,157
vacina covid 19,157
strategic plan experts,157
flexibilizaciónparcialconsciente elregresodelnecio vamosdarioapasodevencedores,157
covid 19 rules,156
coronavirus covidー19 coronavirusourtbreak,156
covidー19 coronavirusourtbreak thewiderwiserview,156
penularan covid 19,156
10 08 20,156
according new report,156
alyssa milano hospitalized,156
trump says schumer,156
society covid 19,155
covid 19 dengan,155
ongoing covid 19,155
finds via yahoo,155
100 días nuevos,154
covid 19 control,154
160 000 dead,154
deadliest day fewer,154
day fewer new,154
social security medicare,154
result covid 19,154
relief executive orders,154
testing deliver copy,153
gravedad covid 19,153
person person contact,153
report says cnn,153
plan experts warn,153
rapid testing deliver,152
covid 19 diagnosis,152
away covid 19,152
masks social distancing,152
covid 19 podría,152
covid 19 initially,152
closing via statnews,152
disinformation campaign eo,152
campaign eo laughable,152
eo laughable unconstitutional,152
laughable unconstitutional 20k,152
unconstitutional 20k lies,152
executive actions coronavirus,151
severe covid 19,151
wave covid 19,151
said covid 19,151
covid 19 helpline,151
time national crisis,151
combate covid 19,151
coronatimo coronafarsa genocidio,151
noalavacuna políticosaprisión sanitariosasesinos,151
políticosaprisión sanitariosasesinos periodistascobardes,151
government covid 19,150
marked 100 days,150
casos positivos covid19,150
alyssa milano shows,150
causa covid 19,150
national crisis cumm,150
crisis cumm ads,150
cumm ads suggests,150
ads suggests limiting,150
suggests limiting person,150
limiting person person,150
person contact coronavirus,150
contact coronavirus beaten,150
coronavirus beaten play,150
beaten play safe,150
play safe play,150
safe play online,150
coronafarsa genocidio rebrotetimo,150
genocidio rebrotetimo noalconfinamiento,150
rebrotetimo noalconfinamiento noalnuevoordenmundial,150
noalconfinamiento noalnuevoordenmundial noalbozal,150
19 closing via,150
gnboficialve fabiozavarsep gnbgdjfl,150
confirmed cases covid,149
combat covid 19,149
wake covid 19,149
getting covid 19,149
mais 100 mil,149
aumento casos coronavirus,149
noalnuevoordenmundial noalbozal noalamascarillaobligatoria,149
noalbozal noalamascarillaobligatoria noalavacuna,149
noalamascarillaobligatoria noalavacuna políticosaprisión,149
sanitariosasesinos periodistascobardes covid_19,149
americans able get,149
schools prepare reopen,149
report american academy,148
dieron positivo covid,148
treat covid 19,148
stop spread covid19,148
000 new cases,148
promise covid 19,148
lab center coronavirus,148
in person classes,148
ángel correa sime,148
need federal assistance,148
covid 19 últimas,147
casos nuevos coronavirus,147
covid 19 since,147
kids may vulnerable,147
impacts covid 19,146
new cases reported,146
potential covid 19,146
positive coronavirus tests,146
vaccine covid 19,146
20 million coronavirus,146
periodistascobardes covid_19 covid19,146
covid_19 covid19 covidhoax,146
covid19 covidhoax borregos,146
covidhoax borregos covidianos,146
covid 19 cumpleaños,146
may vulnerable covid,146
federal assistance support,146
assistance support needs,146
support needs every,146
needs every child,146
every child pandemic,146
child pandemic educational,146
pandemic educational equity,146
educational equity critical,146
equity critical supporting,146
critical supporting future,146
supporting future america,146
future america youth,146
america youth covid19,146
vaccine well 2021,146
considers banning re,146
banning re entry,146
covid 19 spreading,145
million confirmed coronavirus,145
petition via change,145
health care workers,145
covid19 positive cases,145
impacted covid 19,145
fighting covid 19,145
deaths per day,145
19 initially suspected,145
able get coronavirus,145
coronavirus vaccine well,145
coronavirus concerns via,144
home covid 19,144
casos confirmados coronavirus,144
current covid 19,144
20 million worldwide,144
pranab mukherjee tested,144
local governments need,144
governments need federal,144
wear face mask,143
novos casos covid,143
new cases covid19,143
missouri vote covid,143
trump considers banning,143
836 casos confirmados,143
first time since,142
authority fine jail,142
dapat mencegah menyembuhkan,142
nuevos contagios coronavirus,142
tests covid 19,142
19 via youtube,142
на covid 19,142
making sure migrant,142
sure migrant kids,142
coronavirus testing texas,142
fine jail people,141
jail people refuse,141
trump orders coronavirus,141
think covid 19,141
children covid 19,141
days covid 19,141
take longer usual,141
amid questions coronavirus,141
top 10 mundial,141
ganancias extraordinarias aplicado,141
states authority fine,140
rfid microchip mark,140
microchip mark beast,140
europeans say covid,140
cashless society know,140
recovery covid 19,140
the covid 19,140
microsoft co founder,140
97 000 niños,140
extraordinarias aplicado tiempos,140
aplicado tiempos guerra,140
53 mil muertes,140
migrant kids covid,140
people refuse coronavirus,139
nuevos covid 19,139
19 revealed america,139
na covid 19,139
propagación covid 19,139
kebiasaan baru di,139
evidence covid 19,139
dado positivo coronavirus,139
