gram,counts
covid 19,162975
19 cases,6443
coronavirus cases,6262
19 pandemic,6023
tested positive,6010
coronavirus covid19,5791
coronavirus pandemic,5284
positive covid,4979
covid19 coronavirus,4391
positive coronavirus,4117
new cases,3738
antonio banderas,3631
casos covid,3515
97 000,3306
000 children,3196
nuevos casos,3053
two weeks,3012
test positive,2859
coronavirus relief,2780
public health,2780
college football,2692
covid19 pandemic,2617
due covid,2530
new zealand,2529
100 000,2475
casos coronavirus,2457
new covid,2411
19 vaccine,2320
weeks july,2318
children tested,2119
bill gates,1987
new coronavirus,1957
tests positive,1936
covid19 cases,1903
positivo covid,1884
19 deaths,1869
new york,1855
social distancing,1799
last two,1789
wear mask,1786
coronavirus vaccine,1783
via youtube,1754
10 agosto,1746
president trump,1731
coronavirus covid,1726
smash mouth,1725
donald trump,1706
united states,1694
white house,1683
20 million,1681
due covid19,1638
get well,1609
well soon,1596
coronavirus deaths,1557
100 days,1533
24 horas,1500
casos positivos,1500
executive orders,1485
nursing home,1481
due coronavirus,1476
speedy recovery,1470
19 test,1439
august 10,1436
positivo coronavirus,1436
gon na,1424
cases covid,1414
former president,1405
live updates,1387
death toll,1382
spread covid,1370
positive covid19,1362
amid coronavirus,1354
19 via,1335
10 2020,1323
dio positivo,1305
19 last,1297
back school,1283
da covid,1283
19 testing,1282
casos confirmados,1278
19 crisis,1261
long term,1254
pandemia coronavirus,1247
pranab mukherjee,1247
confirmed cases,1227
news coronavirus,1223
últimas 24,1198
19 di,1189
10 08,1157
active cases,1156
novel coronavirus,1154
pandemia covid,1128
coronavirus live,1125
nursing homes,1112
spread coronavirus,1111
new post,1101
sars cov,1086
wearing mask,1075
19 outbreak,1075
new deaths,1074
19 patients,1063
coronavirus outbreak,1033
aged care,1025
aug 10,1022
gt gt,1022
coronavirus via,1011
100 mil,1004
amid covid,1000
face masks,986
pandemia covid19,980
impact covid,979
year old,963
bbc news,961
august 2020,951
19 tests,944
last week,941
19 virus,939
24 hours,938
spread covid19,932
pandemi covid,931
coronavirus argentina,928
coronavirus testing,925
casos covid19,924
many people,918
stay home,899
thousands americans,898
08 2020,888
tens thousands,883
160 000,881
fox news,879
19 relief,878
coronavirus response,877
stay safe,872
death rate,871
19 response,866
looks like,866
soon sir,862
positive cases,859
get covid,853
mental health,837
cases reported,835
little evidence,834
19 update,828
coronavirus crisis,823
000 americans,823
test results,821
cases coronavirus,816
health care,816
agosto 2020,815
football season,813
coronavirus update,808
atlético madrid,808
contagios covid,805
us coronavirus,804
go back,802
face mask,801
nueva zelanda,800
big ten,796
people died,793
high school,788
da positivo,775
coronavirus trump,774
20 millones,773
america needs,764
president pranab,764
sharpest tool,763
atletico madrid,762
wearing masks,760
via yahoo,759
million cases,757
positivos coronavirus,753
died covid,752
wear masks,751
tool shed,751
nearly 100,748
days without,743
trump coronavirus,743
positivos covid,742
report says,742
corona virus,740
muertes covid,739
task force,734
cases deaths,733
coronavirus concerns,731
via gatewaypundit,730
total cases,729
casos nuevos,720
vacuna covid,715
post covid,714
19 coronavirus,713
last weeks,712
second wave,711
go away,710
get coronavirus,709
number covid,709
every day,706
contact tracing,704
000 kids,703
fight covid,695
first time,694
covid19 deaths,688
community transmission,686
join us,686
coronavirus test,683
good news,681
health officials,678
19 death,677
trump executive,677
000 deaths,676
alyssa milano,675
new covid19,668
19 positive,668
india mitega,663
positivo covid19,660
children test,657
contagios coronavirus,657
narendramodi rsprasad,657
in person,656
coronavirus infections,652
georgia school,650
health director,648
young people,647
covid19 covid,645
rsprasad pmoindia,641
total number,640
millones casos,636
trump killed,632
000 people,631
protokol kesehatan,631
around world,630
000 dead,628
social media,628
response covid,628
19 em,627
july report,627
champions league,626
pmoindia bsnl4gnow,625
million coronavirus,624
public record,624
mortes covid,623
cases covid19,622
60th birthday,621
hair loss,616
executive actions,615
executive order,615
covid19 vaccine,615
casos activos,614
home coronavirus,610
fake news,609
evidence public,609
testing positive,603
make sure,599
trump administration,596
california public,594
prevent spread,592
du coronavirus,590
killed tens,589
face coverings,588
dr fauci,587
open schools,587
stop spread,586
19 case,586
mil mortes,586
mitega india,583
york times,579
back covid,572
covid covid19,570
fight coronavirus,568
get tested,566
herd immunity,565
get back,565
coronavirus stimulus,564
coronavirus lockdown,561
lunes 10,560
10 000,560
vacuna coronavirus,559
help us,559
per day,559
coronavirus two,558
nuevos contagios,556
social security,555
common cold,552
last 24,550
coronavirus says,545
covid19 covid_19,544
trump says,544
covid19 corona,544
die coronavirus,542
recovery rate,539
months ago,537
american people,536
positif covid,533
home deaths,532
coronavirus last,530
confirmed coronavirus,527
fight covid19,525
janice dean,524
mukherjee tests,523
schools open,521
in laws,520
com covid,517
ny nursing,513
global pandemic,511
new normal,511
increase covid,511
coronavirus corona,509
corona covid19,508
total deaths,508
quedateencasa quedateenclase,508
independent investigation,505
among children,504
died coronavirus,503
deaths reported,503
face covering,502
coronavirus death,500
000 000,500
via slate,499
du masque,498
lost in,498
19 lockdown,497
ministerio salud,497
take care,495
please help,493
covid19 sarscov2,493
evidence covid,493
top story,492
coronavirus disease,490
need know,490
end american,489
single day,489
100 días,488
people dying,487
muertes coronavirus,486
high risk,486
transmission covid,484
people test,484
ee uu,484
laws coronavirus,484
covid coronavirus,483
dean lost,482
19 transmission,481
19 infections,481
americans died,480
study finds,480
covid19 amp,479
covid cases,479
coronavirus new,478
19 situation,478
24 agosto,478
pulled testifying,478
hearings ny,478
florida reports,477
testifying hearings,477
million people,476
save lives,476
signals end,475
trump signs,474
coronavirus briefing,474
says pulled,474
joe biden,473
19 signals,471
fin semana,469
deaths per,468
19 hospitalizations,468
look like,467
relief bill,462
19 related,461
would like,460
loved ones,459
post covid19,459
lost job,459
19 impact,458
cases confirmed,457
gone 100,455
covid19 testing,455
federal government,453
reports record,453
new report,453
wash hands,450
wishing speedy,450
click link,448
wan na,447
times likely,446
madrid privatiza,446
rastreo casos,446
port du,445
since march,445
covid19 positive,445
kids tested,445
hong kong,444
via nytimes,443
163 000,443
million covid,442
new death,442
coronavirus covid_19,441
pandemic covid19,441
covid19 test,441
62 064,441
secret service,441
president donald,440
covid19 crisis,439
sí quedateencasa,439
kids get,438
scaramucci stevehiltonx,436
realdonaldtrump scaramucci,435
get sick,434
without community,433
health ministry,431
19 amp,431
investigation nursing,431
contagios covid19,430
whitehouse realdonaldtrump,429
rolling stone,427
coronavirus mask,427
fallecidos covid,427
covid_19 coronavirus,426
died covid19,425
cases top,425
19 recovery,425
contact tracers,425
small businesses,424
orders coronavirus,423
covid_19 covid19,422
penyebaran covid,421
people die,420
coronavirus updates,420
positive last,420
response coronavirus,419
aumento contagios,419
via nbcnews,418
mil casos,418
zealand gone,418
infected covid,417
in the,416
transmission schools,414
19 data,413
says covid,413
american rolling,412
coronavirus aid,412
19 brasil,412
resigns amid,411
johns hopkins,410
covid19 lockdown,409
covid19 patients,408
health department,408
response covid19,408
recovery sir,408
child trafficking,407
19 través,406
coronavirus infection,406
number cases,406
toda prisa,406
must read,405
spread virus,405
rejects independent,405
dieron positivo,404
หน ากากอนาม,404
going back,402
coronavirus little,402
actor antonio,402
covid19 lost,401
10 august,401
washington post,400
du covid,400
last month,400
ángel correa,400
says tested,400
please retweet,399
health amp,399
virus covid19,399
coronavirus transmission,399
banderas tests,399
53 mil,397
trump covid,396
million americans,395
última hora,395
bringing total,395
pacientes covid,395
deaths political,395
global coronavirus,394
got ta,393
treating coronavirus,393
agustus 2020,392
60 años,392
football fall,391
nuevas muertes,390
slow spread,390
daily thanks,390
schools reopen,388
wear face,387
coronavirus patients,387
confirmed covid,386
beat back,386
immune system,385
virus covid,385
climate change,384
dado positivo,384
back work,383
get covid19,383
across country,383
infected coronavirus,383
pls help,382
relief package,382
impact covid19,380
50 000,380
cuomo rejects,380
last days,378
breaking news,378
covid19 response,377
people need,377
privatiza toda,376
nuevo coronavirus,375
coronavirus india,373
outside white,373
according new,372
dos semanas,372
children immune,372
prisa rastreo,372
muertos coronavirus,371
reported today,371
deaths covid,371
000 times,370
record via,370
coronavirus case,370
population coronavirus,370
window opportunity,370
रणब खर,369
incapacidad controlar,369
crisis coronavirus,367
side effects,367
testing insanity,367
qu il,367
land covid,367
controlar aumento,367
19 covid19,366
il coronavirus,366
reopening schools,366
19 plan,366
common sense,365
better us,365
small business,365
opportunity beat,365
us 000,364
2020 08,364
covid19 virus,364
stayhome staysafe,363
nouveaux cas,363
deadliest day,362
cases children,362
banderas da,362
19 incapacidad,361
cases among,360
coronavirus tests,360
sarscov2 forecast,359
positivity rate,359
america window,359
coronavirus task,358
coronavirus australia,357
post coronavirus,357
china virus,356
prime minister,356
19 infection,356
covid transmission,356
south africa,354
people get,354
du covid19,354
mondaythoughts mondaymotivaton,353
boris johnson,353
latest news,352
daily cases,352
death population,352
likely victim,351
social distance,351
200 000,350
despite coronavirus,350
cada vez,350
school year,350
record number,350
trafficking die,349
last year,349
developing nations,349
post office,349
job pls,349
schools says,349
pela covid,348
president india,348
victim child,347
10 agustus,347
mil muertes,347
corona coronavirus,347
like covid,347
child us,346
cases new,346
people like,346
monday august,345
got covid,345
used hcq,344
kebiasaan baru,343
nuovi casi,343
fared better,343
feel like,343
mask wearing,342
vaksin covid,341
coronavirus mundo,341
even though,340
of the,340
one day,339
india indonesia,338
coronavirus related,338
pandemic via,337
new infections,337
algeria india,337
healthcare workers,337
di kota,337
nations algeria,336
indonesia cuba,336
cuba used,336
hcq fared,336
salud pública,336
14 days,336
people coronavirus,336
american academy,335
mil mortos,334
coronavirus world,334
19 closing,334
lockdown covid19,333
79 better,333
19 spread,333
die covid,333
165 000,332
19 symptoms,332
even developing,332
us treating,332
help secure,332
world health,331
sounds like,331
average 79,331
work home,331
mortality rate,331
students staff,331
covid19 last,330
us covid,330
covid19india coronavirus,329
coronavirus average,329
opening schools,329
manufacturing covid,329
killer fauci,327
aumento casos,327
unemployment benefits,327
jim_jordan america,327
well done,326
trump said,325
weeks schools,325
secure job,325
health official,325
study shows,324
19 restrictions,324
football players,323
adaptasi kebiasaan,323
co uk,323
going away,323
department health,323
reopen schools,323
academy pediatrics,322
tested covid,322
fauci even,321
whole life,321
19 protocols,320
covid19 end,320
novos casos,320
cases hit,320
la pandemia,320
top 10,319
coronavirus face,319
stands accused,319
accused manufacturing,319
रपत रणब,319
banderas anuncia,319
covid19 covidー19,318
fact check,318
tops million,317
het coronavirus,317
one thing,316
sime vrsaljko,316
seems like,315
god bless,315
pm et,315
nikkihaley popcornfactory,315
nytimes cnn,314
deal coronavirus,314
dos positivos,314
come back,314
china stands,314
au coronavirus,313
one small,313
says williamson,313
coronavirus restrictions,312
need help,312
19 may,312
coronavirus news,312
let get,312
keep kids,312
killed thousands,311
mondaythoughts covid19,311
covid deaths,310
19 could,310
sir due,310
covid19 coronaviruspandemic,309
dead americans,309
yuvstrong12 campaignyolo,309
โคว ด19,308
talk us,308
via googlenews,308
negative covid,308
wish speedy,308
coronavirus 97,307
school district,306
2020 covid,306
let us,306
covid19 bot,305
signs executive,305
est pas,305
coronavirus españa,305
job one,304
coronaviruspandemic covid19india,303
000 covid,303
08 10,303
small recommendation,303
recommendation change,303
change whole,303
dies covid,302
million confirmed,302
19 vaccines,302
covid19 relief,302
one child,302
zero hedge,301
sign petition,301
dos casos,301
wuhan lab,300
19 patient,300
000 muertos,300
19 safety,300
mouth concert,300
read article,299
next year,299
disease 2019,299
press conference,299
health organization,298
total confirmed,298
buy song,298
pruebas covid,298
correa vrsaljko,298
tell us,297
entertain empower,297
empower educate,297
educate talk,297
0208 090,297
090 2121,297
2121 hello,297
hello fantasticradio,297
fantasticradio co,297
uk homeofpossibilities,297
homeofpossibilities believeyourpossibilities,297
believeyourpossibilities buy,297
abc news,297
contagio covid,296
family members,296
community spread,295
deaths coronavirus,294
per capita,294
subjects covid19,294
000 cases,294
days community,294
25 teachers,294
300 000,293
muertes covid19,293
return school,293
director resigns,293
amid questions,293
viral particles,293
since june,292
school reopened,292
americans dead,291
new confirmed,291
number people,291
hit 20,291
são paulo,291
us 0208,290
covid19 cybersecurity,290
child infected,290
effects covid,289
cases rise,289
courses available,289
get personal,289
technology ai,289
infected 25,289
realdonaldtrump nytimes,288
studies get,288
risk covid,288
schools plan,288
america offers,288
worthless covid,288
live news,287
medidas prevención,287
19 updates,287
visit discover,287
discover vast,287
vast affordable,287
affordable concise,287
concise courses,287
available learners,287
learners kindergarten,287
kindergarten tertiary,287
tertiary studies,287
personal tutor,287
tutor assist,287
assist difficult,287
difficult subjects,287
end education,287
da pandemia,287
first covid,286
coronavirus us,286
cases increase,286
realdonaldtrump trump,286
testing site,286
muertos covid,286
offers worthless,286
health workers,285
caso positivo,285
gates america,285
results world,285
south dakota,284
cases today,283
contagiados covid,282
positivos covid19,282
shooting outside,282
mail in,281
good health,281
covid19 mondaythoughts,281
dar positivo,281
banderas reveals,281
covid19 update,280
people tested,280
back to,280
kids safe,280
ministry health,279
tests conducted,279
since covid,279
people still,279
take look,279
least 97,279
playing college,279
student athletes,278
virus via,278
tested negative,278
banderas says,278
437 new,277
years ago,277
kids back,277
000 new,277
winter coming,277
economic recovery,276
10 20,276
know covid,275
back normal,275
162 000,275
cybersecurity technology,275
us covid19,274
via usatoday,274
pencegahan dan,274
reopened one,274
evitar contagios,273
new study,273
experts say,273
cases us,273
neck gaiters,273
to school,272
clinical trials,272
south korea,272
836 casos,272
puede ser,271
health minister,271
deaths covid19,271
presos políticos,271
dan pengendalian,271
da covid19,271
buenos aires,270
make deal,270
anyone else,269
health safety,269
terapia intensiva,269
case count,269
ai sharpest,269
coronavirus coronavirus,268
august 10th,268
marks 100,268
particles subway,268
free covid,267
safety protocols,267
kota surabaya,267
covid19 death,266
19 país,266
19 concerns,266
cases amp,266
2020 covid19,266
players test,265
latest coronavirus,265
death count,265
coronavirus venezuela,265
gavin williamson,265
happens viral,265
segunda feira,265
case covid,264
test covid,264
fall sports,264
reconsigap relawankemdikbud,263
die covid19,263
experts warn,263
19 mundo,263
wearing face,263
law court,263
maestros alumnos,263
250 people,262
could help,262
19 numbers,262
time covid,262
kids covid,262
justice legal,262
tort covid19,262
muertos covid19,261
ciclo lectivo,261
thelegallowdown law,261
court lawyer,261
lawyer lawfirm,261
lawfirm justice,261
legal case,261
case ip,261
ip scotus,261
scotus tort,261
ten presidents,261
paparan prof,261
prof kiki,261
tentang pencegahan,261
number coronavirus,260
care homes,260
positive tests,260
people covid,260
pengendalian pandemi,260
kiki tentang,260
physical distancing,259
us citizens,259
global covid,259
every year,259
plan reopen,259
half july,258
say covid,258
coronavirus spread,258
000 casos,258
inicia ciclo,258
top million,257
want know,257
educación continuó,257
alumnos distancia,257
coronavirus indiafightscorona,256
great job,256
please take,256
dying covid,256
cbc news,256
44 386,256
rest world,256
masks work,256
puso pausa,256
pausa mundo,256
lectivo maestros,256
medidas sanitarias,255
cure covid,255
inicio pandemia,255
children hospital,255
000 muertes,255
hot spots,255
mundo educación,255
re going,254
update covid,254
handling coronavirus,254
fall due,254
the coronavirus,254
covid19 puso,254
20 years,253
distancia juntos,253
cases india,252
contagio coronavirus,252
día hoy,252
covid19 outbreak,252
questions coronavirus,252
paying 250,251
kasus covid,251
coronavirus covidー19,251
rapid testing,251
despite covid,251
surabaya raya,251
