covid,147797
coronavirus,138782
19,135499
covid19,112802
cases,32969
new,31244
trump,27703
people,25915
amp,23880
us,19465
pandemic,18824
100,18159
via,16802
deaths,15277
virus,14775
000,14428
casos,14210
get,14038
like,13431
days,13220
one,13002
news,12586
positive,12201
2020,10691
health,10534
million,10285
zealand,10256
realdonaldtrump,10146
without,10048
would,9901
world,9757
time,9456
test,9095
school,8610
day,8599
help,8514
know,8267
community,8263
could,8193
vaccine,8146
da,8097
many,8048
go,7902
please,7897
10,7872
mask,7814
si,7787
india,7773
need,7761
death,7635
country,7396
back,7327
still,7239
total,7041
transmission,7019
relief,6981
america,6956
due,6944
even,6898
di,6890
going,6862
see,6793
na,6782
good,6584
gone,6557
masks,6497
die,6486
take,6474
mil,6469
tests,6369
executive,6332
children,6280
want,6154
says,6150
corona,6128
the,6114
spread,6109
pandemia,6058
social,6013
americans,5977
testing,5965
well,5936
state,5907
lockdown,5901
care,5854
think,5850
today,5841
right,5823
read,5776
may,5730
home,5725
work,5699
states,5660
schools,5634
make,5614
re,5553
government,5466
não,5418
also,5404
say,5292
let,5224
much,5209
president,5179
year,5114
said,5093
crisis,5087
china,5020
last,4981
stop,4974
life,4898
tested,4845
way,4805
live,4796
first,4796
et,4736
really,4622
number,4613
per,4551
nuevos,4550
stay,4524
two,4514
usa,4505
since,4472
com,4469
keep,4419
20,4393
week,4393
every,4384
confirmed,4384
il,4384
american,4365
24,4351
great,4238
uk,4225
em,4217
never,4170
kids,4147
job,4141
students,4094
safe,4090
brasil,4088
daily,4043
des,4034
must,4021
public,4017
response,4006
august,4005
patients,3975
better,3971
got,3967
reported,3942
bill,3931
dos,3910
salud,3906
money,3888
est,3879
look,3850
died,3845
face,3779
país,3767
hospital,3756
case,3751
man,3737
control,3728
post,3714
gop,3712
end,3691
contagios,3672
real,3671
mais,3656
risk,3623
lives,3620
times,3619
ntapostponejee_neet,3618
come,3599
high,3591
dan,3580
everyone,3579
done,3551
rate,3548
du,3504
dr,3500
economy,3495
to,3481
update,3473
months,3464
orders,3437
ser,3415
use,3407
12,3395
latest,3395
wear,3394
top,3389
another,3389
personas,3383
reports,3326
long,3323
getting,3315
ca,3300
data,3291
in,3277
sunday,3258
open,3256
around,3208
youtube,3206
positivos,3197
support,3159
mortes,3150
plan,3149
away,3146
muertes,3126
family,3103
gente,3103
give,3096
democrats,3088
infections,3082
um,3074
50,3066
outbreak,3042
report,3040
media,3038
aug,3037
actions,3036
covid_19,3010
pelosi,2992
hope,2989
years,2989
thing,2980
mundo,2979
weeks,2973
lost,2968
free,2953
nothing,2942
numbers,2936
non,2931
ve,2908
georgia,2903
gt,2885
positivo,2884
video,2854
made,2850
flu,2841
agosto,2835
30,2834
business,2820
order,2814
congress,2799
house,2797
dead,2794
countries,2788
sir,2770
believe,2770
already,2763
god,2757
recovered,2745
next,2744
article,2742
thanks,2737
check,2732
yet,2732
mas,2729
15,2711
po,2711
love,2708
08,2707
quarantine,2689
updates,2683
fauci,2677
put,2670
vote,2664
person,2661
big,2658
sa,2650
amid,2640
pour,2627
hoy,2623
population,2617
economic,2606
bad,2597
old,2582
pm,2577
global,2569
infected,2549
and,2548
things,2546
needs,2545
gobierno,2542
far,2531
disease,2526
negative,2525
días,2520
thank,2519
fight,2518
plus,2514
minister,2509
cnn,2507
de,2503
11,2502
día,2500
medical,2498
pas,2495
of,2494
sure,2488
anyone,2482
best,2481
fallecidos,2476
workers,2454
09,2451
using,2441
national,2437
brazil,2429
taking,2429
might,2427
others,2419
14,2413
actually,2400
hit,2394
oh,2394
security,2394
coming,2389
science,2383
follow,2382
left,2376
wearing,2371
online,2366
show,2327
vacuna,2326
viral,2321
least,2320
working,2318
something,2317
leadership,2312
united,2309
au,2290
change,2283
ever,2278
travel,2272
shows,2271
trying,2270
sundayvibes,2268
madrid,2267
county,2266
australia,2264
presidente,2264
das,2255
story,2255
va,2249
yes,2245
it,2239
play,2228
así,2223
gates,2205
less,2200
fire,2194
protect,2191
used,2184
und,2183
part,2181
football,2176
distancing,2176
hair,2163
making,2153
breaking,2153
venezuela,2143
college,2142
solo,2142
der,2141
makes,2131
hydroxychloroquine,2128
election,2127
someone,2123
white,2123
recovery,2122
always,2120
start,2114
pay,2110
enough,2110
staff,2110
thousands,2105
govt,2103
symptoms,2100
40,2098
five,2096
millones,2091
medidas,2090
ne,2090
muertos,2089
saying,2084
signs,2077
party,2076
van,2065
everything,2058
tell,2058
कर,2047
fact,2027
florida,2025
sign,2016
full,2014
impact,2011
través,2010
ahora,2003
une,2002
tax,2002
maybe,2000
find,1997
21,1997
no,1995
city,1994
shit,1993
etc,1986
cdc,1979
sick,1978
domingo,1978
watch,1971
important,1971
save,1958
infection,1955
unemployment,1947
local,1945
place,1941
situation,1940
south,1940
call,1933
anything,1933
record,1919
stupid,1915
safety,1906
méxico,1906
lot,1905
uma,1905
rt,1896
normal,1893
puede,1884
hours,1876
sur,1873
system,1872
cause,1869
bien,1867
point,1864
europe,1864
federal,1859
small,1857
study,1856
toll,1841
hard,1839
je,1838
ask,1837
aid,1837
continue,1836
25,1825
yang,1824
contact,1823
across,1819
this,1818
wrong,1815
che,1810
menos,1803
ll,1800
bolsonaro,1794
drrpnishank,1790
narendramodi,1789
education,1788
second,1786
vida,1782
jobs,1779
whole,1778
canada,1778
13,1776
horas,1773
wants,1772
seen,1770
little,1766
political,1765
went,1765
soon,1758
three,1757
likely,1756
understand,1754
nueva,1754
fake,1752
dying,1750
nation,1748
pacientes,1748
vía,1748
dans,1747
tem,1742
season,1738
future,1732
personal,1723
eu,1723
active,1721
killed,1719
casa,1715
restrictions,1714
amitshah,1708
thought,1705
called,1704
link,1703
we,1703
twitter,1702
el,1693
learn,1691
research,1689
highest,1689
heart,1689
july,1687
pmoindia,1686
caso,1682
failure,1682
feel,1677
treatment,1675
true,1670
you,1661
ini,1659
fear,1657
york,1655
app,1650
fuck,1648
is,1647
potus,1645
measures,1644
behind,1642
mean,1641
rise,1639
teachers,1638
related,1638
including,1635
almost,1635
past,1632
qui,1629
fucking,1625
exam,1623
nuevo,1622
fall,1622
cada,1622
millions,1617
são,1615
argentina,1614
17,1613
police,1609
food,1605
reason,1603
republicans,1600
office,1593
information,1593
friends,1592
hace,1591
worse,1589
joebiden,1589
truth,1589
summer,1584
failed,1584
families,1584
according,1582
pass,1582
women,1580
biden,1577
donald,1577
become,1577
experts,1574
la,1572
spreading,1572
ver,1570
told,1565
victoria,1565
healthcare,1565
effective,1565
action,1562
anti,1546
for,1545
possible,1543
hai,1542
results,1540
photo,1534
doctors,1533
remember,1529
despite,1528
ago,1523
officials,1517
wo,1516
hospitals,1514
problem,1514
cómo,1514
set,1513
try,1509
60,1504
lies,1502
given,1500
instead,1500
parents,1499
close,1498
16,1498
casi,1498
share,1497
among,1493
market,1487
00,1486
kill,1486
players,1485
half,1481
en,1476
move,1470
18,1468
loss,1461
talk,1458
stimulus,1457
increase,1451
leader,1450
wait,1449
shut,1446
confirmados,1445
cuarentena,1444
texas,1444
ou,1427
ce,1427
sars,1427
list,1426
hacer,1425
closed,1424
vaccines,1421
recuperados,1419
het,1418
on,1416
deal,1415
पर,1413
hcq,1413
años,1412
learning,1412
air,1408
early,1405
together,1400
march,1397
month,1390
lol,1379
san,1377
ki,1376
bir,1375
power,1374
human,1370
else,1369
bbc,1366
seems,1366
retweet,1366
doctor,1363
hey,1363
só,1363
españa,1361
false,1360
sorry,1360
tweet,1359
sad,1358
took,1358
politics,1357
medicare,1355
governor,1354
based,1353
ist,1353
dia,1352
hits,1349
tally,1349
coronavírus,1348
team,1347
pra,1346
immune,1345
nytimes,1342
common,1340
wow,1339
rest,1337
gov,1337
records,1337
single,1336
ng,1336
leaders,1335
info,1333
cas,1326
low,1325
listen,1323
cuba,1323
covidー19,1320
four,1320
issues,1320
aquí,1319
semana,1318
looking,1318
reporting,1316
nearly,1316
pcr,1313
speakerpelosi,1312
23,1308
trumpvirus,1308
businesses,1308
seriously,1307
calls,1306
रह,1305
california,1300
champions,1299
happen,1298
met,1297
student,1296
citizens,1294
últimas,1292
wonder,1291
run,1286
worst,1284
homes,1283
unconstitutional,1282
pruebas,1280
thread,1280
coronaviruspandemic,1277
goes,1277
different,1277
wish,1274
able,1272
act,1270
especially,1268
atlético,1268
dems,1267
society,1266
rules,1262
administration,1260
cut,1260
hello,1258
killing,1256
nz,1256
black,1255
isso,1251
par,1251
ke,1250
happy,1249
mayor,1249
mal,1247
self,1247
mortos,1244
immunity,1244
evidence,1239
22,1238
cancel,1238
probably,1238
hoax,1237
ai,1235
ao,1234
mark,1234
vous,1233
taken,1232
abc,1232
hands,1230
france,1230
nicht,1230
और,1229
members,1228
interesting,1228
número,1224
vai,1223
ok,1220
vs,1217
crowded,1215
means,1214
contagio,1209
washington,1206
available,1204
blame,1204
all,1204
found,1203
nacional,1200
den,1200
ang,1199
modi,1199
living,1196
course,1195
young,1195
zelanda,1194
question,1193
2019,1192
tras,1192
comes,1191
chinese,1190
masque,1190
that,1189
gets,1187
source,1179
surge,1178
hi,1178
gracias,1178
culpa,1173
9ago,1173
africa,1172
ka,1171
hotel,1168
term,1167
vez,1165
80,1164
alyssa_milano,1164
mejor,1163
whitehouse,1161
age,1160
affected,1160
matter,1154
indonesia,1154
idea,1152
looks,1150
level,1150
damn,1146
hear,1144
visit,1141
hate,1138
started,1137
pelo,1137
playing,1135
im,1134
sense,1133
lack,1132
pls,1129
zero,1129
45,1127
registra,1127
meses,1126
fighting,1125
cover,1125
smartnews,1119
though,1119
indigenous,1118
poor,1115
issue,1112
drug,1110
todas,1108
dangerous,1105
chance,1104
agree,1104
datos,1104
facility,1103
ppl,1103
foi,1099
prevent,1098
nice,1098
woman,1096
bu,1096
exams,1095
sports,1094
mental,1094
untuk,1092
co,1092
key,1091
serious,1091
border,1088
international,1088
staysafe,1084
final,1082
guess,1082
pandemi,1081
current,1080
mind,1080
26,1077
child,1075
tan,1075
97,1074
yesterday,1074
provide,1073
persons,1073
needed,1070
university,1068
parte,1068
lie,1068
nursing,1067
revealed,1067
gon,1065
wake,1064
300,1064
not,1063
que,1063
claims,1062
group,1061
wave,1061
nigeria,1060
lead,1059
stf,1056
payroll,1056
north,1055
class,1053
talking,1053
benefits,1053
ready,1053
52,1052
indígenas,1052
guy,1050
64,1048
pessoas,1048
scientists,1048
cure,1048
se,1047
return,1047
talks,1046
higher,1046
continues,1045
guys,1043
bring,1043
caused,1042
situación,1041
along,1040
contain,1040
reopen,1038
hell,1037
falta,1036
emergency,1034
imagine,1033
history,1032
average,1031
ones,1028
já,1028
russia,1028
following,1027
count,1026
borisjohnson,1024
biggest,1023
pela,1020
johnson,1020
200,1019
vamos,1019
2021,1016
disaster,1015
works,1014
official,1013
shah,1013
foxnews,1011
70,1011
saturday,1010
service,1010
vijayawada,1007
charge,1007
dies,1006
plasma,1006
hand,1005
médico,1002
ko,1002
sont,1002
rapid,1002
finally,999
dari,997
mit,996
atención,996
entire,994
absolutely,993
result,992
package,990
dio,989
came,989
war,985
thinking,984
guidelines,984
esse,983
district,983
ho,982
june,981
marks,981
wearamask,981
huge,979
game,978
morning,978
er,977
league,976
short,976
según,974
major,974
recorded,973
dont,973
line,973
worth,970
photos,970
qu,967
covid__19,966
een,966
questions,965
nunca,965
ohio,963
avec,962
takes,961
nyc,960
ahead,958
síntomas,958
law,956
critical,955
facts,954
responsible,954
general,954
ass,952
500,951
tops,950
yeah,950
details,950
maga,949
tener,949
sem,948
colombia,948
ça,948
año,946
novel,944
covidiots,944
28,944
passes,943
company,943
activos,943
amoryprotecciónalpueblo,943
