gram,counts
100 days without,6477
covid 19 cases,5837
days without community,5594
gone 100 days,5553
zealand gone 100,5425
without community transmission,5421
new zealand gone,5399
transmission covid 19,5334
community transmission covid,5298
covid 19 pandemic,3867
casos covid 19,2706
positive covid 19,2592
covid 19 vaccine,1774
new covid 19,1768
due covid 19,1595
covid 19 deaths,1547
cases covid 19,1547
coronavirus covid 19,1135
test positive coronavirus,1119
million coronavirus cases,1054
covid 19 relief,1036
covid 19 crisis,992
covid 19 test,989
ntapostponejee_neet ntapostponejee_neet ntapostponejee_neet,977
million covid 19,966
covid 19 patients,965
covid 19 via,941
100 mil mortes,913
covid 19 testing,899
covid 19 tests,894
da covid 19,890
tested positive covid,890
últimas 24 horas,865
mortes covid 19,864
test positive covid,860
covid 19 di,839
covid 19 signals,820
signals end american,813
amid covid 19,812
new coronavirus cases,804
19 signals end,803
positivos covid 19,798
india mitega india,798
mitega india mitega,796
trump executive actions,783
positivo covid 19,780
social security medicare,743
nuevos casos covid,739
end american rolling,715
covid 19 death,705
american rolling stone,702
tested positive coronavirus,693
people test positive,687
confirmed coronavirus cases,660
new zealand marks,656
spread covid 19,650
zealand marks 100,640
100 000 deaths,638
marks 100 days,638
100 mil mortos,631
executive actions coronavirus,625
coronavirus live updates,620
new york times,610
pandemia covid 19,607
bbc news coronavirus,607
vacuna covid 19,600
actions coronavirus relief,599
coronavirus relief executive,598
fight covid 19,588
positive coronavirus georgia,588
covid 19 brasil,586
covid 19 surge,585
nuevos casos coronavirus,580
97 000 children,567
coronavirus georgia school,563
contagios covid 19,557
pandemi covid 19,556
died covid 19,551
covid 19 positive,550
america midwest braces,538
covid 19 lockdown,537
covid 19 coronavirus,535
unstoppable america midwest,533
covid 19 recovery,532
using covid 19,529
cases top million,527
braces covid 19,519
midwest braces covid,518
trump signs executive,512
mil mortes covid,501
muertes covid 19,495
covid 19 virus,490
covid 19 outbreak,490
say covid 19,488
coronavirus cases top,484
paulding high school,481
last 24 hours,479
covid 19 response,476
negative covid 19,475
new cases covid,464
trump coronavirus executive,452
lost days summer,451
passes 100 000,450
actions absurdly unconstitutional,449
09 08 2020,448
executive actions absurdly,448
gut social security,445
casos positivos covid,441
children back school,440
days summer trump,435
photos packed hallways,435
covid 19 cover,432
brazil passes 100,432
pelosi calls trump,432
signs executive orders,430
positif covid 19,422
covid 19 case,418
moral duty get,415
amid coronavirus pandemic,413
us tops million,413
executive orders coronavirus,412
cover gut social,412
19 cover gut,411
get children back,410
covid 19 revealed,410
due covid19 lost,407
covid19 lost job,407
trump using covid,406
covid 19 update,405
duty get children,405
lost job pls,404
job pls help,404
pls help secure,404
help secure job,404
fallecidos covid 19,400
secure job one,400
recommendation change whole,400
change whole life,400
trump coronavirus relief,396
19 revealed america,394
hydroxychloroquine covid 19,393
covid 19 may,392
revealed america fragile,392
tests positive covid,390
covid 19 infections,389
europeans say covid,386
america fragile inconsiderate,386
covid 19 reported,378
get covid 19,377
children tested positive,376
new covid19 cases,372
com covid 19,371
outbreak shows sign,371
shows sign easing,371
covid 19 treatments,370
medicare critics charge,370
georgia high school,370
security medicare critics,369
impact covid 19,368
coronavirus moral duty,366
covid 19 related,362
coronavirus brazil passes,362
deaths outbreak shows,362
pela covid 19,361
credits hydroxychloroquine covid,361
000 deaths outbreak,361
set covid 19,359
sir due covid19,359
deaths covid 19,354
school went viral,353
minister amit shah,353
orders coronavirus relief,349
covid 19 situation,349
million confirmed coronavirus,349
home minister amit,347
adaptasi kebiasaan baru,346
relief therapeutics rlftf,346
therapeutics rlftf shows,346
promise covid 19,346
tops million coronavirus,345
rlftf shows promise,343
shows promise covid,343
port du masque,343
signs executive actions,342
georgia school went,342
went viral crowded,339
000 covid 19,337
tests negative covid,334
trump covid 19,334
confirmed covid 19,333
developing nations algeria,333
nations algeria india,333
algeria india indonesia,333
india indonesia cuba,333
trump fell short,332
stay positive po,332
even developing nations,332
used hcq fared,332
hcq fared better,332
coronavirus covid19 sarscov2,328
coronavirus death toll,328
fell short containing,326
north paulding high,325
coronaviruspandemic covid19india coronavirus,323
000 children tested,323
summer trump fell,322
fauci even developing,321
covid19 sarscov2 forecast,319
covid 19 amp,318
population coronavirus covid19,318
covid 19 em,316
trump executive orders,316
fared better us,316
average 79 better,316
pacientes covid 19,315
better us treating,315
covid 19 facility,314
indonesia cuba used,314
gt gt gt,313
us treating coronavirus,313
relief executive actions,312
cuba used hcq,312
overcome covid 19,311
killer fauci even,311
death population coronavirus,310
treating coronavirus average,309
coronavirus average 79,309
covid 19 restrictions,308
new death population,307
mais 100 mil,306
entertain empower educate,305
empower educate talk,305
0208 090 2121,305
090 2121 hello,305
2121 hello fantasticradio,305
hello fantasticradio co,305
fantasticradio co uk,305
co uk homeofpossibilities,305
uk homeofpossibilities believeyourpossibilities,305
dos positivos coronavirus,305
response covid 19,304
covid 19 protocols,304
goes 100 days,304
stop covid 19,303
covid 19 través,303
coronavirus executive actions,303
homeofpossibilities believeyourpossibilities buy,302
believeyourpossibilities buy song,302
rfid microchip mark,302
microchip mark beast,302
tests positive coronavirus,300
five million covid,299
educate talk us,298
talk us 0208,298
us 0208 090,298
mortos covid 19,298
new zealand goes,297
million confirmed cases,297
zealand goes 100,296
left us without,295
hello give seconds,294
give seconds help,294
seconds help family,294
help family overcome,294
family overcome covid,294
19 crisis quarantine,294
crisis quarantine left,294
quarantine left us,294
us without money,294
without money work,294
money work bills,294
work bills keep,294
bills keep coming,294
keep coming ask,294
coming ask help,294
ask help become,294
help become homeless,294
become homeless thank,294
homeless thank much,294
job one recommendation,294
one recommendation change,294
reconsigap relawankemdikbud siapadaptasi,292
virus covid 19,292
claims covid 19,292
100 days coronavirus,289
amit shah tests,289
shah tests negative,287
tested positive covid19,286
na po sa,286
calls trump coronavirus,284
covid 19 transmission,283
back school pm,283
us surpasses million,282
die covid 19,279
konting tulong po,279
tulong po sana,279
po sana kahit,279
sana kahit konting,279
kahit konting barya,279
konting barya po,279
barya po sobrang,279
po sobrang laking,279
sobrang laking tulong,279
laking tulong na,279
tulong na po,279
po sa magulang,279
sa magulang ko,279
kahit retweet lang,279
retweet lang po,279
lang po sobra,279
po sobra kong,279
sobra kong appreciated,279
kong appreciated gcash,279
appreciated gcash number,279
gcash number 09151198529,279
short containing virus,278
covid 19 aid,276
indiafightscorona stayhome staysafe,275
hello po konting,275
po konting tulong,275
magulang ko godbless,275
ko godbless po,275
godbless po stay,275
po stay safe,275
stay safe kahit,275
safe kahit retweet,275
realdonaldtrump scaramucci stevehiltonx,274
covid19 last days,273
covid19 bot covid19,272
bot covid19 last,272
last days stats,272
covid19india coronavirus indiafightscorona,272
coronavirus indiafightscorona stayhome,272
coronavirus aid bill,272
covid 19 tally,270
penyebaran covid 19,269
pelosi slams trump,269
president donald trump,268
councilman paul vallone,268
new cases coronavirus,268
august 09 2020,266
use covid 19,266
coronavirus executive orders,264
people tested positive,264
dio positivo coronavirus,263
number covid 19,263
india covid 19,262
muertos covid 19,262
false claims covid,261
nuevos casos positivos,260
multiple false claims,260
new cases confirmed,260
trump makes multiple,259
makes multiple false,259
100 días nuevos,259
us covid 19,258
coronavirus community spread,258
reportedly test positive,257
post covid 19,257
children reportedly test,256
dies covid 19,256
000 children reportedly,255
paul vallone credits,255
photo crowded hallway,255
schools gear instruction,254
nyc councilman paul,253
vallone credits hydroxychloroquine,253
relief signs executive,253
100 000 children,253
kasus covid 19,252
hits million coronavirus,251
viral crowded photo,250
mil mortos covid,249
covid 19 rapid,249
19 relief package,249
casos positivos coronavirus,248
contagio covid 19,247
covid 19 rules,246
tax spending powers,246
spending powers congress,246
covid 19 hit,246
karnataka health minister,246
hallways go viral,245
covid 19 covid19,245
packed hallways go,244
tests negative coronavirus,244
attempts wrest tax,243
wrest tax spending,243
100 000 morts,242
check trump makes,241
says covid 19,241
georgia school seen,241
school seen photo,241
covid 19 país,240
powers congress new,240
congress new executive,240
79 better via,240
seen photo crowded,239
better via gatewaypundit,239
nearly 100 000,238
fact check trump,237
days coronavirus community,236
dia dos pais,236
days without new,236
hidden meaning behind,234
community spread axios,234
días nuevos casos,234
covid 19 daily,234
covid 19 spread,233
nine people test,233
du covid 19,232
never go away,232
executive actions trump,232
states making 40,232
chinese communist party,231
19 rapid testing,231
abc news via,231
slams trump executive,230
five states making,230
key ending pandemic,229
hydroxychloroquine saved life,229
trump attempts wrest,229
meaning behind calculating,229
covid 19 impact,229
know covid 19,228
deliver copy officials,228
coronavirus new zealand,227
critics charge via,226
19 death toll,225
millones casos coronavirus,224
single day spike,224
new executive actions,224
wear face mask,224
covid 19 infection,223
trump signed coronavirus,223
covid 19 care,222
covid19 positive cases,222
farmers left behind,222
covid 19 dapat,221
covid 19 vía,221
children test positive,221
covid 19 plan,221
test covid 19,220
small farmers left,220
covid 19 symptoms,219
trump executive order,219
covid 19 please,219
learning covid 19,219
actions trump signed,219
johns hopkins university,218
congress coronavirus relief,216
confirmados covid 19,216
relief executive orders,216
844 nuevos casos,216
rapid testing deliver,215
testing deliver copy,215
usnoodlesa realdonaldtrump theleoterrell,214
high school reports,214
amid coronavirus restrictions,214
us coronavirus cases,212
news via abc,212
covid 19 updates,211
wake covid 19,211
19 recovery via,211
us hits million,211
100 days new,211
19 testing centers,211
apakah covid 19,210
brazil covid 19,210
tested covid 19,210
signed coronavirus relief,210
day covid 19,209
coronavirus via youtube,209
live updates latest,209
updates latest news,209
infected covid 19,209
cuomo helps set,209
florida texas georgia,209
menular lewat udara,208
coronavirus disease 2019,208
like covid 19,208
states account 40,207
helps set covid,207
testing centers florida,207
centers florida texas,207
000 coronavirus deaths,206
payroll tax holiday,206
killer cuomo helps,206
cases trend05 aug,206
cashless society know,205
disturbing killer cuomo,205
outbreak threatens america,205
latest news analysis,204
covid 19 kids,203
surpasses million confirmed,203
may never go,203
move elephant pandemic,203
covid 19 venezuela,202
coronavirus stimulus bill,202
breaking executive actions,202
100 000 muertes,201
total number cases,201
casos confirmados covid,201
making 40 tally,201
19 dapat menular,200
vaksin covid 19,200
cases outbreak threatens,200
personal wish list,200
covid 19 data,199
covid 19 dan,199
covid 19 vaccination,199
stf governadores prefeitos,199
health minister sriramulu,199
coronavirus update infections,199
sees thousands worship,199
pasien covid 19,198
go away without,198
catch covid 19,198
last two weeks,198
daily cases increase,198
spread axios see,198
thousands worship amid,198
worship amid coronavirus,198
update infections surpass,198
2020 08 09,197
job covid 19,197
portland sees thousands,197
coronavirus restrictions hours,197
reports covid 19,196
coronavirus relief actually,196
reported today utc,196
today utc time,196
19 may never,196
must read article,195
covid 19 hoax,195
like trump executive,195
relief actually much,195
away without vaccine,195
mask dispute leads,195
recovery via nypost,194
big support fight,194
past two weeks,194
domingo agosto 2020,193
spike 64 399,192
look like trump,192
cleanliness drive big,192
drive big support,192
wish list coronavirus,192
coronavirus mask dispute,192
washington man arrest,192
local covid 19,191
reported north paulding,191
restrictions hours riots,191
hours riots fire,191
fire police union,191
bypass congress coronavirus,190
hydroxychloroquine use covid,190
rashtriya swachhata kendra,190
support fight covid,190
riots fire police,190
coronavirus relief via,189
granting hydroxychloroquine use,189
swachhata kendra says,189
kendra says cleanliness,189
says cleanliness drive,189
coronavirus relief bill,188
people covid 19,188
executive order granting,188
order granting hydroxychloroquine,188
covid 19 prophylaxis,188
cancel compartment exam,188
marked 100 days,188
inaugurates rashtriya swachhata,188
list coronavirus stimulus,188
stimulus bill failure,188
record coronavirus cases,187
get well soon,187
covid 19 could,187
pelosi personal wish,187
dispute leads washington,187
leads washington man,187
infections surpass million,187
least 97 000,187
19 reported north,186
detainee 26 freed,186
coronavirus fatally stabbed,186
fatally stabbed man,186
man arrest assault,186
arrest assault veteran,186
assault veteran 72,186
covid 19 concerns,185
26 freed coronavirus,185
freed coronavirus fatally,185
week economic shutdown,185
sets record coronavirus,184
stabbed man 63,184
control coronavirus spread,184
economic shutdown control,184
19 pandemic via,183
man 63 authorities,183
ahead champions league,183
52 mil 298,183
dapat menular lewat,182
covid 19 treatment,182
requesting executive order,182
brote covid 19,182
open heart surgery,182
shutdown control coronavirus,182
blames pelosi personal,182
covid 19 vaccines,181
says hydroxychloroquine saved,181
case covid 19,181
modi inaugurates rashtriya,181
maryland detainee 26,181
calls week economic,181
four executive orders,180
days photos packed,180
coronavirus coronavirusupdate covid19,180
move online learning,180
could control pandemic,179
control pandemic october,179
63 authorities say,179
kashkari calls week,179
conflicting covid 19,179
tests covid 19,178
councilman says hydroxychloroquine,178
people requesting executive,178
gmt coronavirus coronavirusupdate,178
coronavirusupdate covid19 coronaviruspandemic,178
mccarthy blames pelosi,178
gop realdonaldtrump mike_pence,178
america could control,177
от covid 19,177
due coronavirus pandemic,177
fed kashkari calls,177
vast new powers,177
coronavirus updates us,177
packed hallways went,177
19 relief signs,175
000 children test,175
dos casos positivos,175
school photos packed,175
covid 19 hospital,174
tests negative covid19,174
given vast new,174
georgia school photos,174
briefly move online,174
symptoms might key,173
day spike 64,173
dying covid 19,173
covid 19 méxico,173
coronavirus relief package,173
pruebas covid 19,173
uk furloughed workers,173
ar stf governadores,173
governadores prefeitos determinam,173
prefeitos determinam medidas,173
somente profissionais da,173
thinks given vast,173
obasanjo tests negative,173
half britons would,172
covid 19 new,172
covid 19 past,172
thirds uk furloughed,172
pânico mandetta médico,172
mandetta médico só,172
new powers going,172
powers going use,172
october let get,171
might key ending,171
100 days since,171
two thirds uk,171
pandemic october let,170
cancel compartment exams,170
death toll rises,170
pm modi inaugurates,170
total confirmed cases,170
cumple 100 días,170
five states account,170
não há razão,170
like like like,170
tops million covid,170
coronavirus two weeks,169
penanganan covid 19,169
new york city,169
covid 19 mundo,169
nuevos casos covid19,169
tiver falta ar,169
31 hari tantangan,168
sign petition via,168
without community spread,168
furloughed workers continued,168
carnaval não há,168
falta ar stf,168
trump thinks given,168
unconstitutional slop pelosi,168
realdonaldtrump nytimes cnn,168
wants believe coronavirus,167
go viral paulding,167
pelas 100 mil,167
hit 100 000,167
continued job covid,167
há razão pânico,167
médico só tiver,167
só tiver falta,167
ohio governor conflicting,167
two weeks schools,166
yan chinese communist,166
communist party wants,166
party wants believe,166
believe coronavirus accident,166
workers continued job,166
one scientist despair,166
19 tests raise,166
tests raise backlash,166
coronavirus cases outbreak,166
first covid 19,165
160 000 americans,165
testing contact tracing,165
covid 19 still,165
deaths hit 100,165
stay positive lang,165
razão pânico mandetta,165
hallways went viral,165
19 deaths hit,164
signs relief order,164
governor conflicting covid,164
coronavirus pandemic via,163
covid 19 guidelines,163
covid 19 said,163
talks congress collapse,163
scientist despair brazil,163
trump signs relief,163
order talks congress,163
determinam medidas enfrentamento,163
21 53 011,162
sa covid 19,162
covid 19 disaster,162
relief order talks,162
positive coronavirus two,161
weeks schools gear,161
marca 100 mil,161
us reaches million,161
100 straight days,161
penularan covid 19,160
llega 100 días,160
despair brazil covid,160
total covid 19,159
school reports covid,159
surpasses 100 000,159
want covid 19,159
two weeks july,159
coronavirus trump signs,159
anchor trump supporter,159
trump supporter re,159
supporter re saying,159
israeli jeweler makes,159
treatment covid 19,158
covid 19 real,158
dio positivo covid,158
new covid19 positive,158
failed one scientist,158
33 nuevas muertes,158
two positive coronavirus,158
atlético madrid anuncia,158
covid 19 covid,157
covid 19 georgia,157
nueva zelanda cumple,157
vote covid 19,157
19 cases five,157
re saying unscientific,157
viral paulding high,156
trump payroll tax,156
2019 covid 19,156
free covid 19,156
lucha covid 19,156
one time measure,156
time covid 19,155
cbse icse isc,155
icse isc others,155
isc others cancel,155
others cancel compartment,155
compartment exams grace,155
exams grace pass,155
grace pass students,155
pass students one,155
students one time,155
time measure wake,155
measure wake covid,155
cases johns hopkins,155
mas culpa presidente,155
trump killed tens,155
effects covid 19,154
mark beast hidden,154
beast hidden meaning,154
proof rfid microchip,154
row covid 19,154
millones casos covid,154
days without domestic,154
slop pelosi slams,154
10th day row,153
cas covid 19,153
minister sriramulu tests,153
kids back school,152
refuse coronavirus vaccine,152
coronavirus testing program,152
day row covid,152
19 tally increased,152
tally increased 50,152
increased 50 000,152
50 000 job,152
000 job decreasing,152
contagiados covid 19,152
zelanda llega 100,152
usa northamerica cases,152
cases five states,152
amoryprotecciónalpueblo elregresodelnecio vamosdarioapasodevencedores,152
elregresodelnecio vamosdarioapasodevencedores 9agostocrímeneseeuucontrahumanidad,152
rep rodney davis,152
hari tantangan siapadaptasi,151
behind calculating 666,151
100 000 mortes,151
trump signs orders,151
since covid 19,151
job decreasing rozgardo,151
zelanda cumple 100,151
story new zealand,151
nueva zelanda llega,151
cnn anchor trump,151
97 000 kids,150
wanted pass along,150
covid 19 na,150
account 40 country,150
wallace presses pelosi,150
19 said thurs,150
travesty rep rodney,150
redundancies rise fivefold,149
go back school,149
covid 19 numbers,149
weekly covid 19,149
19 plan education,149
support post office,149
hits five million,149
past 24 hours,148
covid 19 india,148
met astonishment alarm,148
40 country nearly,148
country nearly million,148
nearly million covid,148
killed tens thousands,148
tens thousands americans,148
makes 5m gold,148
day world indigenous,147
indigenous peoples resilience,147
covid 19 would,147
without covid 19,147
confirmed cases covid,147
we failed one,147
responsável pelas 100,147
sriramulu tests positive,147
pelosi coronavirus stimulus,147
chris wallace presses,147
gold coronavirus mask,147
contre covid 19,146
covid 19 two,146
100 000 coronavirus,146
imposed lockdown coronavirus,146
lockdown coronavirus hit,146
coronavirus hit 2014,146
5m covid 19,146
de covid 19,146
administration covid 19,146
threatens america midwest,146
fanbespueblo gnbesvnzla amoryprotecciónalpueblo,146
vamosdarioapasodevencedores 9agostocrímeneseeuucontrahumanidad 09ago,146
presses pelosi coronavirus,146
covid 19 going,145
rise fivefold pandemic,145
fivefold pandemic hits,145
pandemic hits jobs,145
fiji new zealand,145
top story new,145
positive coronavirus last,145
madrid anuncia dos,145
international day world,144
covid 19 executive,144
city councilman says,144
could imposed lockdown,144
hit 2014 pm,144
crisis covid 19,144
covid 19 schools,144
coronavirus impact economy,144
britons would definitely,144
jeweler makes 5m,144
coronavirus accident not,143
coronavirus redundancies rise,143
surpasses five million,143
united states coronavirus,143
accident not warroomtownhall,142
not warroomtownhall warroompandemic,142
warroomtownhall warroompandemic ccpvirus,142
warroompandemic ccpvirus hydroxychloroquine,142
brasil supera 100,142
covid 19 ini,142
ng covid 19,142
georgia via gatewaypundit,142
us passes 5m,142
anuncia dos positivos,142
online learning reporting,142
learning reporting cases,142
reporting cases covid,142
09 08 20,141
news coronavirus moral,141
last weeks july,141
sir cbse icse,141
unworkable trump coronavirus,141
19 cases johns,141
crowded hallway briefly,141
hallway briefly move,141
casos positivos covid19,140
think covid 19,140
covid 19 safety,140
charge via yahoo,140
resisters cant rely,140
cant rely upon,140
rely upon trump,140
upon trump gop,140
republicans 01 20,140
01 20 21,140
20 21 pls,140
21 pls read,140
pls read chip,140
children left devastated,140
left devastated loss,140
devastated loss mum,140
nithyananda watchnow buildsuperconsciousness,140
watchnow buildsuperconsciousness covid19,140
texas georgia via,140
coronavirus stimulus did,140
stimulus did mess,140
update covid 19,139
despite covid 19,139
already dealt blow,139
tax holiday could,139
holiday could make,139
positive feedback loop,139
453 new covid,139
covid 19 pandemia,139
loss mum coronavirus,139
trump administration covid,139
passes 5m covid,139
social security finances,138
disease 2019 covid,138
fine jail people,138
president trump four,138
four coronavirus relief,138
gdp 45 overall,138
45 overall exports,138
overall exports country,138
exports country coronavirus,138
country coronavirus affected,138
coronavirus affected badly,138
affected badly govt,138
towards cashless society,138
viral photos showed,138
coronavirus cases europe,138
coronavirus testing insanity,138
ny city councilman,137
coronavirus already dealt,137
covid 19 plasma,137
covid 19 recovered,137
jail people refuse,137
trump four coronavirus,137
causa covid 19,137
petition via change,137
msmes contribute 29,137
contribute 29 india,137
29 india gdp,137
india gdp 45,137
badly govt rozgardo,137
drauzio gripezinha doria,137
legally dubious executive,137
us surpasses five,136
dealt blow social,136
blow social security,136
finances trump payroll,136
could make worse,136
long term effects,136
take covid 19,136
authority fine jail,136
people refuse coronavirus,136
getting covid 19,136
left behind trump,136
gripezinha doria carnaval,136
doria carnaval não,136
profissionais da saude,136
madrid confirm two,136
cases 861 deaths,135
security finances trump,135
new post coronavirus,135
