gram,counts
covid 19,132164
new zealand,10144
100 days,7862
days without,6643
coronavirus cases,6064
19 cases,5854
community transmission,5769
without community,5604
gone 100,5555
zealand gone,5430
transmission covid,5355
coronavirus covid19,4198
covid19 coronavirus,3962
19 pandemic,3872
coronavirus pandemic,3845
coronavirus relief,3604
new cases,3468
100 000,3298
casos covid,2847
positive covid,2820
tested positive,2646
positive coronavirus,2536
nuevos casos,2530
executive actions,2453
test positive,2432
100 mil,2288
executive orders,2162
casos coronavirus,1988
united states,1927
new covid,1874
covid19 cases,1827
via youtube,1813
19 vaccine,1787
19 deaths,1752
social security,1719
due covid,1687
covid19 pandemic,1650
social distancing,1629
cases covid,1627
bill gates,1623
new coronavirus,1600
coronavirus vaccine,1570
new york,1561
wear mask,1554
coronavirus covid,1474
coronavirus deaths,1455
death toll,1443
due covid19,1409
trump executive,1353
president trump,1352
casos positivos,1322
public health,1318
confirmed cases,1307
donald trump,1300
white house,1272
mil mortes,1267
trump coronavirus,1262
ntapostponejee_neet ntapostponejee_neet,1256
trump signs,1237
high school,1236
executive order,1178
million coronavirus,1165
georgia school,1159
24 horas,1136
000 deaths,1135
back school,1130
news coronavirus,1125
nueva zelanda,1111
cases coronavirus,1083
million cases,1063
august 2020,1041
year old,1038
19 relief,1038
bbc news,1030
gon na,1030
active cases,1016
stay positive,1011
new post,1010
million covid,1006
casos confirmados,993
19 test,993
19 crisis,993
due coronavirus,990
two weeks,979
tests positive,976
19 patients,968
live updates,958
09 08,955
da covid,945
19 via,943
000 children,923
india mitega,910
amid coronavirus,909
24 hours,906
últimas 24,903
19 testing,903
mortes covid,903
19 tests,895
amid covid,893
signs executive,885
atlético madrid,874
many people,872
amit shah,861
million confirmed,851
wearing mask,846
stay safe,841
coronavirus live,840
19 di,839
positivo covid,834
end american,831
positivos covid,830
positive cases,827
coronavirus update,821
19 signals,820
signals end,814
spread coronavirus,809
long term,807
97 000,805
100 días,805
payroll tax,803
sars cov,801
new deaths,800
mitega india,798
08 2020,797
tests negative,795
looks like,777
positivos coronavirus,775
college football,767
five million,766
agosto 2020,759
go away,754
security medicare,750
positivo coronavirus,749
gt gt,737
rolling stone,735
mil mortos,729
confirmed coronavirus,728
total cases,725
tops million,719
people died,715
american rolling,715
casos covid19,715
wearing masks,714
19 death,714
marks 100,714
coronavirus via,713
death rate,712
spread covid,709
160 000,708
went viral,705
novel coronavirus,703
face masks,703
stay home,703
people test,697
corona virus,692
america midwest,686
coronavirus testing,684
coronavirus stimulus,682
died covid,681
pandemia coronavirus,681
coronavirus response,681
cases covid19,680
please help,677
dio positivo,674
cases top,673
coronavirus outbreak,672
covid19 covid,672
zealand marks,671
coronavirus crisis,670
millones casos,669
coronavirus georgia,669
every day,668
face mask,661
via gatewaypundit,660
new covid19,660
champions league,658
contact tracing,657
wear masks,642
000 000,640
go back,640
actions coronavirus,640
fight covid,635
cases reported,632
via yahoo,631
nursing homes,630
relief executive,628
cases deaths,627
pandemia covid19,625
moral duty,625
pandemia covid,623
positive covid19,622
american people,622
spread covid19,621
coronavirus argentina,620
vacuna covid,616
10 000,611
york times,611
coronavirus tests,607
casos nuevos,605
atletico madrid,605
coronavirus aid,604
community spread,603
são paulo,599
help us,598
johns hopkins,598
fake news,593
absurdly unconstitutional,592
health minister,590
19 brasil,590
governadores prefeitos,589
dr fauci,586
19 surge,585
pandemi covid,583
us coronavirus,582
coronavirus executive,577
packed hallways,577
contagios covid,576
vacuna coronavirus,575
contagios coronavirus,574
look like,569
covid19 deaths,567
mental health,567
coronavirus death,565
negative covid,562
last week,560
19 positive,554
home minister,554
total number,553
around world,552
lost job,548
protokol kesehatan,548
19 coronavirus,548
abc news,543
using covid,542
midwest braces,542
top million,541
well done,541
casos activos,540
19 lockdown,539
000 dead,538
unstoppable america,537
indigenous peoples,535
last 24,535
muertes covid,533
19 recovery,533
boris johnson,533
herd immunity,529
coronavirus infections,520
million people,520
coronavirus updates,519
braces covid,519
latest news,518
covid cases,515
deadliest day,514
64 399,514
must read,514
000 people,513
hits million,512
top story,512
corona covid19,509
good news,506
aged care,505
000 americans,505
say covid,504
dos positivos,501
coronavirus trump,499
washington post,498
coronavirus lockdown,496
paulding high,496
pelosi calls,496
19 virus,495
19 outbreak,495
get covid,493
crowded hallway,493
covid19 covid_19,491
relief package,488
hair loss,486
covid covid19,485
orders coronavirus,482
children back,482
health care,482
trump administration,482
calls trump,482
make sure,481
please retweet,481
get back,480
nuevos contagios,480
19 response,478
muertes coronavirus,473
single day,472
coronavirus new,471
000 coronavirus,470
second wave,470
freddy bernal,470
brazil passes,465
pueblos indígenas,462
prime minister,461
lost days,460
meaning behind,459
ministerio salud,459
stop spread,458
coronavirus mask,457
first time,455
passes 100,454
days summer,452
actions absurdly,451
control coronavirus,450
fox news,450
50 000,450
us surpasses,448
wan na,447
gut social,445
people coronavirus,444
covid19 vaccine,443
covid19 positive,443
summer trump,442
pls help,442
last days,441
social media,441
covid coronavirus,440
five states,440
covid19 test,438
unemployment benefits,438
photos packed,438
covid19 sarscov2,437
trump signed,436
positif covid,435
get coronavirus,434
unconstitutional slop,432
19 cover,432
whole life,431
died covid19,430
pandemic via,429
common cold,429
coronavirus brazil,429
south africa,428
via nytimes,426
trump using,425
number cases,424
dos casos,424
compartment exam,423
covid19 lockdown,423
us tops,423
surpasses million,422
pm modi,421
2020 08,420
alejandro fantino,419
19 case,419
cases confirmed,418
deaths reported,416
duty get,416
cover gut,416
covid19 lost,416
sundayvibes covid19,416
get children,415
fallecidos covid,415
shows sign,415
negative coronavirus,414
new death,412
coronavirus disease,412
joe biden,411
cancel compartment,411
19 revealed,411
19 update,410
health officials,410
nyc councilman,408
job pls,408
deaths covid,407
com covid,407
pandemic covid19,407
lang po,407
help secure,407
died coronavirus,406
tested negative,406
secure job,405
coronavirus restrictions,404
total deaths,404
months ago,404
job one,404
change whole,402
coronavirus corona,400
recommendation change,400
revealed america,399
one day,398
immune system,397
open schools,396
fragile inconsiderate,396
save lives,395
hydroxychloroquine covid,393
covid19 amp,393
162 000,393
19 may,393
america fragile,393
19 infections,391
europeans say,391
nine people,390
people die,389
du coronavirus,389
du masque,388
children tested,387
let get,386
impact covid,386
thank much,385
pela covid,382
democrats want,382
19 reported,381
000 covid,380
coronavirus spread,379
trump attempts,378
covid_19 covid19,378
people dying,378
andhra pradesh,377
nuevo coronavirus,377
nancy pelosi,377
outbreak shows,377
medicare critics,376
wash hands,375
kebiasaan baru,374
sign easing,372
critics charge,371
georgia high,371
relief therapeutics,370
19 treatments,370
credits hydroxychloroquine,370
per day,369
whitehouse realdonaldtrump,368
covid19 corona,368
adaptasi kebiasaan,367
coronavirus moral,367
52 mil,367
domingo agosto,366
test results,366
stayhome staysafe,365
breaking news,365
wear face,365
cashless society,364
mais 100,364
19 related,364
of the,364
trump covid,363
deaths covid19,363
set covid,363
sir due,363
take care,362
deaths outbreak,362
covid19 covidー19,361
shows promise,361
in the,361
nuevas muertes,360
social distance,360
via nypost,360
mil casos,360
nuovi casi,360
relief bill,359
null void,359
post office,358
treating coronavirus,357
port du,356
fact check,355
coronavirus india,355
est pas,355
school went,354
minister amit,354
trump gop,353
covid19india coronavirus,352
confirmed covid,352
19 situation,350
หน ากากอนาม,349
gop realdonaldtrump,349
covid19 patients,349
south dakota,349
fell short,348
therapeutics rlftf,347
coronavirus covid_19,347
north paulding,347
used hcq,347
rlftf shows,346
promise covid,346
000 muertes,345
get covid19,345
viral crowded,345
ee uu,345
recovery rate,344
pacientes covid,342
better us,342
09 2020,341
covid_19 coronavirus,341
positivity rate,341
positive po,341
die covid,340
global pandemic,340
developing nations,340
drrpnishank dg_nta,339
loved ones,337
fared better,337
get tested,336
us hits,336
mortality rate,335
daily thanks,335
response covid,335
79 better,335
stop covid,334
post covid,334
algeria india,334
mortos covid,333
population coronavirus,333
capitol hill,333
trevor lawrence,333
nations algeria,333
india indonesia,333
indonesia cuba,333
trump fell,332
daily cases,332
mark beast,332
even developing,332
hcq fared,332
reported today,331
reconsigap relawankemdikbud,330
fight covid19,330
photo crowded,330
like trump,329
testing positive,329
contagios covid19,328
ohio governor,328
coronaviruspandemic covid19india,327
even though,327
short containing,326
people tested,326
covid19 bot,325
read article,325
covid19 last,324
da pandemia,324
fauci even,324
19 amp,323
would like,323
americans died,322
days coronavirus,322
response coronavirus,321
na po,321
sarscov2 forecast,320
coronavirus average,320
co uk,319
hong kong,318
school reports,318
virus covid,317
19 facility,316
300 000,316
young people,316
19 em,316
us treating,316
average 79,316
killer fauci,315
agustus 2020,314
help family,314
keep coming,314
cuba used,314
overcome covid,313
high risk,312
death population,312
ask help,311
rest world,311
namo app,311
talk us,309
people like,309
get rid,309
19 restrictions,308
coronavirus case,308
left us,308
need know,307
rfid microchip,307
coronavirus patients,307
thousands americans,307
back work,306
entertain empower,305
empower educate,305
educate talk,305
0208 090,305
090 2121,305
2121 hello,305
hello fantasticradio,305
fantasticradio co,305
uk homeofpossibilities,305
homeofpossibilities believeyourpossibilities,305
cases amp,305
people need,305
19 protocols,305
fauci says,305
goes 100,304
19 través,303
weeks july,303
shah tests,303
believeyourpossibilities buy,302
buy song,302
via nbcnews,302
microchip mark,302
hidden meaning,302
become homeless,301
across country,301
cases new,301
news via,301
money work,301
relawankemdikbud siapadaptasi,300
nursing home,300
crisis coronavirus,300
us without,300
in person,299
po sa,299
us 0208,298
common sense,297
coronavirus infection,297
zealand goes,297
coronavirus community,297
help become,297
without money,297
saved life,296
spread virus,296
country coronavirus,296
india covid,295
cases us,295
da saúde,295
seconds help,295
work bills,295
bills keep,295
coming ask,295
claims covid,294
talks congress,294
14 days,294
hello give,294
give seconds,294
family overcome,294
crisis quarantine,294
quarantine left,294
homeless thank,294
one recommendation,294
coronavirus indiafightscorona,293
new infections,293
muertos covid,292
school seen,292
china virus,291
não tem,291
deaths coronavirus,291
coronavirus news,291
po sana,291
economic relief,289
covid19 crisis,289
new executive,289
please take,289
since june,289
number covid,288
health ministry,288
coronavirus test,288
aug 2020,287
new normal,287
vaccine may,287
qu il,287
containing virus,286
covid19 death,286
many times,286
us covid,285
deaths per,285
tens thousands,285
august 09,284
florida texas,284
19 transmission,283
health department,283
school pm,283
false claims,283
000 morts,283
climate change,283
po stay,283
muertos coronavirus,281
penyebaran covid,281
tulong na,281
slams trump,281
última hora,280
great job,280
hello po,280
scaramucci stevehiltonx,280
08 09,279
people get,279
get sick,279
trump said,279
konting tulong,279
tulong po,279
sana kahit,279
kahit konting,279
konting barya,279
barya po,279
po sobrang,279
sobrang laking,279
laking tulong,279
sa magulang,279
magulang ko,279
kahit retweet,279
retweet lang,279
po sobra,279
sobra kong,279
kong appreciated,279
appreciated gcash,279
gcash number,279
number 09151198529,279
aid bill,278
trump makes,278
years ago,278
negative covid19,278
slow spread,278
like like,278
day spike,277
paul vallone,277
via mailonline,277
let us,276
trump orders,276
use covid,276
19 aid,276
indiafightscorona stayhome,275
sign petition,275
half britons,275
day day,275
po konting,275
ko godbless,275
godbless po,275
safe kahit,275
president donald,274
coronavirus australia,274
realdonaldtrump scaramucci,274
bot covid19,273
america could,273
days stats,272
pelosi slams,272
19 tally,270
bringing total,270
positivos covid19,269
live news,269
councilman paul,268
covid19 virus,268
rapid testing,268
000 muertos,268
dies covid,267
healthcare workers,267
du covid,267
opening schools,267
21 53,266
via yahoonews,266
via googlenews,266
coronavirus coronavirus,265
il coronavirus,265
tell us,264
cases india,263
re elected,263
back normal,263
new confirmed,263
coronavirus vía,262
reopening schools,262
post coronavirus,262
karnataka health,262
000 cases,261
go viral,261
dos pais,261
schools gear,260
makes multiple,260
multiple false,260
congress new,260
19 covid19,260
left behind,260
du covid19,260
online learning,260
got ta,259
covid19 coronaviruspandemic,259
000 casos,259
nouveaux cas,259
dia dos,259
días nuevos,259
may never,259
contagio covid,258
fight coronavirus,258
must nice,258
manoj tiwari,258
reportedly test,257
relief signs,257
never go,257
us passes,257
children reportedly,256
vallone credits,256
ho ki,256
seems like,255
pmoindia narendramodi,255
god bless,255
crowded photo,255
kasus covid,255
one thing,255
department health,255
gear instruction,254
check trump,254
sunday august,253
coronavirus could,253
know covid,253
tax spending,253
corona coronavirus,253
covid deaths,253
us covid19,253
stimulus bill,253
two positive,253
08 08,252
communist party,252
coronavirus través,252
says covid,252
without new,252
coronavirus país,251
trump amp,251
many americans,251
feel like,250
spending powers,250
powers congress,250
without vaccine,250
puede ser,250
ntapostponejee_neet drrpnishank,250
millones contagios,250
via usatoday,250
cases increase,250
market news,250
nearly 100,250
stf governadores,250
mil muertes,249
control pandemic,249
federal government,249
narendramodi pmoindia,249
19 rapid,249
days new,249
hallways go,248
positivo covid19,248
sounds like,248
wish list,248
salud pública,248
mil muertos,247
cases today,247
cada día,247
19 hit,247
per capita,247
coronavirus coronavirusupdate,247
anyone else,247
pcr test,247
better via,247
football season,246
19 rules,246
wrest tax,245
não há,245
personal salud,244
presos políticos,244
covid19 response,243
chinese communist,243
caso positivo,243
hopkins university,243
attempts wrest,243
coronavirus impact,242
people wear,242
cases per,242
virus covid19,242
19 daily,242
seen photo,242
read coronavirus,241
19 spread,241
da covid19,241
come back,240
19 país,240
tested covid,240
fallecidos coronavirus,240
health amp,239
coronavirus hit,239
next week,239
india coronavirus,239
states making,239
lewat udara,238
hydroxychloroquine saved,238
test covid,238
deliver copy,238
death count,238
congress coronavirus,237
believe coronavirus,237
one time,237
infected covid,237
actions trump,237
cases rise,236
key ending,236
experts say,236
nicolás maduro,236
long time,235
good job,235
the coronavirus,235
covid19 testing,235
highest world,235
bypass congress,234
week economic,234
physical distancing,234
like covid,234
spread axios,234
small farmers,234
related deaths,233
die covid19,233
cada vez,233
new daily,233
844 nuevos,233
surpass million,232
000 new,232
coronavirus world,232
making 40,232
52 298,232
day covid,231
dying covid,231
19 impact,231
total confirmed,231
ending pandemic,230
going away,230
days since,230
hua hai,230
testing centers,230
behind calculating,229
copy officials,229
last year,228
20 million,228
charge via,228
pelas 100,228
5m covid,228
propagar coronavirus,227
signed coronavirus,227
chuck todd,227
world news,226
last weeks,226
every time,226
catch covid,226
hotel quarantine,226
19 infection,226
people still,226
last two,226
09 agosto,226
infected coronavirus,225
hari ini,225
covid19 sundayvibes,225
face coverings,225
going back,225
19 care,224
relief via,224
lockdown coronavirus,224
right thing,224
via abc,224
account 40,224
killer cuomo,224
dapat menular,223
menular lewat,223
200 000,223
join us,223
โคว ด19,223
coronavirus related,223
children test,223
confirmados covid,223
di indonesia,223
farmers left,223
19 dapat,222
steal election,222
19 millones,222
19 plan,222
learning covid,222
19 vía,221
08 20,221
disease 2019,221
caso coronavirus,221
cameron smith,221
trump supporter,221
10 casos,221
per week,220
recovery via,220
interesting article,220
click link,220
small businesses,220
riesgo contagio,220
states account,220
19 symptoms,219
453 new,219
tax holiday,219
het coronavirus,219
pandemic response,219
pacientes recuperados,219
fed kashkari,219
19 please,219
buruji kashamu,218
contain virus,218
people covid,218
covid19 covidiots,218
could make,218
mask wearing,218
post covid19,218
three months,218
spreading coronavirus,218
every year,217
students staff,217
hit million,217
infections surpass,217
record coronavirus,216
usnoodlesa realdonaldtrump,216
नए मल,216
jacinda ardern,216
