gram,counts
covid 19,211355
coronavirus pandemic,10331
19 pandemic,8821
coronavirus covid19,8742
covid19 coronavirus,7745
task force,7550
death toll,7411
new york,5628
19 cases,5276
coronavirus cases,5179
coronavirus task,4958
white house,4633
social distancing,4578
new cases,4526
coronavirus lockdown,4446
via youtube,4424
rel nofollow,4229
href rel,4229
true href,4156
coronavirus death,4154
covid19 pandemic,4037
19 crisis,3928
coronavirus crisis,3756
coronavirus covid,3539
nofollow twitter,3517
new coronavirus,3463
coronavirus deaths,3434
coronavirus outbreak,3154
news coronavirus,3060
amid coronavirus,2955
bbc news,2953
19 patients,2820
19 deaths,2769
due coronavirus,2764
due covid,2755
stay home,2729
coronavirus vaccine,2721
donald trump,2685
may 2020,2622
twitter web,2515
dr fauci,2440
tested positive,2439
contact tracing,2435
coronavirus response,2293
united states,2236
covidー19 coronavirus,2184
web app,2179
casos covid,2164
nuevos casos,2128
due covid19,2117
coronavirus via,2090
19 via,2076
new covid,2065
mental health,2037
19 relief,2029
novel coronavirus,2019
positive covid,2017
wuhan lab,2016
public health,2013
nursing homes,2003
pandemia coronavirus,1987
casos coronavirus,1974
gon na,1972
covid19 cases,1923
covid19 crisis,1915
help us,1907
covid19 covidー19,1906
trump administration,1893
19 response,1883
70 000,1870
19 death,1859
05 05,1841
confirmed cases,1814
amid covid,1809
casos confirmados,1802
covidー19 covid19,1798
covid19 lockdown,1796
whistleblower complaint,1785
24 horas,1771
join us,1765
live updates,1753
around world,1752
crisis coronavirus,1750
gt gt,1748
19 lockdown,1722
abs cbn,1713
du coronavirus,1713
24 hours,1705
death rate,1704
fake news,1677
positive coronavirus,1675
19 outbreak,1664
sars cov,1635
stay safe,1631
test positive,1624
corona virus,1622
uk coronavirus,1612
fight covid,1601
health care,1592
cashless society,1580
many people,1561
back work,1537
05 2020,1535
coronavirus live,1533
coronavirus covidー19,1530
us coronavirus,1526
tracing app,1519
spread coronavirus,1484
president trump,1474
19 vaccine,1466
19 di,1460
highest europe,1445
looks like,1440
100 000,1429
fight covid19,1422
pandemia covid,1421
000 deaths,1420
face masks,1404
19 testing,1397
every day,1396
fight coronavirus,1389
chinese lab,1382
year old,1360
contagious original,1357
via gatewaypundit,1356
new deaths,1347
mutant coronavirus,1345
york times,1345
bill gates,1345
du covid,1333
impact covid,1315
cases deaths,1314
appears contagious,1308
strain coronavirus,1307
coronavirus tests,1304
da covid,1303
casos positivos,1302
go back,1294
pandemia covid19,1283
covid19 deaths,1275
new zealand,1264
coronavirus update,1261
coronavirus uk,1257
people died,1246
relief fund,1236
nursing home,1235
cases covid,1230
19 coronavirus,1208
good news,1206
coronavirus patients,1198
19 case,1196
du covid19,1194
trump coronavirus,1190
long term,1189
positive cases,1188
response covid,1182
32 000,1172
scientists say,1168
china coronavirus,1160
trump says,1150
000 people,1145
new normal,1129
people die,1128
spread covid19,1120
today givingtuesdaynow,1119
15 children,1115
30 000,1099
social media,1094
toll rises,1092
post covid,1083
last week,1081
spread covid,1079
files whistleblower,1079
19 virus,1078
250 000,1065
coronavirus warnings,1051
cases coronavirus,1051
últimas 24,1048
10 000,1047
il coronavirus,1037
wear mask,1036
total number,1034
make sure,1030
face mask,1028
per day,1026
murder suicide,1022
prime minister,1015
covid19 patients,1014
anthony fauci,1008
hong kong,1007
coronavirus news,999
boris johnson,999
fox news,995
dominant strain,989
total cases,978
save lives,977
south korea,974
pandemi covid,974
last year,972
apple google,972
response coronavirus,969
questions coronavirus,966
19 update,966
cases covid19,963
study says,954
corona covid19,953
coronavirus emerged,951
post covid19,950
children hospitalized,945
coronavirus appears,942
coronavirus restrictions,942
coronavirus relief,941
president questions,939
mayo 2020,931
qu il,928
house coronavirus,921
response covid19,920
covid19 corona,918
new post,918
second wave,910
would like,905
get back,905
coronavirus vía,901
coronavirus covid_19,895
please help,894
now dominant,892
evidence coronavirus,890
russian doctors,884
coronavirus made,884
herd immunity,877
people dying,872
reino unido,868
single day,865
loved ones,860
coronavirus testing,859
corona coronavirus,858
healthcare workers,853
york city,850
tests positive,847
neil ferguson,846
est pas,846
look like,842
stayhome staysafe,842
lockdown covid19,841
via nytimes,841
weeks ago,841
die coronavirus,837
care homes,836
say now,836
died covid,833
toll europe,832
post coronavirus,831
laboratory head,825
suspends laboratory,824
small businesses,823
global pandemic,821
covid19 stayhome,819
active cases,819
coronavirus infection,818
coronavirus antibody,816
front line,815
top story,813
crise du,811
first time,810
uk highest,809
died coronavirus,805
tanzania suspends,801
highest coronavirus,799
covid19 amp,799
twitter android,798
head president,796
via breitbartnews,795
need help,793
19 test,793
wash hands,790
last 24,787
one day,785
chris christie,779
well done,776
rick bright,773
crisis covid,771
let us,771
muertes coronavirus,768
19 patient,768
ousted vaccine,766
global day,766
cinco mayo,760
vaccine director,760
positive covid19,760
at home,759
coronavirus france,758
impact covid19,758
ee uu,757
19 em,757
scientific evidence,756
need know,753
world leaders,750
three russian,746
says coronavirus,745
casos covid19,743
american people,742
highest number,740
19 vía,739
time coronavirus,738
coronavirus new,735
uk government,733
crisis covid19,733
two weeks,731
human trials,730
coronavirus trump,729
covid19 response,728
health workers,728
treating coronavirus,728
million people,727
new covid19,725
covid19 covid_19,722
coronavirus us,721
000 highest,720
virus covid,720
lopezobrador_ alfredodelmazo,719
murder hornets,718
000 americans,718
director files,718
covid19 death,715
washington post,714
cases reported,712
coronavirus updates,711
warnings ignored,708
โคว ด19,705
sign petition,705
coronavirus argentina,703
wearing mask,703
deaths coronavirus,702
coronavirus case,701
coronavirus spread,701
coronavirus may,701
complaint alleging,701
of the,700
coronavirus test,699
care home,698
coronavirus disease,698
200 000,695
small business,694
wan na,686
coronavirus related,685
world news,683
significant findings,683
number deaths,682
covid_19 coronavirus,681
covid19 covid,680
tens thousands,678
federal government,678
covid19 vaccine,674
19 tests,668
towards cashless,667
uk covid,667
coronavirus corona,666
daily thanks,662
get coronavirus,658
alleging coronavirus,656
the coronavirus,654
france first,651
number cases,651
made chinese,650
pacientes covid,648
19 related,646
day giving,644
coronavirus could,644
pruebas covid,641
abc news,639
number coronavirus,639
impact coronavirus,639
19 impact,638
stay at,637
covid coronavirus,635
tiempos coronavirus,634
care workers,633
rises 32,632
please consider,630
covid covid19,629
19 positive,627
mei 2020,626
aujourd hui,625
muertes covid,623
health ministry,623
take care,622
test kits,621
medical supplies,620
first known,619
next coronavirus,619
breaking news,619
mysterious illness,618
namo app,616
people need,612
doctors treating,612
19 amp,612
new study,610
climate change,608
mortality rate,608
tied covid,608
in the,607
600 mortes,606
hand hygiene,603
liquor shops,602
antibody tests,601
pandemic covid19,600
across country,600
re election,598
new jersey,595
il faut,594
contagios coronavirus,594
illness possibly,593
il est,592
muertos coronavirus,592
fighting covid,591
one thing,590
positif covid,590
take look,590
economic recovery,589
health crisis,589
number covid,587
fallen windows,586
hospitalized mysterious,585
lockdown coronavirus,584
com covid,584
essential workers,581
coronavirus stimulus,581
front lines,580
possibly tied,577
significant breakthrough,577
south africa,576
even contagious,576
tell us,575
deaths covid,573
covid19 positive,573
test covid,572
2020 05,571
even though,571
years ago,570
cure coronavirus,570
two months,566
must read,564
total deaths,564
puede ser,562
frontline workers,562
deaths per,561
highest death,561
covid19 outbreak,559
via mailonline,558
society know,558
us covid,557
stop spread,556
daily coronavirus,556
covid19 virus,554
coronavirus coronavirus,553
died covid19,552
coronavirus first,550
nhs staff,550
cause death,548
petition via,547
known case,547
johns hopkins,545
angeles times,544
deaths covid19,543
coronavirus il,542
was december,542
via nbcnews,541
000 dead,541
give us,541
re opening,536
economic impact,536
wear masks,536
supply chain,536
per il,536
jesus spoke,534
working home,534
da saúde,534
19 antibody,532
heading towards,532
people coronavirus,530
people like,530
related covid,529
new strain,529
wwg1wga wakeupamerica,528
11 mai,528
american lives,527
pandemic via,527
sa covid19,527
despite coronavirus,527
qanon wearethenewsnow,527
study finds,526
die covid,526
factsmatter wwg1wga,526
caso covid,525
got ta,525
virus covid19,525
deaths reported,525
wearethenewsnow factsmatter,524
wakeupamerica unitednotdivided,524
families covid,523
mass testing,522
case was,522
19 situation,521
looking forward,520
stayhome covid19,520
givingtuesdaynow global,520
unitednotdivided saveamerica,520
god bless,518
nuevo coronavirus,518
saveamerica greatawakening,517
funded wuhan,516
em casa,516
per million,515
feel like,513
sounds like,513
go away,513
next week,512
social distance,512
mission accomplished,512
case december,511
coronavirus coverage,511
department health,510
re open,510
health officials,509
infection rate,508
via huffpostpol,507
cases rise,507
coronavirus recently,507
know jesus,506
reopening economy,504
people get,504
covid19 testing,503
test coronavirus,503
please read,503
coronavirus españa,502
memorial day,502
via yahoonews,501
au coronavirus,501
19 infection,501
cases confirmed,501
seems like,501
kushner coronavirus,500
slow spread,499
middle east,498
lockdown measures,497
three times,497
casos nuevos,497
amid covid19,496
coronavirus amp,496
fauci scientific,496
global coronavirus,495
pence says,495
work home,494
contagios covid,494
50 000,493
read article,492
penyebaran covid,492
bible spoke,492
lockdown rules,492
prevent spread,492
coronavirus aid,491
long time,491
continue coronavirus,491
great job,491
wearing masks,489
19 restrictions,489
positivos covid,489
us law,488
vice president,488
winding coronavirus,486
get covid,485
coronavirus projects,484
coronavirus china,484
linked coronavirus,483
coronavirus mutated,483
back normal,483
dr anthony,482
health department,482
daily updates,481
five eyes,481
wind coronavirus,481
contre coronavirus,480
broke us,480
coronavirus virus,480
supreme court,480
young people,479
staying home,478
sa covid,478
enfermos covid,477
social security,477
president donald,476
good job,475
law funded,475
banned us,474
lab continue,474
affected covid,473
per capita,473
likely broke,473
19 treatment,472
projects banned,471
fauci likely,471
novo coronavírus,471
blue states,470
via nypost,470
death rates,470
virgin atlantic,470
time covid,469
come back,468
recently fallen,467
coronavirus model,466
get sick,466
confirmed covid,465
amp hopi,463
makes sense,462
25 000,462
hopi families,462
know bible,462
handling coronavirus,461
uk death,461
health minister,460
000 new,460
click link,460
us 2014,459
tuesday may,458
people tested,458
mortes covid,458
trump amp,458
कड उन,457
tracing apps,455
vacuna coronavirus,455
ministerio salud,455
navajo amp,455
coronavirus infections,454
da pandemia,454
cover up,453
via franceinfo,452
vía libertaddigital,452
immune system,452
fighting coronavirus,451
wall street,451
first coronavirus,451
abhijit banerjee,450
us uk,450
giving tuesday,450
latest news,450
coronavirus victims,450
el coronavirus,449
deaths europe,448
man made,448
apparent murder,447
coronavirus researcher,447
epoch times,445
states reopen,445
000 muertos,444
trump covid,443
get covid19,442
pacientes covid19,442
última hora,442
time covid19,441
coronavirus contact,441
coronavirus india,440
cases new,439
healthcare system,438
martes mayo,438
health amp,436
contingencia covid,436
via googlenews,436
inexperienced volunteers,435
fauci dismisses,435
05 20,435
bringing total,435
cases total,434
coronavirus quarantine,433
brasil tem,432
19 contact,432
news via,432
french hospital,430
watch live,430
19 covid19,430
anyone else,429
get tested,429
native americans,428
000 covid,428
help support,428
mai 2020,427
het coronavirus,427
original study,426
disbanding coronavirus,426
coronavirus world,426
people still,425
town hall,425
contre covid,425
stock market,425
face au,422
human rights,422
coronavirus effort,422
us covid19,421
news covid,421
realdonaldtrump trump,420
latest updates,419
covid_19 covid19,418
penanganan covid,418
nancy pelosi,416
कर रह,416
lutte contre,416
real estate,415
leaders pledge,415
60 000,414
covid19 via,414
coronavirus research,414
des masques,413
response fund,412
people covid19,412
wear face,412
native american,412
est une,412
updated dr,412
terdampak covid,412
เราไม งก,412
exclusive coronavirus,411
high risk,411
cases amp,411
like coronavirus,411
19 may,411
like covid,411
et des,410
app see,410
common sense,410
may 05,410
times app,409
clinical trials,409
infected coronavirus,408
please share,408
cases india,408
people going,407
deep state,407
good morning,407
reports mutant,407
emerged even,407
last month,407
19 could,406
19 news,406
coronavirus stayhome,405
148 new,405
coronavirus latest,405
press conference,404
não tem,404
fallecidos coronavirus,404
19 world,404
return work,404
term care,404
coverage daily,404
world health,403
state government,403
study reports,403
scientist says,402
doctors nurses,402
see exclusive,402
related deaths,401
antibody test,401
je suis,400
via usatoday,400
europe highest,400
19 mexiquensesenriesgo,400
jared kushner,400
20 000,400
cada vez,400
rest world,399
deaths today,399
em 24,399
want know,399
coronavirus mexiquensesenriesgo,398
000 coronavirus,398
trump said,397
go outside,397
salon owner,396
19 emergency,396
may 5th,396
via nyt,396
hacer frente,393
coronavirus hit,393
every single,392
help people,392
coronavirus scientists,392
family members,391
like covid19,391
help fight,390
thank god,390
know coronavirus,390
share thoughts,389
home order,388
israel anuncia,387
supply chains,387
mourning america,386
qu ils,386
people covid,386
dave greenfield,386
lopezobrador alfredodelmazo,385
covid19 related,385
world coronavirus,384
fighting covid19,383
latest covid,383
effort said,383
researcher killed,383
19 new,381
au covid,381
personal médico,381
contagio coronavirus,381
please take,381
saving lives,381
ils ont,381
atender pacientes,380
number people,380
says mutant,380
mexiquensesenriesgo gobierno,380
whole world,380
premier league,379
months ago,378
testing positive,378
patients recovered,378
breaking lockdown,378
re going,378
realdonaldtrump honeywell,378
tiempos covid,376
14 days,376
hospital discovers,375
red states,375
hit hard,375
spread virus,375
eliminate coronavirus,374
going get,374
salud pública,374
coronavírus brasil,373
wuhan coronavirus,373
primer caso,371
americans died,371
19 research,371
nuevas muertes,371
emerged contagious,370
behind covid,370
die covid19,370
covid19 test,370
casos activos,369
00 pm,369
drive thru,369
come together,369
did know,369
health safety,369
coronavirus human,368
enfrentar coronavirus,368
coronavirus health,368
crisis sanitaria,367
frente covid,367
coronavirus lockdowns,366
000 000,366
emergencia sanitaria,366
towards future,366
19 ini,365
get rid,365
dying coronavirus,364
covid19 relief,364
home stay,363
home orders,363
physical distancing,363
dr rick,362
5th may,362
trump admin,361
day june,361
live coronavirus,361
coronavirus méxico,361
conspiracy theories,361
trump pompeo,360
covert id,360
cuarentena coronavirus,360
future cashless,360
first covid,360
to the,360
id heading,360
society did,360
muertos covid,360
19 covert,360
lópez gatell,359
ver si,359
dies coronavirus,359
many deaths,359
ignored coronavirus,358
19 spread,358
related coronavirus,358
nueva york,358
frente covid19,357
mexiquensesenriesgo alfredodelmazo,357
covid19 sarscov2,357
emergency response,357
death count,357
ve got,356
coronavirus symptoms,356
staysafe stayhome,356
across world,356
vaccine coronavirus,356
india news,355
key workers,355
working hard,355
know covid,355
covid2019 covid19,355
cbc news,354
navajo nation,354
covid19 coronavirusoutbreak,354
pandemic coronavirus,354
take action,354
andrew cuomo,353
000 morts,353
uk covid19,353
pandemic response,352
article amp,352
relief efforts,351
19 task,351
linked covid,350
covid19 please,350
19 méxico,350
mike pence,350
000 jobs,350
infected covid,350
19 symptoms,349
day coronavirus,348
ce qui,348
caused covid19,348
hampered inexperienced,348
covid19 โคว,348
lab theory,348
live news,347
contre covid19,347
chinese coronavirus,347
home deaths,347
au covid19,346
said hampered,346
trials experimental,346
vía youtube,346
pfizer begins,346
matt hancock,346
support covid,345
latest coronavirus,345
mortes em,345
high school,345
read full,345
drive in,344
coronavirus might,344
web client,344
dans monde,344
isle wight,344
de la,343
regarding covid,343
april 2020,343
first responders,343
covid19 quedateencasa,343
via lemondefr,343
deaths us,343
everyone else,342
conspiracy theory,342
domestic violence,342
around memorial,342
covid19 coronaviruspandemic,342
infectious disease,341
spoke would,340
40 000,340
19 numbers,340
lives lost,340
italy spain,340
download app,340
last night,340
mr president,339
covid19 covid2019,339
could help,339
handling covid,339
pandemic news,338
right wing,337
read coronavirus,337
make difference,337
tested covid,337
americans die,336
pro life,336
experimental vaccine,336
let get,336
da covid19,335
married lover,335
amp reuters,335
ce qu,335
us know,335
affected covid19,334
nobel laureate,334
make sense,334
deaths due,334
please visit,333
positivo covid,333
please donate,333
coronavirus si,333
next year,333
contagios covid19,333
petition calling,332
lot people,332
30 pm,331
