gram,counts
covid 19 cases,9583
covid 19 pandemic,6815
covid 19 vaccine,3942
positive covid 19,3468
new covid 19,3214
casos covid 19,2983
due covid 19,2370
covid 19 death,2131
covid 19 deaths,2089
covid 19 patients,1814
covid 19 crisis,1778
new coronavirus cases,1723
cases covid 19,1622
covid 19 via,1584
covid 19 disiplinbersamapolri,1535
covid 19 data,1494
covid 19 testing,1480
coronavirus red zone,1421
covid 19 test,1411
coronavirus covid 19,1389
da covid 19,1381
covid 19 response,1368
spread covid 19,1321
últimas 24 horas,1320
pandemi covid 19,1297
states coronavirus red,1233
18 states coronavirus,1229
covid 19 recovery,1228
amid covid 19,1215
covid 19 di,1211
impact covid 19,1132
penyebaran covid 19,1113
tested positive covid,1097
covid 19 relief,1091
positivo covid 19,1080
covid 19 outbreak,1069
new york times,1048
disiplin adalah vaksin,1036
perangi covid 19,1023
adalah vaksin ampuh,1018
vaksin ampuh perangi,1018
ampuh perangi covid,1018
july 17 2020,1000
died covid 19,998
pandemia covid 19,990
bbc news coronavirus,975
roll back reopening,973
covid 19 tests,960
covid 19 virus,948
task force report,913
motorcycle crash listed,906
covid 19 update,887
chinese virologist accuses,887
virologist accuses beijing,887
coronavirus live updates,886
hong kong know,882
know treat whistleblowers,882
kong know treat,881
accuses beijing covered,873
beijing covered coronavirus,873
covered coronavirus fleeing,873
coronavirus fleeing hong,873
fleeing hong kong,873
treat whistleblowers telling,873
whistleblowers telling world,873
telling world truth,873
world truth virus,873
covid 19 positive,860
test positive covid,855
000 new cases,841
says 18 states,839
record 77 000,826
million coronavirus cases,809
response covid 19,806
red zone roll,792
fight covid 19,791
zone roll back,790
contagios covid 19,777
force report says,755
covid 19 coronavirus,748
vacuna covid 19,738
report says 18,736
negative test results,734
labs reporting negative,732
covid 19 em,730
covid 19 case,726
nuevos casos coronavirus,721
tested positive coronavirus,718
florida labs reporting,717
reporting negative test,710
single day record,710
test results report,700
results report says,694
coronavirus task force,691
update florida labs,690
coronavirus update florida,671
million covid 19,670
17 07 2020,662
covid 19 infections,650
post covid 19,642
white house document,638
india mitega india,636
tests positive covid,635
positivos covid 19,634
covid 19 public,625
listed covid 19,621
coronavirus cases surge,619
nuevos casos covid,613
covid 19 lockdown,608
last 24 hours,605
new covid19 cases,592
19 public health,590
77 000 new,588
aishwarya rai bachchan,584
pacientes covid 19,583
positive test results,583
mitega india mitega,579
new cases covid,578
get covid 19,577
77 000 cases,571
public health crises,564
tested covid 19,562
game show host,561
black amp latinx,557
pass relief package,557
19 cases surge,556
amp latinx people,555
racism covid 19,553
crises senate leadership,553
people women amp,553
health crises senate,551
senate leadership must,551
stop stalling amp,551
stalling amp pass,551
amp pass relief,551
rantai penyebaran covid,550
amid coronavirus pandemic,550
latinx people women,550
leadership must stop,549
must stop stalling,549
covid 19 numbers,548
results antibody tests,546
relief package black,546
women amp communities,546
17 julio 2020,544
package black amp,543
covid 19 infection,542
india covid 19,542
covid 19 impact,541
amp communities wedemandmore,541
com covid 19,540
kumhampasti djki kumhambantuumkm,539
djki kumhambantuumkm kumham18,536
delaying coronavirus testing,536
new cases coronavirus,535
contaminated delaying coronavirus,535
gt gt gt,532
coronavirus vaccine research,531
coronavirus testing officials,531
provide cover invalid,530
invalid positive test,529
cover invalid positive,528
coronavirus record 77,527
testing officials say,527
post abc poll,526
faces rising disapproval,525
swamp runs deep,525
widespread distrust coronavirus,524
state racism covid,524
tested positive covid19,523
covid 19 situation,521
labs contaminated delaying,521
live state racism,520
number covid 19,519
du covid 19,519
shatters coronavirus record,519
disapproval widespread distrust,519
rising disapproval widespread,517
reporting new covid,514
test results think,513
covid 19 spread,512
included positive results,511
results think pawpaw,509
runs deep the,509
deep the news,509
the news fake,509
india coronavirus cases,507
mistakenly included positive,506
covid 19 amp,505
discuss covid 19,505
the swamp runs,505
covid 19 related,504
positive results antibody,501
antibody tests reporting,501
tests reporting new,501
think pawpaw the,500
pawpaw the swamp,500
crash listed covid,496
video via gatewaypundit,495
states mistakenly included,493
19 cases cdc,493
muertes covid 19,491
trump faces rising,491
coronavirus post abc,491
distrust coronavirus post,488
000 cases day,486
fatal motorcycle crash,486
latest covid 19,478
positif covid 19,477
coronavirus boris johnson,475
cases surge past,470
handling covid 19,470
calls urgent review,470
daily covid 19,469
covid 19 surge,468
memutus rantai penyebaran,465
adaptasi kebiasaan baru,464
officials numerous states,464
surge coronavirus cases,462
health officials numerous,462
countless labs deliberate,462
realdonaldtrump nra nrapvf,461
numerous states mistakenly,460
error countless labs,460
public health england,458
fake the war,458
lab possible human,458
covid 19 patient,457
news fake the,457
the war real,457
coronavirus covid19 sarscov2,456
important fl 2020,454
disiplinbersamapolripatuhi protokol kesehatan,453
human error countless,453
untuk memutus rantai,452
fl 2020 election,452
2020 election lab,452
possible human error,452
election lab possible,451
covid 19 treatment,450
spend justrecovery peoplenotpolluters,446
primary purpose inflating,445
g20 week ask,444
week ask spend,444
would primary purpose,444
ask spend justrecovery,443
viernes 17 julio,442
19 recovery g20,442
recovery g20 week,442
pro america anti,442
abc poll finds,441
america anti america,441
justrecovery peoplenotpolluters 350europe,440
inflating c19 numbers,440
anti america infiltration,440
deaths covid 19,438
purpose inflating c19,438
us covid 19,437
recovery money polluters,437
benefits pro america,437
claim care climate,436
care climate give,436
climate give recovery,436
give recovery money,436
numbers benefits pro,436
government covid 19,435
as discuss covid,435
c19 numbers benefits,435
population coronavirus covid19,434
money polluters as,434
polluters as discuss,434
covid19 sarscov2 forecast,433
coronavirus cases deaths,431
report says foxnews,427
infiltration all assets,427
america infiltration all,426
surge past one,425
death population coronavirus,424
trump covid 19,423
100 000 mink,422
new death population,421
florida covid 19,418
questions raised fatal,418
past one million,417
raised fatal motorcycle,417
protokol kesehatan untuk,415
all assets deployed,415
kesehatan untuk memutus,412
casos positivos covid,408
covid 19 vaccines,408
steal coronavirus vaccine,408
19 vaccine research,407
covid 19 research,403
confirmed covid 19,403
listed coronavirus death,402
fox 35 investigates,401
covid 19 telah,399
labs deliberate coordinated,397
port du masque,395
covid 19 symptoms,394
crash listed coronavirus,394
report health officials,392
assets deployed election,392
1802_kimmi disiplin adalah,389
deployed election virus,389
die covid 19,388
hancock calls urgent,386
breaking report health,386
patuhi protokol kesehatan,385
covid 19 través,385
virus covid 19,384
admitted nanavati hospital,383
covid 19 restrictions,381
investigates questions raised,378
mortes covid 19,375
deliberate coordinated largest,375
35 investigates questions,374
coordinated largest coordinated,373
19 telah membuat,371
77 300 new,370
florida motorcycle crash,370
telah membuat situasi,368
termasuk berdampak besar,367
berdampak besar terhadap,367
dunia memburuk termasuk,366
memburuk termasuk berdampak,366
josé paulo andrade,366
think covid 19,362
coronavirus death video,362
covid 19 would,359
membuat situasi ekonomi,359
situasi ekonomi di,359
ekonomi di dunia,358
di dunia memburuk,358
besar terhadap perekonomian,358
terhadap perekonomian indonesia,358
000 covid 19,357
fanb gnbsiemprecontigo graciaspuebloheroico,356
former game show,355
ditsamaptapmj disiplin adalah,354
covid 19 covid19,352
19 data cdc,350
penanganan covid 19,344
nearly 100 000,344
coronavirus live news,343
trump coronavirus response,343
record 77 300,343
coordinated dis information,342
2020 07 17,341
dis information campaign,341
covid 19 real,340
coronavirus death toll,340
infected covid 19,340
months covid 19,339
information campaign ever,339
cut social security,338
campaign ever pushed,338
hospital covid 19,337
reported one day,337
south dakota governor,337
july 4th event,337
entertain empower educate,336
empower educate talk,336
0208 090 2121,336
090 2121 hello,336
2121 hello fantasticradio,336
hello fantasticradio co,336
fantasticradio co uk,336
co uk fantasticradiouk,336
uk fantasticradiouk homeofpossibilities,336
fantasticradiouk homeofpossibilities believeyourpossibilities,336
homeofpossibilities believeyourpossibilities stayhomesafelives,336
trump july 4th,336
largest coordinated dis,336
believeyourpossibilities stayhomesafelives buy,335
stayhomesafelives buy song,335
refusal lead making,335
making pandemic worse,335
administration shifted control,334
sahabatpengayoman pandemi covid,334
ever pushed controlled,334
test covid 19,333
lead making pandemic,333
state covid 19,332
covid 19 hospital,332
trump administration shifted,331
shifted control cdc,331
4th event coronavirus,331
event coronavirus numbers,331
says covid 19,330
outrageous refusal lead,330
new outbreaks trump,330
outbreaks trump july,330
pushed controlled entities,330
covid 19 bill,329
governor new outbreaks,329
dakota governor new,328
coronavirus numbers dropping,328
educate talk us,327
talk us 0208,327
us 0208 090,327
white house coronavirus,326
19 test results,325
emergency operations center,323
truth ccp virus,322
controlled entities benefits,321
covid 19 could,320
fallecidos covid 19,319
940 deaths reported,318
20 minute coronavirus,317
lying florida motorcycle,317
pls spread truth,317
spread truth ccp,317
ccp virus chinese,317
virus chinese virologist,317
people covid 19,316
rai bachchan daughter,316
crisis covid 19,315
shatters single day,315
re lying florida,315
go back school,314
covid 19 guidelines,314
trump outrageous refusal,314
deaths reported one,314
trump threatens veto,314
bill cut social,314
17jul fanb gnbsiemprecontigo,313
covid 19 hoax,312
minute coronavirus blood,311
numbers dropping video,311
highest single day,310
increase covid 19,310
dying daughter arms,310
test positive coronavirus,309
british airways retires,309
threatens veto covid,309
veto covid 19,309
diagnosis dying daughter,308
pruebas covid 19,307
от covid 19,307
reject hostage taking,307
19 bill cut,307
significant normality christmas,307
coronavirus blood test,306
patient went diagnosis,306
went diagnosis dying,306
coronavirus patient went,305
friday july 17,304
urged reject hostage,304
covid 19 may,303
cases one day,303
johnson amp johnson,303
daughter arms matter,303
arms matter days,303
congress urged reject,303
000 new coronavirus,302
invent 20 minute,302
disappeared trump administration,301
researchers invent 20,301
florida coronavirus patient,300
patients covid 19,299
kasus covid 19,299
covid 19 vía,298
lawan covid 19,297
covid 19 outbreaks,297
covid 19 safety,297
hostage taking trump,297
taking trump threatens,297
internationally recognized azerbaijan,296
recognized azerbaijan territory,296
invade internationally recognized,295
busy covid 19,295
tovuz time nations,295
time nations busy,295
gnbsiemprecontigo graciaspuebloheroico gnbgdjfl,294
pasien covid 19,293
july armed forces,293
us coronavirus cases,292
armed forces armenia,292
12th july armed,292
tests positive coronavirus,291
nations busy covid,291
australian researchers invent,291
boris johnson sets,290
coronavirus cases shatter,289
cdc via gatewaypundit,289
shows 18 states,288
starting 12th july,288
casos positivos coronavirus,287
covid 19 brasil,285
simak thread berikut,284
johnson sets plan,284
steal covid 19,283
negative covid 19,283
19 death toll,283
covid 19 protocols,283
armenia attack invade,283
attack invade internationally,283
plan significant normality,283
17dejulio cdmx iland,283
cdmx iland totis,283
cases cdc via,283
coronaviruspandemic covid19india coronavirus,282
data cdc website,282
since covid 19,281
house document shows,281
thread berikut sob,281
record new coronavirus,280
said covid 19,280
coronavirus disease 2019,280
iland totis covid__19,280
dying covid 19,279
forces armenia attack,279
sob kumhampasti djki,279
kids back school,278
risk covid 19,278
sets plan significant,278
free covid 19,277
berikut sob kumhampasti,277
fighting covid 19,276
cases deaths rising,276
rester chez eux,276
map wearing masks,276
single day spike,275
go back work,275
perekonomian indonesia simak,275
indonesia simak thread,275
cas covid 19,274
target covid 19,273
gov brian kemp,272
detailed map wearing,272
johnson blaming nhs,272
blaming nhs government,272
world health organization,271
covid 19 still,271
time covid 19,271
body bags mortuary,271
new cases confirmed,270
sign petition via,270
despite covid 19,270
17 juli 2020,270
recovered covid 19,269
cull nearly 100,269
nhs government covid,269
accuses johnson blaming,268
bags mortuary trucks,268
covid 19 país,267
document shows 18,267
17 july 2020,267
deliver copy officials,264
covid 19 failings,264
tory accuses johnson,264
next six months,263
confirmados covid 19,263
leaking ship captained,262
recover covid 19,262
states without mask,261
refusing wear mask,261
orders urgent review,261
without mask mandates,260
senior tory accuses,260
effects covid 19,259
affected covid 19,258
third florida children,258
article amp reuters,258
know covid 19,258
people wear masks,258
usa northamerica cases,258
covid 19 updates,257
70 000 new,257
nanangharyonow 1802_kimmi disiplin,256
urgent review coronavirus,256
covid 19 melanda,255
death video via,255
dr anthony fauci,254
contract covid 19,254
country choose protecting,254
covid19 paying debts,254
infections one day,254
2020 covid 19,253
pemulihan ekonomi nasional,253
indonesia kumhampasti djki,253
get well soon,252
prueba covid 19,252
possible second wave,251
shatter another record,251
trapped leaking ship,250
sebelum pandemi covid,250
persen dari total,250
cases shatter another,250
months trapped leaking,249
muertos covid 19,249
covid 19 world,249
new york city,249
2019 covid 19,249
middle covid 19,249
choose protecting people,249
protecting people covid19,249
dengan memajukan umkm,249
memajukan umkm dapat,249
umkm dapat menjadi,249
dapat menjadi penopang,249
menjadi penopang pemulihan,249
mengingat sebelum pandemi,249
19 melanda umkm,249
kontribusi sebesar 60,249
sebesar 60 persen,249
60 persen dari,249
dari total produk,249
total produk domestik,249
produk domestik bruto,249
domestik bruto pdb,249
bruto pdb indonesia,249
six months trapped,248
america covid 19,248
contagio covid 19,248
got covid 19,248
pdb indonesia kumhampasti,248
covid 19 news,247
people covid19 paying,247
believe time cancelthedebt,247
rishisunak country choose,246
paying debts believe,246
debts believe time,246
g20 meeting weekend,246
slow spread covid19,245
time cancelthedebt please,245
matt hancock orders,245
new infections one,244
melanda umkm tercatat,244
umkm tercatat memberikan,244
tercatat memberikan kontribusi,244
memberikan kontribusi sebesar,244
confirmed coronavirus cases,243
past 24 hours,243
house coronavirus task,243
due coronavirus pandemic,243
covid 19 predictions,243
combate covid 19,243
covid 19 na,243
cancelthedebt please bring,243
please bring message,243
bring message g20,243
message g20 meeting,243
penopang pemulihan ekonomi,243
ekonomi nasional mengingat,243
nasional mengingat sebelum,243
amp covid 19,241
wear mask died,241
total confirmed cases,241
ship captained fool,240
new cases reported,240
almost 100 000,240
contracts covid 19,240
president lagarde amp,240
lagarde amp ecb,240
casos confirmados covid,239
types covid 19,239
dear president lagarde,239
review coronavirus death,239
like covid 19,238
producing covid 19,238
trying steal coronavirus,238
covid 19 risk,237
world record 77,237
hancock orders urgent,237
update covid 19,236
víctimas covid 19,236
plan reopen schools,236
mask died covid,236
dropping video via,236
140 000 americans,235
attracted india months,235
science stand way,235
300 new infections,235
prepare possible second,234
counting investments attracted,234
investments attracted india,234
relief states without,234
website spurs outcry,234
case covid 19,234
georgia governor sues,234
news covid 19,233
cdc website spurs,233
amp ecb claim,233
ecb claim care,233
19 death rate,232
india months covid,232
help slow spread,232
news coronavirus covid19,232
stoparmenianaggression stoparmenianoccupation humanrights,232
records world record,232
capable producing covid,231
targeting covid 19,231
hey rishisunak country,231
bachchan daughter aaradhya,231
protokol kesehatan jalan,230
kesehatan jalan terbaik,230
jalan terbaik lawan,230
terbaik lawan covid,230
covid 19 concerns,230
coronavirus death data,230
19 pandemic karabakhisazerbaijan,230
19 crisis another,229
crisis another level,229
another level war,229
level war crime,229
occupied territories tovuz,229
20 billion counting,228
billion counting investments,228
covid 19 control,228
stoparmenianoccupation humanrights humanrightsviolations,228
humanrights humanrightsviolations osce,228
us records world,228
covid19 positive cases,227
war crime karabakhisazerbaijan,227
humanrightsviolations osce minskgroup,227
ohio veteran 37,227
azerbaijan territory outside,227
territory outside occupied,227
outside occupied territories,227
territories tovuz time,227
covid 19 mundo,226
disappearance covid 19,226
total number cases,226
pandemic news coronavirus,226
armenianagression stoparmenianaggression stoparmenianoccupation,226
death data england,226
coronavirus covid19 protests,225
covid_19 coronavirus covid19,225
covid 19 caused,225
went viral refusing,225
total covid 19,224
global pandemic news,224
37 went viral,224
indiafightscorona stayhome staysafe,223
americans wear masks,223
veteran 37 went,223
spain orders culling,222
deaths per million,222
viral refusing wear,222
100 year old,221
new cases new,220
people across world,220
chinese communist party,220
pandemic karabakhisazerbaijan nkaze,220
140 000 dead,219
next covid 19,218
entire world bill,218
frente covid 19,218
lying covid 19,218
world bill gates,217
trump handling coronavirus,217
first covid 19,216
dio positivo covid,216
coronavirus cases india,215
000 coronavirus cases,215
children tested covid,214
second wave coronavirus,214
incandescent light bulbs,214
using covid 19,214
covid 19 toll,214
attacking neighbor middle,214
neighbor middle covid,214
covid 19 transmission,213
10 lakh mark,213
vaccine entire world,213
nuevos casos positivos,213
coronavirus donald trump,213
states red zone,213
live news us,213
beat covid 19,212
orders culling almost,212
people tested positive,212
ministério da saúde,212
new cases covid19,212
karabakhisazerbaijan armenianagression stoparmenianaggression,212
covid 19 17jul,212
news us records,212
culling almost 100,211
disease 2019 covid,211
covid19 last days,210
please wear mask,210
home covid 19,210
new cases one,210
brace latest covid,210
contre covid 19,210
reckless callous cruel,210
3bn nhs prepare,209
one third florida,209
covid19 bot covid19,208
bot covid19 last,208
last days stats,208
covid19india coronavirus indiafightscorona,208
coronavirus indiafightscorona stayhome,208
information covid 19,208
gcash number 09151198529,208
combat covid 19,208
19 vaccine entire,207
daily cases increase,207
अगर रह पत,207
आए अगर अच,207
crime karabakhisazerbaijan armenianagression,207
tests covid 19,206
रह पत आए,206
पत आए अगर,206
अगर अच आए,206
covid 19 hits,206
19 recovery money,206
died motorcycle accident,206
governor andrew bailey,206
coronavirus data already,205
record 70 000,205
trillions covid 19,205
recovery money justrecovery,205
money justrecovery peoplenotpolluters,205
data already disappeared,204
covid 19 dan,204
coronavirus spain orders,204
prevención covid 19,204
finance ministers attending,204
ministers attending g20,204
across world demanding,204
world demanding spend,204
demanding spend trillions,204
spend trillions covid,204
donald trump vows,204
reported today utc,203
today utc time,203
attending g20 people,203
g20 people across,203
justrecovery peoplenotpolluters the,203
peoplenotpolluters the world,203
the world watching,203
back incandescent light,203
testing positive covid,202
news coronavirus boris,202
world watching g20org,202
watching g20org 350europe,202
callous cruel teachers,202
teachers chief denounces,202
teste covid 19,202
dear governor andrew,202
andrew bailey bankofengland,202
bankofengland claim care,202
nhs prepare possible,201
covid 19 venezuela,201
dies covid 19,201
wear damn mask,201
could covid 19,201
cruel teachers chief,201
trump plan reopen,201
bailey bankofengland claim,201
bringing back incandescent,201
masks social distancing,200
lucha covid 19,200
denounces trump plan,200
georgia gov brian,199
nextrevfnc realdonaldtrump stevehiltonx,199
possible covid 19,199
chief denounces trump,199
casos positivos covid19,198
florida emergency operations,198
surge covid 19,198
अच आए covid19,198
cegah penyebaran covid,197
contagiados covid 19,197
covid 19 tally,196
day record new,196
one knows thailand,196
coronavirus coronavirusupdate covid19,196
brags bringing back,196
died motorcycle crash,196
us uk canada,195
red zone via,195
beat earlier plagues,195
already disappeared trump,194
000 americans dead,194
covid 19 us,194
next disaster days,194
related covid 19,194
stop covid 19,194
knows thailand right,194
gmt coronavirus coronavirusupdate,194
coronavirusupdate covid19 coronaviruspandemic,194
19 toll soars,194
would go away,193
trump brags bringing,193
spike covid 19,192
thailand right far,192
000 americans died,191
india capable producing,191
nanangharyonow disiplin adalah,191
bbc news mundo,191
nuevo síntoma coronavirus,191
earlier plagues outdoor,191
plagues outdoor classes,191
july 16 2020,190
rate covid 19,190
tulong na po,190
potential covid 19,190
schools beat earlier,190
quedateencasa 17dejulio cdmx,190
uk covid 19,189
florida children tested,189
put lives risk,189
covid 19 kabupaten,189
getting covid 19,189
kahit konting barya,189
po sobrang laking,189
sobrang laking tulong,189
laking tulong na,189
sa magulang ko,189
stay safe gcash,189
safe gcash number,189
wear face mask,188
treatment covid 19,188
19 di kabupaten,188
mio pezzo interessa,188
japoneses utilizaban mascarillas,188
noalavacuna políticosaprisión sanitariosasesinos,188
coronavirus covid19 covidhoax,188
con quedateencasa 17dejulio,188
19 cases reported,187
centers disease control,187
long term care,187
na po sa,187
right far working,187
rising covid 19,187
coronatimo coronafarsa genocidio,187
políticosaprisión sanitariosasesinos periodistascobardes,187
daughter aaradhya admitted,187
order americans wear,187
rise covid 19,186
19 vaccine data,186
covid 19 health,186
one day us,186
governor sues atlanta,186
75 600 new,186
soars trump brags,186
noalconfinamiento noalnuevoordenmundial noalbozal,186
noalnuevoordenmundial noalbozal noalamascarillaobligatoria,186
noalbozal noalamascarillaobligatoria noalavacuna,186
noalamascarillaobligatoria noalavacuna políticosaprisión,186
po sa magulang,185
godbless po stay,185
po stay safe,185
covid 19 exposure,185
covid 19 affect,185
covid 19 antibody,185
periodistascobardes covid_19 coronavirus,185
florida mini trump,185
disaster days away,184
covid 19 covid,184
day us coronavirus,184
toll soars trump,184
coronafarsa genocidio rebrotetimo,184
genocidio rebrotetimo noalconfinamiento,184
rebrotetimo noalconfinamiento noalnuevoordenmundial,184
sanitariosasesinos periodistascobardes covid_19,184
control covid 19,183
like amp retweet,183
live updates shatters,183
vows order americans,183
hospitalized covid 19,182
wear face masks,182
people wearing masks,182
in person classes,182
appelés rester chez,182
trump vows order,182
covid 19 yang,181
kemp sues atlanta,181
sues atlanta mayor,181
first time since,181
rebrotes covid 19,181
the covid 19,181
secretary matt hancock,181
of covid 19,181
causa covid 19,180
24 year old,180
covid 19 emergency,180
trump ron desantis,180
cross 10 lakh,179
covid19 covid coronavirus,179
nuevos casos covid19,179
india becomes third,179
brote covid 19,179
health secretary matt,179
mini trump ron,179
19 via youtube,178
rfid microchip mark,178
covid 19 people,178
county covid 19,178
everyone lying covid,178
pressure covid 19,178
amp johnson nonstop,178
johnson nonstop hunt,178
coronavirus india covid,177
vacunas covid 19,177
microchip mark beast,177
gram,counts
covid 19 cases,9583
covid 19 pandemic,6815
covid 19 vaccine,3942
positive covid 19,3468
new covid 19,3214
casos covid 19,2983
due covid 19,2370
covid 19 death,2131
covid 19 deaths,2089
covid 19 patients,1814
covid 19 crisis,1778
new coronavirus cases,1723
cases covid 19,1622
covid 19 via,1584
covid 19 disiplinbersamapolri,1535
covid 19 data,1494
covid 19 testing,1480
coronavirus red zone,1421
covid 19 test,1411
coronavirus covid 19,1389
da covid 19,1381
covid 19 response,1368
spread covid 19,1321
últimas 24 horas,1320
pandemi covid 19,1297
states coronavirus red,1233
18 states coronavirus,1229
covid 19 recovery,1228
amid covid 19,1215
covid 19 di,1211
impact covid 19,1132
penyebaran covid 19,1113
tested positive covid,1097
covid 19 relief,1091
positivo covid 19,1080
covid 19 outbreak,1069
new york times,1048
disiplin adalah vaksin,1036
perangi covid 19,1023
adalah vaksin ampuh,1018
vaksin ampuh perangi,1018
ampuh perangi covid,1018
july 17 2020,1000
died covid 19,998
pandemia covid 19,990
bbc news coronavirus,975
roll back reopening,973
covid 19 tests,960
covid 19 virus,948
task force report,913
motorcycle crash listed,906
covid 19 update,887
chinese virologist accuses,887
virologist accuses beijing,887
coronavirus live updates,886
hong kong know,882
know treat whistleblowers,882
kong know treat,881
accuses beijing covered,873
beijing covered coronavirus,873
covered coronavirus fleeing,873
coronavirus fleeing hong,873
fleeing hong kong,873
treat whistleblowers telling,873
whistleblowers telling world,873
telling world truth,873
world truth virus,873
covid 19 positive,860
test positive covid,855
000 new cases,841
says 18 states,839
record 77 000,826
million coronavirus cases,809
response covid 19,806
red zone roll,792
fight covid 19,791
zone roll back,790
contagios covid 19,777
force report says,755
covid 19 coronavirus,748
vacuna covid 19,738
report says 18,736
negative test results,734
labs reporting negative,732
covid 19 em,730
covid 19 case,726
nuevos casos coronavirus,721
tested positive coronavirus,718
florida labs reporting,717
reporting negative test,710
single day record,710
test results report,700
results report says,694
coronavirus task force,691
update florida labs,690
coronavirus update florida,671
million covid 19,670
17 07 2020,662
covid 19 infections,650
post covid 19,642
white house document,638
india mitega india,636
tests positive covid,635
positivos covid 19,634
covid 19 public,625
listed covid 19,621
coronavirus cases surge,619
nuevos casos covid,613
covid 19 lockdown,608
last 24 hours,605
new covid19 cases,592
19 public health,590
77 000 new,588
aishwarya rai bachchan,584
pacientes covid 19,583
positive test results,583
mitega india mitega,579
new cases covid,578
get covid 19,577
77 000 cases,571
public health crises,564
tested covid 19,562
game show host,561
black amp latinx,557
pass relief package,557
19 cases surge,556
amp latinx people,555
racism covid 19,553
crises senate leadership,553
people women amp,553
health crises senate,551
senate leadership must,551
stop stalling amp,551
stalling amp pass,551
amp pass relief,551
rantai penyebaran covid,550
amid coronavirus pandemic,550
latinx people women,550
leadership must stop,549
must stop stalling,549
covid 19 numbers,548
results antibody tests,546
relief package black,546
women amp communities,546
17 julio 2020,544
package black amp,543
covid 19 infection,542
india covid 19,542
covid 19 impact,541
amp communities wedemandmore,541
com covid 19,540
kumhampasti djki kumhambantuumkm,539
djki kumhambantuumkm kumham18,536
delaying coronavirus testing,536
new cases coronavirus,535
contaminated delaying coronavirus,535
gt gt gt,532
coronavirus vaccine research,531
coronavirus testing officials,531
provide cover invalid,530
invalid positive test,529
cover invalid positive,528
coronavirus record 77,527
testing officials say,527
post abc poll,526
faces rising disapproval,525
swamp runs deep,525
widespread distrust coronavirus,524
state racism covid,524
tested positive covid19,523
covid 19 situation,521
labs contaminated delaying,521
live state racism,520
number covid 19,519
du covid 19,519
shatters coronavirus record,519
disapproval widespread distrust,519
rising disapproval widespread,517
reporting new covid,514
test results think,513
covid 19 spread,512
included positive results,511
results think pawpaw,509
runs deep the,509
deep the news,509
the news fake,509
india coronavirus cases,507
mistakenly included positive,506
covid 19 amp,505
discuss covid 19,505
the swamp runs,505
covid 19 related,504
positive results antibody,501
antibody tests reporting,501
tests reporting new,501
think pawpaw the,500
pawpaw the swamp,500
crash listed covid,496
video via gatewaypundit,495
states mistakenly included,493
19 cases cdc,493
muertes covid 19,491
trump faces rising,491
coronavirus post abc,491
distrust coronavirus post,488
000 cases day,486
fatal motorcycle crash,486
latest covid 19,478
positif covid 19,477
coronavirus boris johnson,475
cases surge past,470
handling covid 19,470
calls urgent review,470
daily covid 19,469
covid 19 surge,468
memutus rantai penyebaran,465
adaptasi kebiasaan baru,464
officials numerous states,464
surge coronavirus cases,462
health officials numerous,462
countless labs deliberate,462
realdonaldtrump nra nrapvf,461
numerous states mistakenly,460
error countless labs,460
public health england,458
fake the war,458
lab possible human,458
covid 19 patient,457
news fake the,457
the war real,457
coronavirus covid19 sarscov2,456
important fl 2020,454
disiplinbersamapolripatuhi protokol kesehatan,453
human error countless,453
untuk memutus rantai,452
fl 2020 election,452
2020 election lab,452
possible human error,452
election lab possible,451
covid 19 treatment,450
spend justrecovery peoplenotpolluters,446
primary purpose inflating,445
g20 week ask,444
week ask spend,444
would primary purpose,444
ask spend justrecovery,443
viernes 17 julio,442
19 recovery g20,442
recovery g20 week,442
pro america anti,442
abc poll finds,441
america anti america,441
justrecovery peoplenotpolluters 350europe,440
inflating c19 numbers,440
anti america infiltration,440
deaths covid 19,438
purpose inflating c19,438
us covid 19,437
recovery money polluters,437
benefits pro america,437
claim care climate,436
care climate give,436
climate give recovery,436
give recovery money,436
numbers benefits pro,436
government covid 19,435
as discuss covid,435
c19 numbers benefits,435
population coronavirus covid19,434
money polluters as,434
polluters as discuss,434
covid19 sarscov2 forecast,433
coronavirus cases deaths,431
report says foxnews,427
infiltration all assets,427
america infiltration all,426
surge past one,425
death population coronavirus,424
trump covid 19,423
100 000 mink,422
new death population,421
florida covid 19,418
questions raised fatal,418
past one million,417
raised fatal motorcycle,417
protokol kesehatan untuk,415
all assets deployed,415
kesehatan untuk memutus,412
casos positivos covid,408
covid 19 vaccines,408
steal coronavirus vaccine,408
19 vaccine research,407
covid 19 research,403
confirmed covid 19,403
listed coronavirus death,402
fox 35 investigates,401
covid 19 telah,399
labs deliberate coordinated,397
port du masque,395
covid 19 symptoms,394
crash listed coronavirus,394
report health officials,392
assets deployed election,392
1802_kimmi disiplin adalah,389
deployed election virus,389
die covid 19,388
hancock calls urgent,386
breaking report health,386
patuhi protokol kesehatan,385
covid 19 través,385
virus covid 19,384
admitted nanavati hospital,383
covid 19 restrictions,381
investigates questions raised,378
mortes covid 19,375
deliberate coordinated largest,375
35 investigates questions,374
coordinated largest coordinated,373
19 telah membuat,371
77 300 new,370
florida motorcycle crash,370
telah membuat situasi,368
termasuk berdampak besar,367
berdampak besar terhadap,367
dunia memburuk termasuk,366
memburuk termasuk berdampak,366
josé paulo andrade,366
think covid 19,362
coronavirus death video,362
covid 19 would,359
membuat situasi ekonomi,359
situasi ekonomi di,359
ekonomi di dunia,358
di dunia memburuk,358
besar terhadap perekonomian,358
terhadap perekonomian indonesia,358
000 covid 19,357
fanb gnbsiemprecontigo graciaspuebloheroico,356
former game show,355
ditsamaptapmj disiplin adalah,354
covid 19 covid19,352
19 data cdc,350
penanganan covid 19,344
nearly 100 000,344
coronavirus live news,343
trump coronavirus response,343
record 77 300,343
coordinated dis information,342
2020 07 17,341
dis information campaign,341
covid 19 real,340
coronavirus death toll,340
infected covid 19,340
months covid 19,339
information campaign ever,339
cut social security,338
campaign ever pushed,338
hospital covid 19,337
reported one day,337
south dakota governor,337
july 4th event,337
entertain empower educate,336
empower educate talk,336
0208 090 2121,336
090 2121 hello,336
2121 hello fantasticradio,336
hello fantasticradio co,336
fantasticradio co uk,336
co uk fantasticradiouk,336
uk fantasticradiouk homeofpossibilities,336
fantasticradiouk homeofpossibilities believeyourpossibilities,336
homeofpossibilities believeyourpossibilities stayhomesafelives,336
trump july 4th,336
largest coordinated dis,336
believeyourpossibilities stayhomesafelives buy,335
stayhomesafelives buy song,335
refusal lead making,335
making pandemic worse,335
administration shifted control,334
sahabatpengayoman pandemi covid,334
ever pushed controlled,334
test covid 19,333
lead making pandemic,333
state covid 19,332
covid 19 hospital,332
trump administration shifted,331
shifted control cdc,331
4th event coronavirus,331
event coronavirus numbers,331
says covid 19,330
outrageous refusal lead,330
new outbreaks trump,330
outbreaks trump july,330
pushed controlled entities,330
covid 19 bill,329
governor new outbreaks,329
dakota governor new,328
coronavirus numbers dropping,328
educate talk us,327
talk us 0208,327
us 0208 090,327
white house coronavirus,326
19 test results,325
emergency operations center,323
truth ccp virus,322
controlled entities benefits,321
covid 19 could,320
fallecidos covid 19,319
940 deaths reported,318
20 minute coronavirus,317
lying florida motorcycle,317
pls spread truth,317
spread truth ccp,317
ccp virus chinese,317
virus chinese virologist,317
people covid 19,316
rai bachchan daughter,316
crisis covid 19,315
shatters single day,315
re lying florida,315
go back school,314
covid 19 guidelines,314
trump outrageous refusal,314
deaths reported one,314
trump threatens veto,314
bill cut social,314
17jul fanb gnbsiemprecontigo,313
covid 19 hoax,312
minute coronavirus blood,311
numbers dropping video,311
highest single day,310
increase covid 19,310
dying daughter arms,310
test positive coronavirus,309
british airways retires,309
threatens veto covid,309
veto covid 19,309
diagnosis dying daughter,308
pruebas covid 19,307
от covid 19,307
reject hostage taking,307
19 bill cut,307
significant normality christmas,307
coronavirus blood test,306
patient went diagnosis,306
went diagnosis dying,306
coronavirus patient went,305
friday july 17,304
urged reject hostage,304
covid 19 may,303
cases one day,303
johnson amp johnson,303
daughter arms matter,303
arms matter days,303
congress urged reject,303
000 new coronavirus,302
invent 20 minute,302
disappeared trump administration,301
researchers invent 20,301
florida coronavirus patient,300
patients covid 19,299
kasus covid 19,299
covid 19 vía,298
lawan covid 19,297
covid 19 outbreaks,297
covid 19 safety,297
hostage taking trump,297
taking trump threatens,297
internationally recognized azerbaijan,296
recognized azerbaijan territory,296
invade internationally recognized,295
busy covid 19,295
tovuz time nations,295
time nations busy,295
gnbsiemprecontigo graciaspuebloheroico gnbgdjfl,294
pasien covid 19,293
july armed forces,293
us coronavirus cases,292
armed forces armenia,292
12th july armed,292
tests positive coronavirus,291
nations busy covid,291
australian researchers invent,291
boris johnson sets,290
coronavirus cases shatter,289
cdc via gatewaypundit,289
shows 18 states,288
starting 12th july,288
casos positivos coronavirus,287
covid 19 brasil,285
simak thread berikut,284
johnson sets plan,284
steal covid 19,283
negative covid 19,283
19 death toll,283
covid 19 protocols,283
armenia attack invade,283
attack invade internationally,283
plan significant normality,283
17dejulio cdmx iland,283
cdmx iland totis,283
cases cdc via,283
coronaviruspandemic covid19india coronavirus,282
data cdc website,282
since covid 19,281
house document shows,281
thread berikut sob,281
record new coronavirus,280
said covid 19,280
coronavirus disease 2019,280
iland totis covid__19,280
dying covid 19,279
forces armenia attack,279
sob kumhampasti djki,279
kids back school,278
risk covid 19,278
sets plan significant,278
free covid 19,277
berikut sob kumhampasti,277
fighting covid 19,276
cases deaths rising,276
rester chez eux,276
map wearing masks,276
single day spike,275
go back work,275
perekonomian indonesia simak,275
indonesia simak thread,275
cas covid 19,274
target covid 19,273
gov brian kemp,272
detailed map wearing,272
johnson blaming nhs,272
blaming nhs government,272
world health organization,271
covid 19 still,271
time covid 19,271
body bags mortuary,271
new cases confirmed,270
sign petition via,270
despite covid 19,270
17 juli 2020,270
recovered covid 19,269
cull nearly 100,269
nhs government covid,269
accuses johnson blaming,268
bags mortuary trucks,268
covid 19 país,267
document shows 18,267
17 july 2020,267
deliver copy officials,264
covid 19 failings,264
tory accuses johnson,264
next six months,263
confirmados covid 19,263
leaking ship captained,262
recover covid 19,262
states without mask,261
refusing wear mask,261
orders urgent review,261
without mask mandates,260
senior tory accuses,260
effects covid 19,259
affected covid 19,258
third florida children,258
article amp reuters,258
know covid 19,258
people wear masks,258
usa northamerica cases,258
covid 19 updates,257
70 000 new,257
nanangharyonow 1802_kimmi disiplin,256
urgent review coronavirus,256
covid 19 melanda,255
death video via,255
dr anthony fauci,254
contract covid 19,254
country choose protecting,254
covid19 paying debts,254
infections one day,254
2020 covid 19,253
pemulihan ekonomi nasional,253
indonesia kumhampasti djki,253
get well soon,252
prueba covid 19,252
possible second wave,251
shatter another record,251
trapped leaking ship,250
sebelum pandemi covid,250
persen dari total,250
cases shatter another,250
months trapped leaking,249
muertos covid 19,249
covid 19 world,249
new york city,249
2019 covid 19,249
middle covid 19,249
choose protecting people,249
protecting people covid19,249
dengan memajukan umkm,249
memajukan umkm dapat,249
umkm dapat menjadi,249
dapat menjadi penopang,249
menjadi penopang pemulihan,249
mengingat sebelum pandemi,249
19 melanda umkm,249
kontribusi sebesar 60,249
sebesar 60 persen,249
60 persen dari,249
dari total produk,249
total produk domestik,249
produk domestik bruto,249
domestik bruto pdb,249
bruto pdb indonesia,249
six months trapped,248
america covid 19,248
contagio covid 19,248
got covid 19,248
pdb indonesia kumhampasti,248
covid 19 news,247
people covid19 paying,247
believe time cancelthedebt,247
rishisunak country choose,246
paying debts believe,246
debts believe time,246
g20 meeting weekend,246
slow spread covid19,245
time cancelthedebt please,245
matt hancock orders,245
new infections one,244
melanda umkm tercatat,244
umkm tercatat memberikan,244
tercatat memberikan kontribusi,244
memberikan kontribusi sebesar,244
confirmed coronavirus cases,243
past 24 hours,243
house coronavirus task,243
due coronavirus pandemic,243
covid 19 predictions,243
combate covid 19,243
covid 19 na,243
cancelthedebt please bring,243
please bring message,243
bring message g20,243
message g20 meeting,243
penopang pemulihan ekonomi,243
ekonomi nasional mengingat,243
nasional mengingat sebelum,243
amp covid 19,241
wear mask died,241
total confirmed cases,241
ship captained fool,240
new cases reported,240
almost 100 000,240
contracts covid 19,240
president lagarde amp,240
lagarde amp ecb,240
casos confirmados covid,239
types covid 19,239
dear president lagarde,239
review coronavirus death,239
like covid 19,238
producing covid 19,238
trying steal coronavirus,238
covid 19 risk,237
world record 77,237
hancock orders urgent,237
update covid 19,236
víctimas covid 19,236
plan reopen schools,236
mask died covid,236
dropping video via,236
140 000 americans,235
attracted india months,235
science stand way,235
300 new infections,235
prepare possible second,234
counting investments attracted,234
investments attracted india,234
relief states without,234
website spurs outcry,234
case covid 19,234
georgia governor sues,234
news covid 19,233
cdc website spurs,233
amp ecb claim,233
ecb claim care,233
19 death rate,232
india months covid,232
help slow spread,232
news coronavirus covid19,232
stoparmenianaggression stoparmenianoccupation humanrights,232
records world record,232
capable producing covid,231
targeting covid 19,231
hey rishisunak country,231
bachchan daughter aaradhya,231
protokol kesehatan jalan,230
kesehatan jalan terbaik,230
jalan terbaik lawan,230
terbaik lawan covid,230
covid 19 concerns,230
coronavirus death data,230
19 pandemic karabakhisazerbaijan,230
19 crisis another,229
crisis another level,229
another level war,229
level war crime,229
occupied territories tovuz,229
20 billion counting,228
billion counting investments,228
covid 19 control,228
stoparmenianoccupation humanrights humanrightsviolations,228
humanrights humanrightsviolations osce,228
us records world,228
covid19 positive cases,227
war crime karabakhisazerbaijan,227
humanrightsviolations osce minskgroup,227
ohio veteran 37,227
azerbaijan territory outside,227
territory outside occupied,227
outside occupied territories,227
territories tovuz time,227
covid 19 mundo,226
disappearance covid 19,226
total number cases,226
pandemic news coronavirus,226
armenianagression stoparmenianaggression stoparmenianoccupation,226
death data england,226
coronavirus covid19 protests,225
covid_19 coronavirus covid19,225
covid 19 caused,225
went viral refusing,225
total covid 19,224
global pandemic news,224
37 went viral,224
indiafightscorona stayhome staysafe,223
americans wear masks,223
veteran 37 went,223
spain orders culling,222
deaths per million,222
viral refusing wear,222
100 year old,221
new cases new,220
people across world,220
chinese communist party,220
pandemic karabakhisazerbaijan nkaze,220
140 000 dead,219
next covid 19,218
entire world bill,218
frente covid 19,218
lying covid 19,218
world bill gates,217
trump handling coronavirus,217
first covid 19,216
dio positivo covid,216
coronavirus cases india,215
000 coronavirus cases,215
children tested covid,214
second wave coronavirus,214
incandescent light bulbs,214
using covid 19,214
covid 19 toll,214
attacking neighbor middle,214
neighbor middle covid,214
covid 19 transmission,213
10 lakh mark,213
vaccine entire world,213
nuevos casos positivos,213
coronavirus donald trump,213
states red zone,213
live news us,213
beat covid 19,212
orders culling almost,212
people tested positive,212
ministério da saúde,212
new cases covid19,212
karabakhisazerbaijan armenianagression stoparmenianaggression,212
covid 19 17jul,212
news us records,212
culling almost 100,211
disease 2019 covid,211
covid19 last days,210
please wear mask,210
home covid 19,210
new cases one,210
brace latest covid,210
contre covid 19,210
reckless callous cruel,210
3bn nhs prepare,209
one third florida,209
covid19 bot covid19,208
bot covid19 last,208
last days stats,208
covid19india coronavirus indiafightscorona,208
coronavirus indiafightscorona stayhome,208
information covid 19,208
gcash number 09151198529,208
combat covid 19,208
19 vaccine entire,207
daily cases increase,207
अगर रह पत,207
आए अगर अच,207
crime karabakhisazerbaijan armenianagression,207
tests covid 19,206
रह पत आए,206
पत आए अगर,206
अगर अच आए,206
covid 19 hits,206
19 recovery money,206
died motorcycle accident,206
governor andrew bailey,206
coronavirus data already,205
record 70 000,205
trillions covid 19,205
recovery money justrecovery,205
money justrecovery peoplenotpolluters,205
data already disappeared,204
covid 19 dan,204
coronavirus spain orders,204
prevención covid 19,204
finance ministers attending,204
ministers attending g20,204
across world demanding,204
world demanding spend,204
demanding spend trillions,204
spend trillions covid,204
donald trump vows,204
reported today utc,203
today utc time,203
attending g20 people,203
g20 people across,203
justrecovery peoplenotpolluters the,203
peoplenotpolluters the world,203
the world watching,203
back incandescent light,203
testing positive covid,202
news coronavirus boris,202
world watching g20org,202
watching g20org 350europe,202
callous cruel teachers,202
teachers chief denounces,202
teste covid 19,202
dear governor andrew,202
andrew bailey bankofengland,202
bankofengland claim care,202
nhs prepare possible,201
covid 19 venezuela,201
dies covid 19,201
wear damn mask,201
could covid 19,201
cruel teachers chief,201
trump plan reopen,201
bailey bankofengland claim,201
bringing back incandescent,201
masks social distancing,200
lucha covid 19,200
denounces trump plan,200
georgia gov brian,199
nextrevfnc realdonaldtrump stevehiltonx,199
possible covid 19,199
chief denounces trump,199
casos positivos covid19,198
florida emergency operations,198
surge covid 19,198
अच आए covid19,198
cegah penyebaran covid,197
contagiados covid 19,197
covid 19 tally,196
day record new,196
one knows thailand,196
coronavirus coronavirusupdate covid19,196
brags bringing back,196
died motorcycle crash,196
us uk canada,195
red zone via,195
beat earlier plagues,195
already disappeared trump,194
000 americans dead,194
covid 19 us,194
next disaster days,194
related covid 19,194
stop covid 19,194
knows thailand right,194
gmt coronavirus coronavirusupdate,194
coronavirusupdate covid19 coronaviruspandemic,194
19 toll soars,194
would go away,193
trump brags bringing,193
spike covid 19,192
thailand right far,192
000 americans died,191
india capable producing,191
nanangharyonow disiplin adalah,191
bbc news mundo,191
nuevo síntoma coronavirus,191
earlier plagues outdoor,191
plagues outdoor classes,191
july 16 2020,190
rate covid 19,190
tulong na po,190
potential covid 19,190
schools beat earlier,190
quedateencasa 17dejulio cdmx,190
uk covid 19,189
florida children tested,189
put lives risk,189
covid 19 kabupaten,189
getting covid 19,189
kahit konting barya,189
po sobrang laking,189
sobrang laking tulong,189
laking tulong na,189
sa magulang ko,189
stay safe gcash,189
safe gcash number,189
wear face mask,188
treatment covid 19,188
19 di kabupaten,188
mio pezzo interessa,188
japoneses utilizaban mascarillas,188
noalavacuna políticosaprisión sanitariosasesinos,188
coronavirus covid19 covidhoax,188
con quedateencasa 17dejulio,188
19 cases reported,187
centers disease control,187
long term care,187
na po sa,187
right far working,187
rising covid 19,187
coronatimo coronafarsa genocidio,187
políticosaprisión sanitariosasesinos periodistascobardes,187
daughter aaradhya admitted,187
order americans wear,187
rise covid 19,186
19 vaccine data,186
covid 19 health,186
one day us,186
governor sues atlanta,186
75 600 new,186
soars trump brags,186
noalconfinamiento noalnuevoordenmundial noalbozal,186
noalnuevoordenmundial noalbozal noalamascarillaobligatoria,186
noalbozal noalamascarillaobligatoria noalavacuna,186
noalamascarillaobligatoria noalavacuna políticosaprisión,186
po sa magulang,185
godbless po stay,185
po stay safe,185
covid 19 exposure,185
covid 19 affect,185
covid 19 antibody,185
periodistascobardes covid_19 coronavirus,185
florida mini trump,185
disaster days away,184
covid 19 covid,184
day us coronavirus,184
toll soars trump,184
coronafarsa genocidio rebrotetimo,184
genocidio rebrotetimo noalconfinamiento,184
rebrotetimo noalconfinamiento noalnuevoordenmundial,184
sanitariosasesinos periodistascobardes covid_19,184
control covid 19,183
like amp retweet,183
live updates shatters,183
vows order americans,183
hospitalized covid 19,182
wear face masks,182
people wearing masks,182
in person classes,182
appelés rester chez,182
trump vows order,182
covid 19 yang,181
kemp sues atlanta,181
sues atlanta mayor,181
first time since,181
rebrotes covid 19,181
the covid 19,181
secretary matt hancock,181
of covid 19,181
causa covid 19,180
24 year old,180
covid 19 emergency,180
trump ron desantis,180
cross 10 lakh,179
covid19 covid coronavirus,179
nuevos casos covid19,179
india becomes third,179
brote covid 19,179
health secretary matt,179
mini trump ron,179
19 via youtube,178
rfid microchip mark,178
covid 19 people,178
county covid 19,178
everyone lying covid,178
pressure covid 19,178
amp johnson nonstop,178
johnson nonstop hunt,178
coronavirus india covid,177
vacunas covid 19,177
microchip mark beast,177
