gram,counts
covid 19 cases,10266
covid 19 pandemic,8087
positive covid 19,4315
due covid 19,3065
casos covid 19,2858
new covid 19,2677
covid 19 vaccine,2555
covid 19 drug,2474
covid 19 crisis,2308
new coronavirus cases,2137
coronavirus covid 19,2039
covid 19 patients,2033
19 drug remdesivir,1810
covid 19 deaths,1774
tested positive covid,1689
covid 19 testing,1661
covid 19 treatment,1558
cases covid 19,1539
spread covid 19,1478
amid covid 19,1443
buys almost entire,1440
covid 19 test,1440
covid 19 via,1438
us buys almost,1425
world stock key,1303
key covid 19,1296
impact covid 19,1292
pandemia covid 19,1275
covid 19 outbreak,1262
buys world stock,1262
stock key covid,1254
da covid 19,1243
bbc news coronavirus,1229
us buys world,1217
últimas 24 horas,1208
potential covid 19,1188
covid 19 response,1091
covid 19 virus,1086
19 treatment drug,1075
test positive covid,1055
entire global stock,1052
covid 19 di,1035
almost entire global,1033
global stock potential,994
stock potential covid,973
covid 19 update,940
dari covid 19,894
positivo covid 19,892
died covid 19,892
100 000 new,884
covid 19 wedding,875
post covid 19,872
response covid 19,869
contagios covid 19,859
covid 19 coronavirus,850
guests tested positive,850
least 80 guests,845
80 guests tested,835
wedding eastern india,830
covid 19 lockdown,829
produktif dan aman,828
tested positive coronavirus,827
fight covid 19,825
aman dari covid,823
died least 80,823
groom died least,821
pandemi covid 19,818
पत जल जय,818
dan aman dari,817
last 24 hours,812
19 wedding eastern,803
masyarakat produktif dan,802
dr anthony fauci,775
covid 19 positive,766
जय पत जल,765
coronavirus live updates,758
लव जय पत,745
covid 19 outbreaks,730
covid 19 hoax,727
covid 19 spread,727
pacientes covid 19,722
test positive coronavirus,717
covid 19 haribhayangkarake74,702
menerapkan protokol kesehatan,692
amid coronavirus pandemic,680
new york times,678
covid 19 tests,676
protokol kesehatan agar,674
agar masyarakat produktif,674
terus jaga kedisiplinan,672
masyarakat dalam menerapkan,672
dalam menerapkan protokol,672
kesehatan agar masyarakat,672
jaga kedisiplinan masyarakat,671
kedisiplinan masyarakat dalam,671
tests positive covid,668
vacuna covid 19,665
get covid 19,663
covid 19 em,662
gt gt gt,661
covid 19 infections,660
000 new cases,660
new covid19 cases,656
coronavirus cases surge,654
coronavirus cases rise,652
01 07 2020,648
cases per day,647
covid 19 situation,647
black lives matter,646
vacina covid 19,643
coronavirus death toll,635
covid 19 impact,634
china coronavirus cases,634
coronavirus cases causing,626
realdonaldtrump cnn foxnews,625
cases causing states,623
economies closed indefinitely,622
grossly overcounting active,621
active china coronavirus,621
overcounting active china,620
covid 19 amp,614
000 new coronavirus,613
massive cdc fraud,612
cdc fraud uncovered,612
cdc grossly overcounting,612
sign petition via,608
fraud uncovered cdc,604
uncovered cdc grossly,602
covid 19 death,597
covid 19 case,595
muertes covid 19,595
new cases covid,594
nuevos casos covid,591
nuevos casos coronavirus,590
huge massive cdc,586
causing states keep,575
states keep economies,575
keep economies closed,575
cure covid 19,566
covid 19 may,565
wife test positive,563
tests positive coronavirus,562
like covid 19,560
supply covid 19,545
new cases coronavirus,543
number covid 19,534
positivos covid 19,531
coronavirus drug remdesivir,523
promote_medicalstudents_mp nidhiindiatv chouhanshivraj,515
handling covid 19,511
biggest one day,509
covid 19 risk,505
covid 19 restrictions,503
covid19 pre installed,502
pre installed promote_medicalstudents_mp,500
installed promote_medicalstudents_mp nidhiindiatv,500
see 100 000,497
medical community called,497
community called innate,497
innate immunityto covid19,497
immunityto covid19 pre,497
drrpnishank saurabhtop priyankagandhi,494
saurabhtop priyankagandhi jitupatwari,494
priyankagandhi jitupatwari thewire_in,494
jitupatwari thewire_in aajtak,494
okowa wife test,494
new york city,493
almost entire world,493
called innate immunityto,492
nidhiindiatv chouhanshivraj drrpnishank,492
chouhanshivraj drrpnishank saurabhtop,492
increase covid 19,489
governormp drnarottammisra pmoindia,488
drnarottammisra pmoindia hrdministry,488
thewire_in aajtak ndtv,488
ripnta ripnta ripnta,487
epoch times app,485
covid 19 relief,484
pmoindia hrdministry drharshvardhan,483
exclusive coronavirus coverage,482
si puedes quedateencasa,479
one day spike,477
du covid 19,476
coronavirus cases day,471
covid 19 numbers,469
chouhanshivraj governormp drnarottammisra,468
promote_medicalstudents_mp chouhanshivraj governormp,467
coronavirus cases spike,466
never get sick,462
meat processing plants,462
entire world supply,461
covid 19 infection,460
100 000 cases,460
medicos immune never,460
immune never get,460
new single day,459
pandemic medicos immune,459
coronavirus covid19 sarscov2,458
covid19 pandemic medicos,458
spike coronavirus cases,457
times app see,457
app see exclusive,457
positif covid 19,456
covid 19 related,455
get sick promote_medicalstudents_mp,455
000 coronavirus cases,454
see exclusive coronavirus,454
coverage daily updates,454
coronavirus coverage daily,453
sick promote_medicalstudents_mp chouhanshivraj,453
19 cases surge,451
could see 100,445
us buys nearly,444
due coronavirus pandemic,442
tested covid 19,442
rate covid 19,441
outbreaks meat processing,440
us covid 19,439
47 000 biggest,437
fresh covid 19,435
000 biggest one,434
covid 19 spreading,433
warns 100 000,429
fauci warns 100,427
population coronavirus covid19,427
covid19 sarscov2 forecast,427
happy doctor day,427
19 outbreaks meat,427
single day record,423
1jul fanb gnbcuidadeti,420
covid 19 surge,419
death population coronavirus,418
deaths covid 19,415
fanb gnbcuidadeti concienciaporlasalud,415
covid 19 still,414
new death population,414
covid 19 través,410
day spike pandemic,410
rise 47 000,407
com covid 19,406
cases rise 47,403
virus covid 19,400
national doctor day,400
revealed covid 19,398
closed indefinitely via,398
mortes covid 19,397
home covid 19,397
indefinitely via gatewaypundit,396
100 000 day,395
petition via change,394
battle covid 19,391
refuses lead pandemic,388
lead pandemic worsens,388
covid 19 could,387
confirmed covid 19,387
covid19 sign petition,384
going sort disappear,384
allies desert masks,382
trump refuses lead,381
die covid 19,380
penanganan covid 19,376
surge coronavirus cases,375
texas lt gov,375
covid 19 caused,375
sets new single,371
pandemic worsens allies,370
worsens allies desert,370
covid 19 economy,367
000 cases day,367
infected covid 19,366
covid 19 covid19,363
plants us kept,363
casos positivos covid,362
new cases day,361
processing plants us,361
coronavirus task force,360
spike covid 19,358
day record fresh,357
texas sets new,356
30 junio 2020,355
recovery covid 19,355
crisis covid 19,353
record fresh covid,353
tested positive covid19,352
june 30 2020,350
us kept quiet,349
rise covid 19,347
2020 covid 19,347
fallecidos covid 19,346
covid 19 data,346
people covid 19,346
happy canada day,346
fighting covid 19,343
covid 19 recovery,342
surge covid 19,339
reach 100 000,338
covid 19 país,338
test covid 19,333
health care workers,332
coronainfoch covid19 corona,329
000 americans dead,326
000 covid 19,325
covid 19 result,325
happy doctors day,325
38 brains 87,325
brains 87 lungs,325
covid 19 vía,324
100 000 coronavirus,319
stop covid 19,317
could reach 100,316
despite covid 19,316
daily covid 19,315
risk covid 19,315
covid 19 kabupaten,315
coronavirus us buys,314
27 mil 769,314
covid 19 spikes,313
at risk areas,313
story 38 brains,312
entertain empower educate,311
empower educate talk,311
0208 090 2121,311
090 2121 hello,311
2121 hello fantasticradio,311
hello fantasticradio co,311
fantasticradio co uk,311
co uk fantasticradiouk,311
uk fantasticradiouk homeofpossibilities,311
fantasticradiouk homeofpossibilities believeyourpossibilities,311
homeofpossibilities believeyourpossibilities stayhomesafelives,311
covid 19 spike,311
time covid 19,311
confirmados covid 19,310
caused novel coronavirus,310
coronavirus autopsies story,310
believeyourpossibilities stayhomesafelives buy,309
stayhomesafelives buy song,309
cases 80 past,309
coronavirus लव जय,309
87 lungs 42,309
educate talk us,308
talk us 0208,308
us 0208 090,308
autopsies story 38,308
semaforonaranja alto contagio,307
lungs 42 hearts,307
immunity covid 19,306
fármaco covid 19,306
vaccine pfizer biontech,306
coronavirus cases could,305
coronavirus covid19 si,304
first covid 19,304
updates new cases,304
80 past weeks,304
just days away,302
2020 07 01,301
covid 19 funciona,301
coronavirus immunity may,300
immunity may widespread,300
covid19 si puedes,299
know covid 19,298
people wear masks,298
new cases 80,298
going back reopening,297
covid 19 symptoms,297
false prophet deceives,296
prophet deceives many,296
deceives many miracles,296
receive mark right,296
mark right hand,296
mark revelation 13,296
revelation 13 16,296
13 16 18,296
negative covid 19,296
may widespread tests,296
pfizer biontech shows,296
coronavirus disease 2019,295
covid 19 méxico,295
rising covid 19,294
lt gov dan,293
since covid 19,293
widespread tests suggest,293
nuevos casos positivos,292
gov dan patrick,292
ayurvedic medicine coronil,292
risk areas could,292
hotel fails coronavirus,292
covid 19 updates,291
caso covid 19,290
19 caused novel,289
trump hotel fails,289
contagio covid 19,288
patanjali claimed ayurvedic,288
claimed ayurvedic medicine,288
medicine coronil help,288
coronil help cure,288
help cure covid,288
president donald trump,287
guru ramdev run,287
ramdev run patanjali,287
run patanjali claimed,287
novel coronavirus लव,286
000 new covid,285
covid 19 real,285
próximos tres meses,285
handling coronavirus pandemic,284
wear damn mask,284
shows covid 19,284
cashless society know,283
sort disappear hope,283
point going sort,283
take covid 19,282
positive test rate,281
days away local,281
fails coronavirus hygiene,281
away local lockdowns,280
could just days,280
covid 19 new,279
july 01 2020,279
hold campaign rallies,279
areas could just,279
casos confirmados covid,278
sa covid 19,278
official coronavirus death,278
death toll substantial,278
realdonaldtrump foxandfriends cnn,277
toll substantial undercount,277
think point going,277
302 nuevos casos,276
supply coronavirus drug,275
covid 19 concerns,274
19 covid 19,274
live coronavirus updates,273
coronavirus going disappear,273
shows positive results,273
19 cases rise,272
got covid 19,272
says covid 19,272
trump resign immediately,271
case covid 19,271
re gon na,271
kepada masyarakat di,271
2019 covid 19,270
covid 19 brain,270
colegios concertados ayudas,270
covid 19 world,269
psoe unidas podemos,268
must read article,268
satgas aman nusa,268
died coronavirus raging,267
coronavirus raging usa,267
resign immediately derelictionofduty,267
covid 19 venezuela,267
tim satgas aman,267
aman nusa covid,267
nusa covid 19,267
19 kabupaten cilacap,267
kabupaten cilacap berikan,267
cilacap berikan himbauan,267
berikan himbauan dan,267
himbauan dan woro,267
dan woro woro,267
woro woro kepada,267
woro kepada masyarakat,267
masyarakat di pantai,267
di pantai teluk,267
pantai teluk penyu,267
teluk penyu mengenai,267
penyu mengenai new,267
covid 19 patient,266
total number cases,266
puedes quedateencasa buenmiércoles,266
mengenai new normal,266
free covid 19,265
130 000 americans,265
chance speak spoke,265
15 000 jobs,263
new cases confirmed,263
florida governor chance,263
governor chance speak,263
covid 19 transmission,263
ee uu compra,263
biontech shows positive,263
pfizer pode produzir,263
speak spoke soon,262
19 spreading rapidly,262
local outbreaks say,262
36 at risk,262
global covid 19,261
look covid19 data,261
need look covid19,261
stop panic porn,261
give 2000 month,260
every american moneyforthepeople,260
american moneyforthepeople covid19,260
world supply covid,260
covid19 data stop,260
data stop panic,260
data needed quicker,260
jptu jabatanpenerangan covid19,260
जय लव जय,260
propagación covid 19,259
cuomo florida governor,259
realdonaldtrump nytimes like,259
said covid 19,258
affected covid 19,258
surrenders covid 19,258
needed quicker target,258
quicker target local,258
latest covid 19,257
2000 month every,257
spreading rapidly brought,257
politicians throughout us,257
throughout us need,257
us need look,257
panic porn insanity,257
target local outbreaks,257
समर पण और,257
pruebas covid 19,256
month every american,256
covid 19 safety,256
think covid 19,256
rapidly brought control,256
world supply coronavirus,256
usa northamerica cases,255
new us outbreaks,255
nurses covid19 crisis,255
excluyen colegios concertados,254
cdc surrenders covid,254
outbreaks say doctors,254
new normal polrescilacap,254
normal polrescilacap poldajateng,254
martes 30 junio,253
covid 19 vaccines,253
conversation nurses covid19,253
covid 19 protocols,252
buenmiércoles america 1dejulio,252
1dejulio méxico cdmx,252
podemos excluyen colegios,251
quedateencasa buenmiércoles america,251
covid 19 na,250
covid 19 news,249
going wrong direction,249
exclusive politicians throughout,249
frente covid 19,248
one day increase,248
teste vacina covid,248
national doctors day,247
slow spread covid19,247
funciona pfizer pode,247
america 1dejulio méxico,247
reopening covid 19,246
combate covid 19,246
players test positive,246
therapy covid 19,246
mueller report trump,246
méxico cdmx vivo,246
coronavirus think point,246
update covid 19,245
19 risk county,245
boroughs among 36,245
dopeydon wednesday exploits,245
wednesday exploits continues,245
exploits continues lie,245
mislead russianbounty gop,245
russianbounty gop cowards,245
gop cowards scared,245
cowards scared trump,245
scared trump scotus,245
trump scotus rule,245
scotus rule tax,245
rule tax records,245
raging usa need,245
usa need unredacted,245
need unredacted mueller,245
unredacted mueller report,245
report trump resign,245
not going back,244
public health england,244
coronavirus data needed,244
london boroughs among,244
among 36 at,244
covid 19 guidelines,243
directly access content,243
covid 19 covid,243
yoga guru ramdev,243
bradford london boroughs,243
19 funciona pfizer,242
good coronavirus think,242
florida not going,241
access content using,241
content using link,241
de covid 19,241
covid 19 victims,239
us coronavirus cases,239
green yellow orange,239
yellow orange red,239
new tool shows,239
disease 2019 covid,238
hit covid 19,238
please wear mask,238
226 089 casos,238
chinese virus covid19,238
internal messages reveal,238
hospitals coronavirus cases,238
от covid 19,237
covid19 crisis wesalutehealthheroes,237
messages reveal crisis,237
life covid 19,236
moneyforthepeople covid19 sign,236
distance wash hands,236
even common cold,236
result cdc says,236
prevención covid 19,235
trump job approval,235
covid 19 antibody,234
000 dead americans,234
covid 19 following,234
जल जय लव,234
didiachhechintanei didiachhechintanei didiachhechintanei,234
covid19 world amp,234
houston hospitals coronavirus,234
19 result cdc,234
tool shows covid,233
china pay price,233
pay price transgression,233
spread chinese virus,233
virus covid19 world,233
crisis houston hospitals,233
help slow spread,232
current covid 19,232
25 million people,232
number new cases,232
world amp world,232
amp world china,232
reveal crisis houston,232
recovered covid 19,231
coronavirus bradford london,231
coronavirus relief program,230
561 new cases,229
100 000 casos,229
orange red new,229
red new tool,229
coronavirus cases deaths,228
first time since,228
crise du coronavirus,228
effects covid 19,228
coronavirus updates new,228
record number new,227
100 positive test,227
muertos covid 19,227
sars cov targets,227
common cold counted,227
world health organization,226
total confirmed cases,226
needed covid 19,226
vitamin quercetin estradiol,226
tripartite combination prophylaxis,226
covid 19 going,225
stop spread covid,225
world covid 19,225
covid 19 getting,225
amp covid 19,225
cold counted positive,225
covid 19 would,224
wash hands often,224
counted positive covid,224
unidas podemos excluyen,223
coronavirus czechs hold,223
masks social distancing,222
news coronavirus covid19,222
kasus covid 19,222
uu compra casi,221
pode produzir bi,221
testing covid 19,220
local covid 19,219
19 vaccine pfizer,219
getting covid 19,218
covid 19 mundo,217
stay home much,217
digital skills needed,217
lucha covid 19,216
long term care,216
contre covid 19,216
gov ron desantis,216
dying covid 19,216
state covid 19,216
covid 19 próximos,216
corona virus latest,216
job approval dips,216
approval dips coronavirus,216
covid 19 brasil,215
covid 19 social,215
covid 19 health,215
casos positivos coronavirus,215
record one day,215
बह बह धन,215
बह धन यव,215
virus latest vaccine,215
worst yet come,214
covid 19 hit,214
dips coronavirus fears,214
like coronavirus hoax,213
dr fauci says,212
daily cases increase,212
trump tulsa rally,212
produzir bi doses,212
19 cases reported,211
pandemic news coronavirus,211
combatir covid 19,211
highest single day,211
reported today utc,210
today utc time,210
covid 19 contact,210
हनत समर पण,210
इस लड अग,210
global pandemic news,209
coronavirus covid19 protests,209
आपक कड हनत,209
कड हनत समर,209
section 144 imposed,209
nuevos contagios coronavirus,208
nuevos casos covid19,208
related covid 19,208
work covid 19,208
people tested positive,208
small business coronavirus,208
पण और हस,208
000 americans died,207
skills needed covid,207
covid 19 emergency,207
may look like,207
यव आपक कड,207
लड अग खड,207
county covid 19,206
second wave coronavirus,206
covid 19 et,206
covid19 इस लड,206
धन यव आपक,206
cases last 24,205
biden hold campaign,205
covid19 positive cases,205
kindly click link,205
europa rebajase alarma,205
world population 25,204
covid 19 research,204
doctor day salute,204
febrero europa rebajase,204
अग खड सभ,204
lives matter protests,203
doctors nurses angry,203
patients nursing homes,203
pidió febrero europa,203
cut 15 000,202
wearing face mask,202
people wearing masks,202
impacted covid 19,202
test rate covid,202
signed petition calling,202
टर बह बह,202
little evidence protests,202
30 06 2020,201
new cases covid19,201
covid 19 corona,201
prueba covid 19,200
us could see,200
past 24 hours,200
mean covid 19,200
called covid 19,200
tratar covid 19,200
covid 19 changed,199
business coronavirus relief,199
inflate covid 19,198
130 000 dead,198
spreading covid 19,198
089 casos confirmados,198
million people worldwide,198
nurses angry coronavirus,198
angry coronavirus strains,198
want promote music,198
cas covid 19,197
caused covid 19,197
people worldwide acquire,197
खड सभ टर,197
pasien covid 19,196
like amp retweet,196
back reopening covid,196
keep safe distance,196
tests covid 19,196
covid 19 ini,196
सभ टर बह,196
19 próximos tres,196
53 years marriage,195
patients covid 19,195
salute brave doctors,195
españa pidió febrero,195
coronavirus fears rise,195
covid 19 nearly,194
trump covid 19,194
vaccine covid 19,194
covid 19 impacted,194
help 25 million,194
result covid 19,194
reports record one,194
us reports record,193
next three months,192
number coronavirus cases,191
impacto covid 19,191
following trump tulsa,191
news covid 19,191
buys nearly entire,191
covid 19 us,190
19 following trump,190
of covid 19,190
stay at home,188
continues lie amp,188
bradford barnsley rochdale,188
delta state governor,188
realdonaldtrump covid 19,187
coronavirus cases reported,187
penyebaran covid 19,186
pela covid 19,186
brote covid 19,186
gov andrew cuomo,186
poll trump job,186
unitedwarvets gruccifireworks scotts_mgro,186
gruccifireworks scotts_mgro fedex,186
total covid 19,185
towards cashless society,185
practice social distancing,185
covid 19 like,185
au covid 19,185
coronaviruspandemic covid19india coronavirus,185
18 653 new,185
seeing 100 positive,184
covid 19 epidemic,184
new cases reported,184
protests spread coronavirus,184
hoax like coronavirus,184
texas couple died,183
people like amp,183
safe distance wash,183
hands often cover,183
covid 19 control,183
per 100 000,183
death toll rises,183
doctors leading battle,183
insanity via gatewaypundit,183
dan patrick says,183
national mask mandate,182
click link buy,182
yale study finds,182
marriage texas couple,181
home much keep,181
much keep safe,181
often cover cough,181
contagiados covid 19,181
brave doctors leading,181
porn insanity via,181
best way entertain,181
way entertain home,181
entertain home covid,181
19 pandemic buy,181
pandemic buy pair,181
buy pair sharp,181
pair sharp pruning,181
sharp pruning shears,181
pruning shears tidy,181
need help retweet,181
governor okowa wife,181
times actual rate,180
happy new month,180
shears tidy gardenyour,180
tidy gardenyour choice,180
gardenyour choice support,180
choice support usplease,180
support usplease click,180
usplease click link,180
link buy need,180
buy need help,180
years marriage texas,179
coronavirus joe biden,179
entire supply covid,179
promote music kindly,179
music kindly click,179
click link bellow,179
petition via ukchange,178
right hand foreheads,178
daily coronavirus cases,178
wear fucking mask,178
dio positivo covid,178
oklahoma seeing 100,178
pandemic covid 19,178
covid19 corona trendingnews,178
stock mundial remdesivir,178
link bellow covid19,178
144 imposed mumbai,178
coronavirus vaccine trial,178
tiempos covid 19,177
19 pandemic covid19,177
masks covid 19,177
19 cases per,177
extends small business,177
reached new level,177
bbc news mundo,176
nas últimas 24,176
brutality reached new,176
lie amp deceive,176
amp deceive amp,176
deceive amp mislead,176
amp mislead russianbounty,176
realdonaldtrump unitedwarvets gruccifireworks,176
claims coronavirus going,176
public health officials,175
covid 19 da,175
well whose brutality,175
whose brutality reached,175
19 cases spike,174
covid 19 hospital,174
wear face masks,174
dies covid 19,174
19 death toll,174
19 test results,174
coronavirus cases climb,174
covid 19 forefront,174
gradual bajo calendario,174
new level even,174
fc dallas players,174
dr fauci warns,173
kashmir virus coronavirus,173
killed man front,173
coronavirus sars cov,172
herd immunity covid,172
white house coronavirus,172
theatres music venues,172
wake covid 19,172
control covid 19,172
leading battle covid,172
army well whose,172
level even pandemic,172
ordered fraudulently inflate,171
even covid 19,171
protect britain theatres,171
britain theatres music,171
acquire digital skills,171
covid 19 nas,170
contracted covid 19,170
performing arts companies,170
forthearts via 38_degrees,170
concertados ayudas coronavirus,170
microsoft launches initiative,170
alarming new us,170
infectious disease expert,169
causes covid 19,169
rfid microchip mark,169
microchip mark beast,169
companies financial effects,169
financial effects coronavirus,169
public_campaign forthearts via,169
uptick covid 19,169
covid 19 community,169
60 mil mortes,169
19 contact tracing,169
behind alarming new,169
virus alto impacto,169
19 may look,169
pfizer covid 19,169
possible covid 19,168
regarding covid 19,168
using link smartnews,168
10downingstreet protect britain,168
arts companies financial,168
add name support,168
name support public_campaign,168
support public_campaign forthearts,168
day increase covid,168
today killed man,168
hotspots bradford barnsley,168
fraudulently inflate covid,167
coronavirus cases per,167
came back positive,167
petition calling 10downingstreet,167
calling 10downingstreet protect,167
music venues performing,167
venues performing arts,167
initiative help 25,167
rebajase alarma virus,167
3yrs old grandson,167
ban chineseapps today,167
world china galwanvalleyclash,167
public inquiry government,166
government handling covid,166
effects coronavirus add,166
coronavirus add name,166
disease covid 19,166
launches initiative help,166
worldwide acquire digital,166
alarma virus alto,166
upper crust owner,166
even pandemic today,166
