gram,counts
covid 19,185707
19 pandemic,7628
coronavirus pandemic,7377
19 cases,6587
coronavirus covid19,5993
covid19 coronavirus,5379
coronavirus cases,4951
new cases,3931
positive covid,3327
death toll,3199
covid19 pandemic,3176
donald trump,3119
19 deaths,3024
nuevos casos,2898
due covid,2878
19 vaccine,2846
tested positive,2738
new york,2715
coronavirus vaccine,2657
casos covid,2543
via youtube,2450
coronavirus deaths,2398
new covid,2387
white house,2309
public health,2283
casos coronavirus,2090
positive coronavirus,2077
covid19 cases,2055
test positive,2032
19 patients,2010
19 death,2007
19 testing,2003
wear mask,1932
social distancing,1925
coronavirus relief,1919
due covid19,1909
new coronavirus,1873
dr fauci,1857
coronavirus covid,1851
united states,1820
coronavirus death,1751
health commissioner,1723
19 via,1714
24 horas,1713
president trump,1694
da covid,1687
19 test,1629
august 2020,1597
second wave,1588
gt gt,1558
handling coronavirus,1534
due coronavirus,1501
000 americans,1490
amid covid,1477
19 crisis,1475
tests positive,1473
nursing homes,1444
sars cov,1408
nyc health,1391
19 outbreak,1389
gon na,1350
últimas 24,1344
sign petition,1326
cases covid,1319
casos positivos,1313
pandemia coronavirus,1311
coronavirus outbreak,1301
spread covid,1284
via gatewaypundit,1257
19 global,1251
live updates,1245
trump coronavirus,1243
new post,1242
active cases,1236
coronavirus response,1236
around world,1234
impact covid,1228
fake news,1222
casos confirmados,1209
19 response,1204
confirmed cases,1201
many people,1192
trump says,1183
global crisis,1181
mental health,1168
foreign affairs,1168
19 di,1167
04 08,1160
150 000,1154
lebanese migrants,1147
provide lebanese,1146
petition via,1141
aid covid,1141
migrants aid,1132
affairs provide,1129
pandemia covid19,1127
lebanese ministry,1126
long term,1125
back school,1125
ministry foreign,1122
new interview,1119
death rate,1117
amid coronavirus,1117
wearing mask,1108
social media,1103
blasio handling,1097
new deaths,1094
pandemia covid,1091
novel coronavirus,1090
wearing masks,1089
health care,1081
24 hours,1078
died covid,1072
bbc news,1071
wear masks,1071
covid19 covid_19,1059
task force,1045
coronavirus live,1039
covid19 deaths,1032
spread covid19,1017
19 relief,1017
commissioner resigns,1012
19 tests,1007
stay home,995
coronavirus crisis,987
coronavirus update,977
looks like,973
nursing home,963
last week,962
pandemi covid,949
spread coronavirus,948
high school,947
make millions,946
fauci make,942
kennedy jr,920
year old,916
silver bullet,915
news coronavirus,910
owns half,904
face masks,904
died coronavirus,892
go back,890
millions coronavirus,888
first time,885
contact tracing,881
positive cases,880
jonathan swan,875
half patent,874
jonathanvswan realdonaldtrump,874
bobby kennedy,872
vaccine owns,872
coronavirus via,871
19 update,871
positivo covid,867
us open,867
corona virus,866
whitehouse realdonaldtrump,859
total cases,859
jr claims,858
cases deaths,858
crisis sign,858
claims dr,856
axios jonathanvswan,850
08 2020,848
stay safe,847
us coronavirus,846
every day,843
agosto 2020,838
people died,836
interview bobby,831
relief bill,828
positive covid19,827
bill gates,827
via change,808
000 people,806
covid_19 coronavirus,806
open schools,803
vacuna covid,795
casos covid19,794
people dying,791
fight covid,789
19 coronavirus,789
make sure,786
get well,784
york times,784
19 virus,777
penanganan covid,775
resigns citing,773
well soon,771
via yahoo,767
contagios covid,766
test results,758
citing blasio,755
in person,750
join us,749
unbelievable new,748
common cold,741
covid19 vaccine,734
us covid,729
coronavirus testing,728
new covid19,722
says coronavirus,717
coronavirus lockdown,715
covid_19 covid19,713
good news,713
coronavirus test,704
school district,704
155 000,704
coronavirus argentina,696
post covid,693
000 deaths,688
000 dead,688
19 lockdown,684
face mask,682
americans dying,682
help us,681
du coronavirus,680
cases reported,673
speedy recovery,671
casos nuevos,669
nuevos contagios,664
cases coronavirus,664
rafael nadal,663
reopening schools,659
deaths per,659
coronavirus aid,658
trump administration,655
coronavirus covid_19,653
reopened schools,652
deaths reported,649
protokol kesehatan,649
covid19 covid,649
go well,646
100 000,645
positivo coronavirus,645
control coronavirus,644
schools go,640
19 positive,639
small businesses,639
50 000,636
response covid,634
blames trump,634
handling covid,628
corona covid19,628
india mitega,622
test trace,622
covid19 patients,621
get covid,619
coronavirus stimulus,616
per day,615
total number,615
study finds,611
160 000,609
covid19 crisis,606
look like,606
pacientes covid,605
positif covid,602
19 em,601
loved ones,596
washington post,595
get coronavirus,594
ministerio salud,594
américa latina,593
israel reopened,590
young people,588
contagios coronavirus,588
mail in,587
muertes covid,583
last 24,581
du covid,579
save lives,578
casos activos,577
people die,576
19 treatment,575
americans died,573
american people,571
conseil scientifique,571
covid19 sarscov2,570
patent via,569
positivos covid,568
federal government,565
pandemic covid19,565
trump texas,565
hong kong,564
health officials,563
coronavirus corona,562
covid19 corona,560
subsided israel,559
19 case,555
need know,554
died covid19,553
clinical trials,553
per capita,551
million people,550
get tested,550
stop spread,550
schools reopen,546
mitega india,546
wash hands,545
follow up,544
axios interview,543
covid19 test,541
covid subsided,540
die covid,537
south africa,533
fight covid19,531
covid19 amp,528
du masque,527
get back,527
covid covid19,524
new death,524
people disabilities,521
people happy,520
19 impact,519
please help,519
nacional bolivariana,519
cases covid19,518
pandemic via,518
would like,517
coronavirus task,516
guardia nacional,515
months ago,513
000 covid,513
health department,509
post covid19,509
19 related,507
coronavirus control,507
experts say,506
coronavirus disease,505
covid19 testing,505
john lewis,504
joe biden,503
port du,503
covid19 death,502
spreading coronavirus,501
19 infections,501
number cases,501
covid coronavirus,501
people would,500
via nytimes,497
single day,496
economic recovery,495
com covid,494
news covid19,494
trump said,493
muertes coronavirus,491
high risk,491
catástrofe generacional,489
economic crisis,487
qu il,484
free covid,483
prefeito itajaí,483
19 vaccines,482
treatment covid,482
deaths covid19,481
two weeks,480
herd immunity,480
new normal,480
up questions,480
china virus,472
health amp,472
total deaths,471
deaths covid,471
back to,470
health ministry,470
basic follow,470
prevent spread,468
response coronavirus,468
trump interview,468
19 situation,467
vacuna coronavirus,466
19 dan,465
impact covid19,465
population coronavirus,465
please retweet,462
coronavirus restrictions,462
vaksin covid,462
cases rise,461
video via,461
one day,460
americans dead,460
mortality rate,460
corona coronavirus,460
est pas,458
19 amp,458
10 000,458
realdonaldtrump people,458
coronavirus news,456
reopen schools,456
fatality rate,455
coronavirus tests,455
virus covid,454
coronavirus trump,453
death population,453
abc news,451
across country,451
dr zelenko,451
19 data,450
back work,450
19 restrictions,449
cases confirmed,448
du covid19,448
coronavirus infections,447
executive order,447
000 000,446
last year,446
slow spread,446
sarscov2 forecast,446
19 dr,446
global pandemic,442
oxiris barbot,442
fight coronavirus,441
fox news,441
family members,440
response covid19,440
coronavirus updates,440
coronavirus patients,439
school year,438
contagios covid19,437
relief package,436
pela covid,435
number covid,434
dying coronavirus,434
testing positive,432
crisis coronavirus,432
adaptasi kebiasaan,431
take care,430
wan na,429
19 spread,428
19 concerns,428
positivos coronavirus,426
coronavirus infection,426
covid cases,426
nouveaux cas,426
social distance,425
need help,423
to school,422
salud pública,421
het coronavirus,421
dying covid,420
covid19 lockdown,420
reported today,416
2020 08,415
lt lt,415
way making,415
says covid,413
covid19 response,413
americans many,413
schools closed,412
da saúde,412
drug covid,412
many around,412
covid19 virus,411
stood way,411
world health,410
coronavirus spread,410
coronavirus wave,410
zelenko 150,410
muertos coronavirus,409
covid19 relief,409
health crisis,409
dr birx,409
world dead,409
hcq stood,409
making trillions,409
personal salud,408
york city,407
dead hcq,407
260 employees,406
listen dr,406
even though,405
04 2020,405
breaking news,404
opening schools,404
realdonaldtrump trump,403
press conference,401
wear face,401
take action,401
confirmed covid,401
of the,401
in voting,400
18 55,399
department health,399
covid19 via,399
14 days,399
daily cases,399
mask wearing,398
in the,398
go away,397
kebiasaan baru,397
next year,397
communist party,397
wave covid,397
martes agosto,396
school closures,396
trillions video,396
coronavirus coronavirus,395
daily thanks,394
may never,394
nuevo coronavirus,392
james lovelock,391
people get,390
dr gold,388
spread virus,388
cases amp,387
health safety,386
19 listen,386
many americans,385
die coronavirus,384
since march,384
people covid,383
19 recovery,382
19 infection,381
silencing doctors,381
people need,380
got ta,380
realdonaldtrump potus,380
covid19 examresults,380
climate change,379
public schools,379
cruise ship,379
early drug,379
pm et,379
get sick,378
coronavirus case,378
positivity rate,378
would want,378
covid19 tuesdaymood,378
media others,378
others silencing,378
doctors early,378
gold watch,378
sounds like,377
data shows,376
covid deaths,375
yadier molina,375
president donald,374
great job,374
every possible,373
penyebaran covid,373
novos casos,373
feel like,372
texas man,372
immune system,370
big pharma,370
loudobbs realdonaldtrump,368
tell us,367
dr oxiris,367
agustus 2020,366
156 000,365
dharmendra pradhan,365
fact check,364
schools open,364
well done,364
dio positivo,364
second covid,363
cause death,363
watch live,363
interview us,363
coronavirus us,362
greg abbott,361
bolsonaro veta,361
vacuna rusa,360
going away,359
48 mil,358
clinical trial,358
coronavirus data,358
let us,358
second coronavirus,358
called coronavirus,358
mil casos,357
get covid19,357
cases per,357
19 safety,357
people like,356
latin america,356
aug 2020,356
covid19 positive,356
want know,356
deaths coronavirus,355
going back,355
19 covid19,355
uk coronavirus,355
2020 2021,355
gaia theory,354
profissionais saúde,354
toll it,354
post coronavirus,353
20 000,353
time covid,352
trump covid,352
squandered every,351
possible opportunity,351
virus covid19,351
19 numbers,351
first day,350
opportunity control,349
biggest monster,349
every single,348
human rights,348
aged care,347
coronavirus coronaviruspandemic,347
south korea,346
tested covid,346
tuesday august,346
amid covid19,345
nuevas muertes,345
19 través,345
largest school,345
mortes covid,344
aplicação ozônio,344
trump covid19,343
monster spreading,343
il coronavirus,343
small business,343
beirut lebanon,343
false positive,342
college football,341
coronavirus concerns,341
wave coronavirus,341
theory creator,341
august 04,340
must read,339
turning 101,339
blue states,338
coronavirus related,338
coronavirus turning,338
compartment exam,337
creator coronavirus,337
the coronavirus,336
six months,336
commissioner dr,336
health workers,335
sign language,334
next coronavirus,334
new confirmed,333
fallecidos covid,333
million covid,333
affected covid19,332
via yahoonews,332
il faut,332
deaths due,331
louie gohmert,331
die covid19,330
it trump,330
per million,329
co uk,327
johns hopkins,327
death rates,327
seems like,327
ample warning,326
gov greg,325
test kits,325
lovelock gaia,325
union minister,325
number deaths,324
click link,323
amit shah,323
generational catastrophe,323
covid19 covidー19,322
52 050,322
158 000,321
2020 covid,321
cases increase,321
via usatoday,320
immune response,320
nuovi casi,320
di indonesia,319
working home,319
trump lies,319
cancel compartment,319
última hora,319
ee uu,319
technology ai,318
health experts,317
cases today,317
08 04,317
take covid,317
rising coronavirus,317
common sense,317
19 wave,316
contagio covid19,316
people still,315
face coverings,315
2020 covid19,315
like covid19,315
prime minister,315
medidas prevención,315
mr president,315
19 com,315
july 2020,314
god bless,314
lower world,314
related deaths,314
death coronavirus,313
bringing total,313
conspiracy theories,312
amp covid19,311
coronavirus new,311
daily coronavirus,311
000 new,311
rest world,311
testing strategy,311
cybersecurity technology,311
19 exposed,310
risk covid,309
19 new,309
health organization,308
test covid,308
trace system,308
latest news,307
covid19 outbreak,307
looking forward,307
covid19 update,307
covid19 cybersecurity,307
come back,306
years ago,306
madrid open,306
dem covid19,306
under control,305
recovery rate,304
toll us,304
per cent,303
anyone else,303
testing plan,303
trump amp,302
look away,302
employees georgia,302
ron desantis,302
side effects,302
like covid,302
despite ample,301
realdonaldtrump coronavirus,301
since covid,301
please take,301
coronavirus india,301
like coronavirus,301
saúde incapacitados,301
19 país,300
19 brasil,300
talk us,300
via breitbartnews,300
never silver,299
one thing,299
legal case,299
alot people,299
covid19 trump,298
soon sir,298
via nbcnews,298
care workers,298
law court,298
justice legal,298
tort covid19,298
warning squandered,297
day day,297
healthcare workers,297
thelegallowdown law,297
court lawyer,297
lawyer lawfirm,297
lawfirm justice,297
case ip,297
ip scotus,297
scotus tort,297
от covid,296
we re,296
republicans look,296
update covid,296
us covid19,296
national testing,296
covid testing,295
get rid,295
next week,295
dead americans,295
virgin atlantic,295
georgia largest,294
never going,294
take responsibility,294
coronavirus source,293
death count,293
via huffpostpol,293
new jersey,292
stare abyss,292
cancelled due,292
let see,292
wife test,292
deborah birx,291
04 agosto,291
considerable advantages,290
immense resources,290
resources biomedical,290
biomedical might,290
scientific expertise,290
unemployed stare,290
entertain empower,290
empower educate,290
educate talk,290
0208 090,290
090 2121,290
2121 hello,290
hello fantasticradio,290
fantasticradio co,290
uk fantasticradiouk,290
fantasticradiouk homeofpossibilities,290
homeofpossibilities believeyourpossibilities,290
believeyourpossibilities stayhomesafelives,290
kasus covid,290
every time,290
certain people,290
despite considerable,289
advantages immense,289
might scientific,289
new zealand,289
anthony fauci,289
amp amp,289
questions covid,289
know covid,288
weeks ago,288
stayhomesafelives buy,288
buy song,288
propagación covid19,288
19 symptoms,287
boris johnson,287
abyss republicans,287
back normal,287
it floundered,286
kids back,286
loved one,286
despite covid,286
expertise it,285
us 0208,285
patients nursing,284
long time,284
obesity tuesdaymood,284
tratar covid,283
psychiatric disorders,283
158k dead,283
cierre escuelas,283
let expose,283
tuesdaymood senatelive,283
positive test,282
cdc director,282
eli lilly,282
please contact,282
ankara da,282
erick thohir,282
deaths us,281
crisis covid,281
obituary blames,281
examresults obesity,281
senatelive beirutexplosion,281
retweet let,281
kids school,280
au coronavirus,280
barbot resigns,280
song offend,280
offend certain,280
people music,280
music bobby,280
bobby saka,280
saka social,280
media contains,280
contains secretes,280
secretes alot,280
want leaked,280
leaked retweet,280
expose dem,280
send kids,279
deuxième vague,279
covid19 please,279
crisis covid19,279
left behind,279
evitar propagación,279
tests covid,278
via googlenews,278
19 updates,278
worst covid,278
mask mandate,278
19 lockdowns,277
nancy pelosi,277
new study,277
19 could,277
total confirmed,277
deutsche bank,277
covid19 158k,277
000 casos,276
contagio covid,276
government coronavirus,276
supply chain,275
northamerica cases,275
millones casos,274
case numbers,274
us fake,274
people attended,273
961 casos,273
america coronavirus,272
hand sanitizer,272
well being,272
home plan,272
secretaría salud,271
infected covid,271
rep louie,271
veta indenização,271
19 health,271
resigns blasio,271
world news,270
care homes,270
día hoy,270
il est,270
trump org,270
servicemen die,270
explosion beirut,270
dying covid19,269
latest covid,269
lt gt,269
8m infected,269
edyong209 writes,268
cases 18,268
take look,268
supply free,268
vaka sayısı,268
die ca,268
dead 8m,268
criminal conduct,268
beirutexplosion betway,268
fauci says,267
coronavirus going,267
di saat,267
limits supply,267
rapid test,266
last month,266
and or,266
makes sense,266
plan limits,266
effects covid,266
matthew stafford,266
tuesday tsunami,266
tsunami dopeydon,266
dopeydon trump,266
org alleged,266
alleged protracted,266
protracted criminal,266
conduct ny,266
ny deutsche,266
bank investigate,266
investigate kushner,266
kushner loans,266
loans servicemen,266
ca accident,266
accident mention,266
mention called,266
infected unmaga,266
cada vez,265
vacuna covid19,265
much control,265
puede ser,265
getting covid,265
19 drug,264
cases new,264
minister dharmendra,264
protegetusalud 83aniversariognb,264
masks social,263
good job,263
using covid,263
please share,263
dalam penanganan,263
summer camp,262
19 economic,262
world population,262
trump nursing,262
saat pandemi,262
gnboficialve fabiozavarsep,262
coronavirus edyong209,261
covid patients,261
via wsj,261
usa northamerica,261
good morning,260
cases india,260
school districts,260
attended meeting,260
quizás nunca,259
ozônio ânus,259
five people,259
pandemic control,259
muertos covid,258
health minister,258
cas covid,258
speakerpelosi senschumer,258
via nyt,258
gop realdonaldtrump,258
daily covid,258
19 still,258
pacientes covid19,257
essential workers,257
masque obligatoire,257
re going,256
world covid,256
two days,256
ciclo escolar,256
2020 coronavirus,255
confirmed coronavirus,255
