covid,205017
19,188929
coronavirus,180077
covid19,158714
trump,37173
amp,34564
people,33839
cases,33712
new,32020
pandemic,31848
via,26147
us,24459
deaths,22410
realdonaldtrump,19528
health,19473
get,18140
virus,18039
like,17376
2020,17184
one,16985
news,16227
casos,15020
000,14454
death,13268
time,13165
test,12559
positive,12453
world,12393
would,12378
need,11940
says,11919
school,11720
vaccine,11558
help,11239
many,11163
know,10978
day,10882
due,10612
da,10349
back,10263
schools,10248
testing,10039
please,10021
today,9975
go,9890
still,9689
could,9610
crisis,9489
even,9487
state,9401
going,9350
die,9339
see,9282
make,9078
mask,9049
take,9011
si,8908
well,8878
di,8876
total,8822
good,8741
dr,8587
government,8574
may,8558
na,8547
work,8536
home,8365
pandemia,8363
masks,8306
americans,8273
re,8087
said,8073
read,8056
corona,8037
care,8024
first,8007
year,7950
spread,7827
think,7760
the,7715
country,7674
response,7667
right,7657
president,7639
want,7638
et,7636
lockdown,7512
also,7494
say,7476
tests,7438
public,7331
patients,7275
india,7241
way,7224
china,7164
data,7126
10,7001
live,6855
let,6819
per,6690
every,6622
states,6561
stop,6433
much,6416
plan,6413
children,6402
social,6402
support,6361
america,6321
control,6257
august,6243
last,6227
des,6219
open,6211
salud,6158
keep,6128
really,6048
il,5857
million,5835
number,5800
global,5776
must,5738
face,5729
24,5724
em,5696
safe,5691
est,5691
since,5683
du,5664
great,5648
students,5625
interview,5621
update,5571
never,5569
died,5565
days,5498
kids,5498
tested,5498
ca,5495
uk,5488
hospital,5482
nuevos,5479
covid_19,5397
latest,5370
business,5355
risk,5343
post,5322
gt,5314
20,5309
week,5289
look,5270
daily,5233
rate,5228
to,5201
months,5176
two,5165
in,5140
man,5136
life,5123
case,5120
com,5067
usa,5061
times,5054
got,4999
next,4993
relief,4971
media,4924
dan,4858
another,4836
lives,4796
outbreak,4787
county,4787
100,4782
better,4779
high,4760
video,4747
reported,4734
impact,4732
come,4702
fauci,4644
numbers,4642
report,4615
long,4613
watch,4612
free,4606
everyone,4575
getting,4551
stay,4547
around,4527
mil,4526
não,4470
money,4458
economy,4458
check,4455
use,4452
study,4436
dead,4432
made,4423
30,4418
gop,4396
wear,4370
big,4356
real,4353
second,4340
without,4304
job,4293
youtube,4290
it,4288
family,4284
amid,4222
pour,4198
house,4181
national,4178
years,4178
bill,4172
workers,4169
contagios,4140
already,4081
mais,4069
confirmed,4069
flu,4038
11,4034
person,4033
community,4032
florida,4028
medical,4019
reports,4009
país,4006
countries,3932
ve,3882
agosto,3873
needs,3872
hoy,3851
recovery,3845
toll,3841
working,3833
done,3826
pas,3818
hope,3812
education,3803
online,3800
15,3799
personas,3795
best,3782
yet,3766
une,3765
bad,3717
give,3703
12,3700
economic,3699
teachers,3693
find,3692
and,3686
change,3682
donald,3659
wave,3639
tuesday,3626
recovered,3624
50,3622
important,3612
away,3601
ser,3601
part,3596
staff,3594
follow,3572
thing,3569
american,3560
article,3550
fight,3543
18,3532
millions,3531
dying,3516
thanks,3514
put,3500
non,3499
show,3487
ever,3487
wearing,3484
treatment,3468
mundo,3462
end,3453
safety,3451
top,3449
local,3440
white,3434
continue,3433
yes,3430
protect,3427
updates,3418
sure,3415
believe,3411
sa,3402
travel,3382
things,3377
start,3372
nothing,3354
anyone,3349
thank,3345
au,3323
vote,3316
infected,3298
results,3296
contact,3289
others,3289
learn,3278
tell,3273
city,3273
making,3270
disease,3267
information,3266
sign,3258
aid,3254
research,3252
population,3241
god,3233
system,3218
plus,3213
muertes,3209
ne,3202
far,3195
provide,3195
love,3186
less,3172
experts,3164
businesses,3137
soon,3134
vacuna,3132
lost,3129
aug,3125
oms,3124
beirut,3114
situation,3112
full,3110
hit,3106
de,3099
oh,3091
call,3089
gov,3072
va,3065
eu,3037
gente,3008
enough,3004
quarantine,2996
weeks,2995
handling,2991
dos,2981
04,2978
might,2973
doctors,2972
using,2967
someone,2965
día,2960
place,2959
dans,2949
something,2945
team,2936
york,2936
of,2935
taking,2908
story,2908
cnn,2906
der,2883
market,2881
hydroxychloroquine,2866
infection,2863
across,2841
despite,2838
trying,2837
texas,2835
food,2826
australia,2825
um,2820
science,2815
early,2813
shows,2809
sick,2808
van,2806
infections,2801
deal,2794
hard,2789
july,2786
hospitals,2781
families,2776
sur,2758
federal,2757
always,2748
including,2741
healthcare,2722
coming,2721
true,2719
wrong,2717
pay,2715
parents,2711
saying,2701
possible,2700
breaking,2699
08,2681
lot,2678
mas,2677
gobierno,2676
venezuela,2670
is,2665
human,2660
share,2654
restrictions,2653
nursing,2649
positivos,2638
fake,2638
future,2636
everything,2634
positivo,2632
understand,2630
democrats,2628
old,2627
cdc,2626
ahora,2624
point,2618
anything,2607
yang,2606
brasil,2606
truth,2605
14,2603
actually,2600
governor,2599
pacientes,2598
lebanese,2596
close,2582
medidas,2575
cause,2573
office,2567
month,2562
fact,2559
feel,2559
symptoms,2551
je,2551
das,2549
half,2548
homes,2546
related,2543
axios,2536
qui,2525
order,2523
united,2523
closed,2519
join,2519
no,2515
used,2508
und,2508
claims,2506
available,2488
increase,2483
measures,2482
sir,2479
shit,2477
south,2477
party,2470
worse,2464
nyc,2454
fall,2451
least,2443
ini,2438
distancing,2435
drug,2434
together,2433
sars,2420
así,2414
rt,2407
través,2407
likely,2404
services,2391
active,2388
lebanon,2388
normal,2386
link,2383
minister,2377
election,2373
you,2370
called,2357
political,2354
potus,2353
horas,2349
solo,2346
thought,2346
looking,2346
ll,2345
25,2345
save,2341
hcq,2339
het,2327
reopening,2319
rise,2314
act,2313
bu,2313
worst,2310
reopen,2304
maybe,2303
fallecidos,2296
france,2295
twitter,2294
doctor,2294
return,2281
this,2278
small,2273
congress,2265
personal,2255
hours,2253
la,2240
police,2239
fear,2233
méxico,2232
little,2228
etc,2227
makes,2222
bien,2221
republicans,2219
fuck,2216
officials,2215
wait,2208
three,2208
listen,2204
affected,2204
jobs,2197
almost,2196
biden,2194
lies,2180
uma,2179
ministry,2174
stupid,2174
current,2168
march,2168
based,2162
13,2162
on,2159
muertos,2158
women,2148
told,2147
list,2147
victoria,2141
ai,2141
industry,2140
mayor,2135
el,2134
billion,2133
left,2131
visit,2131
problem,2128
bir,2126
talk,2125
according,2123
info,2113
casa,2104
spreading,2101
mean,2101
force,2100
low,2094
leadership,2094
pm,2087
players,2083
we,2081
questions,2080
remember,2075
young,2074
whitehouse,2073
for,2072
thousands,2067
access,2067
ce,2065
app,2064
nation,2063
season,2061
play,2058
canada,2050
anti,2050
employees,2046
killed,2043
seen,2042
air,2040
días,2037
emergency,2034
company,2027
action,2023
happy,2020
evidence,2017
among,2014
vida,2007
31,2001
2021,2001
coronavírus,1999
commissioner,1999
record,1998
21,1996
nuevo,1996
up,1990
fucking,1990
football,1989
learning,1989
vía,1989
argentina,1984
issues,1983
ago,1982
en,1982
found,1976
prevent,1974
try,1963
wo,1959
par,1959
500,1958
joebiden,1956
scientists,1955
puede,1953
trust,1953
pruebas,1953
heart,1942
funding,1939
unemployment,1937
california,1933
che,1933
seems,1931
different,1930
given,1927
rules,1922
vaccines,1917
members,1913
govt,1912
petition,1911
common,1907
ver,1907
critical,1906
comes,1905
whole,1903
past,1900
reason,1898
ng,1898
concerns,1897
black,1895
ask,1893
child,1891
single,1891
took,1887
ozônio,1880
chief,1878
40,1877
sad,1874
gets,1867
group,1863
últimas,1863
shut,1863
administration,1859
following,1858
mail,1856
कर,1856
friends,1855
17,1853
able,1842
menos,1841
protegetusalud,1841
general,1839
wants,1837
mental,1834
send,1824
hacer,1819
cada,1819
hear,1817
hands,1817
tweet,1814
georgia,1813
jonathanvswan,1811
cure,1811
five,1810
millones,1808
effective,1802
digital,1801
service,1799
law,1790
ist,1789
wow,1788
caso,1788
00,1787
else,1785
failure,1784
chinese,1784
birx,1781
resources,1780
instead,1778
especially,1777
confirmados,1776
director,1775
cas,1773
tuesdaymood,1767
continues,1766
question,1764
kill,1764
israel,1761
blame,1760
reporting,1758
communities,1755
leaders,1752
companies,1751
explosion,1743
term,1742
financial,1741
senatemajldr,1740
2019,1738
coronaviruspandemic,1737
co,1734
españa,1732
set,1731
16,1728
serious,1726
vous,1726
rest,1722
course,1721
line,1719
idea,1719
higher,1717
plans,1717
talking,1716
district,1714
strategy,1713
lt,1712
age,1708
college,1708
major,1703
highest,1701
sports,1699
looks,1693
seriously,1692
nacional,1690
failed,1690
ou,1689
means,1689
surge,1685
war,1684
power,1682
recent,1682
technology,1681
cuarentena,1681
demand,1677
become,1673
ang,1672
self,1669
cómo,1666
monday,1662
stimulus,1662
4ago,1661
yesterday,1659
san,1654
all,1654
foreign,1651
behind,1649
ok,1649
needed,1646
itiswhatitis,1645
hace,1640
leave,1638
viral,1636
issue,1635
situación,1631
key,1630
result,1630
avec,1630
rising,1630
department,1628
lol,1623
trabajo,1622
lower,1619
trumpvirus,1613
caused,1612
virtual,1611
lack,1605
150,1604
nous,1598
source,1597
summer,1592
happen,1592
hoax,1583
student,1581
nunca,1580
blasio,1579
policy,1577
head,1574
ny,1573
poor,1571
sense,1566
package,1566
qu,1562
run,1561
sorry,1558
citizens,1557
22,1554
cov,1553
matter,1553
longer,1552
residents,1549
sector,1549
tras,1548
funds,1546
drop,1544
tem,1543
evitar,1541
mortes,1537
living,1535
bbc,1533
killing,1533
morning,1531
plasma,1530
started,1528
africa,1527
hey,1526
contagio,1525
vez,1524
48,1521
spike,1520
casi,1518
pandemi,1515
though,1515
effects,1514
probably,1514
press,1513
voting,1513
meeting,1511
pra,1510
rates,1509
mal,1508
security,1507
fighting,1504
gracias,1503
resigns,1503
negative,1502
60,1499
presidente,1498
vs,1497
agree,1496
martes,1494
immunity,1492
untuk,1490
pcr,1488
leader,1486
retweet,1484
masque,1484
melbourne,1483
webinar,1483
count,1482
warns,1480
ones,1478
huge,1477
program,1475
opening,1474
ways,1474
went,1473
90,1473
ppe,1472
politics,1471
that,1471
within,1470
private,1467
años,1467
advice,1466
level,1463
university,1463
history,1461
nicht,1458
dari,1456
patient,1456
200,1455
países,1451
interesting,1449
nigeria,1449
phase,1446
trials,1446
taken,1445
either,1444
senate,1444
tv,1444
thinking,1444
70,1444
aquí,1442
colombia,1441
cuomo,1440
hold,1436
cold,1433
date,1433
trace,1433
ready,1433
swan,1433
parte,1432
noticias,1432
guy,1432
decision,1429
exposed,1429
clinical,1427
hi,1427
talks,1426
game,1424
happening,1424
allowed,1423
false,1422
gatewaypundit,1422
clear,1422
atención,1420
er,1419
four,1418
briefing,1414
orang,1414
nearly,1413
details,1413
45,1412
año,1412
hand,1412
guidelines,1412
biggest,1409
moment,1407
información,1405
project,1404
23,1402
yg,1399
move,1397
international,1397
healthy,1397
cost,1396
gon,1393
madrid,1393
pass,1392
een,1392
im,1385
registra,1385
happened,1381
dia,1380
efforts,1380
supply,1379
opportunity,1378
facts,1378
novel,1376
trial,1375
click,1375
rusia,1373
migrants,1372
cancer,1371
transmission,1369
nytimes,1369
europe,1369
gates,1369
affairs,1369
zero,1367
ensure,1362
mass,1361
announced,1357
increased,1357
disaster,1356
deadly,1356
hell,1356
lockdowns,1356
52,1355
goes,1355
lead,1354
wonder,1353
meses,1351
works,1348
experience,1346
den,1345
160,1345
class,1340
ça,1339
guys,1337
area,1337
tener,1336
thread,1335
analysis,1332
que,1330
saúde,1330
idiot,1329
studies,1329
bring,1328
pa,1325
hate,1324
came,1323
mind,1322
mejor,1320
website,1320
records,1319
80,1317
wife,1316
immune,1315
recuperados,1315
bobby,1314
blood,1314
damn,1313
lying,1313
april,1309
dangerous,1309
knows,1309
tracing,1309
indonesia,1307
campaign,1306
rapid,1305
name,1303
price,1303
calling,1301
absolutely,1300
imagine,1297
wake,1297
