gram,counts
covid 19 cases,6775
covid 19 pandemic,6719
positive covid 19,5000
covid 19 vaccine,3108
casos covid 19,2625
new covid 19,2513
due covid 19,2402
covid 19 patients,2258
covid 19 test,2239
covid 19 deaths,2167
covid 19 testing,1923
tested positive covid,1844
covid 19 crisis,1745
covid 19 via,1521
coronavirus covid 19,1425
covid 19 di,1299
da covid 19,1292
tests positive covid,1279
spread covid 19,1258
amid covid 19,1255
cases covid 19,1235
covid 19 outbreak,1235
pandemia covid 19,1129
últimas 24 horas,1125
260 employees georgia,1122
new coronavirus cases,1112
covid 19 tests,1099
covid 19 exposed,1084
tests positive coronavirus,1039
vacuna covid 19,1032
test positive covid,1029
bbc news coronavirus,979
covid 19 response,963
covid 19 relief,959
largest school district,958
impact covid 19,952
pandemic bad america,930
video via gatewaypundit,923
covid 19 death,908
bad america atlantic,869
georgia largest school,853
covid 19 update,820
000 covid 19,810
died covid 19,803
covid 19 coronavirus,801
covid 19 positive,798
tests covid 19,791
quizás nunca solución,791
response covid 19,785
tested positive coronavirus,780
covid 19 vaccines,764
employees georgia largest,762
90 minute tests,760
coronavirus relief bill,759
pandemi covid 19,741
contagios covid 19,732
new york times,727
positivos covid 19,719
nunca solución coronavirus,717
rusa covid 19,711
vacuna rusa covid,710
parents covid 19,708
covid 19 virus,707
pacientes covid 19,699
covid 19 case,684
covid 19 treatment,684
iran cover up,672
every possible opportunity,669
squandered every possible,668
covid 19 lockdown,666
despite ample warning,664
voluntarios recibieron vacuna,663
nuevos casos coronavirus,662
coronavirus live updates,660
positivo covid 19,655
covid 19 em,649
possible opportunity control,649
opportunity control coronavirus,647
loses parents covid,645
stop stabbing bulls,645
last 24 hours,644
stabbing bulls death,641
new 90 minute,640
coronavirus task force,636
ample warning squandered,632
warning squandered every,632
recibieron vacuna rusa,631
fight covid 19,630
covid 19 desarrollaron,630
deaths revealed data,627
covid 19 flu,626
biomedical might scientific,620
might scientific expertise,620
resources biomedical might,619
immense resources biomedical,618
considerable advantages immense,617
advantages immense resources,617
revealed data leak,616
19 desarrollaron inmunidad,616
scientific expertise it,614
expertise it floundered,614
positif covid 19,604
trump criticizes birx,604
despite considerable advantages,602
cover up deaths,582
up deaths revealed,579
03 08 2020,571
nuevos casos covid,569
never silver bullet,568
get covid 19,567
covid 19 amp,566
coronavirus iran cover,565
coronavirus edyong209 writes,559
treatment covid 19,550
either tested positive,549
white house coronavirus,547
amid coronavirus surge,547
control coronavirus edyong209,547
amid coronavirus pandemic,540
covid 19 restrictions,537
dr deborah birx,536
joenbc foxandfriends cnn,534
realdonaldtrump joenbc foxandfriends,532
covid 19 infections,527
edyong209 writes despite,519
países américa latina,518
covid 19 impact,518
writes despite considerable,518
penyebaran covid 19,508
biggest monster spreading,496
died kidney infection,493
muertes covid 19,491
monster spreading coronavirus,490
new cases covid,489
covid 19 contract,489
minute tests covid,487
nurse died kidney,484
covid 19 related,483
ill covid 19,482
flu hugely beneficial,481
district tested positive,480
school district tested,478
critically ill covid,468
school district either,467
district either tested,467
linked pr firm,466
19 flu hugely,465
tested positive covid19,465
virus covid 19,463
get well soon,458
deaths covid 19,457
3m covid 19,457
coronavirus covid19 sarscov2,456
casos positivos covid,455
19 contract without,455
shows young florida,454
young florida nurse,454
florida nurse died,453
kidney infection never,453
georgia school district,451
contract without tender,451
post covid 19,450
new phase coronavirus,449
tory linked pr,449
autopsy shows young,449
new covid19 cases,447
pr firm granted,447
firm granted 3m,447
granted 3m covid,446
infection never coronavirus,446
population coronavirus covid19,443
covid19 sarscov2 forecast,443
norwegian cruise ship,443
coronavirus new 90,442
covid 19 within,440
worry political influence,435
new death population,435
death population coronavirus,435
gt gt gt,432
political influence coronavirus,430
influence coronavirus vaccine,429
mortes covid 19,427
never coronavirus video,426
die covid 19,425
medicamento covid 19,424
siete países américa,423
scientists worry political,422
take covid 19,422
coronavirus vaccine project,420
patients make quick,420
make quick recovery,420
india mitega india,418
drug covid 19,417
quick recovery treatment,416
adaptasi kebiasaan baru,415
employees georgia school,415
recovery treatment rlf,414
covid 19 spread,414
test positive coronavirus,412
enters new phase,412
19 patients make,411
mitega india mitega,408
sign stop stabbing,408
du covid 19,407
says covid 19,406
testing covid 19,399
coach doug pederson,397
world health organization,396
india covid 19,395
covid 19 través,394
covid 19 infection,393
port du masque,393
covid 19 data,391
birx first time,391
covid 19 situation,388
may never silver,388
first covid 19,387
com covid 19,382
covid 19 listen,382
dr birx says,380
rusia suministrará medicamento,380
use drug covid,378
number covid 19,376
time issues coronavirus,376
listen dr gold,376
america atlantic see,375
first time issues,375
media others silencing,375
others silencing doctors,375
silencing doctors early,375
doctors early use,375
early use drug,375
19 listen dr,375
dr gold watch,375
issues coronavirus warnings,374
video covid 19,373
criticizes birx first,373
teenager loses parents,372
infected covid 19,369
kasus covid 19,369
covid 19 numbers,367
19 within week,367
suministrará medicamento covid,367
covid 19 avifavir,367
vacunas covid 19,364
treatment rlf 100,362
coronavirus death toll,360
covid 19 país,359
trump amp gop,358
georgia teenager loses,356
confirmed covid 19,355
avifavir siete países,355
birx warns coronavirus,353
coronavirus covid19 quedateencasa,351
dies covid 19,349
afirma quizás nunca,349
president donald trump,347
people covid 19,347
2020 covid 19,344
penanganan covid 19,341
public health crisis,340
continues lose ground,340
oms afirma quizás,338
cura covid 19,337
pederson tests positive,336
19 avifavir siete,336
new cases coronavirus,332
tested covid 19,332
high school principal,331
nation grapples coronavirus,331
test covid 19,330
covid 19 covid19,329
trump continues lose,328
solución quizás nunca,327
pandemic extraordinarily widespread,326
cybersecurity technology ai,326
silver bullet coronavirus,326
us covid 19,325
fallecidos covid 19,325
schools reopen amid,324
line covid 19,323
new york city,323
reopen amid coronavirus,323
health care workers,322
dr anthony fauci,320
alabama high school,320
doug pederson tests,318
pruebas covid 19,317
vacina covid 19,317
two cruise ships,316
covid 19 symptoms,315
touch parody video,315
от covid 19,314
rep louie gohmert,313
hospitalized covid 19,313
monday mayhem dopeydon,313
mayhem dopeydon wants,313
dopeydon wants destroy,313
wants destroy usps,313
soc sec letting,313
sec letting kushner,313
letting kushner amp,313
kushner amp barr,313
amp barr run,313
barr run country,313
run country putting,313
country putting putin,313
putting putin ahead,313
putin ahead americans,313
ahead americans trump,313
americans trump amp,313
amp gop deliberately,313
gop deliberately stall,313
stimulus bill endangering,313
bill endangering lives,313
endangering lives running,313
covid19 158k dead,313
158k dead 8m,313
dead 8m infected,313
hospitals monetary incentive,311
principal touch parody,311
dying covid 19,310
crisis covid 19,310
school principal touch,309
thelegallowdown law court,309
law court lawyer,309
court lawyer lawfirm,309
lawyer lawfirm justice,309
lawfirm justice legal,309
justice legal case,309
legal case ip,309
case ip scotus,309
ip scotus tort,309
scotus tort covid19,309
tort covid19 cybersecurity,309
covid19 cybersecurity technology,309
said yale physician,307
supports hcq treatment,307
nuevos casos positivos,305
covid 19 shuts,305
entertain empower educate,304
empower educate talk,304
0208 090 2121,304
090 2121 hello,304
2121 hello fantasticradio,304
hello fantasticradio co,304
fantasticradio co uk,304
co uk fantasticradiouk,304
uk fantasticradiouk homeofpossibilities,304
fantasticradiouk homeofpossibilities believeyourpossibilities,304
homeofpossibilities believeyourpossibilities stayhomesafelives,304
overcount coronavirus deaths,304
believeyourpossibilities stayhomesafelives buy,303
stayhomesafelives buy song,303
yale physician supports,303
inhibitor sars coronavirus,302
physician supports hcq,302
hcq treatment covid,301
misstating said yale,301
coronaviruspandemic covid19india coronavirus,300
covid 19 recovery,300
august 03 2020,300
covid_19 covid19 coronavirus,299
evidence hcq helps,299
gates funded foundation,299
shuts cnn hack,299
covid 19 outbreaks,298
acabo enterar tener,298
bill gates funded,298
funded foundation board,298
19 shuts cnn,298
sars coronavirus infection,297
educate talk us,297
talk us 0208,297
us 0208 090,297
n25 000 covid,297
risk covid 19,296
handling covid 19,296
contre covid 19,295
since covid 19,295
hcq helps coronavirus,295
cnn hack video,295
vaksin covid 19,294
covid 19 vía,294
tedros adhanom ghebreyesus,294
potent inhibitor sars,293
know covid 19,293
sweden covid 19,293
covid 19 concerns,292
covid 19 patient,292
cruise ships hit,292
helps coronavirus pushes,292
sits bill gates,292
first line covid,291
update covid 19,291
says evidence hcq,291
coronavirus pushes vaccine,291
rise covid 19,290
enterar tener gusto,289
birx says evidence,289
pushes vaccine sits,289
change world right,288
getting covid 19,288
foundation board video,287
coronavirus infection spread,286
vaccine sits bill,286
covid 19 hospital,285
parody video covid,285
covid 19 10,283
hit coronavirus weeks,282
coronavirus weeks industry,282
new cases confirmed,282
effects covid 19,281
ships hit coronavirus,281
covid 19 dan,281
chloroquine potent inhibitor,280
world right away,280
covid 19 méxico,280
re misstating said,280
vaccine change world,279
free covid 19,279
weeks industry restarts,279
watch alabama high,279
covid 19 venezuela,279
story pandemic bad,279
surge covid 19,278
organización mundial salud,278
luisplanas vonderleyen sanchezcastejon,278
vonderleyen sanchezcastejon jmrdezuribes,277
louie gohmert daughter,276
coronavirus vaccine change,276
patients nursing homes,276
coronavirus video via,276
contagio covid 19,272
coronavirus pandemic extraordinarily,272
go back school,271
struggle schools reopen,269
detect covid 19,268
parents struggle schools,268
top story pandemic,268
covid 19 safety,267
lord amp taylor,266
coronavirus sick leave,266
muertos covid 19,265
silver bullet covid,265
coronavirus disease 2019,264
kids back school,264
mail in voting,263
dozens test positive,262
covid 19 updates,261
due coronavirus pandemic,260
researchers find coronavirus,260
gnbcentinelasdelpueblo fanb regresoseguroalapatria,258
find coronavirus stays,258
persuade americans take,257
covid 19 lockdowns,257
covid 19 silver,257
major incident declared,256
covid 19 dead,256
coronavirus stays ear,256
next mandatory ear,256
mandatory ear muffs,256
double lung transplant,254
best persuade americans,254
stays ear next,254
quizás nunca cura,253
go researchers find,253
ear next mandatory,253
clinical trials best,252
trials best persuade,252
usa northamerica cases,252
mundo covid 19,250
considering unilateral action,250
sign petition via,249
st louis cardinals,249
americans take covid,248
covid 19 every,248
despite covid 19,247
never covid 19,247
holding clinical trials,246
like covid 19,245
19 silver bullet,245
tested negative virus,244
daily cases increase,244
time covid 19,244
warns coronavirus pandemic,244
destroy usps amp,244
usps amp soc,244
amp soc sec,244
deliberately stall stimulus,244
stall stimulus bill,244
8m infected unmaga,244
children spread covid,243
coronavirus extraordinarily widespread,243
covid 19 mundo,242
news coronavirus iran,241
suggests young children,241
treating covid 19,240
pasien covid 19,239
victim tested negative,239
covid 19 norwegian,239
19 norwegian cruise,239
covid 19 us,238
warns may never,238
youngest coronavirus victim,237
bulls death sport,237
indiafightscorona stayhome staysafe,236
eagles head coach,236
coronavirus victim tested,236
covid 19 news,236
slow spread covid19,236
covid 19 would,235
rlf 100 via,235
evidence suggests young,235
young children spread,235
yale holding clinical,235
sanchezcastejon jmrdezuribes nomásayudastauromaquia,235
100 via nypost,234
trump covid 19,234
new evidence suggests,234
restrictions coronavirus sick,234
nation mourns covid,233
mourns covid 19,233
state health department,232
000 dead americans,232
may never covid,232
sport amid coronavirus,232
monetary incentive overcount,231
government response covid,231
oregon youngest coronavirus,230
government yale holding,230
incentive overcount coronavirus,229
past 24 hours,229
19 dead boris,229
dead boris johnson,229
boris johnson time,229
death sport amid,229
negative virus video,228
bullet covid 19,228
petition stop stabbing,228
coronavirus dozens test,228
trump blasts birx,228
blasts birx warns,228
covid19 last days,227
covid19india coronavirus indiafightscorona,227
coronavirus indiafightscorona stayhome,227
covid 19 efficiently,227
talvez nunca exista,227
hack video via,227
covid19 bot covid19,226
bot covid19 last,226
last days stats,226
federal government yale,226
johnson time triumphalism,226
creating public health,226
director acknowledges hospitals,225
daily coronavirus cases,225
number coronavirus cases,224
2020 08 03,224
000 per day,224
sa covid 19,223
acknowledges hospitals monetary,223
obat covid 19,223
confirmados covid 19,223
first time india,223
coronavirus sars cov,223
health crisis canada,223
covid 19 still,222
total confirmed cases,222
79 year old,222
pela covid 19,222
school district test,222
district test positive,222
safely reopening schools,221
19 death toll,221
19 efficiently adults,221
says silver bullet,221
head coach doug,220
covid 19 may,220
fighting covid 19,220
pandemic enters new,220
lucha covid 19,220
150 000 americans,219
cross 50 000,219
per day mark,219
no silver bullet,219
curing covid 19,218
cdc director acknowledges,218
lunes agosto 2020,218
trump considering unilateral,218
filer thelegallowdown law,218
covid 19 brasil,217
au covid 19,217
recoveries cross 50,217
50 000 per,217
mark first time,217
think covid 19,216
covid 19 real,216
reported today utc,216
today utc time,216
day mark first,216
affected covid 19,215
américa latina caribe,215
prevent covid 19,215
casos positivos coronavirus,215
covid 19 show,215
victim blames trump,215
patients covid 19,214
19 relief bill,214
confirmed coronavirus cases,214
nunca cura covid,214
zapier app checkout,213
uk government response,213
treat covid 19,213
news coronavirus covid19,213
canada experts say,213
year old coronavirus,213
1918 flu masks,213
board video via,213
coronavirus relief continues,213
global covid 19,212
covid 19 transmission,212
teen loses parents,212
covid 19 spike,212
spike covid 19,212
severe covid 19,212
unilateral action stalemate,212
stalemate coronavirus relief,212
want see must,211
see must zapier,211
must zapier app,211
app checkout sale,211
checkout sale 90,211
sale 90 curing,211
90 curing covid,211
covid 19 hoax,211
coronavirus surge via,211
action stalemate coronavirus,211
harmed uk government,210
potential covid 19,210
coronavirus covid_19 covid19,209
called covid 19,209
covid 19 world,209
covid 19 yang,208
debate begins first,208
superintendent safely reopening,208
secrecy harmed uk,208
2019 covid 19,208
desarrollaron inmunidad rt,208
old coronavirus victim,208
arizona superintendent safely,207
reopening schools it,207
contagiados covid 19,207
combate covid 19,207
flu masks lessons,207
lessons coronavirus pandemic,207
coronavirus victim blames,207
got covid 19,206
schools it fantasy,206
crisis says top,206
vaccine liability claims,206
pandemic news coronavirus,206
coronavirus recoveries cross,206
covid 19 begins,206
told congregants afraid,206
congregants afraid coronavirus,206
masks lessons coronavirus,206
election nation grapples,206
frente covid 19,205
cas covid 19,205
coronavirus relief package,205
19 crisis says,204
says top scientist,204
for covid 19,204
global pandemic news,204
long term care,204
covid 19 could,204
covid 19 dengan,203
000 americans dead,203
crazy nancy pelosi,203
obituary 79 year,203
vaccine covid 19,202
coronavirus covid19 protests,202
crisis canada experts,202
impassioned obituary 79,202
000 casos coronavirus,201
gov greg abbott,201
covid 19 health,201
masks social distancing,201
tropical storm isaias,201
covid 19 emergency,201
covid 19 protocols,200
back to school,200
surge via ladyfreethinker,200
tener gusto sintoma,199
gusto sintoma coronavirus,199
news covid 19,199
spend big coronavirus,199
big coronavirus relief,199
bbc news mundo,199
coronavirus ravages nation,199
blames trump death,199
sintoma coronavirus espero,197
18 lakh mark,197
house considering unilateral,197
covid 19 survivors,196
new phase pandemic,196
covid 19 changed,196
afraid coronavirus hospitalized,196
blocking coronavirus aid,196
lose ground 2020,196
nancy pelosi blocking,196
pelosi blocking coronavirus,196
latest covid 19,195
congress spend big,195
covid 19 diagnosis,195
the covid 19,195
sewage testing covid,195
fake news cnn,195
2020 election nation,195
negative covid 19,194
white house considering,194
ravages nation economy,194
pastor told congregants,194
ground 2020 election,194
trump crazy nancy,194
week shutdown says,193
covid 19 china,193
disease 2019 covid,193
coronavirus hospitalized covid,193
cegah covid 19,192
coronavirus one day,192
related covid 19,192
shutdown says congress,192
covid 19 na,192
begins first line,191
casos confirmados covid,191
cure covid 19,191
coronavirus cases rise,191
penularan covid 19,191
says congress spend,191
covid 19 spreads,191
causa covid 19,191
karti chidambaram tests,191
3ago gnbcentinelasdelpueblo fanb,191
donald trump crazy,191
covid 19 covid,190
positive coronavirus one,190
000 americans died,190
covid 19 measures,190
fed kashkari suggests,190
of covid 19,190
covid 19 hit,189
covid 19 stimulus,189
000 people died,189
new post coronavirus,189
covid 19 risk,189
19 death rate,188
war covid 19,188
house coronavirus task,188
nicole neumann coronavirus,188
flails coronavirus ravages,188
nation economy stalls,188
director general oms,188
813 casos confirmados,188
texas gov greg,187
realdonaldtrump covid 19,187
kashkari suggests week,187
suggests week shutdown,187
rise coronavirus cases,187
testes covid 19,187
survivors covid 19,187
nuevos casos covid19,186
dio positivo coronavirus,186
19 begins england,186
increased rate psychiatric,186
rate psychiatric disorders,186
443 mil 813,186
million covid 19,185
stop spread coronavirus,185
coronavirus aid bill,185
show increased rate,185
li meng yan,184
19 di indonesia,184
amp covid 19,184
refused wear masks,184
psychiatric disorders study,184
trump ratchets cruelty,184
it fantasy washington,183
covid 19 false,183
reconsigap relawankemdikbud siapadaptasi,183
gnbgdjfl gnboficialve fabiozavarsep,183
sturgis motorcycle rally,182
silver bullet defeat,182
fantasy washington post,181
experts say pandemic,181
might never silver,181
amp low income,181
white middle class,181
recovered covid 19,180
team hong kong,180
19 cases deaths,180
big covid 19,180
nunca bala plata,180
ear muffs via,180
reporter tests positive,180
covid 19 medical,179
treatment may manufactured,179
registrar primera vacuna,179
ccp protect australia,179
using covid 19,178
nunca exista uma,178
19 show increased,178
trying reopen schools,177
reopen schools safely,177
petition via change,177
19 false pandemic,177
congress flails coronavirus,177
may manufactured antibodies,177
oms quizás nunca,177
pelosi covid 19,177
muffs via gatewaypundit,177
one day close,177
siddaramaiah tests positive,177
eagles coach doug,176
19 via youtube,176
brote covid 19,176
plan experts say,176
say pandemic enters,176
day close proximity,176
die coronavirus complications,176
amp economic ruin,176
exempt covid 19,175
covid 19 exposure,175
mandatory covid 19,175
coronavirus solución quizás,175
low income americans,175
disorders study finds,175
pandemic amp economic,175
pass covid19 bills,175
covid19 bills gave,175
bills gave billions,175
poor amp low,175
article amp reuters,174
phase coronavirus pandemic,174
de covid 19,174
19 test results,174
trump pandemic plan,174
pandemic plan despite,174
anti abortion centers,174
claims dr fauci,174
primera vacuna mundo,174
demand real amp,174
rushed pass covid19,174
health care system,173
covid 19 guidelines,173
virus video via,173
exposed covid 19,173
plan despite chilling,173
despite chilling warnings,173
aid bill stuck,173
bill stuck congress,173
criticizes birx pelosi,173
teens florida die,173
real amp relief,173
economic ruin senatemajldr,173
senatemajldr rushed pass,173
gave billions corporations,173
cries poor amp,173
wave covid 19,172
19 vaccines via,172
total covid 19,172
coronavirus sewage testing,172
rusia espera registrar,172
considering unilateral actions,172
birx pelosi covid,172
covid 19 remarks,172
19 remarks pathetic,172
relief pandemic amp,172
ruin senatemajldr rushed,172
doctors truth speak,171
current covid 19,171
keep schools closed,171
peut être jamais,171
jr claims dr,171
unilateral actions coronavirus,171
actions coronavirus aid,171
complacent white middle,171
florida die coronavirus,171
ignores cries poor,171
first global protest,171
people died covid,170
ng covid 19,170
prueba covid 19,170
incident declared greater,170
signs trump pandemic,170
bobby kennedy jr,170
next big covid,170
coronavirus covid19 home,170
covid19 home office,170
home office genera,170
office genera estrés,170
haz pausas periódicas,170
close proximity trump,170
mcconnell demand real,170
amp relief pandemic,170
billions corporations ignores,170
news coronavirus new,169
truth speak madrid,169
going back school,169
covid 19 list,169
declared greater manchester,169
spreading covid 19,169
tests detect covid,169
covid 19 conspiracy,169
safe covid 19,169
masa adaptasi kebiasaan,169
kennedy jr claims,169
corporations ignores cries,169
thenewfederalstateofchina covid19 coronavirus,169
chinese scientist claims,168
19 covid 19,168
uk diners 50,168
stop covid 19,168
help slow spread,168
coronavirus covid19 covid_19,168
19 vaccine liability,168
trump plan experts,168
scheme offering uk,167
offering uk diners,167
superintendent trying reopen,167
quizá nunca cura,167
confinamiento coronavirus covid19,167
calls texas gov,167
443 813 casos,167
new interview bobby,167
interview bobby kennedy,167
covid 19 rusia,166
coronavirus espero gusta,166
jeff gregorich superintendent,166
vaccines via gatewaypundit,166
chilling warnings administration,166
call mcconnell demand,166
income americans silent,166
lawan covid19 kampanyepilkadalawancovid,166
disease covid 19,165
beat covid 19,165
oxford covid 19,165
send kids back,165
warnings administration top,165
months without lockdown,165
19 deaths infections,165
chidambaram tests positive,165
vacuna mundo covid,165
ongoing covid 19,164
without lockdown sweden,164
deaths infections bottom,164
mitigar propagación coronavirus,164
espera registrar primera,164
judge rejects trump,164
trump death calls,164
cases trend30 jul,164
coronavirus live news,163
philadelphia eagles head,163
go back work,163
caso covid 19,163
covid 19 plasma,163
mematuhi protokol kesehatan,163
90 minutes rolled,163
lockdown sweden covid,163
stuck congress sources,163
opsomsmexico demostrado uso,163
demostrado uso cubreboca,163
uso cubreboca provoca,163
cubreboca provoca intoxicación,163
provoca intoxicación hipoxia,163
usarlo ayuda mitigar,163
ayuda mitigar propagación,163
rejects trump restrictions,163
death calls texas,163
people refused wear,163
covid 19 new,162
fantasy jeff gregorich,162
gregorich superintendent trying,162
covid 19 like,162
ogun state government,162
small businesses may,162
hospital forgot bill,162
bill coronavirus test,162
healthcare costs ahead,162
19 treatment may,162
19 10 días,162
intoxicación hipoxia advierte,162
hipoxia advierte usarlo,162
advierte usarlo ayuda,162
trump restrictions coronavirus,162
sorry fantasy jeff,161
90 minute coronavirus,161
prevención covid 19,161
bullet defeat coronavirus,161
