gram,counts
covid 19 cases,9461
covid 19 pandemic,7828
covid 19 vaccine,7216
first covid 19,4024
19 vaccine tested,3772
vaccine tested us,3631
positive covid 19,3214
casos covid 19,3000
shows promising immune,2950
promising immune response,2947
us shows promising,2930
immune response ahead,2919
tested us shows,2822
ahead large trial,2815
response ahead large,2813
due covid 19,2598
covid 19 deaths,2566
covid 19 patients,2511
new covid 19,2446
covid 19 testing,2125
covid 19 crisis,1754
covid 19 test,1741
coronavirus cover up,1717
coronavirus covid 19,1713
amid covid 19,1695
vacuna covid 19,1573
covid 19 via,1558
cases covid 19,1495
hospitals bypass cdc,1494
new coronavirus cases,1455
covid 19 data,1353
hong kong virologist,1327
we much time,1314
da covid 19,1304
claiming coronavirus cover,1302
virologist claiming coronavirus,1301
bill hemmer reports,1301
kong virologist claiming,1299
cover up tells,1298
tells bill hemmer,1295
up tells bill,1294
reports we much,1292
hemmer reports we,1290
covid 19 death,1264
pandemia covid 19,1221
spread covid 19,1202
covid 19 di,1178
covid 19 response,1166
positivo covid 19,1157
truth ccp virus,1154
últimas 24 horas,1128
spread truth ccp,1128
pls spread truth,1127
impact covid 19,1124
tested positive covid,1033
bbc news coronavirus,1022
florida covid 19,1005
covid 19 positive,988
covid 19 virus,979
coronavirus live updates,978
contagios covid 19,973
covid 19 outbreak,932
negative covid 19,922
july 14 2020,904
virus hong kong,877
ccp virus hong,873
fox 35 investigates,869
new york times,850
covid 19 tests,843
muertes covid 19,837
covid 19 coronavirus,830
pandemi covid 19,817
get covid 19,814
tests positive covid,792
covid 19 update,791
died covid 19,788
cdc covid 19,773
covid 19 relief,763
test positive covid,755
response covid 19,740
tested positive coronavirus,738
chinese communist party,722
bypass cdc covid,722
tells hospitals bypass,705
florida department health,702
14 07 2020,692
muestra resultados prometedores,691
house tells hospitals,688
covid 19 impact,680
covid 19 results,678
white house tells,676
poised final testing,672
fight covid 19,671
covid 19 em,649
covid 19 could,646
last 24 hours,640
covid 19 creada,639
covid 19 situation,638
amid coronavirus pandemic,636
covid 19 report,635
ee uu muestra,632
uu muestra resultados,629
rising covid 19,625
14 julio 2020,624
nuevos casos coronavirus,617
tests positive coronavirus,605
covid 19 symptoms,602
labs reported negative,602
health says labs,599
covid 19 spread,598
says labs reported,598
reported negative covid,597
department health says,596
post covid 19,592
coronavirus vaccine trial,592
nuevos casos covid,590
creada ee uu,590
19 creada ee,587
covid 19 infections,586
adaptasi kebiasaan baru,586
positivos covid 19,581
could worse first,581
000 covid 19,578
covid 19 lockdown,575
get worse worse,573
covid 19 case,573
new cases covid,569
us poised final,569
tested us poised,568
pacientes covid 19,567
tested positive covid19,563
19 data reporting,550
35 investigates florida,548
investigates florida department,547
gt gt gt,542
dr anthony fauci,531
covid 19 related,529
test positive coronavirus,527
new covid19 cases,527
worse worse worse,526
positif covid 19,516
masks offer much,516
offer much protection,513
reality trump false,512
dio positivo coronavirus,511
trump false claims,509
patients nursing homes,508
much protection coronavirus,507
protection coronavirus many,506
coronavirus task force,502
coronavirus many think,502
covid 19 infection,500
covid 19 numbers,497
investigation reveals inflated,497
penyebaran covid 19,495
covid 19 amp,493
com covid 19,493
infected covid 19,492
new york state,492
reveals inflated florida,492
surge coronavirus cases,490
dies covid 19,490
35 investigation reveals,490
pandemic could get,489
biological chemical weapons,488
chemical weapons produced,488
slaughtering loved family,488
loved family friends,488
weapons produced chinese,487
produced chinese communist,487
communist party slaughtering,487
party slaughtering loved,487
fox 35 investigation,487
wave coronavirus could,486
lost health insurance,486
covid 19 recovery,485
tested covid 19,485
new coronavirus inspired,485
battle covid 19,484
number covid 19,479
coronavirus inspired artwork,479
florida coronavirus numbers,479
inflated florida coronavirus,478
shuts choosing reality,476
retweet save lives,475
family friends every,474
friends every retweet,474
every retweet save,474
inspired artwork appears,473
ordered hospitals bypass,473
choosing reality trump,470
sign petition via,466
artwork appears tube,465
labs reporting negative,465
negative test results,462
winter wave coronavirus,461
port du masque,459
america shuts choosing,459
virus covid 19,455
banksy new coronavirus,455
moderna coronavirus vaccine,454
casos positivos covid,451
save lives lives,451
lives lives matter,451
team otb team,451
otb team otb,450
coronavirus could worse,449
florida labs reporting,444
contagio covid 19,440
reporting negative test,440
wear face masks,439
die covid 19,435
control coronavirus data,434
says coronavirus vaccine,433
coronavirus covid19 sarscov2,428
state covid 19,428
robust immune response,428
home covid 19,423
india mitega india,423
update florida labs,423
total covid 19,419
test results report,419
martes 14 julio,417
test covid 19,416
equities tech stocks,415
tech stocks particular,415
stocks particular have,415
particular have powered,415
have powered higher,415
powered higher since,415
higher since march,415
since march lows,415
march lows investors,415
lows investors still,415
investors still parsing,415
still parsing q2,415
parsing q2 earnings,415
q2 earnings coming,415
earnings coming election,415
coming election rising,415
election rising covid,415
confirmed covid 19,414
hit covid 19,414
coronavirus update florida,411
covid 19 risks,411
covid 19 hoax,410
results report says,406
covid 19 través,404
moderna covid 19,404
produced robust immune,403
covid 19 may,399
population coronavirus covid19,397
covid19 sarscov2 forecast,397
du covid 19,396
sign covid 19,396
effects covid 19,395
covid 19 restrictions,394
kids back school,394
new death population,390
death population coronavirus,390
país peor gestionado,389
coronavirus cases rise,388
us covid 19,384
trial produced robust,384
go back school,383
risk covid 19,383
vaccine trial produced,383
deaths covid 19,382
españa país peor,382
peor gestionado pandemia,382
covid 19 covid19,381
mitega india mitega,377
normal life back,376
million covid 19,376
think covid 19,374
free covid 19,374
administration ordered hospitals,374
countries normal life,372
get coronavirus control,369
trump administration ordered,369
chinese virologist accuses,367
virologist accuses beijing,367
beijing coronavirus cover,366
new york city,365
crisis covid 19,364
2020 covid 19,363
coronavirus death ratio,362
death ratio world,362
hospitalized covid 19,361
mortes covid 19,361
worst coronavirus death,361
mistakes florida covid,361
biden obama stopped,360
trump administration strips,357
wear face mask,356
state higher nation,355
higher state higher,354
parents sign covid,353
19 death waiver,353
surge covid 19,352
120 000 covid,352
failure new york,352
missouri school district,351
penanganan covid 19,350
york state governor,350
people wear masks,348
ฐบาลส นต นคนเช,348
นต นคนเช ยร,348
นคนเช ยร นต,348
19 test results,348
ratio world higher,348
pruebas covid 19,347
india covid 19,347
state governor cuomo,347
world higher state,347
bypass cdc send,347
produjo anticuerpos neutralizaron,347
death waiver children,346
could get coronavirus,345
governor cuomo worst,345
cuomo worst coronavirus,345
19 cases rise,344
people covid 19,343
handling covid 19,343
covid 19 patient,343
president donald trump,342
total failure new,342
black lives matter,341
accuses beijing coronavirus,340
since covid 19,340
flees hong kong,339
stop covid 19,339
coronavirus face coverings,338
centers disease control,338
face coverings england,336
sebastianstanisoverparty 14juillet exposedfilipinho,336
14juillet exposedfilipinho yoveosalvame,336
exposedfilipinho yoveosalvame covid19,336
know treat whistleblowers,335
epicenter cases surge,335
yoveosalvame covid19 map_of_the_soul_7_the_journey,335
covid19 map_of_the_soul_7_the_journey prevencionesvida,335
cover up flees,334
up flees hong,334
hong kong know,334
due coronavirus pandemic,334
kong know treat,333
miami coronavirus epicenter,333
public health experts,332
state security forces,332
coverings england shops,331
england shops compulsory,329
shops compulsory 24,329
compulsory 24 july,329
tuesday july 14,329
amid coronavirus surge,328
spike covid 19,328
coronavirus covid19 quédateencasa,328
vaccine shows promising,328
dio positivo covid,327
florida hospital admits,326
coronavirus epicenter cases,324
covid positivity rate,324
petition via change,323
contracting covid 19,323
exclusive chinese virologist,322
covid 19 control,321
number coronavirus cases,321
strips control coronavirus,320
vacina covid 19,319
long term care,319
administration strips control,319
wave covid 19,318
coronavirus disease 2019,318
coronavirus vaccine shows,317
america drank away,316
fear 120 000,316
drank away children,315
experts fear 120,315
hospitals confirm mistakes,314
confirm mistakes florida,314
house to house,313
none us lie,313
hospital admits covid,312
admits covid positivity,312
coronavirus produjo anticuerpos,312
away children future,311
positivity rate 10x,311
rate 10x lower,311
new cases coronavirus,310
entertain empower educate,307
empower educate talk,307
0208 090 2121,307
090 2121 hello,307
2121 hello fantasticradio,307
hello fantasticradio co,307
fantasticradio co uk,307
co uk fantasticradiouk,307
uk fantasticradiouk homeofpossibilities,307
fantasticradiouk homeofpossibilities believeyourpossibilities,307
homeofpossibilities believeyourpossibilities stayhomesafelives,307
believeyourpossibilities stayhomesafelives buy,307
stayhomesafelives buy song,307
catch covid 19,307
covid 19 mundo,307
increase covid 19,306
live updates states,306
updates states look,306
10x lower first,306
orders hospitals bypass,305
top story coronavirus,304
120 000 deaths,304
combate covid 19,303
show covid 19,303
testing covid 19,302
hunde sánchez españa,302
educate talk us,301
talk us 0208,301
us 0208 090,301
sánchez españa país,301
โคว ด19 covid19,300
covid 19 less,299
ruso covid 19,298
states look returning,298
anunció vacuna coronavirus,298
vacuna coronavirus produjo,298
covid 19 world,297
look returning lockdown,297
coronavirus face masks,296
cambridge hunde sánchez,295
disease control prevention,294
dying covid 19,294
face covid 19,294
lower first reported,294
quédateencasa 14dejulio méxico,293
covid 19 still,291
wearing face masks,291
35 investigates hospitals,291
confirmados covid 19,290
distrito capital miranda,290
latest covid 19,290
much much worse,289
says covid 19,288
2019 covid 19,288
covid 19 real,287
14dejulio méxico yoalos18,287
covid 19 sign,286
health care workers,285
covid 19 outbreaks,285
covid 19 surge,284
anticuerpos neutralizaron enfermedad,284
covid 19 vía,282
coronaviruspandemic covid19india coronavirus,281
world health organization,281
covid 19 risk,281
frente covid 19,280
2020 07 14,279
masks social distancing,279
infected coronavirus womb,279
moderna anunció vacuna,279
like covid 19,278
investigates hospitals confirm,278
casos confirmados coronavirus,277
fallecidos covid 19,276
shows promising results,276
could get much,276
time covid 19,275
hong kong disneyland,275
mystification révolutionnaire notre,275
révolutionnaire notre nouveau,275
notre nouveau roi,275
nouveau roi soleil,275
roi soleil qui,275
si ingénieusementà masquer,275
ingénieusementà masquer toutes,275
masquer toutes trop,275
toutes trop légitimes,275
trop légitimes et,275
légitimes et citoyennes,275
et citoyennes colères,275
game show host,274
muertos covid 19,274
19 sign petition,272
rise covid 19,271
covid 19 safety,271
get much much,271
numbers via breitbartnews,271
14 july 2020,269
coronavirus numbers via,269
update covid 19,267
despite covid 19,267
news covid19 coronavirus,267
casos confirmados covid,266
americans lost health,266
covid 19 updates,266
fighting covid 19,265
coronavirus death toll,265
face masks coverings,265
mematuhi protokol kesehatan,264
000 covid deaths,264
covid 19 país,263
contagiados covid 19,263
causa covid 19,263
million americans lost,262
covid19 coronavirus cybersecurity,261
know covid 19,261
information washington database,261
covid 19 would,260
disease 2019 covid,260
warns covid 19,259
texas coronavirus numbers,259
soleil qui œuvrait,259
qui œuvrait si,259
œuvrait si ingénieusementà,259
top 13 million,258
000 new cases,258
uk experts fear,258
much worse must,258
covid 19 puede,257
gnboficial gnbgdjfl fabiozavarsep,257
worse must act,257
19 deaths winter,256
news coronavirus face,256
usa northamerica cases,256
covid 19 así,255
coronavirus numbers show,255
work home covid,254
ccp virus exclusive,254
virus exclusive chinese,254
covid 19 new,254
19 less lethal,254
drugs beds ventilators,254
covid 19 health,253
new cases confirmed,253
138 000 covid,253
published phase study,253
two flu seasons,253
indiafightscorona stayhome staysafe,252
kasus covid 19,251
numbers show covid,251
higher nation via,251
nation via gatewaypundit,251
last two flu,251
immunity covid 19,250
penularan covid 19,250
story coronavirus live,250
combatir covid 19,250
results published phase,250
hospitals running drugs,249
running drugs beds,249
affected covid 19,248
first time since,247
wear damn mask,245
covid 19 treatment,245
severe covid 19,245
trump said coronavirus,244
casos positivos coronavirus,244
dec coronavirus appeal,244
returning lockdown see,244
stunning texas coronavirus,244
cases top 13,243
texas education agency,243
amp covid 19,243
one wants americans,243
cdc send key,243
send key coronavirus,243
contracted covid 19,242
list covid 19,242
coverings compulsory england,242
19 deaths world,242
key coronavirus information,242
nuevos casos positivos,241
vaccine covid 19,241
daily covid 19,241
covid 19 probada,241
federal stockpile thin,241
education agency tell,240
tea allow teachers,240
donald trump said,240
students work home,239
covid 19 méxico,239
cegah covid 19,239
agency tell tea,238
tell tea allow,238
allow teachers students,238
teachers students work,238
may get worse,238
second wave covid,238
covid 19 vaccines,238
compulsory england shops,238
pela covid 19,237
wearing face mask,237
texas hospitals running,237
cdc coronavirus data,237
less lethal last,237
covid19 last days,236
hong kong scientist,236
nivel cuarentena radical,236
cases 138 000,236
coronavirus indiafightscorona stayhome,235
past 24 hours,235
combat covid 19,235
covid 19 spike,235
covid19 bot covid19,234
bot covid19 last,234
last days stats,234
covid19india coronavirus indiafightscorona,234
aumento casos covid,234
au covid 19,234
masks coverings compulsory,234
deaths total covid,234
beds ventilators even,234
trumpvirus trumpvirus trumpvirus,234
stopped coronavirus testing,233
19 pandemic could,233
badly hit covid,233
19 cases 138,233
coronavirus information washington,233
central database washington,233
getting covid 19,232
states lead world,232
covid deaths total,232
claves éxito cuba,232
lethal last two,232
recovered covid 19,231
today covid 19,231
fármaco ruso covid,231
united states international,231
states international lockdown,231
international lockdown one,231
lockdown one wants,231
wants americans countries,231
americans countries states,231
countries states lead,231
lead world far,231
world far million,231
far million covid,231
deaths world winning,231
world winning trump,231
andy kusnetzoff coronavirus,231
pasien covid 19,230
world covid 19,230
memutus mata rantai,230
losing battle covid,230
ventilators even staff,230
said coronavirus testing,230
éxito cuba coronavirus,230
coronavirus cases soar,229
obama stopped testing,229
could get worse,229
long term effects,228
please wear mask,228
case covid 19,228
lost instruction outweighs,228
covid 19 news,228
icu nurse hospitalized,228
nurse hospitalized covid,228
school district asks,228
district asks parents,228
coronavirus cases surge,227
covid 19 hospital,227
lucha covid 19,227
covid19 positive cases,227
mortality counts reported,227
asks parents sign,227
thin amid coronavirus,227
14 juli 2020,226
pay rises worth,226
distance wash hands,226
harm lost instruction,226
instruction outweighs covid,226
outweighs covid 19,226
total confirmed cases,226
must wear face,225
help world vulnerable,225
19 covid 19,225
china coronavirus incidence,225
stockpile thin amid,225
volunteers immune systems,225
company says coronavirus,225
testing even though,224
19 cases surge,224
second wave coronavirus,223
obama stopped coronavirus,223
counts reported cdc,223
take covid 19,222
incidence mortality counts,222
patient information central,222
wash hands often,221
recover covid 19,221
reasons china coronavirus,221
coronavirus incidence mortality,221
first vaccine tested,221
prueba covid 19,220
rantai penyebaran covid,220
send kids back,220
slow spread covid19,220
believe donald trump,220
information central database,220
rises worth 8bn,219
coronavirus testing even,219
rate covid 19,219
covid 19 covid,219
data covid 19,219
millions lives stake,219
three reasons china,219
19 testing negative,219
boosted volunteers immune,219
appeal help world,218
related covid 19,218
find something new,218
everyone wears mask,218
nuevos casos covid19,217
got covid 19,217
help slow spread,217
mata rantai penyebaran,216
covid 19 na,216
bypass cdc coronavirus,216
even though exist,215
от covid 19,215
bbc news mundo,215
cuba coronavirus verás,215
blame obama coronavirus,214
schools covid 19,214
gnbgdjfl fabiozavarsep gnboficial,214
promising results published,214
masque obligatoire dans,213
obama coronavirus pandemic,213
coronavirus pandemic worsens,213
covid 19 florida,213
covid 19 one,213
health workers given,211
current covid 19,211
covid 19 going,211
wear face covering,211
2bn rescue deal,211
immune systems hoped,211
moderna shares jump,211
16 company says,211
classes entirely online,210
quedateencasa sebastianstanisoverparty 14juillet,210
trials covid 19,209
shares jump much,209
directs blame obama,208
lieux publics clos,208
exclusive three reasons,208
coronavirus boosted volunteers,208
jump much 16,208
much 16 company,208
half covid 19,207
prevenir covid 19,207
news banksy new,207
though exist administration,206
patients covid 19,206
prevent covid 19,206
public health officials,206
trump complains biden,205
coronavirus appeal help,205
okowa wife daughter,205
compran fármaco ruso,205
fix covid 19,205
complains biden obama,204
investigate wuhan lab,204
sa covid 19,203
covid_19 coronavirus covid19,203
potential covid 19,203
tests covid 19,202
france health workers,202
testing positive covid,202
himbauan kepada masyarakat,202
masa adaptasi kebiasaan,202
36 mil 327,202
human clinical trials,201
causa pandemia coronavirus,201
wo believe donald,201
stay home much,200
tally crosses lakh,200
cero muertes covid,200
lied people died,200
send coronavirus patient,200
covid 19 diagnosis,199
protokol kesehatan dalam,199
wuhan lab coronavirus,199
texas icu nurse,199
coronavirus data speaks,197
covid 19 spreading,197
cases surge expert,197
covid 19 mother,197
control weeks everyone,197
coronavirus california reimposes,196
kong scientist claiming,196
keep safe distance,196
memberikan himbauan kepada,196
daily cases increase,196
gnbypueblovenceremos fanb prevenciónesvida,196
given pay rises,195
scientist claiming china,195
claiming china covered,195
get badly hit,195
agar mematuhi protokol,195
china cero muertes,195
california reimposes sweeping,194
coronavirus france health,194
workers given pay,194
china covered coronavirus,194
covered coronavirus data,194
trump directs blame,194
even covid 19,194
back covid 19,194
surge expert says,194
rule would required,194
global covid 19,193
reimposes sweeping restrictions,193
new cases reported,193
covid 19 guidelines,193
large house party,193
kepada masyarakat agar,193
reported cdc likely,193
covid19 quédateencasa 14dejulio,193
guna memutus mata,192
hospitals report coronavirus,192
19 death toll,192
covid 19 epidemic,192
confirmed coronavirus cases,192
reported today utc,192
today utc time,192
covid 19 dumpster,192
19 dumpster fire,192
florida get badly,191
coronavirus cases linked,191
tiempos covid 19,191
covid 19 cero,191
cdc likely fraudulent,191
bbc news banksy,191
required international students,191
sweeping restrictions amid,190
regarding covid 19,190
testing positive coronavirus,190
kebiasaan baru guna,190
19 cero contagios,190
says could get,190
primera vacuna covid,190
cases trend10 jul,190
amid virus spike,189
cas covid 19,189
caso covid 19,189
masyarakat agar mematuhi,189
baru guna memutus,189
cero contagios locales,189
world vulnerable face,189
covid 19 14jul,189
international students transfer,189
would required international,189
shoppers england must,188
england must wear,188
help hospitals report,188
coronavirus florida get,188
brote covid 19,188
vulnerable face covid,188
311 mil 486,188
restrictions amid virus,187
send covid 19,187
coronavirus covid19 nuevanormalidad,187
lab coronavirus kept,187
entirely online fall,187
covid 19 protocols,186
highest single day,186
zero covid 19,186
covid 19 venezuela,186
covid 19 millions,186
méxico yoalos18 covid,186
control covid 19,185
news coronavirus covid19,185
covid 19 transmission,185
face masks 24,184
diagnosed covid 19,184
covid 19 people,184
prevención covid 19,184
país pegado china,184
soar million days,184
leave country colleges,184
pandemia coronavirus desestabilización,184
coronavirus desestabilización finanzas,184
desestabilización finanzas familias,184
finanzas familias veracruzanas,184
familias veracruzanas pues,184
veracruzanas pues estima,184
pues estima 70,184
estima 70 ciento,184
70 ciento población,184
ciento población caos,184
población caos económico,184
caos económico gobiernover,184
económico gobiernover hace,184
303 nuevos casos,184
believe covid 19,183
end covid 19,183
spreading covid 19,183
crisis may get,183
news covid 19,183
covid 19 tally,183
impacted covid 19,183
world new coronavirus,183
worse worse cases,183
worse cases top,183
másdecesosycontagios causa pandemia,183
gobiernover hace ayudar,183
hace ayudar familias,183
report coronavirus data,182
19 cases deaths,182
19 millions lives,182
lives stake help,182
ccp lied people,182
rescinded rule would,182
recovery covid 19,181
people tested positive,181
kesehatan dalam masa,181
pegado china cero,181
one two months,181
transfer schools leave,181
schools leave country,181
country colleges hold,181
colleges hold classes,181
hold classes entirely,181
exceed coronavirus deaths,180
covid 19 yang,180
see 120 000,180
contract covid 19,180
dalam masa adaptasi,180
colombia perú brasil,180
países compran fármaco,180
masks 24 july,179
july 13 2020,179
safe distance wash,179
hands often cover,179
new cases recorded,179
trump administration rescinded,179
coronavirus shoppers england,178
weekend shooting victims,178
covid 19 peak,178
fauci says coronavirus,178
county covid 19,178
disease covid 19,178
covid 19 brasil,178
coronavirus últimas 24,178
linked one large,178
impacts covid 19,178
méxico colombia perú,178
perú brasil países,178
first reported news,178
students transfer schools,178
cdc says could,178
contain covid 19,177
wear fucking mask,177
cases linked one,177
first recorded case,177
much keep safe,176
second wave risk,176
go back work,176
covid 19 propaganda,176
pariaman memberikan himbauan,176
brasil países compran,176
covid 19 avifavir,176
coronavirus control weeks,176
much time foxnews,175
nyc weekend shooting,175
28 498 new,175
contre covid 19,175
coronavirus cases state,175
one large house,175
coronatimo coronafarsa genocidio,175
sntesalud el cubrebocas,175
home much keep,174
often cover cough,174
article amp reuters,174
covid 19 information,174
covid 19 exposure,174
said covid 19,173
covid 19 says,173
covid 19 even,173
pandemic news coronavirus,173
coronainfoch covid19 corona,173
news winter wave,173
mongolia país pegado,173
child contracting covid,173
cases soar million,173
coronavirus verás med,173
coronavirus live news,172
spike coronavirus cases,172
coronavirus crisis may,172
19 via youtube,172
000 americans dead,172
could see 120,172
people died coronavirus,172
padang pariaman memberikan,172
experimental covid 19,172
runny nose nausea,172
cubrebocas forma efectiva,172
forma efectiva frenar,172
account one fifth,172
