gram,counts
covid 19 pandemic,8934
covid 19 cases,5336
href rel nofollow,4196
true href rel,4131
rel nofollow twitter,3493
covid 19 crisis,3324
coronavirus covid 19,3048
due covid 19,2857
covid 19 patients,2715
covid 19 deaths,2519
nofollow twitter web,2514
casos covid 19,2376
obamagate obamagate obamagate,2328
twitter web app,2130
new covid 19,2070
positive covid 19,1991
covid 19 testing,1987
towards cashless society,1932
covid 19 via,1851
covid 19 lockdown,1826
covid 19 outbreak,1718
covid 19 response,1691
new coronavirus cases,1601
bbc news coronavirus,1591
amid covid 19,1552
trumpvirus trumpvirus trumpvirus,1463
da covid 19,1454
fight covid 19,1434
covid 19 di,1432
covid 19 death,1422
cashless society know,1416
covid 19 cure,1409
covid 19 vaccine,1402
coronavirus death toll,1317
impact covid 19,1282
covid 19 coronavirus,1267
cashless society did,1264
cases covid 19,1231
may 11 2020,1231
pandemi covid 19,1206
response covid 19,1198
pandemia covid 19,1178
funding coronavirus researcher,1088
cuts funding coronavirus,1082
possible covid 19,1075
covid 19 test,1068
covid 19 update,1055
tested positive coronavirus,1047
du covid 19,1045
सह कड बत,1034
covid19 सह कड,1017
new york times,997
administration cuts funding,995
कड बत kejriwalstoplyingoncoviddeaths,983
covid 19 covert,982
19 covert id,981
trump administration cuts,976
post covid 19,974
jeopardizing possible covid,971
मन आओ covid19,971
आओ covid19 सह,964
spread covid 19,964
white house coronavirus,962
covid 19 virus,952
11 05 2020,951
arvindkejriwal मन आओ,948
go back work,936
coronavirus live updates,878
covid 19 relief,875
know jesus spoke,867
heading towards future,860
id heading towards,860
covert id heading,860
society did know,860
future cashless society,860
towards future cashless,860
amid coronavirus pandemic,834
últimas 24 horas,816
know bible spoke,809
coronavirus researcher jeopardizing,803
nofollow twitter android,796
researcher jeopardizing possible,789
virus covid 19,784
covid 19 positive,782
covid 19 impact,780
covid 19 infection,756
society know bible,747
11 mayo 2020,736
covid 19 vía,728
died covid 19,717
wuhan reports first,716
covid 19 restrictions,713
covid 19 recovery,705
nuevos casos coronavirus,690
tests positive coronavirus,679
coronavirus testing contract,672
society know jesus,669
133m coronavirus testing,669
80 000 americans,665
covid 19 mortality,661
covid 19 related,654
covid 19 tests,654
testing contract unopposed,650
covid 19 em,649
new york city,649
crisis covid 19,648
us covid 19,647
healthcare firm advised,647
owen paterson 133m,644
paterson 133m coronavirus,643
covid 19 could,637
tested positive covid,635
last 24 hours,635
advised owen paterson,630
positif covid 19,629
firm advised owen,629
coronavirus rates spiking,619
gt gt gt,618
covid 19 case,612
covid 19 may,606
cashless society hear,605
nothing cdc trust,601
covid 19 patient,598
spreading fake news,584
die covid 19,581
lunes 11 mayo,579
must read article,577
contagios covid 19,575
white house report,571
rates spiking heartland,571
com covid 19,569
covid 19 spread,568
coronavirus task force,556
stay at home,550
covid 19 amp,548
covid 19 situation,545
healthy covid 19,539
taking necessary steps,525
penanganan covid 19,523
number covid 19,522
necessary steps keep,521
safe healthy covid,520
unreleased white house,519
pressing towards cashless,516
moving towards cashless,512
fake news another,509
keep bengal safe,509
steps keep bengal,509
news another side,508
bengal safe healthy,508
nuevos casos covid,508
test positive covid,507
expert spreading fake,507
know bjp expert,507
bjp expert spreading,507
side mamata didi,505
mamata didi taking,505
didi taking necessary,505
another side mamata,505
claims covid 19,503
pacientes covid 19,497
covid 19 infections,496
80 000 dead,495
madagascar covid 19,494
new cases coronavirus,491
11 mei 2020,487
tests positive covid,485
patients nursing homes,482
confirmed covid 19,480
positivo covid 19,480
penyebaran covid 19,477
muertes covid 19,475
could cast bad,474
information health emergency,474
party piece information,474
communist party piece,474
communist party even,474
bad light communist,474
health emergency suppressed,474
light communist party,474
cast bad light,474
highest coronavirus death,474
party even information,474
information could cast,474
piece information could,474
even information health,474
misleading coronavirus tweets,473
positivos covid 19,470
get covid 19,468
use common sense,467
cashless society coronavirus,466
trump covid 19,462
superiority complex amp,461
11 may 2020,460
complex amp obsession,460
amp obsession power,460
amp image communist,459
power amp image,459
obsession power amp,459
keep discovering new,459
image communist party,459
discovering new ways,459
bible spoke would,456
ccp superiority complex,455
doctors keep discovering,453
phone xiaomiredminote9pro redminote8pro,452
lockdown phone xiaomiredminote9pro,452
redminote8pro covid 19,452
xiaomi lockdown phone,452
xiaomiredminote9pro redminote8pro covid,452
contagio covid 19,451
society physical cash,450
19 mortality rate,446
label misleading coronavirus,445
spoke book revelation,444
coronavirus tweets even,442
long term care,441
terdampak covid 19,436
dr anthony fauci,436
new cases covid,434
did know bible,432
deaths covid 19,431
since lifting lockdown,429
hear jesus spoke,429
says label misleading,428
did know jesus,428
new cases covid19,428
twitter says label,425
mortality rate inflated,424
trump coronavirus response,423
digital age cashless,421
age cashless society,421
report shows coronavirus,420
society covid 19,419
shows coronavirus rates,419
test positive coronavirus,419
tweets even re,417
cdc director claims,417
dr birx tells,416
inflated much 25,415
director claims covid,414
tells cdc director,414
birx tells cdc,413
rate inflated much,412
even re trump,411
trust dr birx,410
cashless society covid,408
tested positive covid19,408
time covid 19,406
house coronavirus response,406
direction cashless society,406
cdc trust dr,404
society did you,404
19 death toll,403
quality life indicators,403
covid 19 na,401
want quality life,400
take covid 19,400
life indicators take,399
000 americans dead,398
indicators take priority,398
sent ppe china,398
dead amp rising,397
test covid 19,396
covid 19 dengan,396
jan mar golf,395
coronavirus death 6xs,395
team sent ppe,395
6xs case country,395
due coronavirus pandemic,395
crash highest coronavirus,395
pandemic team sent,395
caso covid 19,395
mar golf times,395
ppe china jan,395
economy crash highest,395
case country today,395
china jan mar,395
death 6xs case,395
cut pandemic team,395
trump incompetence caused,394
jesus spoke would,394
times rallies trump,393
lockdown stayhometrump cut,393
cure covid 19,393
caused time unemployment,393
time unemployment economy,393
unemployment economy crash,393
stayhometrump cut pandemic,393
rallies trump incompetence,393
golf times rallies,393
incompetence caused time,393
death covid 19,393
since end lockdown,392
britons want quality,392
driving towards cashless,392
sign petition via,390
second coronavirus wave,390
take priority economy,389
world health organization,387
twitter web client,387
second wave coronavirus,384
19 cure 60,384
cure 60 minutes,384
response presents us,384
hear bible spoke,383
treat covid 19,383
presents us false,383
coronavirus response presents,382
us false choice,382
covid 19 treatment,380
government covid 19,379
president donald trump,379
報告の何十倍かはわからず 尾身 専門家会議副座長,378
covid 19 news,378
handling covid 19,377
60 minutes cbs,377
minutes cbs news,376
article amp reuters,375
house report shows,375
new ways coronavirus,375
saudi arabia triples,374
covid 19 symptoms,373
ways coronavirus attacks,373
coronavirus attacks body,372
monday may 11,372
reports first coronavirus,372
19 pandemic manusherpashedidi,369
update covid 19,368
covid 19 et,368
biden white house,367
au covid 19,366
health care workers,366
covid 19 covid19,365
heading towards cashless,361
new covid19 cases,360
covid 19 país,359
first coronavirus cluster,359
joe biden white,357
covid 19 numbers,356
état urgence sanitaire,355
affected covid 19,354
coronavirus cluster since,353
people covid 19,353
実際の感染者数 報告の何十倍かはわからず 尾身,352
vonderleyen lagarde amp,352
covid 19 ini,351
did you know,350
80 000 deaths,348
get back work,348
confirmed cases covid19,347
first covid 19,345
11 mai 2020,345
reopen scientists fear,345
casos positivos covid,345
coronavirus adapting humans,343
scientists fear coronavirus,343
coronavirus disease 2019,343
2020 05 11,342
mortes covid 19,341
vonderleyen lagarde regsprecher,341
infected covid 19,340
000 covid 19,340
fighting covid 19,339
fear coronavirus comeback,338
lagarde amp regsprecher,335
many die fourth,334
die fourth july,334
confirmados covid 19,333
likely die covid,331
covid 19 updates,331
wear face masks,330
cluster since end,330
concerned coronavirus adapting,327
nursing homes accept,326
scary go work,326
shanghai disneyland reopens,326
china wuhan reports,325
scientists concerned coronavirus,324
tested covid 19,324
contre covid 19,321
covid 19 fight,320
nursing home residents,319
frente covid 19,318
signed petition calling,318
covid 19 world,314
states rush reopen,313
society hear bible,311
rush reopen scientists,311
arabia triples vat,311
lundi 11 mai,310
first virus cluster,307
virus cluster since,307
world biggest coronavirus,307
covid 19 us,305
25 via gatewaypundit,305
america world biggest,303
read article coronavirus,303
much 25 via,303
cases new deaths,303
casos confirmados covid,301
britain america world,301
covid 19 spreading,301
pasien covid 19,300
accident britain america,300
coronavirus white house,299
biggest coronavirus losers,299
latest covid 19,297
dies covid 19,296
covid 19 data,296
wuhan first virus,295
society hear jesus,294
spiking heartland communities,294
resist americans persist,290
bbc news mundo,290
democrats resist americans,290
exempt uk quarantine,290
reopening democrats resist,289
coronavirus reopening democrats,289
spoke would occur,289
south dakota sioux,288
coronavirus pandemic via,287
cbs news see,287
since covid 19,287
coronavirus wuhan first,287
spoke would happen,286
covid 19 emergency,285
new york state,285
see loved ones,285
america covid 19,284
dying covid 19,284
coronavirus press briefing,282
take look covid19,282
boris johnson advice,282
stay alert coronavirus,280
covid 19 new,279
peek coronavirus reopening,278
risk covid 19,278
liz peek coronavirus,277
become economy future,277
johnson advice coronavirus,276
work covid 19,275
spoke would unfold,275
people returning work,275
uk quarantine plans,273
know covid 19,273
become society future,273
covid 19 research,273
advice coronavirus spread,273
coronavirus sars cov,273
take look coronavirus,272
wave covid 19,272
covid 19 dan,272
coronavirus use common,272
support coronavirus hit,271
भर 2018 पद,271
11 05 20,271
updates white house,271
trump abruptly ends,270
epoch times app,270
coronavirus hit economy,270
follow boris johnson,269
पद जल भर,269
times app see,268
read article covid19,268
90 2121 hello,267
believeyourpossibilities stayhomesafelives buy,267
uk fantasticradiouk homeofpossibilities,267
app see exclusive,267
fantasticradiouk homeofpossibilities believeyourpossibilities,267
hello fantasticradio co,267
fantasticradio co uk,267
0208 90 2121,267
wear face coverings,267
absolute chaotic disaster,267
homeofpossibilities believeyourpossibilities stayhomesafelives,267
coverage daily updates,267
stayhomesafelives buy song,267
common sense see,267
2121 hello fantasticradio,267
co uk fantasticradiouk,267
lives daily talk,267
government protect people,265
coronavirus returningtowork safetyfirst,265
protect people returning,265
covid 19 says,265
safetyfirst via 38_degrees,265
returningtowork safetyfirst via,265
petition calling uk,264
covid 19 information,264
aloksharma_rdg coronavirus returningtowork,264
calling uk government,264
realdonaldtrump lockdown stayhometrump,264
muertos covid 19,264
242 new cases,264
uk government protect,264
returning work properly,263
work properly holding,263
like covid 19,263
holding businesses account,263
patients covid 19,263
properly holding businesses,263
coronavirus covid19 sarscov2,262
sign aloksharma_rdg coronavirus,262
death toll rises,262
people died today,262
businesses account sign,261
covid 19 méxico,261
account sign aloksharma_rdg,261
case covid 19,260
adding value lives,260
value lives daily,260
talk us 0208,260
daily talk us,260
exclusive coronavirus coverage,260
us 0208 90,260
sense see loved,260
coronavirus coverage daily,259
see exclusive coronavirus,259
impacted covid 19,258
us death toll,258
patients critical condition,258
near 80 000,257
white house covid,257
loved ones outdoors,256
realdonaldtrump cbs 60minutes,256
current covid 19,256
please read covid19,256
nursing homes take,256
may 10 2020,256
pruebas covid 19,255
000 dead americans,255
wabah covid 19,253
new deaths today,252
white house staffers,252
boris johnson coronavirus,252
next covid 19,251
chinese communist party,251
know jesus prophesied,251
vat support coronavirus,250
enforces social distancing,250
sa covid 19,250
corée du sud,250
crise du coronavirus,250
spoke of this,250
treatment covid 19,248
covid 19 venezuela,248
triples vat support,248
2020 covid 19,248
amidst covid 19,248
of cashless society,248
towards society physical,248
cancer lung disease,248
rel nofollow tweetdeck,247
effects covid 19,247
flight leaves passengers,247
study finds every,246
robot dog enforces,246
autopsy study finds,246
every coronavirus victim,246
related covid 19,246
finds every coronavirus,245
back nursing homes,245
dog enforces social,244
please read coronavirus,244
german autopsy study,244
petition via change,244
international nurses day,244
misleading covid 19,244
white house staff,243
covid 19 jesus,243
stay home stay,243
doctors without borders,243
deaths today raising,242
united flight leaves,242
penyebaran virus covid,242
packed united flight,242
lung disease heavy,242
victim previous illness,241
prophesied event believe,241
ones outdoors dominic,241
confirmed coronavirus cases,241
2019 covid 19,241
president mike pence,241
coronavirus victim previous,241
covid 19 survey,241
bible spoke bible,241
amid fears coronavirus,240
deaths near 80,240
covid 19 brasil,240
society coronavirus bible,239
previous illness cancer,239
disease covid 19,239
vice president mike,239
passengers scared shocked,238
covid 19 yang,238
casos confirmados coronavirus,238
illness cancer lung,238
hi covid 19,238
leaves passengers scared,238
covid 19 antibody,238
know bible prophesied,238
tiempos covid 19,237
news covid 19,236
total number cases,236
covid 19 outbreaks,235
jesus spoke bible,235
cluster since lifting,234
covid 19 epidemic,234
000 americans died,234
80 000 people,234
outdoors dominic raab,234
social distancing singapore,234
kasus covid 19,234
jesus spoke book,232
recovered covid 19,232
best smart watch,231
covid 19 help,231
shocked amid fears,230
recuperación verde post,230
free covid 19,229
verde post coronavirus,229
use covid 19,229
scared shocked amid,229
home stay safe,228
únete rt greencoronarecovery,228
contaminantes quieren aprovechar,228
going almost everywhere,228
society coronavirus jesus,227
plan recuperación verde,227
coronavirus live news,227
grandes contaminantes quieren,227
china covid 19,227
truth covid 19,226
quieren aprovechar covid19,226
want use covid19,226
pueden impulsar plan,226
impulsar plan recuperación,226
covid 19 conspiracy,226
daily covid 19,226
raising country total,226
covid 19 hoax,225
slow spread covid19,225
ambición climática vonderleyen,225
covid19 acabar ambición,225
acabar ambición climática,225
aprovechar covid19 acabar,225
climática vonderleyen lagarde,225
million covid 19,224
regsprecher pueden impulsar,224
post coronavirus inspirar,224
lagarde regsprecher pueden,224
mundo únete rt,224
aide tests positive,224
us coronavirus death,224
covid19 โคว ด19,224
polluters want use,223
amid coronavirus crisis,223
distancing singapore park,223
covid 19 covid,223
two female reporters,223
coronavirus inspirar mundo,222
death toll tops,222
headline german autopsy,222
inspirar mundo únete,222
trump abruptly ended,222
africa covid 19,222
china trying hack,222
korea scrambles contain,221
80 000 trump,221
past 24 hours,221
join global call,221
19 recovery strategy,221
vacuna covid 19,220
248 new cases,219
help slow spread,219
home covid 19,219
coronavirus robot dog,219
fears second coronavirus,219
covid 19 tweets,219
आज covid 19,218
kept mouth shut,218
confirmed deaths go,218
news coronavirus covid19,218
new cases since,218
coronavirusxiaomi redmi note,217
covid 19 coronavirusxiaomi,217
coronavirus cases new,217
redmi note pro,217
19 coronavirusxiaomi redmi,217
du 11 mai,217
white house directs,216
today raising country,216
use covid19 kill,216
know jesus foretold,216
port du masque,216
coronavirus migrantes unhumanrights,215
boris johnson lockdown,215
says covid 19,215
kill climate ambition,215
greencoronarecovery europe inspire,215
push greencoronarecovery europe,215
covid19 kill climate,215
alert coronavirus message,215
मल मन आए,214
europe inspire world,214
inspire world embrace,214
embrace brighter future,214
women vonderleyen lagarde,214
world embrace brighter,214
surviving covid 19,214
male security guards,214
gov andrew cuomo,214
coronavirus european virus,213
ambition powerful women,213
climate ambition powerful,213
powerful women vonderleyen,213
think covid 19,212
brighter future join,212
industry covid 19,212
36 mil 327,212
bible spoke book,212
future join global,212
total confirmed cases,212
от covid 19,211
enter body eyes,211
story trump administration,211
foretold event believe,211
death toll nears,211
south korea scrambles,211
covid 19 est,211
top story trump,211
approve stay alert,211
casos positivos coronavirus,210
experts asked approve,210
asked approve stay,209
fought ebola hiv,208
global covid 19,208
amp regsprecher push,208
ebola hiv reflects,208
regsprecher push greencoronarecovery,208
finally virus got,208
abruptly ended coronavirus,207
hiv reflects facing,207
ended coronavirus press,207
security guards chefs,207
pandemic covid 19,207
scientist fought ebola,207
reflects facing death,207
know bible foretold,206
jokowi halimiskandarnu anwsanusi,206
white house monday,206
virus got me,206
new coronavirus infections,206
coronavirus enter body,205
top experts asked,205
covid 19 would,204
got me scientist,204
chefs taxi drivers,204
000 people died,204
covid 19 11,204
36 327 casos,204
buenlunes 11demayo méxico,203
facing death covid,203
guards chefs taxi,203
covid 19 não,203
loi état urgence,203
covid19 कट पर,203
among likely die,203
di tengah pandemi,203
reports new coronavirus,203
तरफ covid19 कट,203
disease 2019 covid,203
trump white house,202
कट पर लग,202
covid 19 quarantine,202
vote by mail,202
ao covid 19,202
amp covid 19,202
filluprajasthanpolicevacancy2018 तरफ covid19,201
even covid 19,201
researcher peter daszak,201
पर लग ashokgehlot51,201
the covid 19,201
me scientist fought,201
realdonaldtrump mikegarcia2020 christyforca25,201
disease heavy smokers,201
covid 19 white,201
heavy smokers morbidly,201
wuhan reports new,201
_2018 अभ यर,200
19 via youtube,200
de covid 19,200
ज_भर _2018 अभ,200
covid 19 bible,200
नर ज_भर _2018,200
लग ashokgehlot51 sachinpilot,200
अभ यर इन,200
smokers morbidly obese,200
pandemic news coronavirus,200
covid 19 business,200
यर इन कह,200
pela covid 19,200
accept coronavirus patients,199
easing coronavirus lockdown,199
ashokgehlot51 sachinpilot vishvendrabtp,199
कह filluprajasthanpolicevacancy2018 तरफ,199
coronavirus diciembre 19,199
इन कह filluprajasthanpolicevacancy2018,199
coronavirus via youtube,198
nursing home deaths,198
coronavirus3 best smart,198
daszak jeopardizing possible,198
peter daszak jeopardizing,198
covid 19 coronavirus3,198
halimiskandarnu anwsanusi imansyukri,198
covid 19 social,198
19 coronavirus3 best,198
सरक नर ज_भर,198
19 pandemic via,197
covid 19 au,197
challenges two female,197
facing challenges two,197
ways covid 19,197
causa covid 19,197
19 deaths near,196
palestine palestinewillbefree palestineresistance,196
global pandemic news,196
term care facilities,196
covid 19 través,196
new coronavirus outbreaks,196
despite covid 19,196
first cluster new,196
coronavirus researcher peter,196
patients back nursing,196
coronavirus covid19 covid_19,195
live updates white,195
support covid 19,195
the bible spoke,195
house coronavirus task,195
nuevos casos covid19,195
19 di indonesia,195
at home orders,195
number coronavirus cases,195
new cases confirmed,194
cases since lifting,194
musk reopens tesla,194
sachinpilot vishvendrabtp hanumanbeniwal,194
world war ii,194
contagiados covid 19,194
nears 80 000,194
briefing facing challenges,194
press briefing facing,194
lucha covid 19,193
covid 19 still,193
covid 19 global,193
anwsanusi imansyukri malik_haramain,193
reports first cluster,193
deaths go updates,193
private golf business,193
homes accept coronavirus,193
let us know,192
covid 19 मह,192
covid 19 dans,192
touts private golf,192
testing covid 19,192
ce qu il,191
2018 पद जल,191
at home order,191
trump touts private,191
spread david hunter,191
staff wear masks,191
elon musk reopens,191
327 casos confirmados,191
covid 19 safety,190
children getting food,190
going back work,190
lockdown country work,190
getting food help,190
country work wife,190
coronavirus caused lockdown,190
key covid 19,190
coronavirus outbreaks spark,190
work wife children,190
caused lockdown country,190
name meezan bank,190
wife children getting,190
combat covid 19,190
pk65mezn0002770103420943swift code meznpkka,189
meezan bank limitediban,189
limitediban pk65mezn0002770103420943swift code,189
bank limitediban pk65mezn0002770103420943swift,189
outbreaks spark unease,189
death toll passes,189
help usbank name,189
usbank name meezan,189
000 trump touts,189
food help usbank,189
using covid 19,189
accuse china trying,189
coronavirus spread david,189
predicted covid 19,189
anyone arrested ask,189
covid 19 health,188
news mundo coronavirus,188
you know the,187
world covid 19,187
testing contact tracing,187
reopens tesla factory,187
fallecidos covid 19,187
19 covid 19,187
end covid 19,187
covid19 positive cases,186
19 white house,186
amid coronavirus lockdown,186
starts new coronavirus,186
whitehouse realdonaldtrump hhs_ash,186
malik_haramain taufikmadjid71 fachrilabalado,186
linked covid 19,185
cluster new cases,185
know the bible,185
covid 19 really,185
report coronavirus rates,185
regarding covid 19,185
covid 19 briefing,184
covid 19 misinformation,184
people tested positive,184
covid 19 corona,184
first time since,184
ease covid 19,184
covid 19 shutdown,184
prime minister boris,183
vishvendrabtp hanumanbeniwal drkirodilalbjp,183
trump death clock,182
realdonaldtrump ajitpaifcc fcc,182
total covid 19,182
coronavirus wuhan reports,181
trying hack vaccine,181
corona covid 19,181
response coronavirus pandemic,181
trump cuts funding,181
house report coronavirus,181
covid 19 like,180
even feel well,180
create covid 19,180
lifting lockdown coronavirus,180
self reporting symptoms,180
spark unease china,180
latest twitter meltdown,180
access future coronavirus,179
could bar access,179
imansyukri malik_haramain taufikmadjid71,179
blitzkrieg advances cover,179
minister boris johnson,179
second wave covid,179
environmental blitzkrieg advances,179
ne sont pas,179
coronavirus cases deaths,179
casos positivos covid19,179
new post coronavirus,179
nuevos casos positivos,178
reporting symptoms daily,178
cases sooner self,178
covid 19 stop,178
risk cases sooner,178
daily even feel,178
spread covid19 identify,178
bar access future,178
sooner self reporting,178
identify risk cases,178
symptoms daily even,178
house covid 19,178
covid19 identify risk,178
madagascar herbal cure,177
four men responsible,177
drug prices could,177
infect coronavirus get,177
covid 19 mundo,177
now starts new,177
prices could bar,176
update may 11,176
feel well download,176
death workers sacrificed,176
на covid 19,176
soaring drug prices,176
trump environmental blitzkrieg,176
pandémie covid 19,176
unmasked spread death,176
19 test disaster,176
everywhere country divided,176
spread death workers,176
coronavirus us live,176
people recovered disease,176
crise du covid19,175
negative covid 19,175
responsible america covid,175
updates covid19 coronavirus,175
deaths per million,175
covid 19 lockdowns,175
well download app,175
