gram,counts
covid 19 cases,9091
covid 19 pandemic,6098
positive covid 19,4046
new covid 19,3109
casos covid 19,2835
due covid 19,2621
covid 19 deaths,2269
covid 19 patients,2193
pandemi covid 19,1971
sign petition via,1899
new coronavirus cases,1780
tested positive covid,1697
covid 19 crisis,1663
covid 19 via,1639
covid19 sign petition,1606
covid 19 death,1572
coronavirus covid 19,1550
petition via change,1509
every american moneyforthepeople,1508
american moneyforthepeople covid19,1508
give 2000 month,1507
2000 month every,1499
month every american,1499
covid 19 vaccine,1437
cases covid 19,1426
moneyforthepeople covid19 sign,1416
covid 19 testing,1415
hidup bersih dan,1411
da covid 19,1397
penyebaran covid 19,1372
actor nick cordero,1356
nick cordero dies,1353
keisha lance bottoms,1322
covid 19 test,1301
evidence herd immunity,1202
mayor keisha lance,1191
amid covid 19,1172
adds evidence herd,1170
spread covid 19,1138
atlanta mayor keisha,1138
tested positive coronavirus,1121
covid 19 di,1120
covid 19 outbreak,1040
bbc news coronavirus,999
tests positive covid,986
positivo covid 19,982
pandemia covid 19,964
covid 19 response,957
covid 19 virus,929
new york times,927
só uma gripezinha,925
impact covid 19,921
fight covid 19,919
kita lawan covid,913
19 death toll,903
últimas 24 horas,901
com covid 19,900
covid 19 coronavirus,896
broadway actor nick,879
covid 19 dengan,879
patuhi protokol kesehatan,861
terapkan hidup bersih,850
covid 19 antibodies,837
bersih dan sehatbersama,812
dan sehatbersama kita,812
sehatbersama kita lawan,812
cordero dies 41,811
realdonaldtrump covid 19,810
case covid 19,804
covid 19 complications,801
masa pandemi covid,776
star nick cordero,766
di masa pandemi,760
spain adds evidence,758
19 antibodies study,755
dengan terapkan hidup,755
antibodies study spain,749
study spain adds,749
polriajaktatananhidupbaru dengan terapkan,743
broadway star nick,740
fullest look yet,738
víctimas covid 19,737
covid 19 infections,721
look yet racial,716
covid 19 update,715
died covid 19,712
yet racial inequity,710
racial inequity coronavirus,708
covid 19 lockdown,707
third worst hit,703
tests positive coronavirus,699
covid 19 em,692
covid 19 tests,688
india mitega india,685
trump connected lobbyists,684
response covid 19,678
covid 19 spread,676
post covid 19,676
amid coronavirus pandemic,670
covid 19 may,666
worst hit country,665
nuevos casos coronavirus,663
muertes covid 19,661
covid 19 positive,658
test positive covid,632
mencegah penyebaran covid,632
dies covid 19,627
last 24 hours,623
get covid 19,622
contagios covid 19,613
baju lengan panjang,612
masker sarung tangan,608
americans grow numb,606
tangan memakai baju,594
memakai baju lengan,594
president donald trump,593
mitega india mitega,592
sarung tangan memakai,592
handling covid 19,591
bersih dan sehat,588
black lives matter,586
menggunakan masker sarung,585
covid 19 impact,580
06 07 2020,580
covid 19 polriajaktatananhidupbaru,580
think mild case,575
covid 19 us,572
mild case covid,571
sound bad think,570
number covid 19,568
covid 19 sound,566
19 sound bad,563
covid 19 mortality,559
country covid 19,557
99 coronavirus cases,556
cases totally harmless,555
nuevos casos covid,553
sintomas covid 19,549
deaths covid 19,548
says tested positive,548
130 000 americans,546
pencegahan penyebaran covid,546
pacientes covid 19,545
positivos covid 19,541
covid 19 case,537
federal coronavirus aid,537
new cases covid,536
di tengah wabah,536
penyebaran virus corona,534
prueba covid 19,534
wabah pandemi covid,530
battle covid 19,529
sebagai upaya mencegah,528
covid 19 sangat,528
tengah wabah pandemi,527
sehat di tengah,526
prinsip hidup bersih,525
dan sehat di,525
19 sangat diutamakan,525
sangat diutamakan sebagai,525
diutamakan sebagai upaya,525
us_fda tuckercarlson foxnews,522
dengan menggunakan masker,521
india becomes third,520
bolsonaro com sintomas,516
tested covid 19,515
becomes third worst,514
upaya mencegah penyebaran,513
claim coronavirus airborne,512
realdonaldtrump us_fda tuckercarlson,507
19 mortality rate,506
say coronavirus airborne,504
months covid 19,501
covid 19 amp,497
tested positive covid19,494
cegah penyebaran virus,492
6jul fanb gnbcuidandodelpueblo,491
kesehatan covid 19,490
afloat covid 19,490
keep business afloat,489
sparked new coronavirus,488
tips keep business,488
business afloat covid,488
nick cordero broadway,487
protokol kesehatan covid,486
scientists say coronavirus,485
covid 19 través,485
virus corona di,485
lance bottoms says,484
test positive coronavirus,483
grow numb escalating,483
covid 19 related,481
dr anthony fauci,477
corona di pusat,476
covid 19 situation,473
funeral víctimas covid,469
fanb gnbcuidandodelpueblo cuarentenaradicalpreventiva,469
lawan covid 19menerapkan,469
covid 19menerapkan prinsip,469
19menerapkan prinsip hidup,469
hundreds scientists say,467
may sparked new,463
coronavirus cases cities,463
demonstrations may sparked,462
republicans face critical,461
face critical choice,461
gaslights america coronavirus,459
coronavirus republicans face,459
berbelanja di masa,459
coronavirus live updates,458
police demonstrations may,458
covid 19 new,457
new covid19 cases,457
covid 19 numbers,457
19 dengan menggunakan,457
trump gaslights america,456
di pusat pembelanjaanaman,456
pusat pembelanjaanaman berbelanja,456
pembelanjaanaman berbelanja di,456
america coronavirus republicans,455
anti police demonstrations,455
com sintomas covid,454
du covid 19,453
cases cities acknowledge,453
covid 19 infection,451
us covid 19,448
hit country covid,444
10 billion federal,443
world health organization,439
big claim coronavirus,437
bottoms says tested,437
study adds evidence,436
billion federal coronavirus,435
covid 19 hoax,432
penanganan covid 19,431
aman dari covid,431
protokol kesehatan untuk,429
antibodies study adds,428
ask revise recommendations,427
coronavirus antibodies study,426
patients nursing homes,425
coronavirus death toll,423
dies 41 months,423
positif covid 19,422
spain coronavirus antibodies,420
funeral víctimas coronavirus,419
airborne ask revise,418
gnbcuidandodelpueblo cuarentenaradicalpreventiva gnboficial,411
coronavirus airborne ask,409
99 covid 19,409
covid 19 relief,408
gt gt gt,408
faça seu trabalho,406
lance bottoms tests,403
bottoms tests positive,402
19 us brazil,401
test covid 19,400
19 cases harmless,398
41 months covid,395
players tested positive,395
000 covid 19,394
new cases coronavirus,394
polriajaktatananhidupbaru bersepeda sehat,394
care home owners,389
confirmed covid 19,386
casos positivos covid,386
130 000 dead,386
airborne spread coronavirus,385
virus covid 19,383
lengan panjang membawa,383
animal to human,383
síntomas covid 19,381
connected lobbyists reap,381
untuk pencegahan penyebaran,379
like covid 19,378
covid 19 spike,377
petition via ukchange,375
triste com uma,372
mortes covid 19,371
may originated china,370
kesehatan untuk pencegahan,368
membawa tisu basah,366
covid 19 symptoms,365
one big claim,365
fallecidos covid 19,365
experts one big,363
coronavirus covid19 sarscov2,363
new blog post,362
paycheck protection program,362
panjang membawa tisu,362
tetap patuhi protokol,360
239 experts one,359
tisu basah hand,355
covid 19 mundo,354
dhsgov foxandfriends nygovcuomo,354
foxandfriends nygovcuomo nycmayor,354
basah hand sanitizer,354
menjaga kebugaran tubuh,353
kini tengah ramai,352
covid 19 airborne,351
covid 19 world,349
covid19 sarscov2 forecast,349
blasio blames nyc,349
population coronavirus covid19,348
satu upaya menjaga,348
upaya menjaga kebugaran,348
salah satu upaya,347
iranianstudentslivesmatter سلامت_دانشجو saeednamaki,347
said 99 coronavirus,346
سلامت_دانشجو saeednamaki mb_ghalibaf,346
to human diseases,346
die covid 19,344
realdonaldtrump dhsgov foxandfriends,344
covid 19 covid19,343
new death population,342
death population coronavirus,342
high covid 19,342
broadway actor dies,341
lobbyists reap windfall,341
cordero broadway actor,340
rise animal to,339
risk covid 19,338
fear rise animal,338
epoch times app,337
coronavirus fear rise,336
times app see,334
app see exclusive,334
coverage daily updates,333
com uma notícia,332
coronavirus cases harmless,331
exclusive coronavirus coverage,331
masker jaga jarak,330
sebagai salah satu,330
nyc weekend violence,330
coronavirus totally harmless,329
hospitals get paid,329
jail due coronavirus,329
see exclusive coronavirus,328
coronavirus coverage daily,328
misa funeral víctimas,328
hopes americans grow,328
41 coronavirus complications,327
helped clients secure,327
blames nyc weekend,327
covid tracker ireland,327
covid 19 vía,326
people covid 19,326
dari covid 19masyarakat,326
totally harmless yet,326
bersepeda sebagai salah,325
paid covid 19,325
weekend violence coronavirus,325
covid 19 real,324
covid 19masyarakat kini,324
secure 10 billion,324
dopeydon monday crisis,324
monday crisis causing,324
crisis causing deeper,324
causing deeper racial,324
deeper racial divide,324
racial divide nationdelaying,324
divide nationdelaying giving,324
nationdelaying giving dna,324
giving dna rape,324
dna rape casementally,324
rape casementally unstable,324
casementally unstable scotus,324
unstable scotus decisions,324
scotus decisions due,324
decisions due week,324
due week said,324
week said 99,324
99 coronavirus totally,324
harmless yet 132k,324
yet 132k deadpathological,324
132k deadpathological liar,324
deadpathological liar trumpresignnow,324
liar trumpresignnow derelictionofduty,324
trumpresignnow derelictionofduty covid,324
19masyarakat kini tengah,323
revealed hospitals get,323
blames care home,323
covid 19 data,321
covid 19 hits,321
double keep city,321
get paid covid,320
vows double keep,320
doctor revealed hospitals,319
raping young girl,318
000 new cases,318
trump claim 99,318
coronavirus float air,318
19 patients investigated,317
johnson blames care,317
keep city safe,316
minnesota doctor revealed,316
violence coronavirus vows,316
coronavirus vows double,316
tracker ireland fight,316
covid 19 still,315
ramai dengan bersepeda,315
clients secure 10,314
patients investigated state,314
join covid tracker,314
know covid 19,313
000 americans died,313
tengah ramai dengan,313
jaga jarak dan,312
infected covid 19,310
dengan bersepeda sebagai,310
memakai masker jaga,310
ireland fight covid,310
convicted raping young,309
first time since,308
covid 19 recovery,308
hit time high,308
fico triste com,308
covid 19 restrictions,306
covid 19 boom,306
pruebas covid 19,304
rajin mencuci tangan,302
windfall covid 19,302
covid 19 treatment,301
130 000 deaths,301
immunity covid 19,300
new cases day,300
get well soon,300
trump helped clients,299
us free fall,299
home owners deaths,299
boris johnson blames,296
due coronavirus pandemic,295
covid 19 méxico,294
confirmados covid 19,293
coronavirus cases rise,293
owners deaths coronavirus,293
pedophile pastor released,292
crisis covid 19,292
jarak dan rajin,292
dan rajin mencuci,292
work from home,291
contagio covid 19,291
สมรสเท าเท ยม,290
covid 19 could,287
reap windfall covid,287
bolsonaro síntomas coronavirus,287
tell people experts,286
lunesdemotivacion 6julio covid,286
accuses care homes,286
dies aged 41,285
sánchez pablo iglesias,285
called covid 19,284
trumpvirus trumpvirus trumpvirus,284
seis veces infecciosa,283
coronavirus cases surge,283
campaign hopes americans,282
bad think adrienne,281
think adrienne matei,281
people experts say,281
entertain empower educate,279
empower educate talk,279
0208 090 2121,279
090 2121 hello,279
2121 hello fantasticradio,279
hello fantasticradio co,279
fantasticradio co uk,279
co uk fantasticradiouk,279
uk fantasticradiouk homeofpossibilities,279
fantasticradiouk homeofpossibilities believeyourpossibilities,279
homeofpossibilities believeyourpossibilities stayhomesafelives,279
covid 19 país,279
dengan memakai masker,279
believeyourpossibilities stayhomesafelives buy,278
stayhomesafelives buy song,278
cdc tell people,278
covid 19 surges,277
19 dengan memakai,277
6julio covid xboxseriesx,277
johnson accuses care,277
covid 19 updates,275
trump campaign hopes,275
free covid 19,274
educate talk us,274
talk us 0208,274
us 0208 090,274
negative covid 19,274
boris johnson accuses,273
hits time high,272
new south wales,271
update covid 19,270
float air cdc,270
covid xboxseriesx cdmx,270
air cdc tell,269
permanent work from,268
from home plan,268
coronaviruspandemic covid19india coronavirus,268
sehat dan aman,268
fujitsu announces permanent,267
announces permanent work,266
13 uk universities,266
dan aman dari,266
coronavirus fujitsu announces,265
july 06 2020,265
vacuna covid 19,264
dying covid 19,264
years covid 19,264
bersama cegah penyebaran,264
muertos covid 19,263
000 coronavirus cases,262
covid 19 brasil,262
polriajaktatananhidupbaru ayo bersama,262
ayo bersama cegah,262
spike covid 19,261
say us free,261
surge covid 19,260
aged 41 coronavirus,259
bersepeda sehat dan,259
new evidence confirms,259
evidence confirms china,259
uma notícia dessas,259
confirms china lied,258
current coronavirus new,258
new identified back,258
care homes high,258
timing always right,258
coronavirus cases totally,257
china lied current,257
lied current coronavirus,257
coronavirus new identified,257
exclusive new evidence,256
doctors say us,256
nick cordero dead,254
nick cordero 41,254
45 covid 19,254
amp covid 19,254
identified back 2014,254
escalating covid 19,253
fury boris johnson,253
tetap jaga jarak,253
casos confirmados covid,252
coronavirus disease 2019,251
getting covid 19,251
surge coronavirus cases,250
herd immunity covid,250
pedro sánchez pablo,250
escalating death toll,250
world treating symptoms,250
covid 19 going,249
broadway nick cordero,249
india third worst,249
india overtakes russia,248
masks social distancing,248
cuarentenaradicalpreventiva gnboficial fabiozavarsep,248
homes high covid,248
jair bolsonaro síntomas,248
time 100 years,247
000 americans dead,247
covid 19 na,247
free fall coronavirus,247
since covid 19,246
trump covid 19,246
covid 19 support,246
losing epidemic status,245
broadway star dies,245
people age 45,245
hand sanitizer dan,245
total number cases,244
treating symptoms cause,244
mortality rate almost,243
covid 19 hospital,243
symptoms cause pandemics,243
indicate first learned,243
age 45 covid,242
take covid 19,242
swamp alive well,242
first learned coronavirus,242
coronavirus world treating,242
cause pandemics says,242
alters timeline indicate,242
timeline indicate first,242
rate covid 19,241
numb escalating death,241
learned coronavirus internet,241
19 may originated,240
19 death rate,240
got covid 19,240
forty lobbyists ties,240
numb escalating covid,240
first time 100,239
stanford doctor confirms,239
19 cases rise,239
coronavirus internet chinese,239
covid 19 close,238
veces infecciosa original,238
covid 19 venezuela,237
saying months people,237
months people age,237
peak covid 19,237
coronavirus patients nursing,237
state via gatewaypundit,237
indiafightscorona stayhome staysafe,236
oxford university expert,236
close losing epidemic,236
19 test results,236
covid 19 melaksanakan,236
investigated state via,236
dan tetap jaga,236
originated china oxford,235
covid 19 risk,235
number coronavirus cases,235
brote covid 19,235
covid 19 antibody,235
even covid 19,234
trump ethics policy,234
internet chinese officials,234
sanitizer dan tetap,234
rising covid 19,233
china oxford university,233
dio positivo coronavirus,233
covid19 last days,232
please wear mask,232
believe covid 19,232
testing positive covid,232
new cases confirmed,231
new york city,231
claim 99 coronavirus,231
covid19 bot covid19,230
bot covid19 last,230
last days stats,230
covid19india coronavirus indiafightscorona,230
coronavirus indiafightscorona stayhome,230
black latino people,230
kebugaran tubuh namun,230
large scale study,230
coronavirus seis veces,230
death toll wapo,230
increase covid 19,229
covid 19 patient,229
florida teen dies,229
toll wapo reports,229
coronavirus transmite aire,228
covid 19 news,228
000 dead americans,228
transmission covid 19,228
time covid 19,228
new covid19 preprint,228
19 cases deaths,228
tubuh namun tetap,227
virus emerges china,227
god timing always,227
namun tetap patuhi,226
think covid 19,225
19 close losing,225
caso covid 19,225
terkait new normal,225
china virus asking,225
church coronavirus party,225
government handling covid,224
19 pandemic covid19,224
pela covid 19,224
satgas aman nusa,224
china reveal mystery,224
reveal mystery covid,224
mystery covid 19,224
covid 19 maximum,224
19 maximum virus,224
maximum virus emerges,224
emerges china entire,224
china entire civilized,224
entire civilized world,224
civilized world effected,224
world effected china,224
effected china virus,224
china guts reply,224
31 mil 119,224
former administration officials,223
university expert believes,222
2019 covid 19,222
covid 19 seriously,222
california bans singing,222
arts venues welcome,221
young girl transporting,221
coronavirus new york,221
melaksanakan kegiatan woro,221
kegiatan woro woro,221
nasser mohammad al,221
pastor released early,220
tim satgas aman,220
aman nusa covid,220
nusa covid 19,220
19 melaksanakan kegiatan,220
woro woro terkait,220
woro terkait new,220
cordero dead 41,219
world covid 19,219
ve saying months,219
mencuci tangan menggunakan,219
lobbyists ties president,219
dropped 15 years,219
connected pelosi husband,219
impacted covid 19,218
au covid 19,218
patients dropped 15,218
hold public inquiry,217
bans singing churches,217
presidente jair bolsonaro,217
quer eu faça,217
coronavirus arts venues,216
frente covid 19,216
cepa coronavirus seis,216
covid 19 china,215
says covid 19,215
bekerja di masa,215
patients covid 19,214
covid 19 puede,214
saat aktivitas bekerja,214
aktivitas bekerja di,214
lengan panjang dan,214
panjang dan jaga,214
world health organisation,213
number coronavirus deaths,213
staff covid 19,213
company connected pelosi,213
all time high,212
public inquiry government,212
polriajaktatananhidupbaru saat aktivitas,212
polriajaktatananhidupbaru cegah penyebaran,212
dan jaga jarakayooo,212
covid 19 guidelines,211
inquiry government handling,211
churches amid coronavirus,211
singing churches amid,211
released early jail,211
lawan covid 19,210
doctor confirms ve,210
confirms ve saying,210
could go bust,209
imam nasser mohammad,209
deixando gente sonhar,209
new normal polrescilacap,209
effects covid 19,208
fauci says average,208
says average age,208
say covid 19,207
kasus covid 19,207
tangan menggunakan sabun,207
32 states struggle,207
states struggle higher,207
struggle higher rates,207
coronavirus patients dropped,207
normal polrescilacap polda,207
polrescilacap polda jateng,207
article amp reuters,206
casos confirmados coronavirus,206
combate covid 19,206
universities could go,206
mematuhi protokol kesehatan,206
tem histórico atleta,206
cases trend02 jul,206
distance wash hands,205
covid 19 concerns,205
dio positivo covid,205
covid 19 covid,205
covid 19 transmission,205
players test positive,205
pastor convicted raping,205
higher rates infection,205
anthony fauci says,205
venues welcome 57bn,204
57bn government support,204
hospitalized covid 19,204
lucha covid 19,204
coronavirus sars cov,204
coronavirus aid among,204
virus asking culprit,204
asking culprit china,204
culprit china guts,204
welcome 57bn government,203
wear damn mask,203
number people tested,203
indicates population developed,203
white house officials,203
worst affected country,202
spike coronavirus cases,202
mayor tests positive,202
usa northamerica cases,202
president jair bolsonaro,202
average age coronavirus,202
sa covid 19,201
caused covid 19,201
pasien covid 19,201
go bust without,201
of covid 19,201
population developed antibodies,200
realdonaldtrump bubbawallace apologized,200
age coronavirus patients,200
covid 19 safety,199
bust without bailout,199
teste covid 19,199
lobbyists ties trump,199
2020 covid 19,198
since beginning pandemic,198
uk universities could,198
covid 19 com,198
girl transporting sex,197
expertos contradicen oms,197
covid 19 tally,197
covid 19 yang,197
pandemic covid19 sign,197
contracts covid 19,197
hope americans grow,197
covid 19 control,196
professor criticised xi,196
shift focus coronavirus,196
focus coronavirus pandemic,196
gaps covid 19,196
early jail due,196
biden campaigns shift,195
campaigns shift focus,195
current covid 19,194
third worst affected,194
symptoms covid 19,194
2020 07 06,194
affected covid 19,194
let jamie4north know,194
coronavirus pandemic surges,194
called herd immunity,194
leader covid 19,194
death covid 19,193
nick cordero died,193
daily covid 19,193
million covid 19,193
propaga corea sur,193
40 conservative colleagues,193
conservative colleagues joined,193
colleagues joined excludeduk,193
joined excludeduk appg,193
excludeduk appg ahead,193
fallen gaps covid,193
19 support please,193
support please let,193
please let jamie4north,193
covid 19 hospitalizations,192
disease 2019 covid,192
covid19 positive cases,192
coronavirus cases top,192
coronavirus 13 uk,192
mother took church,192
quédateencasa lunesdemotivacion 6julio,192
appg ahead first,192
ahead first meeting,192
help workers like,192
workers like fallen,192
like fallen gaps,192
jamie4north know re,192
know re on,192
re on board,192
pandemic covid 19,191
latest covid 19,191
china detains professor,191
trump biden campaigns,191
johns hopkins data,191
bolsonaro testa positivo,191
covid 19 economy,190
teen dies mother,190
knee deep first,190
took church coronavirus,190
300 coronavirus patients,190
border first time,189
propagación covid 19,189
rise covid 19,189
back covid 19,189
menerapkan protokol kesehatan,189
donald trump helped,189
five former administration,189
coronavirus covid19 quédateencasa,189
outrage california bans,189
dies mother took,189
hospitals sent 300,189
confirmed coronavirus cases,188
florida covid 19,188
faça sua parte,188
nursing homes officials,188
homes officials say,188
coronavirus cases india,187
covid 19 hit,187
nuevos casos positivos,187
casos positivos coronavirus,187
rising coronavirus cases,186
exclusive covid 19,186
news covid19 coronavirus,186
contre covid 19,186
coronavirus boris johnson,186
mortality rate us,186
deep first wave,186
sent 300 coronavirus,186
closes state border,185
covid 19 exposure,185
revise recommendations nyt,185
covid 19 like,185
despite covid 19,185
henry ford health,185
coronavirus cases deaths,185
ties president donald,185
corona virus cure,185
hopkins data shows,185
força covid 19,185
atlanta mayor tests,185
help slow spread,184
coronainfoch covid19 corona,184
officials whose work,184
developed antibodies strengthening,184
antibodies strengthening evidence,184
india covid 19,183
от covid 19,183
covid 19 spreading,183
control covid 19,183
work potentially violates,183
violates trump ethics,183
ny hospitals sent,183
due coronavirus pastor,182
wash hands often,182
victoria new south,182
defending colleagues response,182
covid 19 unachievable,182
globally johns hopkins,182
bolsonaro presenta síntomas,182
australia closes state,181
americans covid 19,181
tiempos covid 19,181
covid 19 would,181
slow spread covid19,181
colleagues response recent,181
response recent accusations,181
recent accusations medical,181
accusations medical staff,181
so called herd,181
sun belt states,181
officials say cuomo,181
say cuomo tries,181
account defending colleagues,180
among five former,180
administration officials whose,180
back 2014 via,180
corea sur cepa,180
15 years sun,180
states gets hit,180
covid19 coronavirus pandemic,179
long term effects,179
coronavirus could cause,179
mid crisis post,179
crisis post personal,179
facebook account defending,179
medical staff covid,179
covid 19 não,179
whose work potentially,179
2014 via gatewaypundit,179
xboxseriesx cdmx rt,179
coronavirus party treated,179
cuomo tries deflect,179
lowest levels since,178
ahmed safwat egyptian,178
post personal facebook,178
personal facebook account,178
potentially violates trump,178
years sun belt,178
belt states gets,178
coronavirus deaths lowest,177
levels since beginning,177
daily cases increase,177
recovered covid 19,177
covid 19 fear,177
pakistan health minister,177
xi jinping coronavirus,177
scale study coronavirus,177
deaths lowest levels,176
coronavirus task force,176
reported today utc,176
today utc time,176
safwat egyptian doctor,176
aid among five,176
40 lobbyists ties,176
sur cepa coronavirus,176
news number coronavirus,175
calling covid 19,175
covid 19 surge,175
evidence so called,175
party treated hydroxychloroquine,175
state border first,174
ng covid 19,174
deaths per million,174
contagiados covid 19,174
cure covid 19,174
spain large scale,174
study coronavirus indicates,174
house chief staff,174
lowest globally johns,174
actor dies 41,173
great news number,173
beginning pandemic media,173
