covid,214526
coronavirus,208812
19,192883
covid19,140162
cases,45527
people,38420
amp,36525
new,34500
trump,33407
realdonaldtrump,30477
pandemic,27051
us,26472
virus,24624
via,23417
deaths,22175
get,20143
like,18718
news,17961
one,17949
000,17213
health,17045
casos,16483
time,15167
positive,14911
world,14877
china,14274
2020,14264
death,13008
know,12611
would,12418
need,12095
mask,11758
due,11535
many,11252
help,11168
still,11131
going,11086
back,10966
please,10962
test,10957
go,10946
da,10818
country,10710
care,10683
says,10612
see,10577
july,10570
state,10473
even,10302
corona,10247
today,10078
day,10075
americans,9995
take,9925
india,9921
think,9904
could,9865
testing,9858
com,9770
may,9755
si,9733
bolsonaro,9678
re,9595
masks,9567
na,9541
good,9488
government,9343
home,9331
work,9222
crisis,9191
say,9166
spread,9056
di,8933
total,8895
10,8815
first,8662
tested,8608
well,8595
die,8576
also,8562
right,8541
patients,8466
não,8377
lockdown,8264
president,8261
the,8251
states,8154
said,8141
pandemia,7868
keep,7843
covidー19,7830
make,7693
tests,7678
live,7643
rate,7613
really,7590
every,7483
want,7420
let,7377
read,7368
hospital,7187
em,7184
florida,7179
way,7137
america,7107
public,7074
number,7046
data,6972
days,6911
social,6899
year,6825
much,6799
wear,6794
risk,6722
response,6618
stop,6605
case,6547
got,6546
business,6421
since,6408
dan,6366
months,6270
week,6238
last,6227
per,6172
look,6144
american,6140
mayor,6133
support,6104
safe,6091
vaccine,6087
great,6086
face,5972
eu,5964
uk,5959
died,5945
students,5921
stay,5915
dr,5904
lives,5847
daily,5834
must,5774
million,5765
trumpvirus,5710
life,5605
report,5532
give,5486
never,5485
20,5473
times,5465
high,5455
real,5450
et,5446
nick,5442
salud,5419
post,5406
everyone,5396
usa,5395
getting,5394
study,5392
another,5356
two,5353
yet,5319
to,5319
numbers,5310
update,5278
latest,5262
24,5233
county,5172
long,5137
family,5115
uma,5090
come,5039
better,5007
cordero,4992
economy,4964
money,4961
hit,4951
global,4929
des,4902
100,4856
11,4852
nuevos,4839
workers,4838
around,4836
open,4827
presidente,4783
medical,4755
media,4752
immunity,4723
airborne,4721
reported,4693
ser,4638
man,4614
texas,4586
outbreak,4576
gop,4551
white,4534
ca,4524
free,4506
years,4500
school,4495
change,4487
ve,4484
du,4474
um,4455
without,4454
polriajaktatananhidupbaru,4453
dead,4443
il,4442
impact,4441
país,4414
hope,4393
monday,4371
control,4368
use,4364
personas,4352
mais,4336
countries,4323
city,4317
scientists,4314
gt,4314
weeks,4295
job,4286
in,4283
big,4261
next,4249
plan,4244
made,4243
cnn,4240
thing,4197
disease,4189
mil,4173
positivo,4150
15,4126
gente,4122
amid,4111
check,4108
mas,4104
done,4092
30,4078
confirmed,4073
nothing,4070
brasil,4069
hospitals,4066
symptoms,4055
house,4046
children,4045
schools,4039
put,4001
experts,3997
contagios,3994
bad,3971
dies,3964
cdc,3959
online,3959
ele,3959
wearing,3954
reports,3941
thanks,3941
updates,3927
fight,3925
hoy,3915
tell,3914
mundo,3911
41,3909
month,3904
black,3887
infections,3884
oh,3874
needs,3868
already,3856
away,3851
vai,3838
anyone,3831
believe,3802
99,3802
infected,3800
and,3738
person,3731
top,3725
national,3724
rise,3705
homes,3705
evidence,3692
officials,3689
close,3677
sick,3653
working,3639
flu,3638
air,3638
part,3636
end,3633
130,3628
sure,3619
thank,3609
find,3608
protect,3599
staff,3591
watch,3580
broadway,3579
toll,3571
infection,3566
shit,3560
saying,3553
herd,3544
continue,3534
information,3528
article,3524
community,3517
video,3513
important,3511
research,3508
call,3498
god,3497
muertes,3489
travel,3471
something,3447
worst,3436
ever,3436
sign,3431
covid_19,3419
show,3418
start,3405
things,3401
12,3388
est,3386
dos,3371
best,3359
julio,3352
others,3348
population,3348
love,3336
someone,3331
fauci,3330
old,3329
businesses,3328
recovery,3317
across,3312
learn,3305
story,3296
06,3293
of,3291
surge,3263
lost,3261
distancing,3258
50,3253
increase,3238
follow,3238
federal,3237
taking,3232
non,3215
méxico,3201
pra,3199
far,3195
kids,3194
full,3193
situation,3171
always,3156
yes,3139
enough,3139
normal,3138
local,3136
spike,3134
dengan,3134
less,3130
record,3112
gobierno,3104
coming,3100
medidas,3092
cause,3086
harmless,3075
wrong,3064
só,3060
blame,3055
trying,3053
doctor,3053
soon,3050
hoax,3049
place,3042
results,3038
police,3028
través,3027
14,3024
de,3022
leadership,3018
atlanta,3016
donald,3015
it,3008
va,3005
york,3003
pour,3001
fuck,2999
treatment,2990
contact,2983
dying,2981
breaking,2968
ahora,2966
día,2964
youtube,2955
anything,2919
party,2914
recovered,2911
making,2897
coronavírus,2895
weekend,2894
science,2892
maybe,2892
market,2890
everything,2888
according,2888
40,2886
sa,2882
safety,2871
economic,2862
called,2858
border,2848
quarantine,2844
system,2835
doctors,2827
hard,2821
future,2807
least,2804
tem,2801
small,2798
might,2795
oms,2795
au,2792
shows,2792
fallecidos,2775
point,2774
solo,2774
actually,2769
including,2763
australia,2760
racist,2757
human,2756
no,2748
fall,2740
pay,2738
governor,2737
united,2735
team,2732
fucking,2732
lot,2727
fear,2724
ll,2709
actor,2706
looking,2704
sad,2703
pacientes,2699
thousands,2691
healthcare,2674
chinese,2674
feel,2664
anti,2663
gov,2655
likely,2654
leader,2640
stupid,2638
funeral,2636
cuarentena,2632
sur,2632
rt,2629
07,2625
truth,2624
march,2622
claim,2619
save,2615
vote,2613
join,2603
pandemi,2600
administration,2599
fact,2598
early,2596
lies,2596
true,2588
víctimas,2571
three,2569
order,2569
así,2566
young,2559
fake,2535
jobs,2531
families,2530
age,2529
spain,2527
vía,2521
spreading,2520
using,2518
thought,2517
shut,2506
south,2499
mean,2495
muertos,2494
food,2490
related,2489
among,2489
killed,2487
hydroxychloroquine,2484
plus,2477
based,2475
second,2474
is,2472
deus,2467
reopening,2467
canada,2459
closed,2458
puede,2457
possible,2457
protests,2456
california,2448
matter,2446
despite,2441
nuevo,2435
current,2434
this,2432
govt,2429
makes,2427
van,2420
hours,2413
you,2411
potus,2410
friends,2407
pm,2406
brazil,2402
une,2401
cuarentenaradicalpreventiva,2397
el,2387
antibodies,2384
little,2377
caso,2374
foxnews,2373
petition,2369
almost,2366
low,2361
nursing,2360
affected,2357
cloroquina,2357
used,2356
kill,2351
00,2351
higher,2350
share,2342
venezuela,2340
failed,2336
killing,2336
positivos,2332
become,2327
semana,2327
office,2321
der,2319
complications,2314
info,2310
força,2305
españa,2297
ago,2292
university,2292
took,2292
wait,2288
ask,2274
kesehatan,2273
casa,2273
available,2272
found,2272
talk,2269
johnson,2268
political,2263
gets,2262
hands,2260
untuk,2258
we,2251
días,2248
june,2248
past,2241
left,2240
reopen,2236
personal,2235
16,2229
das,2228
understand,2228
education,2227
minister,2222
yang,2216
on,2215
together,2210
restrictions,2209
problem,2207
transmission,2206
confirmados,2205
link,2197
etc,2196
aid,2193
13,2190
else,2185
residents,2179
caused,2177
dans,2174
course,2174
agora,2173
nation,2170
200,2168
rest,2167
sars,2165
ver,2157
pas,2157
action,2148
relief,2146
measures,2144
for,2143
worse,2136
third,2134
25,2131
wo,2127
active,2119
season,2119
damn,2117
highest,2117
reason,2111
bien,2109
remember,2104
following,2104
all,2102
síntomas,2102
protokol,2099
hacer,2098
victoria,2097
list,2097
wants,2096
kita,2095
penyebaran,2090
failure,2087
app,2084
different,2081
la,2080
mortality,2080
told,2079
seen,2075
billion,2074
biden,2070
policy,2069
jul,2068
cities,2064
hear,2063
vida,2060
seriously,2055
instead,2053
plague,2053
vez,2051
bbc,2048
horas,2048
ai,2048
players,2044
prueba,2043
issues,2037
service,2027
wow,2027
return,2026
group,2025
russia,2022
visit,2014
tras,2007
services,2000
कर,2000
program,1997
jair,1997
totally,1996
já,1994
seems,1993
hey,1990
emergency,1978
en,1974
listen,1971
21,1968
und,1967
set,1963
cuomo,1961
wave,1958
años,1955
cómo,1950
rising,1949
term,1947
menos,1946
run,1946
provide,1945
critical,1941
lol,1941
drug,1940
pruebas,1935
serious,1931
hace,1930
leave,1927
tweet,1925
given,1924
whole,1919
question,1918
citizens,1918
guidelines,1916
lunes,1914
239,1913
mal,1912
law,1912
companies,1910
star,1906
lie,1905
rates,1903
play,1902
means,1900
boris,1900
ao,1899
gripezinha,1898
sense,1897
sports,1892
racial,1891
try,1891
arizona,1891
nygovcuomo,1891
looks,1890
joebiden,1890
republicans,1889
nytimes,1889
sector,1887
wuhan,1884
hand,1879
isso,1873
bill,1873
hold,1872
cure,1871
women,1869
leaders,1867
industry,1866
lying,1866
sir,1863
millions,1860
especially,1850
international,1848
18,1844
hell,1841
dari,1834
company,1832
ne,1832
deal,1828
election,1824
summer,1824
recent,1824
mexico,1823
webinar,1821
negative,1820
self,1819
reporting,1818
lead,1817
lack,1817
17,1816
pelo,1812
ng,1810
ok,1805
hospitalizations,1805
2019,1801
cancer,1791
probably,1791
happen,1789
prevent,1789
contagio,1789
aire,1788
went,1786
handling,1785
gon,1785
6jul,1784
claims,1779
twitter,1777
final,1775
presssec,1772
facts,1769
campaign,1766
responsible,1764
able,1763
talking,1759
war,1757
exams,1755
taken,1753
common,1752
san,1752
expert,1745
wearamask,1744
miami,1743
nearly,1743
reuters,1741
blood,1735
thread,1731
stayhome,1728
healthy,1725
guess,1725
132,1724
aquí,1724
blm,1723
living,1716
name,1713
2000,1711
entire,1707
act,1706
idea,1706
issue,1704
hate,1699
ini,1699
continues,1699
cada,1699
favor,1697
digital,1696
interesting,1693
grow,1692
parents,1691
employees,1690
esse,1689
leading,1688
dia,1688
europe,1687
keisha,1687
racism,1685
vamos,1685
gracias,1684
número,1684
democrats,1684
running,1684
rules,1683
qui,1683
battle,1681
ones,1679
bubbawallace,1675
though,1673
hidup,1673
needed,1672
four,1670
that,1670
bottoms,1670
mondaythoughts,1669
argentina,1663
calling,1659
washington,1658
opening,1656
started,1656
department,1656
nhs,1654
masker,1654
giving,1653
hi,1652
mark,1650
africa,1650
govrondesantis,1649
single,1646
staysafe,1646
child,1645
zero,1644
sorry,1644
31,1643
atención,1643
par,1643
ang,1642
sintomas,1637
coronaviruspandemic,1636
pro,1631
chief,1630
line,1629
head,1628
je,1628
result,1626
nueva,1624
que,1623
quedateencasa,1622
focus,1621
mental,1619
major,1614
blog,1609
ppe,1608
sunday,1607
republican,1606
parte,1604
members,1604
tá,1600
faça,1599
distance,1594
behind,1594
whitehouse,1593
bubonicplague,1591
co,1591
announced,1590
ppl,1588
longer,1587
received,1587
worth,1584
icu,1582
decision,1581
45,1581
che,1581
move,1576
communities,1574
comes,1572
delhi,1568
late,1568
hundreds,1567
force,1567
source,1565
ny,1565
wonder,1562
yeah,1560
large,1559
500,1558
came,1557
restaurants,1556
vírus,1552
ass,1545
60,1545
adds,1544
dangerous,1542
poor,1542
ou,1542
heart,1541
millones,1539
financial,1538
access,1537
plans,1531
unemployment,1527
demand,1522
general,1522
पर,1521
moneyforthepeople,1516
count,1514
thinking,1514
morning,1513
area,1513
politics,1510
violence,1507
questions,1507
evitar,1497
congress,1496
foi,1496
numb,1495
finally,1491
nyc,1491
im,1486
idiot,1484
vulnerable,1482
seu,1479
released,1479
happening,1479
yesterday,1478
300,1477
deadly,1477
cov,1475
casi,1475
loans,1471
cas,1470
novel,1469
lobbyists,1467
within,1466
key,1459
mejor,1456
meses,1455
últimas,1454
former,1454
power,1450
bersih,1443
level,1442
paid,1441
either,1441
analysis,1440
científicos,1439
wife,1438
body,1437
mr,1436
23,1436
virtual,1436
fighting,1435
diseases,1435
mortes,1435
pmoindia,1432
false,1430
takes,1428
momento,1426
situación,1424
información,1420
sigue,1420
tips,1420
strategy,1420
effects,1419
literally,1419
goes,1419
date,1419
epidemic,1417
concerns,1417
prevención,1414
ce,1412
guys,1411
average,1411
tax,1409
patient,1408
borisjohnson,1408
65,1406
five,1405
clear,1403
trabajo,1403
tres,1403
