gram,counts
covid 19 pandemic,5957
covid 19 cases,5480
href rel nofollow,4672
true href rel,4615
covid19 coronavirus wednesdaymorning,4124
coronavirus wednesdaymorning obamagate,4123
wednesdaymorning obamagate quarantine,4123
obamagate quarantine love,4123
quarantine love goodmorning,4123
love goodmorning art,4123
goodmorning art socialdistancing,4123
art socialdistancing covid_19,4123
rel nofollow twitter,3712
pandemi covid 19,2998
casos covid 19,2860
due covid 19,2790
nofollow twitter web,2692
covid 19 patients,2551
covid 19 crisis,2381
pelaksanaan operasi ketupat,2334
twitter web app,2331
covid 19 via,2265
di tengah pandemi,2116
memperpanjang masa pelaksanaan,2096
tengah pandemi covid,2082
covid 19 deaths,2074
masa pelaksanaan operasi,2060
covid 19 data,2045
tjhinfar21 wagimandeep212 narkosun,1993
wagimandeep212 narkosun kampoeng_99,1993
narkosun kampoeng_99 hamka_sutra,1993
kampoeng_99 hamka_sutra 1802_kimmi,1993
1trenggalek thearieair tjhinfar21,1992
thearieair tjhinfar21 wagimandeep212,1992
hamka_sutra 1802_kimmi aryprasetyo85,1985
new covid 19,1979
operasi ketupat 2020,1913
polri memperpanjang masa,1897
ketupat 2020 di,1896
2020 di tengah,1891
covid 19 atau,1855
covid19 happybirthdayntr ليله_27,1852
happybirthdayntr ليله_27 angiemotshekga,1852
ليله_27 angiemotshekga covid_19,1852
angiemotshekga covid_19 coronavirus,1852
covid_19 coronavirus kadirgecesi,1852
coronavirus kadirgecesi ليلة_القدر,1852
kadirgecesi ليلة_القدر lockdown2020,1852
19 atau virus,1833
covid 19 vaccine,1762
coronavirus covid 19,1744
da covid 19,1721
amid covid 19,1704
atau virus corona,1648
covid 19 testing,1589
positive covid 19,1565
bbc news coronavirus,1545
fight covid 19,1515
new coronavirus cases,1487
covid 19 outbreak,1461
planned parenthood affiliates,1271
covid 19 response,1229
covid 19 di,1224
covid 19 lockdown,1202
received 80 million,1189
affiliates improperly applied,1154
parenthood affiliates improperly,1152
improperly applied received,1148
applied received 80,1130
80 million coronavirus,1127
coronavirus stimulus funds,1056
ainda bem natureza,1051
impact covid 19,1050
cases covid 19,1050
million coronavirus stimulus,1028
covid 19 em,1018
does spread easily,1004
últimas 24 horas,1003
covid 19 test,987
covid 19 update,981
pandemia covid 19,957
stimulus funds feds,932
bem natureza criou,917
cdc says coronavirus,910
du covid 19,878
says coronavirus does,874
spread easily via,863
covid 19 relief,857
response covid 19,849
post covid 19,841
coronavirus does spread,836
covid 19 death,818
nofollow twitter android,812
easily via contaminated,812
may 20 2020,811
nuevos casos covid,792
via contaminated surfaces,792
covid 19 coronavirus,786
amid coronavirus pandemic,773
nuevos casos coronavirus,755
covid 19 impact,742
com covid 19,739
doctors raise alarm,735
towards cashless society,722
continued coronavirus shutdown,704
coronavirus shutdown mass,690
raise alarm health,689
alarm health effects,684
health effects continued,677
say white house,674
politics ahead science,673
shutdown mass casualty,669
effects continued coronavirus,667
mortes covid 19,663
died covid 19,662
ve muzzled cdc,661
putting politics ahead,658
we ve muzzled,648
white house putting,641
mass casualty incident,636
covid 19 vía,634
house putting politics,634
covid 19 tests,618
contagios covid 19,612
fired refusing manipulate,609
20 05 2020,608
covid 19 treatment,607
new york times,600
coronavirus live updates,596
federal judge rules,594
spread covid 19,591
covid 19 virus,590
virus covid 19,582
criou esse monstro,574
positivo covid 19,572
manipulate covid 19,566
covid 19 positive,565
natureza criou esse,563
crisis covid 19,534
last 24 hours,530
positif covid 19,529
day working week,527
refusing manipulate covid,526
number coronavirus cases,524
captain tom moore,522
virus corona operasi,522
penyebaran covid 19,520
rolls royce cut,519
four day working,516
says covid 19,513
covid 19 infections,508
yung first wave,504
covid 19 lockdowns,501
flags four day,499
coronavirus death toll,498
cdc sources say,498
funds feds say,496
cut 000 jobs,494
131 nuevos casos,492
catching covid 19,491
gt gt gt,491
ardern flags four,490
muzzled cdc sources,490
jacinda ardern flags,485
pacientes covid 19,484
sources say white,484
working week way,481
second wave na,478
royce cut 000,474
covid 19 amp,469
wave covid 19,469
week way rebuild,467
dies covid 19,466
florida covid 19,463
new zealand covid,461
covid 19 related,457
way rebuild new,456
zealand covid 19,454
rebuild new zealand,452
muertes covid 19,451
penanganan covid 19,448
covid 19 case,447
treat covid 19,447
20 may 2020,446
esse monstro chamado,444
drug costa rica,442
costa rica uses,441
scientist fired refusing,441
new cases covid,437
coronavirus captain tom,436
rica uses successfully,434
positivos covid 19,430
test positive covid,430
tested positive covid,429
hydroxychloroquine drug costa,428
uses successfully fight,426
20 mei 2020,424
successfully fight covid,422
leaked pentagon memo,421
texans afraid catching,421
global carbon emissions,420
covid 19 restrictions,417
covid 19 dengan,415
florida scientist fired,414
pentagon memo warns,410
afraid catching covid,410
covid 19 infection,409
judge rules texans,404
rules texans afraid,402
covid 19 may,401
covid 19 spread,401
covid 19 brasil,398
covid 19 vote,392
world health organization,391
deaths covid 19,390
ministério da saúde,389
covid 19 situation,389
long term care,386
keeping business going,385
covid 19 covert,384
19 covert id,384
tested positive coronavirus,383
number covid 19,383
19 vote mail,383
test positive coronavirus,382
president donald trump,382
hari kebangkitan nasional,380
terdampak covid 19,378
serco apologises sharing,378
coronavirus serco apologises,376
covid 19 recovery,374
covid 19 contact,374
covert id heading,374
going covid 19,373
tom moore awarded,372
id heading towards,372
heading towards future,368
confirmados covid 19,367
moore awarded knighthood,366
vacuna covid 19,365
new cases coronavirus,364
apologises sharing contact,364
twitter web client,363
ang first wave,362
dying covid 19,361
asian american doctors,360
sharing contact tracers,360
fossil fuel companies,359
knighthood nhs fundraising,359
contact tracers email,359
awarded knighthood nhs,357
get covid 19,356
show covid 19,355
covid 19 numbers,353
caso covid 19,353
19 death toll,353
towards future cashless,353
19 mayo 2020,352
american doctors nurses,352
doctors nurses fighting,350
miércoles 20 mayo,350
new york city,349
casos confirmados covid,348
new covid19 cases,347
covid 19 could,346
second wave covid,344
let fossil fuel,341
fuel companies set,340
tracers email addresses,339
companies set agenda,338
set agenda coronavirus,338
19 contact tracing,338
brace second wave,338
update covid 19,337
agenda coronavirus demand,336
europe brace second,336
business going covid,335
coronavirus demand transparency,334
tests positive coronavirus,333
confirmed cases covid19,331
demand transparency via,329
em 24 horas,329
confirmed covid 19,329
future cashless society,329
di pa nga,329
covid 19 méxico,328
nurses fighting racism,328
covid 19 patient,328
carbon emissions dropped,327
transparency via getup,326
17 covid 19,326
us covid 19,326
got covid 19,323
covid 19 na,322
contre covid 19,322
due coronavirus pandemic,320
covid 19via namo,320
19via namo app,320
realdonaldtrump russvought45 ustreasury,320
tests positive covid,319
20 mayo 2020,319
per lakh population,319
new cases covid19,318
change covid 19,318
covid 19 ini,316
top covid 19,315
emissions dropped 17,314
infected covid 19,314
000 jobs amid,314
contact tracing app,312
stay at home,312
scientist says fired,311
covid 19 news,308
florida scientist says,308
may 19 2020,307
covid 19 new,307
frente covid 19,307
2nd wave na,307
latest covid 19,304
fighting racism coronavirus,303
19 deaths per,303
muertos covid 19,302
cases badge honor,301
rel nofollow tweetdeck,301
says fired refusing,301
cashless society know,301
free covid 19,299
coronavirus rolls royce,299
covid 19 fatality,298
19 via youtube,297
19 data scientist,296
casos positivos covid,296
potential covid 19,290
florida ousts top,289
ousts top covid,289
time covid 19,289
12 global coronavirus,287
global coronavirus studies,287
analysis 12 global,286
от covid 19,285
на covid 19,284
coronavirus studies finds,284
2020 05 20,282
19 via costa,282
covid 19 polri,281
pruebas covid 19,280
second wave coronavirus,280
covid 19 dashboard,279
test covid 19,279
polri perpanjang pelaksanaan,279
perpanjang pelaksanaan operasi,279
despite covid 19,278
studies finds 12,278
fired refusing change,278
covid 19 venezuela,277
using covid 19,277
covid 19 cure,277
operasi ketupat opsketupatcegahcovid19,277
19 polri perpanjang,277
lives daily talk,276
0208 90 2121,276
90 2121 hello,276
new blog post,276
19 fatality rate,276
covid 19 opsketupatcegahcovid19,276
2121 hello fantasticradio,275
hello fantasticradio co,275
fantasticradio co uk,275
finds 12 show,275
via costa rica,274
leves covid 19,274
covid 19 updates,273
12 show covid,272
unfortunate payroll accounting,271
adding value lives,271
value lives daily,271
daily talk us,271
talk us 0208,271
us 0208 90,271
au covid 19,271
reduce coronavirus transmission,271
payroll accounting error,270
end lockdown new,270
city locks fight,270
cases new deaths,269
locks fight coronavirus,269
accounting error since,268
error since instructed,268
cure covid 19,268
fight coronavirus robots,268
coronavirus robots come,268
robots come go,267
since instructed payroll,266
000 covid 19,266
know covid 19,264
travel ban brazil,264
before and after,264
covid 19 world,263
refusing change covid,262
data to support,261
affected covid 19,260
wednesday may 20,260
support reopen plan,260
check point psbb,260
226 new cases,258
coronavirus cases badge,257
to support reopen,256
19 data to,255
new york coronavirus,254
dropped 17 covid,253
like covid 19,252
world bank warns,251
pela covid 19,249
new deaths today,248
fallecidos covid 19,248
tiempos covid 19,248
covid 19 não,247
announces executive order,247
coronavirus relief funds,247
confirmed coronavirus cases,247
covid 19 nedeniyle,246
covid 19 país,246
patients covid 19,246
memo warns real,245
die covid 19,245
justice department warns,244
pendemi covid 19,244
warns real possibility,243
covid 19 resurgence,242
response due covid,241
trump announces executive,241
since covid 19,241
daily death toll,241
hydroxychloroquine 19 years,240
delayed response due,239
deaths today raising,238
54 346 casos,236
uso da cloroquina,236
casos positivos coronavirus,235
covid 19 exposure,235
took hydroxychloroquine 19,235
casos leves covid,235
possibility covid 19,234
covid 19 fight,234
department warns california,234
update check point,234
crise du covid,233
tested covid 19,232
past 24 hours,231
coronavirus disease 2019,231
19 05 2020,230
amid coronavirus crisis,230
sa covid 19,230
rel nofollow hootsuite,230
nofollow hootsuite inc,230
jobs amid virus,230
infect many others,229
real possibility covid,229
wearing face mask,229
uk covid 19,228
ng covid 19,228
eating wild animals,228
covid 19 pan,227
still got covid,227
shocking before and,227
patients infect many,226
amid virus crisis,226
instructed payroll department,225
news covid 19,225
covid 19 mundo,225
de covid 19,225
contaminated surfaces foxnews,225
19 outbreak still,224
outbreak still require,224
covid 19 emergency,224
experts say moderna,224
selamat hari kebangkitan,224
health care workers,224
many others whereas,223
fighting covid 19,223
19 resurgence vaccine,223
highest covid 19,223
point psbb sidoarjo,223
combate covid 19,222
19 patients infect,222
mais mil mortes,222
new medical analysis,222
michael cohen released,222
keep covid 19,221
covid19 positive cases,221
polreskudus1 divhumas_polri poldajateng_,221
people died today,220
vaccine experts say,220
medical analysis 12,220
psbb sidoarjo pos,220
support covid 19,219
monstro chamado coronavirus,219
lockdown new medical,219
handling covid 19,218
covid 19 en,218
coronavirus research wuhan,218
shows signs coronavirus,218
reports coronavirus cases,218
amidst covid 19,217
crise du coronavirus,217
leaders congregants get,217
covid 19 et,216
hindi pa nga,216
covid 19 six,215
others whereas spread,214
covid 19 dan,214
bank warns 60m,214
contagio covid 19,213
deaths per lakh,213
say covid 19,212
states accused fudging,212
covid 19 us,212
congregants get coronavirus,212
100 million people,211
covid 19 job,211
pa nga tapos,210
pressure schools return,210
schools return date,210
covid 19 antibody,209
simón ignoró alertas,209
mail in ballots,208
article amp reuters,208
million covid 19,208
whereas spread virus,207
deaths per capita,207
lawan covid 19,207
covid 19 india,207
still require help,206
covid 19 covid19,205
fernando simón ignoró,205
ignoró alertas alemania,205
alertas alemania francia,205
nuevos casos covid19,204
testing covid 19,204
pos check point,204
ministers pressure schools,204
346 casos confirmados,203
badge honour us,203
global covid 19,203
patients nursing homes,203
total number cases,203
francia covid 19,203
cohen released prison,203
prevent covid 19,202
records covid 19,202
society covid 19,202
plants vs zombies,202
spread awareness get,202
54 mil 346,201
said fired refusing,201
covid 19 symptoms,201
lakh population global,201
alemania francia covid,201
awareness get code,201
get code fiveoff,201
pandémie covid 19,200
accused fudging bungling,200
covid 19 antibodies,200
early covid 19,200
track trace system,200
code fiveoff follow,200
apologies delayed response,199
martes 19 mayo,199
2020 covid 19,199
state covid 19,199
casos confirmados coronavirus,198
people covid 19,198
resurgence vaccine coming,197
60 million people,197
pressing towards cashless,197
pan dem ic,197
signs coronavirus could,197
coronavirus could changing,197
900 children expelled,197
coronavirus pandemic via,196
moderna covid 19,196
recovered covid 19,196
coronavirus contact tracing,196
population global figure,196
cashless society covid,196
rigidité et lenteurs,196
raising country total,195
home covid 19,194
diffusion pharmaceutical dffn,194
pharmaceutical dffn 573,194
dffn 573 upside,194
573 upside talks,194
cashless society coronavirus,194
warns california coronavirus,194
coronavirus ministers pressure,194
trauma found dead,194
treating covid 19,193
million people china,193
today raising country,193
africa covid 19,193
ao covid 19,192
six weeks hospital,192
upside talks fda,192
black americans dying,192
vaccine coming summer,191
coming summer 2021,191
two southern churches,191
man shared shocking,191
nuevos casos positivos,190
shared shocking photo,190
fda covid 19,190
19 pan dem,190
comment rigidité et,190
ünvan değişikliği sınavı,189
değişikliği sınavı covid,189
sınavı covid 19,189
covid 19 care,189
covid 19 safety,189
talks fda covid,189
pelo covid 19,188
contagiados covid 19,188
bungling covid 19,188
via uolnoticias uol,188
covid 19 strategy,188
photo covid 19,188
check point waru,188
total number coronavirus,188
bakanlığı ünvan değişikliği,187
daily covid 19,187
shocking photo covid,187
20 05 20,187
sidoarjo pos check,187
point waru pintu,187
cas covid 19,186
effects covid 19,186
moving towards cashless,186
20 mai 2020,186
covid 19 cumbre,186
coronavirus world bank,186
children expelled pandemic,186
india records covid,185
100 000 dead,185
covid 19 three,185
risk covid 19,184
three times rate,184
nas últimas 24,183
moment people died,183
50 days 30,183
coronavirus pandemic could,183
covid 19 revealed,183
waru pintu 1polri,183
second wave says,183
wave says eu,183
says eu coronavirus,183
new cases confirmed,182
19 testing data,182
coronavirus live news,182
19 six weeks,182
covid 19 global,182
americans dying covid,182
ont plombé gestion,182
eu coronavirus chief,182
times rate white,182
federal judge says,181
bbc news mundo,181
immunity covid 19,181
api test covid19data,181
test covid19data cssegissday,181
covid19data cssegissday 116,181
cssegissday 116 116location,181
flatten yung curve,181
one idea contact,181
expelled pandemic border,181
john glenn dies,180
fudging bungling covid,180
person to person,180
coronavirus cases rise,180
75 nuevos casos,180
super diffusori di,180
pandemic border policy,180
found dead car,180
covid 19 hospital,179
spread easily contaminated,179
19 cumbre europea,179
contact tracers lack,179
least 000 jobs,179
impacts covid 19,178
risk extreme poverty,178
idea contact tracers,178
muzzled cdc staffers,178
cdc staffers say,178
term care facilities,177
six times day,177
total confirmed cases,177
amp covid 19,177
italiani super diffusori,177
tracers lack knowledge,177
rate white people,177
outbreak shows signs,177
infectados covid 19,176
natureza criou coronavirus,176
deputado estadual gil,176
estadual gil vianna,176
pintu 1polri memperpanjang,176
bans eating wild,176
dem ic alive,176
coronavirus lockdown indian,175
india covid 19,175
end covid 19,175
global figure health,175
pembatasan moda transportasi,175
moda transportasi dalam,175
transportasi dalam mudik,175
60m risk extreme,175
ron desantis go,175
msm wearing masks,175
covid 19 business,174
kasus covid 19,174
covid 19 día,174
mask reduce coronavirus,174
covid 19 china,174
1polri memperpanjang masa,174
warns 60m risk,174
profili italiani super,174
plombé gestion française,174
staffers say white,174
pier imports permanently,173
usa northamerica cases,173
death toll rises,173
economy covid 19,173
no one idea,173
imports permanently closing,172
lockdown indian migrants,172
indian migrants dying,172
gov andrew cuomo,172
coronavirus death rate,172
mil 346 casos,171
related covid 19,171
2019 covid 19,171
knowledge covid 19,171
19 three times,171
total covid 19,170
confirmed covid19 cases,170
covid 19 brought,170
funded coronavirus research,170
150 people per,170
tested positive covid19,169
care home deaths,169
coronavirus transmission 75,169
fauci funded coronavirus,169
permanently closing retail,168
migrants dying get,168
rate covid 19,168
data covid 19,168
battle covid 19,168
home confinement amid,168
vacina covid 19,167
lack knowledge covid,167
new post coronavirus,166
high number coronavirus,166
vítima covid 19,166
fastandfurious obamagategate subpoenaobama,166
wearing masks coordinated,166
masks coordinated keep,166
closing retail stores,165
retail stores due,165
pasien covid 19,165
stop covid 19,165
covid 19 warnings,165
19 cases reported,165
coronavirus rules may,165
obamagategate subpoenaobama obamagate,165
coronavirus patient shared,165
stores due covid,164
dying get home,164
coronavirus sars cov,164
wake covid 19,164
wabah covid 19,164
rules may violate,164
figure health ministry,164
dari covid 19,163
make covid 19,163
updates covid 19,163
california coronavirus rules,163
subpoenaobama obamagate obama,163
coordinated keep covid,163
confinement amid coronavirus,163
coronavirus cases new,162
people per minute,162
apple google release,162
patient shared shocking,162
284 new cases,162
filho da puta,161
19 cases total,161
world health assembly,161
push 60 million,161
19 revealed college,161
revealed college really,161
go get apology,161
obamagate obama covid19,161
shared shocking before,161
prison home confinement,161
trump calls high,160
bulk buys hydroxychloroquine,160
highest single day,160
heading towards cashless,160
us coronavirus deaths,160
may violate religious,160
twitter profili italiani,160
desantis go get,160
released prison home,160
coronavirus task force,159
trump white house,159
access covid 19,159
disease 2019 covid,159
per covid 19,159
di fake news,159
coronavirus cases day,159
attorney michael cohen,159
donald trump says,158
monstro chamado coronavírus,158
people china face,158
china face new,158
cura covid 19,158
coronavirus mainly spreads,158
rantai penyebaran covid,158
000 dead americans,158
mercredi 20 mai,158
trump threatens withhold,158
days 30 days,157
hands least six,157
covid 19 últimas,157
to person contact,157
19 di indonesia,157
diffusori di fake,157
former trump attorney,157
trump attorney michael,157
first covid 19,156
new cases new,156
face new lockdown,156
slow spread covid19,156
obama covid19 redwave,156
elderly covid 19,155
covid 19 health,155
il covid 19,155
lakh covid 19,155
uk bulk buys,155
use covid 19,155
cases badge honour,155
become society future,155
trump executive order,155
fake news sul,155
mortos covid 19,154
least six times,154
help slow spread,154
covid 19 quarantine,154
mail in voting,154
violate religious freedoms,154
covid 19 au,154
test kits mass,154
fiveoff follow marz2796,154
amid coronavirus source,154
spreads person to,153
coronavirus cases across,153
news sul coronavirus,153
february 320th march,153
kits mass testing,153
executive order directs,153
andrew cuomo hero,153
blame new york,153
enfermos covid 19,152
face mask reduce,152
mainly spreads person,152
national guard members,152
20th may 2020,152
pacientes com covid,152
hydroxychloroquine side effects,152
cdc officials say,152
news mundo coronavirus,152
potential hydroxychloroquine side,152
cegah covid 19,151
expuestos covid19 médicos,151
care workers died,151
mass testing etcs,151
full display trump,151
display trump executive,151
country third highest,150
lockdown second wave,150
cdc coronavirus mainly,150
transmission 75 percent,150
covid 19 research,150
home due coronavirus,150
corruption full display,150
alerta coronavirus revelado,150
and after hospital,150
19 data via,149
covid 19 measures,149
mayor número casos,149
impacto covid 19,149
world covid 19,149
000 new cases,149
trump coronavirus response,149
driving towards cashless,149
china new outbreak,149
buys hydroxychloroquine potential,148
trump says coronavirus,148
covid 19 sa,148
brote covid 19,148
largest single day,148
covid19 médicos sanidad,148
320th march 24920th,148
order directs agencies,148
bruselas alerta coronavirus,148
coronavirus revelado problemas,148
19 deaths age,148
covid19 redwave womenfortrump,148
after hospital photos,148
latest keeping business,148
warns potential hydroxychloroquine,148
moderna produce data,147
positive coronavirus tests,147
coronavirus lockdown strategy,147
race coronavirus vaccine,147
covid 19 free,147
cases 24 hours,147
médicos sanidad pública,147
directs agencies gut,147
woman took hydroxychloroquine,147
casos confirmados covid19,146
florida scientist said,146
news coronavirus captain,146
aiming make hundreds,146
new lockdown second,146
hydroxychloroquine potential covid,146
covid 19 commission,146
march 24920th april,146
new outbreak shows,146
revelado problemas inversión,146
agencies gut business,146
gut business regulations,146
treat lupus still,146
us coronavirus cases,145
linked covid 19,145
produce data critical,145
executive order aiming,145
order aiming make,145
covid 19 going,145
hit covid 19,145
75 percent study,145
news coronavirus serco,145
coronavirus cases india20th,145
chief europe brace,145
scientist said fired,144
judge says texas,144
make hundreds deregulations,144
hundreds deregulations amid,144
face to face,144
death toll hits,144
africa contained unrecorded,144
vs covid 19,144
workers test positive,144
natapos yung first,144
business regulations amid,144
says texas voters,143
nofollow twitter iphone,143
19 pandemic via,143
causa covid 19,143
dengan covid 19,143
coronavirus africa contained,143
na covid 19,143
tratamento da covid,143
coronavirus coronavirusupdate covid19,143
cases india20th february,143
testing etcs contain,143
hero blame new,143
york coronavirus catastrophe,143
mil mortes covid,142
21 nuevos casos,142
covid 19 nas,142
síntomas covid 19,142
ministro da saúde,142
19 últimas 24,142
19 cases emerge,142
even covid 19,142
pandemic covid 19,142
considers travel ban,142
single day spike,142
gmt coronavirus coronavirusupdate,142
coronavirusupdate covid19 coronaviruspandemic,142
dear world amp,142
world amp share,142
amp share feeling,142
sa first wave,142
cases across world,142
cuomo hero blame,142
years treat lupus,142
19 years treat,142
lupus still got,142
deregulations amid coronavirus,141
combatir covid 19,141
