gram,counts
covid 19,195984
19 vaccine,12182
coronavirus vaccine,12109
19 cases,8338
new zealand,7919
primera vacuna,7695
coronavirus cases,7674
19 pandemic,6482
vacuna covid,6118
coronavirus covid19,5773
coronavirus pandemic,5533
first covid,5415
world first,5370
vacuna coronavirus,5333
vladimir putin,5229
covid19 coronavirus,4896
new cases,4787
vacuna rusa,4417
102 days,3684
first coronavirus,3596
putin says,3506
new coronavirus,3496
tested positive,3259
protokol kesehatan,3246
casos covid,3204
nuevos casos,3148
covid19 vaccine,3029
positive covid,2801
new covid,2774
covid19 pandemic,2737
college football,2650
due covid,2512
vacuna covid19,2430
20 million,2396
public health,2366
new york,2359
casos coronavirus,2335
cegah covid,2276
19 polriserukancucitangan,2264
cuci tangan,2227
first country,2175
via youtube,2130
11 agosto,2128
says russia,2075
positive coronavirus,2072
rusia registra,2072
covid19 cases,2005
president vladimir,1996
registra primera,1968
russia approves,1957
coronavirus covid,1924
cases covid,1849
vaccine putin,1828
big ten,1812
19 via,1801
death toll,1786
cases 102,1783
19 deaths,1770
putin daughter,1751
24 horas,1733
zealand records,1682
wear mask,1653
due covid19,1614
due coronavirus,1604
social distancing,1595
putin anuncia,1591
gt gt,1568
coronavirus relief,1560
united states,1560
donald trump,1557
records first,1522
coronavirus deaths,1496
casos positivos,1489
gon na,1481
spread covid,1481
19 mundo,1465
test positive,1454
patuhi protokol,1449
news coronavirus,1439
russia registers,1424
19 crisis,1413
russia developed,1405
vacina covid,1399
august 11,1392
19 testing,1388
good news,1383
amid covid,1371
rusa coronavirus,1369
da covid,1364
sars cov,1361
últimas 24,1339
bbc news,1336
mencegah penyebaran,1334
penyebaran covid19,1334
rahat indori,1331
white house,1319
11 2020,1314
positivo covid,1312
bill gates,1305
long term,1304
live updates,1299
11 08,1282
casos confirmados,1271
19 di,1255
nueva zelanda,1253
vaksin covid,1242
russia coronavirus,1242
rusa covid,1221
kesehatan polriserukancucitangan,1208
coronavirus outbreak,1204
19 patients,1195
active cases,1186
new post,1173
confirmed cases,1171
coronavirus mundo,1166
russia becomes,1162
nursing home,1158
aug 11,1152
upaya mencegah,1151
kita semua,1147
covid19 patuhi,1147
vaccin contre,1144
rajin cuci,1142
becomes first,1139
pandemia coronavirus,1132
100 000,1132
ayo kita,1132
coronavirus live,1116
ca believe,1111
year old,1105
country approve,1105
19 coronavirus,1097
new deaths,1093
mental health,1092
developed first,1090
nursing homes,1089
president trump,1080
coronavirus putin,1080
kita disiplin,1076
adalah vaksin,1071
russian president,1068
disiplin adalah,1068
russia first,1067
lakukan protokol,1067
semua ayo,1066
disiplin lakukan,1066
vaksin paling,1065
kesehatan disiplin,1065
paling ampuh,1064
ampuh cegah,1064
impact covid,1055
approve covid,1052
cases coronavirus,1051
russia registered,1043
clinical trials,1037
primeira vacina,1033
selling meat,1033
meat producer,1032
tönnies meat,1031
meat tönnies,1030
producer responsible,1030
1500 new,1030
health ministry,1029
aldi still,1029
still selling,1028
responsible 1500,1028
football season,1026
demi kita,1025
back school,1019
must answer,1018
spread coronavirus,1017
aldi must,1016
russia approved,1016
cases aldi,1015
pandemia covid,1012
rusia primera,1011
mencuci tangan,1010
amid coronavirus,1005
herd immunity,1000
pandemia covid19,999
believe aldi,997
task force,996
putin anunció,996
24 hours,985
19 death,984
premier vaccin,984
vaccine russia,982
face mask,977
19 test,976
coronavirus death,965
looks like,962
russian vaccine,941
antonio banderas,940
coronavirus update,938
08 2020,936
casos covid19,932
death rate,915
putin said,909
wearing mask,904
contact tracing,902
agosto 2020,900
coronavirus crisis,897
novel coronavirus,894
prime minister,892
coronavirus via,887
russia covid,883
daughter vaccinated,882
positivo coronavirus,881
young people,881
19 outbreak,880
positive covid19,880
corona virus,878
putin claims,878
russia announces,876
first time,872
100 days,871
face masks,868
19 positive,866
two weeks,866
19 update,865
covid vaccine,864
vaccine sputnik,864
19 response,862
approved world,858
august 2020,856
contagios covid,855
via yahoo,852
vaccine says,849
community transmission,848
stay home,844
97 000,843
many people,842
vaccine coronavirus,841
19 relief,839
spread covid19,835
registrado primera,829
19 em,823
stay safe,823
19 case,822
health care,820
russia claims,819
nuevo coronavirus,816
pleasepostponejee_neet pleasepostponejee_neet,814
positive cases,813
vaccine approved,812
died covid,811
vaccine covid19,811
vaccine covid,809
school district,805
last week,801
join us,797
20 millones,796
get covid,794
pandemi covid,793
around world,793
1trenggalek upaya,785
vladimir poutine,780
covid19 covid,778
dio positivo,777
penyebaran covid,777
jacinda ardern,776
coronavirus response,775
says daughter,775
wear masks,773
1trenggalek thearieair,772
new covid19,771
rusia vacuna,771
160 000,769
people died,768
tjhinfar21 1802_kimmi,765
russia vaccine,763
president putin,762
one daughters,761
go back,760
trump says,760
nuevos contagios,759
testing positive,759
realdonaldtrump big,758
health officials,756
000 children,755
casos nuevos,755
contre coronavirus,754
alyssa milano,753
rusia registró,753
urdu poet,752
healthcare workers,751
fight covid,750
first vaccine,748
100 million,747
wearing masks,743
putin announced,742
coronavirus argentina,739
total cases,735
fall sports,735
breaking news,735
coronavirus new,734
registers world,730
india mitega,728
recovery rate,727
coronavirus lockdown,725
poet rahat,724
com covid,721
positivos covid,714
cases deaths,711
announces world,709
fake news,706
make sure,705
tests positive,703
every day,703
increase covid,702
covid19 deaths,699
ministerio salud,699
first covid19,697
second wave,695
four new,695
registered world,695
stop spread,691
thearieair tjhinfar21,683
cases reported,678
post covid,677
vacina russa,677
cases top,675
fox news,674
need know,670
contagios coronavirus,669
1802_kimmi kianinara1,669
vaccine daughter,668
global coronavirus,666
coronavirus task,660
cases children,654
million doses,649
response covid,648
000 dead,647
covid19 covid_19,645
registró primera,644
19 virus,642
mitega india,641
pac 12,638
via gatewaypundit,638
contre covid,632
positivos coronavirus,630
economic crisis,630
trump coronavirus,626
cases us,624
high school,622
covid covid19,621
100 mil,621
anuncia registro,621
dudas científicos,620
martes 11,619
zealand 102,619
common cold,617
covid coronavirus,617
side effects,616
от covid,616
qu il,616
corona covid19,614
people die,614
19 dengan,612
coronavirus testing,611
19 dudas,610
000 people,608
cases covid19,606
19 infections,606
york times,604
mail in,603
tangan untuk,602
infectious disease,602
casos activos,601
single day,598
du coronavirus,598
in person,598
four weeks,598
putin announces,596
press conference,595
du covid,592
rusia registrado,590
uji klinis,589
19 tests,589
presidente rusia,586
global pandemic,585
social media,585
tangan pakai,579
deaths reported,578
trump administration,578
putin russia,574
approved use,573
vaccine developed,572
study finds,570
georgia school,570
coronavirus test,570
weeks july,570
help us,567
19 impact,563
covid19 sarscov2,560
102 días,560
pacientes covid,558
total number,556
il vaccino,556
impact covid19,556
vacuna mundo,555
joe biden,554
small businesses,554
us children,553
washington post,549
new normal,548
000 americans,548
children tested,547
millones dosis,547
kamala harris,546
coronavirus infections,546
positif covid,546
19 situation,543
last 24,542
go away,542
covid cases,541
stock market,541
claims russia,541
000 deaths,540
muertes covid,540
get back,539
muertes coronavirus,538
pencegahan covid,538
passes away,538
covid19 crisis,536
mundo coronavirus,536
russie développé,536
wear face,535
pakai sabun,534
trini lopez,534
two months,532
19 numbers,530
daughters already,529
safe effective,526
pandemic covid19,525
coronavirus disease,525
développé premier,524
country world,523
death numbers,522
in voting,521
top 20,520
says vaccine,520
fight covid19,519
social security,519
coronavirus covid_19,519
effective vaccine,517
become first,515
covid19 corona,514
dr fauci,513
coronavirus restrictions,513
20 países,511
daughter inoculated,510
kantorcuci tangan,510
fact check,509
new death,509
approves coronavirus,506
19 vaccines,505
10 agosto,504
anuncia rusia,504
rusia anuncia,504
per cent,502
cases confirmed,502
vaccine via,502
people dying,501
vladímir putin,500
russian coronavirus,499
breaking russia,498
jaga jarak,497
wan na,497
vacuna aprobada,496
million people,495
19 restrictions,493
would like,492
américa latina,492
home coronavirus,491
het coronavirus,491
prevent spread,489
confirmed coronavirus,489
russian covid,489
000 covid,488
executive orders,487
pm modi,487
membiasakan diri,487
il coronavirus,486
number covid,486
coronavirus updates,486
coronavirus concerns,485
vaccine president,485
number cases,484
get tested,484
mil casos,484
19 infection,483
covid19 positive,483
report says,483
get coronavirus,482
post covid19,482
top story,481
became first,481
aged care,479
infectious coronavirus,479
mortes covid,478
polriserukancucitanganyuk membiasakan,478
du masque,477
daughter gets,477
da vacina,475
covid19 response,475
covid19 covidー19,475
fall football,472
dr scott,472
covid_19 coronavirus,472
vaccin russe,472
covid_19 covid19,470
covid19 amp,470
ee uu,467
prueba covid,467
heart attack,467
alert level,467
cegah penyebaran,465
90 increase,465
000 millones,465
vaccine completing,463
pakai masker,461
smoking gun,461
19 lockdown,460
back lockdown,460
vacuna rusia,460
untuk menghindari,459
covid19 patients,458
19 través,458
registro rusia,458
coronavirus breaks,457
loved ones,456
sign petition,454
back normal,454
coronavirus retrieved,454
new study,453
coronavirus infection,452
hospital air,452
died coronavirus,451
19 related,450
children increased,450
putin rusia,450
august 10,449
vaccine ready,449
nouveaux cas,448
port du,447
must read,447
19 concerns,446
approves first,446
immune system,444
us citizens,443
novos casos,443
putin asegura,442
53 mil,441
coronavirus numbers,441
última hora,441
positivo covid19,441
pandemic via,440
11 august,439
big covid,439
covid19 testing,438
000 000,438
register coronavirus,438
scott atlas,437
south africa,437
coronavirus related,437
past month,435
months ago,435
breaks new,435
nuovi casi,432
already inoculated,432
great news,431
wash hands,430
tested covid,429
says putin,429
coronavirus corona,428
last four,428
coronavirus spread,427
safety concerns,427
died covid19,426
american people,426
vaccine safe,426
retrieved hospital,426
contagios covid19,425
mari bersama,425
last weeks,425
face covering,425
virus covid,424
face coverings,424
dosis vacuna,424
gun infectious,424
fight coronavirus,423
reported today,422
19 amp,422
000 casos,422
lost job,422
health amp,421
vaccine registered,421
russia covid19,421
russia become,419
experts say,418
americans died,417
population coronavirus,417
four cases,417
smash mouth,416
look like,416
million covid,414
dies covid,414
across country,413
high risk,413
russia putin,412
russia health,412
health minister,411
total deaths,411
2020 08,411
tuesdayvibes covid19,411
presidente ruso,411
workers businesses,411
johns hopkins,410
est pas,409
daughter given,409
ready use,409
หน ากากอนาม,408
coronavirus last,408
coronavirus case,407
19 recovery,407
coronavirus russia,407
vaccine despite,405
response covid19,404
please help,404
sarscov2 forecast,404
satélite soviético,402
spanish flu,400
us coronavirus,400
agustus 2020,400
disease expert,400
would take,399
ministry health,398
spread virus,398
per day,398
covid19 lockdown,398
weeks report,398
crisis kentucky,398
businesses furious,398
response coronavirus,397
potential covid,397
caso positivo,397
kentucky workers,397
test results,396
post coronavirus,396
even though,395
vacunas covid,395
world news,395
department health,394
du covid19,394
death population,394
coronavirus trump,393
open schools,393
back to,393
news russia,393
primo vaccino,393
millones casos,392
million cases,392
daily thanks,392
covid19 coronaviruspandemic,391
last days,390
hair loss,389
covid19 virus,388
10 000,388
take care,388
in the,388
gets vaccinated,388
florida covid,388
among children,387
save lives,387
coronavirus briefing,385
bringing total,385
covid19 death,385
china lab,384
russianvaccine covid19,384
coronavirus rusia,384
vaccine unlikely,383
days without,383
vacina coronavírus,382
salud pública,381
19 spread,381
lab effective,380
health department,379
via googlenews,378
federal government,377
ministry approved,377
confirmed covid,376
via nbcnews,376
one day,375
please retweet,375
não tem,374
big coronavirus,374
coronavirus covidー19,373
primera vez,373
crisis coronavirus,372
deaths covid,372
to school,372
fatality rate,372
furious mcconnell,372
latest news,371
india covid,371
165 000,371
fallecidos covid,370
vaccine race,370
coronavirus news,369
since march,369
coronavirus russie,369
lou holtz,369
corona coronavirus,368
die covid,368
executive order,368
730 000,368
of the,367
relief bill,366
going back,366
virus vaccine,366
engineered china,365
positivity rate,365
mask wearing,365
locally transmitted,365
joebiden kamalaharris,365
increased 137,365
coronavirus través,363
19 symptoms,363
kita cegah,363
putin covid19,363
russia says,363
penanganan covid,362
19 engineered,361
said tuesday,361
case 102,361
well done,360
coronavirus treatment,360
19 risk,360
sabun sebagai,360
personal salud,359
dead americans,359
rest peace,359
russianvaccine russia,359
feel like,358
19 data,358
get covid19,357
19 covid19,357
covid19 cybersecurity,357
reopening schools,356
daily cases,356
abc news,356
small business,356
podría ser,355
health safety,355
137 past,355
यर हत,354
got ta,354
163 000,354
sounds like,353
years old,352
50 000,352
hija putin,352
ditsamaptapmj demi,352
covid19 test,351
technology ai,351
take action,351
russia tuesday,351
hong kong,350
mari kita,350
china virus,349
relief negotiations,349
pm et,349
stayhome staysafe,348
cases new,348
14 days,348
mortality rate,348
billion doses,348
53 601,347
presidente vladimir,347
covid19 russianvaccine,346
deal moderna,346
cases among,345
cada vez,345
dieron positivo,345
cybersecurity technology,344
registered first,344
rusia aprueba,344
jarak dan,343
20 countries,343
contre covid19,342
children last,342
bersama sama,342
regulatory approval,342
case covid,341
मशह यर,341
rússia anuncia,341
asegura rusia,341
quarantine georgia,341
co uk,340
moderna 100,340
1trenggalek demi,340
common sense,339
people like,339
cases surge,339
boris johnson,339
cases lead,339
global race,339
auckland lockdown,339
champions league,338
desarrolló primera,338
covid19india coronavirus,337
back work,337
million coronavirus,336
die coronavirus,336
covid19 relief,336
dengan rajin,336
need help,335
19 like,335
ensayos clínicos,335
legal case,335
jean castex,335
whitehouse realdonaldtrump,334
number new,334
thelegallowdown law,334
law court,334
court lawyer,334
lawyer lawfirm,334
lawfirm justice,334
justice legal,334
case ip,334
ip scotus,334
scotus tort,334
tort covid19,334
sama kita,334
updates russia,334
kianinara1 upaya,334
world war,333
via mailonline,333
last year,333
admitted hospital,333
quedateencasa quedateenclase,333
last month,332
people need,332
vaccine russianvaccine,332
via nytimes,332
10 states,332
tuesday became,332
19 hoax,331
workers died,331
scientific skepticism,331
climate change,330
masks required,330
true nursing,330
north carolina,330
rest world,329
19 transmission,329
slow spread,329
frozen seafood,329
international skepticism,329
despite scientific,329
let us,328
ten conference,328
football players,328
scientists find,328
york true,328
season due,327
10 2020,327
family members,327
11 agustus,327
social distance,327
rusa covid19,326
risk covid,326
registrar vacuna,326
russia unveils,326
08 11,325
novo coronavírus,325
zealand reports,325
cases increase,324
watch live,324
tangan dengan,324
hand sanitizer,323
clinical trial,323
like covid,323
long lines,323
know covid,323
adaptasi kebiasaan,322
kebiasaan baru,322
russia president,322
vacuna nuevo,322
inversión directa,322
coronavirus aid,321
covid19 update,321
get sick,321
cases today,321
let see,321
says coronavirus,321
cloaked secrecy,321
amid pandemic,321
nanangharyonow ditsamaptapmj,321
19 covid,320
test covid,319
muertos coronavirus,319
minister jacinda,319
anuncia primera,319
aprobada covid,319
nih covid,318
il primo,318
coronavirus source,317
since covid,317
passed away,317
11 20,317
seems like,316
per il,315
test trace,315
dan pakai,315
diri mencuci,315
coronaviruspandemic covid19india,314
us covid,314
puede ser,314
talk us,313
neck gaiters,313
school year,313
approves world,312
sputnik vacuna,312
polseksuruh9 mari,312
covid19 bot,311
19 protocols,311
number coronavirus,311
coronavirus patients,311
last two,311
il est,311
cold war,311
says covid,310
years ago,310
primer país,309
fondo inversión,309
entertain empower,308
empower educate,308
educate talk,308
0208 090,308
090 2121,308
2121 hello,308
hello fantasticradio,308
fantasticradio co,308
uk homeofpossibilities,308
homeofpossibilities believeyourpossibilities,308
six months,308
800 quarantine,308
buy song,307
global cases,307
san quentin,307
19 méxico,307
front line,307
contagio covid,307
virus covid19,306
believeyourpossibilities buy,306
coronavirus india,306
football fall,306
covid19 tuesdayvibes,306
primer satélite,306
masker polriserukancucitangan,306
tell us,305
help protect,305
next year,305
less two,305
putin coronavirus,305
san francisco,304
looking forward,304
19 panel,304
disease 2019,303
19 dan,303
anjuran pemerintah,303
uniónyluchaconelpueblo elregresodelnecio,303
elregresodelnecio vamosdarioapasodevencedores,303
covid19 last,302
22 68,302
2019 covid,302
record numbers,302
educación distancia,302
directa rusia,302
países solicitaron,302
district masks,302
19 vía,301
000 new,301
19 made,301
phase trials,301
despite international,301
approved coronavirus,301
lead 800,301
live news,300
da positivo,300
announced tuesday,300
pandemic situation,300
giving us,300
times likely,300
completing tests,300
tangan jaga,300
us 0208,299
untuk cegah,299
