covid,216841
19,199125
coronavirus,192091
covid19,155341
vaccine,47077
cases,40757
new,40743
amp,31063
russia,29921
people,28235
putin,28036
vacuna,27421
pandemic,26885
trump,25183
first,23644
via,23602
us,21624
news,18921
virus,18537
world,18369
casos,17697
health,17139
one,16911
deaths,16647
get,16342
like,15605
rusia,15447
2020,14897
says,14240
000,14130
realdonaldtrump,12829
11,12721
time,12640
would,11853
da,11679
positive,11620
si,10785
need,10681
country,10554
know,10548
help,10408
20,10333
today,10205
due,10027
back,9986
days,9947
school,9763
still,9714
test,9656
di,9633
10,9610
testing,9591
death,9515
day,9424
could,9348
na,9294
go,9204
primera,9182
children,9166
see,9079
china,9022
lockdown,8935
take,8879
good,8852
many,8708
president,8704
mask,8659
going,8652
mundo,8582
please,8522
even,8471
total,8393
million,8270
pandemia,8239
state,8192
may,8134
work,8053
zealand,8033
die,8011
et,7842
corona,7838
said,7788
spread,7649
government,7596
masks,7464
live,7453
crisis,7449
make,7442
india,7398
home,7381
re,7348
also,7274
well,7264
100,7257
read,7225
il,7197
think,7011
football,7004
year,6974
schools,6943
last,6905
the,6883
big,6870
let,6797
care,6745
per,6615
salud,6577
want,6556
public,6545
way,6481
hospital,6480
vladimir,6459
tested,6421
right,6415
safe,6391
sputnik,6358
em,6333
data,6282
kids,6262
say,6154
august,6127
americans,6121
since,6049
response,6037
keep,6023
nuevos,5991
use,5916
com,5900
risk,5867
não,5825
stop,5798
global,5773
face,5764
must,5757
number,5741
great,5738
case,5717
du,5687
social,5675
update,5638
dr,5625
really,5614
russian,5588
12,5579
america,5568
months,5567
much,5566
two,5549
dan,5520
states,5506
est,5505
numbers,5497
des,5434
life,5395
uk,5386
102,5354
support,5348
país,5320
tests,5298
24,5270
daughter,5232
students,5157
ser,5142
latest,5098
every,5089
post,5088
long,5061
ca,5061
vacina,4990
rusa,4984
business,4969
gt,4931
mil,4925
polriserukancucitangan,4920
died,4888
russianvaccine,4848
patients,4823
daily,4803
contagios,4786
got,4782
rate,4753
reported,4730
free,4728
week,4677
in,4671
report,4671
community,4647
plan,4622
made,4547
times,4505
safety,4500
to,4498
tuesday,4495
college,4478
look,4471
come,4434
never,4407
already,4405
relief,4400
registra,4396
hope,4393
confirmed,4392
positivo,4387
real,4380
check,4370
better,4350
workers,4350
believe,4343
impact,4331
weeks,4296
economy,4288
usa,4270
hoy,4251
mais,4242
reports,4241
another,4240
end,4230
around,4227
amid,4220
without,4198
kita,4197
breaking,4154
everyone,4080
tangan,4057
family,4055
money,4046
flu,4042
vaccin,4033
top,4032
years,4032
man,4018
covid_19,4018
aug,4017
high,4000
pour,3996
stay,3991
media,3966
fall,3964
getting,3945
find,3943
county,3922
presidente,3922
non,3902
wear,3895
next,3873
job,3870
dos,3869
agosto,3867
lives,3861
sa,3853
open,3825
away,3806
personas,3805
florida,3783
outbreak,3779
best,3765
kesehatan,3738
video,3728
study,3718
control,3710
local,3701
give,3687
ve,3684
part,3679
auckland,3677
updates,3670
pas,3643
thanks,3615
quarantine,3614
yet,3598
anuncia,3583
medical,3582
thing,3575
start,3561
season,3560
american,3557
done,3545
economic,3543
put,3534
countries,3522
youtube,3510
sure,3493
person,3485
de,3484
30,3452
working,3441
research,3438
au,3436
watch,3432
van,3431
15,3410
city,3404
approved,3392
protokol,3388
pm,3387
level,3376
developed,3371
needs,3370
une,3360
fight,3332
va,3331
gente,3326
article,3320
online,3313
ahora,3305
positivos,3299
important,3288
things,3282
día,3262
experts,3245
um,3243
despite,3232
four,3224
oms,3220
rt,3213
muertes,3210
través,3209
méxico,3205
oh,3205
dead,3201
play,3186
market,3186
días,3176
claims,3175
eu,3161
show,3159
old,3157
science,3155
disease,3144
businesses,3144
less,3141
thank,3138
lost,3128
gobierno,3126
situation,3119
love,3119
bill,3118
así,3112
story,3105
infected,3090
recovery,3084
and,3083
brasil,3080
plus,3079
mas,3072
call,3069
vaksin,3053
records,3052
national,3051
vaccines,3045
ever,3044
coming,3032
protect,3026
anyone,3018
nothing,3015
recovered,3009
solo,3006
der,3000
increase,2992
information,2987
learn,2967
contact,2961
hit,2955
house,2954
14,2941
wearing,2933
ne,2930
actually,2911
travel,2895
taking,2892
full,2879
team,2865
bien,2861
cegah,2861
coronaviruspandemic,2857
healthcare,2855
el,2849
trials,2847
je,2834
restrictions,2827
vote,2827
sur,2826
record,2825
08,2823
millones,2818
staff,2814
infection,2806
results,2803
far,2802
sports,2798
making,2791
50,2787
of,2776
place,2771
change,2765
la,2762
medidas,2751
effective,2741
13,2741
something,2736
follow,2733
registered,2732
yes,2731
cnn,2724
bad,2721
announces,2707
uma,2705
nuevo,2701
possible,2697
21,2690
across,2689
might,2673
found,2672
untuk,2671
nueva,2666
infections,2666
normal,2664
qui,2664
citizens,2663
venezuela,2662
it,2646
continue,2646
july,2645
gop,2641
dans,2641
among,2640
und,2640
god,2636
shows,2626
symptoms,2618
month,2617
concerns,2616
yang,2613
least,2612
system,2605
hard,2603
toll,2601
soon,2596
someone,2595
biden,2594
education,2591
ten,2591
second,2590
het,2588
announced,2583
das,2580
others,2576
always,2558
pleasepostponejee_neet,2551
fact,2544
share,2544
human,2542
immunity,2541
pacientes,2539
enough,2539
par,2538
transmission,2525
including,2524
che,2524
rahatindori,2521
leadership,2516
fallecidos,2508
york,2503
young,2500
treatment,2497
population,2494
tell,2486
true,2481
related,2476
link,2473
jobs,2473
white,2459
rússia,2459
ai,2458
coronavírus,2451
ll,2438
shit,2438
vía,2436
everything,2431
using,2427
pruebas,2425
heart,2424
scientists,2424
nursing,2413
future,2402
horas,2401
fauci,2400
11ago,2399
election,2398
air,2394
argentina,2394
nz,2394
disiplin,2381
join,2378
no,2378
meat,2378
pay,2377
ready,2375
saying,2370
covidー19,2360
trying,2359
contre,2357
22,2355
likely,2350
thought,2340
deal,2340
wrong,2326
sars,2315
maybe,2314
federal,2314
minister,2313
small,2312
penyebaran,2309
anti,2306
martes,2297
called,2295
three,2293
caso,2293
little,2287
given,2287
25,2286
cuci,2285
food,2279
officials,2273
wait,2270
approves,2263
ce,2261
lot,2257
order,2255
point,2254
años,2253
available,2251
18,2245
according,2245
australia,2218
feel,2217
कर,2215
rest,2214
phase,2202
sir,2201
hace,2193
active,2187
responsible,2184
90,2179
puede,2177
2021,2177
return,2175
dengan,2174
players,2173
based,2173
past,2165
democrats,2154
tem,2149
visit,2148
cause,2143
fuck,2142
anything,2139
joebiden,2139
used,2135
en,2135
trust,2127
aldi,2127
pra,2126
march,2125
become,2123
fear,2118
south,2117
1trenggalek,2116
save,2114
war,2113
families,2110
muertos,2107
sick,2104
hours,2100
answer,2093
race,2090
told,2088
this,2083
govt,2082
thousands,2077
menos,2077
france,2075
teachers,2066
canada,2065
cuarentena,2063
distancing,2061
mean,2060
anunció,2059
16,2053
app,2053
industry,2045
register,2044
personal,2042
homes,2039
cas,2037
ng,2034
international,2032
parents,2029
40,2026
info,2017
makes,2007
united,2002
ver,2002
almost,1999
millions,1997
on,1995
cdc,1991
district,1988
dying,1987
looking,1984
political,1983
tuesdayvibes,1982
california,1977
gets,1975
cómo,1973
vez,1972
ini,1972
hospitals,1970
gov,1966
office,1965
etc,1964
action,1962
vai,1954
coronavirusvaccine,1951
issues,1948
últimas,1943
primer,1942
poutine,1941
early,1939
measures,1939
casa,1938
wants,1932
texas,1931
gates,1927
black,1927
russie,1927
evidence,1925
unemployment,1924
wo,1923
cuba,1923
talk,1922
países,1918
together,1916
try,1915
aquí,1914
lol,1908
is,1906
doctors,1906
clinical,1905
donald,1904
conference,1901
fake,1898
70,1897
rules,1896
nation,1896
casi,1893
source,1891
whole,1889
child,1888
confirmados,1887
cada,1884
según,1877
close,1877
dice,1871
georgia,1870
tras,1870
women,1869
we,1868
taken,1865
fucking,1864
term,1861
effects,1861
approve,1859
premier,1858
lies,1855
narendramodi,1854
common,1848
rise,1848
ago,1846
different,1845
ang,1838
17,1836
seen,1836
mortes,1835
hear,1826
works,1824
act,1822
00,1818
game,1816
bbc,1815
police,1810
move,1808
questions,1806
vida,1801
53,1800
low,1800
twitter,1799
you,1797
vaccinated,1796
administration,1794
remember,1789
for,1787
ou,1787
uniónyluchaconelpueblo,1784
governor,1776
hacer,1776
worldwide,1768
power,1766
services,1766
leaders,1763
doctor,1760
já,1759
colombia,1753
left,1751
san,1746
current,1745
force,1743
immune,1743
means,1742
worse,1741
noticias,1734
press,1733
took,1732
meses,1730
mencegah,1730
continues,1728
closed,1725
doses,1720
problem,1718
higher,1718
gracias,1715
course,1714
bir,1713
provide,1712
vacunas,1712
ministry,1710
party,1710
members,1709
details,1709
hoax,1708
dies,1707
expert,1703
half,1703
else,1703
residents,1702
understand,1700
pcr,1699
communities,1698
mental,1695
able,1694
vous,1694
line,1693
españa,1693
companies,1692
lab,1691
trial,1690
sign,1686
general,1685
contagio,1685
seems,1684
ok,1683
killed,1682
listen,1679
stupid,1678
60,1677
service,1665
vaccino,1662
key,1661
billion,1661
critical,1661
technology,1659
facebook,1659
een,1658
reporting,1656
1st,1655
registers,1654
reason,1651
ist,1651
chinese,1650
quedateencasa,1646
wow,1639
following,1638
qu,1638
list,1637
moderna,1634
500,1632
probably,1632
run,1632
kill,1631
loss,1631
worst,1628
goes,1625
learning,1624
información,1624
looks,1618
final,1617
virtual,1617
hold,1615
alert,1614
ayo,1614
especially,1613
interesting,1612
tener,1612
university,1612
group,1609
happen,1608
co,1607
comes,1599
ke,1599
self,1597
पर,1595
yesterday,1594
prevent,1594
hey,1593
set,1593
registró,1591
age,1589
instead,1586
número,1585
though,1581
becomes,1580
truth,1579
negative,1578
que,1578
sad,1577
all,1576
victoria,1572
happy,1568
aid,1566
morning,1566
single,1565
affected,1561
hija,1558
failed,1557
student,1552
infectious,1552
ask,1546
friends,1544
question,1544
cure,1540
datos,1540
orders,1540
upaya,1537
finally,1536
gon,1535
company,1531
shut,1530
potential,1530
mayor,1529
access,1527
situación,1525
80,1525
africa,1523
senatemajldr,1521
needed,1519
mal,1518
campaign,1517
europe,1516
sector,1514
reopen,1512
buy,1509
rahat,1508
tomorrow,1505
law,1504
tweet,1504
bu,1501
atención,1500
financial,1499
director,1499
cold,1499
hands,1498
talking,1495
potus,1494
patuhi,1493
head,1491
nearly,1491
emergency,1485
major,1484
increased,1484
demand,1484
poet,1482
security,1481
reopening,1477
cov,1477
tax,1476
guidelines,1476
fighting,1476
started,1474
highest,1474
staysafe,1473
im,1473
wearamask,1473
surge,1470
congress,1469
spreading,1468
playing,1467
plans,1464
isso,1464
side,1463
nous,1462
mail,1458
indonesia,1458
guys,1458
después,1457
issue,1456
digital,1452
matter,1450
parte,1447
living,1446
wave,1443
idea,1442
lead,1441
रह,1441
hi,1440
mejor,1440
semua,1439
op,1434
er,1434
department,1432
executive,1432
registro,1432
false,1429
leader,1426
yeah,1425
den,1425
indori,1419
result,1417
frente,1413
policy,1413
pass,1411
chief,1408
name,1407
45,1405
avec,1405
huge,1403
caused,1403
went,1403
sense,1403
tan,1402
madrid,1401
23,1399
seriously,1399
gone,1399
legal,1396
vs,1393
2019,1392
só,1392
five,1389
selling,1387
modi,1386
serious,1385
200,1383
lie,1382
wonder,1379
resources,1379
evitar,1378
summer,1377
viral,1377
dat,1375
program,1374
webinar,1374
decision,1373
failure,1372
complete,1366
ones,1366
pandemi,1365
poor,1363
hand,1363
vamos,1362
dari,1362
development,1361
employees,1360
giving,1359
monday,1357
nacional,1357
kamalaharris,1356
recent,1354
científicos,1353
hell,1349
drug,1348
met,1348
politics,1346
vp,1344
dia,1342
pa,1341
riesgo,1341
podría,1339
adalah,1338
noticia,1338
received,1335
dio,1334
late,1333
plasma,1333
stock,1333
that,1333
official,1332
todas,1330
zelanda,1329
foi,1328
guess,1327
mundial,1326
