coronavirus,261296
covid,188803
19,176203
covid19,163204
people,46126
new,37752
amp,37425
cases,35230
trump,29801
nan,29124
pandemic,28823
via,27866
us,27786
deaths,25169
000,23097
virus,23092
one,22009
like,21576
lockdown,20797
news,20156
may,18671
get,18613
realdonaldtrump,18253
casos,18074
time,17801
china,16781
100,16070
death,15910
would,15601
day,15328
know,15112
health,14982
world,14684
home,14616
24,14331
2020,13895
go,13542
si,13540
could,13161
many,12815
need,12390
see,12296
positive,12167
cummings,12118
di,12084
times,11955
total,11651
government,11537
da,11357
today,11259
even,11187
crisis,11095
still,10969
country,10923
patients,10759
help,10752
going,10749
good,10686
state,10651
think,10563
please,10442
due,10147
says,10123
take,10073
die,10046
lives,9931
back,9843
york,9761
il,9729
the,9698
right,9694
pandemia,9560
social,9497
work,9436
corona,9408
stay,9255
also,9242
live,9181
et,9045
first,8925
spread,8913
vaccine,8909
re,8854
well,8814
test,8738
make,8665
care,8650
died,8647
say,8582
eid,8579
covidー19,8513
na,8428
let,8415
uk,8338
per,8223
10,8194
americans,8071
india,8068
want,8061
said,8032
days,7955
america,7850
read,7835
way,7812
states,7802
family,7794
really,7667
des,7518
du,7496
must,7484
president,7455
mask,7407
two,7325
much,7284
lost,7279
em,7266
public,7213
hospital,7103
usa,7033
stop,6981
com,6864
year,6862
look,6825
testing,6802
number,6753
since,6730
daily,6700
não,6641
life,6592
everyone,6576
risk,6538
every,6536
never,6446
20,6401
est,6367
keep,6356
last,6314
non,6306
great,6305
got,6272
latest,6235
país,6215
come,6190
masks,6146
data,6045
tests,5937
safe,5915
brasil,5881
amid,5863
post,5849
nursing,5839
another,5809
nytimes,5805
response,5801
front,5790
second,5789
real,5758
open,5752
god,5672
video,5663
rules,5635
confirmed,5632
cuarentena,5625
symptoms,5598
youtube,5567
rate,5564
nuevos,5559
made,5548
borisjohnson,5533
support,5531
travel,5530
homes,5522
vía,5515
media,5503
gobierno,5496
dead,5470
dominic,5448
around,5439
economy,5436
mil,5435
pour,5398
salud,5381
toll,5374
distancing,5358
workers,5304
children,5281
man,5275
mundo,5256
numbers,5224
gente,5217
50,5200
mais,5182
case,5165
ser,5154
end,5152
face,5114
old,5103
hope,5102
de,5081
week,5076
long,5053
23,5019
personas,5018
to,5005
tested,5003
golf,4987
getting,4975
outbreak,4971
page,4960
without,4928
cdc,4924
update,4919
infected,4904
dr,4856
thing,4855
better,4838
house,4832
use,4828
thanks,4820
ca,4808
reported,4785
gt,4777
months,4772
party,4756
muertes,4754
high,4741
in,4740
believe,4728
brazil,4718
ve,4717
updates,4714
global,4708
11,4661
free,4660
person,4658
million,4656
yet,4650
business,4628
thank,4622
fight,4622
love,4611
next,4597
best,4545
covid_19,4521
anyone,4520
done,4508
sunday,4501
pas,4491
boris,4478
study,4475
au,4472
disease,4434
years,4429
away,4428
reports,4412
put,4402
quarantine,4401
dos,4397
govt,4385
flu,4379
yes,4340
eu,4328
une,4323
dan,4321
14,4318
show,4314
give,4297
hoy,4294
story,4276
others,4275
22,4254
national,4225
solo,4214
big,4193
someone,4186
money,4183
um,4183
article,4160
working,4143
contagios,4137
weekend,4137
va,4124
presidente,4106
far,4101
nothing,4098
and,4081
muertos,4070
top,4054
30,4048
check,4041
society,4034
already,4006
che,4006
johnson,4001
weeks,4000
día,3974
memorial,3966
online,3951
follow,3912
bad,3902
ahora,3895
plan,3888
mas,3880
protect,3866
needs,3865
watch,3864
report,3862
white,3859
using,3851
taking,3847
future,3845
sure,3834
así,3832
el,3832
wuhan,3831
ever,3827
things,3817
pm,3807
nearly,3777
control,3751
कर,3730
find,3725
city,3722
trying,3703
12,3680
american,3666
sick,3666
might,3660
part,3653
situation,3623
parents,3613
call,3596
medical,3572
of,3569
dying,3563
sur,3560
job,3547
countries,3538
05,3534
important,3497
tell,3494
wear,3487
restrictions,3485
something,3480
minister,3477
enough,3472
change,3462
church,3458
coming,3450
stayhome,3438
human,3436
contact,3423
full,3423
impact,3422
wrong,3419
remember,3416
van,3415
food,3410
mayo,3409
la,3398
ne,3397
españa,3389
dans,3388
plus,3384
qui,3383
fallecidos,3382
coronariskinjail,3373
lot,3364
county,3358
across,3356
breaking,3351
child,3344
25,3342
names,3341
casa,3332
cuomo,3310
eidmubarak,3300
15,3279
seen,3275
hard,3273
exposed,3255
economic,3255
start,3254
no,3245
it,3243
oh,3239
community,3235
families,3232
normal,3215
infection,3212
feel,3191
self,3183
kids,3177
recovered,3175
bbc,3164
saying,3152
rt,3152
true,3135
bien,3130
soon,3130
actually,3124
always,3122
place,3121
cnn,3107
wave,3107
population,3104
continue,3096
least,3091
three,3087
science,3085
less,3080
thousands,3063
coronavírus,3062
etc,3061
together,3053
en,3044
everything,3041
chinese,3040
making,3035
app,3034
shows,3017
der,3010
méxico,3009
cause,2996
this,2995
pay,2991
victims,2980
fear,2978
ver,2974
gov,2972
hit,2971
point,2971
argentina,2947
friends,2946
bolsonaro,2945
school,2941
vote,2939
happy,2938
venezuela,2931
पर,2930
uma,2929
hospitals,2904
south,2903
días,2902
hours,2896
anything,2895
40,2892
whole,2888
ce,2877
shit,2870
wearing,2867
pacientes,2861
is,2860
march,2855
coronaviruspandemic,2848
political,2844
nation,2843
doctors,2842
ou,2834
miles,2824
left,2813
war,2812
das,2808
maybe,2807
puede,2802
france,2797
medidas,2790
little,2787
sa,2785
cómo,2775
fake,2767
service,2761
thought,2760
ones,2759
missouri,2757
60,2752
spreading,2751
police,2747
you,2742
research,2741
black,2728
tem,2728
reopening,2724
local,2724
information,2715
staysafe,2713
je,2711
hace,2708
share,2707
menos,2702
cada,2698
truth,2698
africa,2690
different,2679
experts,2679
twitter,2674
fact,2668
vida,2667
fuck,2667
possible,2650
used,2649
else,2645
car,2644
reopen,2640
likely,2632
law,2631
ll,2629
looking,2625
behind,2620
tweet,2619
save,2615
wife,2613
21,2606
governor,2606
makes,2604
united,2602
रह,2598
worse,2597
par,2594
order,2588
democrats,2578
mean,2577
hacer,2574
stupid,2573
confirmados,2569
bill,2567
relief,2563
18,2563
datos,2562
age,2557
close,2536
course,2535
month,2531
caso,2529
jesus,2526
que,2526
safety,2522
towards,2516
almost,2513
donald,2511
visit,2509
system,2509
gop,2503
related,2498
sad,2494
staff,2492
list,2483
highest,2483
hydroxychloroquine,2481
seems,2476
women,2474
students,2474
und,2470
joebiden,2467
despite,2464
mubarak,2463
found,2462
measures,2455
understand,2454
personal,2451
durham,2449
positivos,2448
told,2441
closed,2418
air,2418
loss,2414
citizens,2408
chance,2408
pra,2407
businesses,2401
low,2400
kill,2399
dominiccummimgs,2399
quedateencasa,2397
17,2389
schools,2384
nuevo,2383
link,2379
single,2376
allah,2375
trumpdeathtoll100k,2374
ok,2371
treatment,2370
domingo,2369
elderly,2368
on,2360
called,2356
hi,2354
become,2353
election,2346
lies,2337
small,2332
early,2331
guidelines,2330
hands,2329
ini,2312
ago,2312
horas,2311
casi,2308
play,2301
given,2301
florida,2295
drive,2294
fucking,2290
officials,2284
went,2278
13,2276
able,2272
recovery,2270
june,2260
we,2260
sense,2252
doctor,2252
thread,2251
sars,2250
porn,2248
gracias,2247
hear,2246
ai,2244
reason,2241
rise,2238
potus,2238
infections,2236
ny,2234
name,2233
deadly,2226
mortes,2222
increase,2221
और,2220
heart,2206
question,2205
team,2202
vez,2194
instead,2193
healthcare,2192
set,2187
sir,2183
emergency,2183
16,2182
canada,2182
número,2179
killed,2176
act,2171
for,2170
aquí,2162
wait,2161
especially,2160
patient,2156
talk,2155
leave,2155
maharashtra,2155
cashless,2153
blame,2150
loved,2148
chile,2147
leadership,2144
rest,2143
cure,2141
advice,2140
following,2139
active,2135
70,2134
responsible,2134
living,2133
scientists,2124
vulnerable,2122
including,2115
lockdowns,2113
services,2110
line,2110
mal,2109
according,2107
fitr,2102
poor,2096
contagio,2095
sorry,2092
based,2091
means,2090
años,2089
biden,2088
power,2088
try,2084
idea,2084
lab,2082
wo,2074
though,2070
31,2067
dominiccummings,2062
immunity,2061
looks,2061
vous,2058
london,2058
नह,2058
caused,2052
return,2051
press,2049
results,2047
problem,2046
questions,2044
golfing,2044
spike,2041
policy,2040
join,2037
cas,2036
millions,2034
claims,2033
learn,2030
league,2029
hoax,2028
ask,2028
probably,2027
young,2027
entire,2020
500,2020
foxnews,2010
killing,2010
worst,2010
group,2007
issues,2007
all,2004
anti,2001
premier,1999
affected,1995
info,1987
taken,1986
bring,1985
past,1984
isolation,1982
00,1982
pruebas,1979
mental,1979
drug,1975
general,1974
lol,1973
leaders,1971
history,1971
interesting,1970
piersmorgan,1970
california,1965
market,1958
qu,1950
portada,1947
current,1941
essential,1941
vai,1941
forget,1939
mejor,1938
hey,1934
vacuna,1932
países,1931
wants,1922
came,1917
fighting,1915
dice,1915
sign,1914
politics,1913
jobs,1911
wonder,1911
goes,1908
gets,1906
dia,1906
alone,1904
positivo,1899
industry,1899
federal,1898
avec,1897
needed,1895
washington,1893
muslims,1889
members,1886
half,1884
madrid,1877
nigeria,1876
release,1874
100k,1871
happen,1868
yang,1868
tv,1866
action,1863
summer,1862
cover,1850
trust,1850
tory,1844
ppl,1843
2019,1841
listen,1840
security,1839
só,1839
yesterday,1838
outside,1838
nygovcuomo,1835
gates,1835
eidulfitr,1833
wow,1832
ready,1825
prevent,1821
sent,1820
ist,1819
matter,1819
por,1817
het,1815
causa,1814
playing,1812
move,1808
moment,1805
semana,1804
hong,1803
delhi,1799
higher,1797
education,1792
leader,1792
morning,1790
nhs,1788
took,1787
oms,1786
distance,1784
north,1783
run,1780
memorialdayweekend2020,1774
pray,1773
gone,1773
ccp,1772
source,1771
médicos,1770
fauci,1766
tan,1766
ill,1765
facts,1763
clear,1759
chief,1759
últimas,1756
talking,1755
among,1754
project,1753
nous,1749
ban,1749
nyt,1748
spoke,1747
mr,1746
that,1745
count,1741
special,1741
gon,1739
allowed,1737
seeing,1733
thinking,1733
april,1731
vs,1731
started,1729
kong,1724
japan,1722
several,1720
narendramodi,1720
al,1719
covidiots,1719
evidence,1717
whitehouse,1716
result,1711
imagine,1709
germany,1705
celebrate,1704
level,1697
wish,1696
mayor,1696
nueva,1694
después,1694
28,1690
parte,1684
issue,1684
cost,1681
governors,1680
lead,1680
common,1676
unidos,1675
break,1674
guidance,1672
europe,1665
calls,1663
san,1662
tras,1657
ao,1656
80,1655
opening,1655
ramadan,1654
digital,1653
zero,1653
available,1652
shut,1652
sont,1652
men,1651
65,1650
colombia,1649
deal,1649
failed,1648
guess,1647
freedom,1647
vamos,1645
lying,1638
trabajo,1637
huge,1635
obama,1634
trip,1634
agree,1634
noticias,1633
tener,1630
fase,1628
absolutely,1625
seriously,1625
mind,1624
bible,1624
resign,1623
se,1620
un,1619
reporting,1619
situación,1618
hand,1615
worth,1615
cuba,1614
healthy,1611
comes,1611
mass,1610
season,1609
alberto,1609
serious,1607
prayers,1606
fall,1605
head,1603
hell,1600
remembering,1600
90,1598
official,1595
biggest,1595
información,1594
isso,1593
socialdistancing,1591
administration,1591
model,1591
caught,1591
frente,1589
russia,1589
26,1587
nacional,1586
critical,1585
completely,1585
within,1584
lake,1583
momento,1581
wuhanvirus,1580
words,1580
longer,1578
millones,1576
trial,1574
italia,1568
hari,1563
já,1561
kind,1558
mail,1557
reality,1554
co,1552
send,1552
saw,1550
guy,1549
either,1549
registra,1548
international,1547
helping,1546
todas,1546
dangerous,1543
lie,1540
british,1540
1st,1538
near,1536
sono,1535
actions,1533
inside,1527
residents,1525
novel,1524
record,1524
along,1522
photo,1522
meses,1521
worldwide,1519
mientras,1519
office,1517
happened,1515
stand,1515
dies,1513
dont,1512
tracing,1512
eeuu,1511
works,1511
suffering,1510
final,1508
favor,1505
rule,1505
pmoindia,1505
lack,1497
concerns,1496
reuters,1496
showing,1495
nice,1494
