gram,counts
covid 19 pandemic,6045
new york times,5908
covid 19 cases,5837
casos covid 19,2902
covid 19 deaths,2849
covid 19 patients,2833
positive covid 19,2531
coronavirus covid 19,2115
new covid 19,2060
due covid 19,1964
nearly 100 000,1940
covid 19 crisis,1820
covid 19 vaccine,1760
000 lives lost,1687
amid covid 19,1680
covid 19 death,1676
lives lost coronavirus,1669
100 000 lives,1638
memorial day weekend,1629
covid 19 via,1549
new coronavirus cases,1541
cases covid 19,1536
lost coronavirus america,1421
remembering nearly 100,1399
bbc news coronavirus,1264
da covid 19,1229
cashless society know,1220
últimas 24 horas,1139
nears 100 000,1114
coronavirus death toll,1100
died covid 19,1086
test positive covid,1046
eid al fitr,1039
covid 19 virus,1009
covid 19 di,962
covid 19 lockdown,962
may 24 2020,936
covid 19 coronavirus,933
000 covid 19,928
amid coronavirus pandemic,928
patients nursing homes,920
towards cashless society,906
100 000 americans,902
fight covid 19,899
death toll nears,897
covid 19 outbreak,872
pandemia covid 19,869
toll nears 100,867
coronavirus live updates,835
covid 19 relief,813
covid 19 testing,786
spread covid 19,781
pandemi covid 19,778
100 000 dead,776
100 000 deaths,761
covid 19 response,758
covid 19 symptoms,746
nuevos casos covid,744
covid 19 positive,739
caught using photo,687
du covid 19,685
tests positive covid,682
covid 19 em,677
tested positive coronavirus,671
muertes covid 19,671
sant shri asharamji,671
shri asharamji bapu,671
nuevos casos coronavirus,668
contagios covid 19,664
impact covid 19,664
last 24 hours,662
cbs caught using,662
photo ukraine 2016,661
using photo ukraine,660
tests positive coronavirus,657
ukraine 2016 panic,651
2016 panic porn,651
panic porn coronavirus,651
trump plays golf,645
porn coronavirus children,642
post covid 19,634
covid 19 test,625
selamat hari raya,622
24 05 2020,622
covid 19 spread,620
new cases covid,619
society know jesus,616
covid 19 vía,607
society know bible,604
stay at home,602
covid 19 new,573
emerges amid covid,573
front page full,564
covid 19 update,561
19 death toll,550
covid 19 case,540
covid 19 victims,531
100 000 people,530
infected covid 19,527
dominic cummings resign,521
domingo 24 mayo,520
wave covid 19,519
behind front page,515
first time since,511
project behind front,511
page full names,510
covid 19 tests,505
covid 19 amp,503
mortes covid 19,499
virus covid 19,499
portada new york,488
tested positive covid,488
positif covid 19,485
response covid 19,483
positivo covid 19,475
sign petition via,475
coronavirus children via,475
deaths covid 19,472
ozark lake party,472
com covid 19,470
packed ozark lake,467
children via gatewaypundit,466
nursing home coronavirus,465
24 mayo 2020,463
covid 19 covert,462
19 covert id,462
covid 19 covid,461
non us citizens,454
confirmed covid 19,450
pacientes covid 19,450
covert id heading,448
id heading towards,448
heading towards future,448
towards future cashless,448
future cashless society,448
fallecidos covid 19,445
muertos covid 19,444
gt gt gt,442
get covid 19,442
party emerges amid,442
lake party emerges,440
die covid 19,439
covid 19 patient,437
citizens traveling brazil,437
covid 19 related,436
video packed ozark,433
coronavirus dominic cummings,430
know jesus spoke,429
youtube tenet online,424
tenet online disneyplus,424
online disneyplus gratis,424
disneyplus gratis marketingdigital,424
gratis marketingdigital serietv,424
marketingdigital serietv amazonlive,424
serietv amazonlive anime,424
amazonlive anime peliculas,424
anime peliculas hbomax,424
peliculas hbomax hbo,424
hbomax hbo foxnews,424
celebrate eid al,424
hairstylists test positive,424
entry non us,424
us citizens traveling,423
lost covid 19,422
missouri hairstylists test,422
crumbs hungry windfalls,421
covid 19 infection,415
exposed missouri hairstylists,415
hungry windfalls rich,413
customers exposed missouri,413
covid 19 restrictions,412
second wave covid,411
infectious 11 days,408
positivos covid 19,406
covid 19 may,405
several customers exposed,405
covid 19 situation,404
loss new york,404
covid 19 data,403
incalculable loss new,403
know bible spoke,402
coronavirus cases reported,400
front page 000,399
actor kiran kumar,398
people covid 19,393
crisis covid 19,390
test positive coronavirus,389
brazil citing coronavirus,388
number covid 19,387
pandemia circunstancias creadas,385
citing coronavirus concerns,384
house bars entry,384
covid 19 méxico,381
near 100 000,381
uk coronavirus live,380
23 mayo 2020,378
white house bars,377
almost 100 000,376
rate covid 19,375
page 000 covid,373
bars entry non,373
vacuna covid 19,372
traveling brazil citing,370
cases new deaths,369
new cases coronavirus,368
times front page,365
covers front page,364
000 americans died,360
spike covid 19,359
york times covers,358
times covers front,358
covid 19 could,357
19 death notices,356
dominic cummings made,355
america new york,355
al fitr amid,355
confirmados covid 19,354
cummings made second,352
covid 19 impact,350
coronavirus america new,350
vote by mail,345
au covid 19,344
like covid 19,342
new covid19 cases,341
lives lost covid,340
coronavirus covid19 sarscov2,339
us covid 19,339
stop wasting time,337
covid 19 numbers,336
confirmed cases covid19,334
hari raya idul,332
casos confirmados covid,332
new york city,331
covid 19 país,330
lives daily talk,328
0208 90 2121,328
90 2121 hello,328
2121 hello fantasticradio,328
hello fantasticradio co,328
fantasticradio co uk,328
co uk fantasticradiouk,328
uk fantasticradiouk homeofpossibilities,328
fantasticradiouk homeofpossibilities believeyourpossibilities,328
homeofpossibilities believeyourpossibilities stayhomesafelives,328
believeyourpossibilities stayhomesafelives buy,328
stayhomesafelives buy song,328
entire front page,328
covid 19 news,325
know covid 19,325
adding value lives,323
value lives daily,323
daily talk us,323
talk us 0208,323
us 0208 90,323
265 new cases,323
defeat covid 19,322
new cases covid19,321
raya idul fitri,319
population coronavirus covid19,318
covid19 sarscov2 forecast,318
cashless society hear,318
made second lockdown,318
000 people died,317
total confirmed cases,317
covid 19 venezuela,314
eid ul fitr,313
contradicciones fundamentales pandemia,312
fundamentales pandemia circunstancias,312
circunstancias creadas covid,312
creadas covid 19,312
deaths near 100,311
muslims around world,311
second lockdown trip,310
24 may 2020,310
death population coronavirus,308
000 americans dead,306
total number cases,305
new deaths today,305
realdonaldtrump nasa spacex,305
coronavirus america see,305
new death population,304
covid 19 et,304
whitehouse realdonaldtrump nasa,304
24 mei 2020,303
president donald trump,302
wasting time coronavirus,302
front page names,299
time coronavirus battle,299
100 000 covid,298
tory mps urge,298
mps urge dominic,296
urge dominic cummings,296
000 dead americans,295
deaths today raising,295
kiran kumar tests,295
casos positivos covid,294
от covid 19,294
viajantes vindos brasil,294
mohon maaf lahir,293
covid 19 brasil,293
covid 19 ini,293
dies covid 19,293
lost loved ones,293
covid 19 covid19,293
de covid 19,292
strains bat coronavirus,292
coronavirus tory mps,292
entrada viajantes vindos,292
york times devotes,291
crise du coronavirus,290
coronavirus pandemic via,289
covid 19 still,289
time since coronavirus,289
eid el fitr,289
names lives lost,286
arkansas swim party,285
tested covid 19,284
tested positive covid19,284
covid 19 updates,283
use covid 19,283
kumar tests positive,283
नल _भ जप,283
_भ जप _क,283
raising country total,282
victims covid 19,281
covid 19 front,281
church service germany,281
contre covid 19,280
presentación alberto fernández,280
víctimas covid 19,278
nueva guerra fría,278
must read article,276
coronavirus disease 2019,276
causa covid 19,275
time covid 19,275
affected covid 19,274
errores datos falsos,274
by mail scam,274
confirmed deaths go,271
treatment covid 19,270
000 coronavirus deaths,270
covid 19 infections,270
covid19 positive cases,270
today raising country,269
datos falsos presentación,269
dying covid 19,268
national security law,267
fighting covid 19,267
hbo foxnews planetamegax,266
foxnews planetamegax buquesiranies,266
gasolina cuarentena 24mayo,266
cuarentena 24mayo justicapelalarissa,266
19 new york,265
coronavirus new york,265
cases traced church,265
coronavirusfreedom spray bleach,265
spray bleach air,265
bleach air spray,265
swimming pools stay,265
pools stay infection,265
stay infection free,265
korea defeat covid,265
19 covid covidー19,265
traced church service,264
test covid 19,260
pruebas covid 19,260
york times front,260
falsos presentación alberto,260
nytimes front page,259
66 nuevos casos,259
people died today,259
50 chance success,257
contagio covid 19,257
stay home stay,257
patients critical condition,256
via namo app,256
york times prints,255
casi 100 000,255
people died covid,255
coronavirus errores datos,255
111 nuevos casos,255
coronavirus patients nursing,254
exposed 91 people,254
seen deaths suicide,253
handling covid 19,252
ao covid 19,252
sanitario organiza primera,252
organiza primera protesta,252
19 front page,251
live strains bat,251
maaf lahir dan,250
long term care,250
primera protesta desescalada,249
19 patients nursing,248
death toll rises,248
sunday may 24,248
dominic cummings go,248
tells stop wasting,248
times prints names,247
19 via youtube,247
may 23 2020,247
covid 19 us,247
covid 19 japan,247
bbc news mundo,246
deaths go updates,245
exposed 56 clients,245
second wave coronavirus,244
covid 19 world,244
caso covid 19,244
china tells stop,244
41 muertes coronavirus,244
eid mubarak everyone,243
50 chance working,243
coronavirus live tory,243
personal sanitario organiza,243
protesta desescalada madrid,243
trump covid 19,242
direction cashless society,242
covid 19 china,242
since covid 19,241
sábado 23 mayo,240
cashless society coronavirus,240
covid 19 would,240
society physical cash,239
think covid 19,239
york times publishes,239
epoch times app,238
only 50 chance,238
intensity covid 19,238
spread 60 shows,238
borde nueva guerra,238
2019 covid 19,237
case covid 19,237
moving towards cashless,237
prints names lives,236
front page coronavirus,236
first covid 19,236
health care workers,236
reduced intensity covid,236
society covid 19,235
new york state,235
petition via ukchange,235
baffling observations front,235
19 spread 60,235
national security adviser,235
coronavirus death rate,234
covid 19 contact,234
times app see,234
coverage daily updates,234
jean jacques crèvecoeur,234
spoke book revelation,233
jesus spoke would,233
app see exclusive,233
around world celebrate,233
observations front line,233
americans dying work,233
work may cause,233
covid19 oms jean,233
oms jean jacques,233
jacques crèvecoeur actions,233
crèvecoeur actions judiciaire,233
actions judiciaire groupé,233
judiciaire groupé quebec,233
groupé quebec canada,233
quebec canada france,233
canada france suisse,233
france suisse belgiqueprocédeures,233
suisse belgiqueprocédeures descriptif,233
belgiqueprocédeures descriptif sous,233
descriptif sous vidéo,233
coronavirus live news,232
due coronavirus pandemic,232
coronavirus baffling observations,232
60 shows study,232
work work may,232
attempts deflect blame,231
deadly nursing home,231
even covid 19,231
death covid 19,231
nuevos casos positivos,230
bible spoke would,230
home coronavirus debacle,229
michigan nursing home,229
hear jesus spoke,229
ministério da saúde,229
dying work work,229
deflect blame deadly,228
blame deadly nursing,228
updates covid19 coronavirus,228
us death toll,228
digital age cashless,228
age cashless society,228
lift emergency measures,228
suspends travel brazil,228
cases continue drop,227
vaccine trial 50,227
highest one day,227
shop closed coronavirus,227
may cause die,227
723 nuevos casos,227
covid 19 mundo,226
casos positivos coronavirus,226
idul fitri 1441,226
home stay safe,226
emergency measures cases,226
cashless society covid,225
coronavirus cases new,225
confirmed coronavirus cases,225
happy eid mubarak,225
exclusive coronavirus coverage,225
world celebrate eid,225
prepares lift emergency,225
lockdown reduced intensity,225
sunday front page,224
health protection coronavirus,224
pressing towards cashless,224
one day spike,224
20 yr old,224
coronavirus coverage daily,224
japan prepares lift,224
measures cases continue,224
coronavirus via youtube,223
covid19 patients nursing,223
see exclusive coronavirus,223
fast oxford vaccine,223
frente covid 19,222
go updates covid19,222
2020 05 24,222
covid 19 like,222
risk covid 19,222
covid 19 unidos,222
disappearing fast oxford,222
covid 19 treatment,221
coronavirus debacle trump,220
patients covid 19,220
donuts farewell shop,220
farewell shop closed,220
people test positive,219
100 000 coronavirus,218
symptoms covid 19,218
cost thousands british,218
covid dreams trump,218
dreams trump nightmares,218
continue drop coronavirus,218
provocó 41 muertes,218
vindos brasil causa,218
north carolina reports,216
at home orders,216
update covid 19,216
three live strains,216
covid 19 people,215
stan donuts farewell,215
latest covid 19,215
people died coronavirus,215
covid 19 changed,215
19 japan prepares,215
covid 19 muslims,215
yr old boxer,214
coronavirus cases rise,214
single day spike,214
coronavirus disappearing fast,214
story remembering nearly,214
cuomo attempts deflect,213
social distancing rules,213
air spray swimming,213
spray swimming pools,213
infection free spain,213
free spain korea,213
spain korea defeat,213
day spike covid,212
65 mil 856,212
highest single day,211
alberto fernández extender,211
amid pandemic restrictions,211
19 contact tracing,210
thousands british lives,210
disease 2019 covid,210
sintomas covid 19,210
using covid 19,210
well right election,210
cluster coronavirus cases,209
covid 19 rules,209
despite covid 19,208
fernández extender cuarentena,208
cas covid 19,208
mil casos coronavirus,207
current covid 19,207
dead covid 19,207
keeping high coronariskinjail,207
vaccine only 50,207
covid 19 na,206
nuevos casos covid19,206
brooklyn field hospital,206
new cases new,206
top story remembering,206
home covid 19,205
fitr amid pandemic,205
end covid 19,204
caused covid 19,204
pandemic restrictions coronavirus,204
york times nombres,203
total covid 19,203
errores datos presentó,203
19 muslims around,203
el covid 19,202
oxford vaccine only,202
atlas coronavirus lockdowns,202
policy killing people,202
llamativos errores datos,202
presentó alberto fernández,202
petition via change,201
dr atlas coronavirus,200
datos presentó alberto,200
brote covid 19,199
covid 19 get,199
coronavirus task force,199
cure covid 19,199
disease covid 19,199
is virus election,199
right election is,199
cases reported arkansas,198
reported arkansas swim,198
tory mps call,198
election is virus,198
stay home much,197
positive cases reported,197
muslims celebrate eid,197
call dominic cummings,197
23 05 2020,196
hong kong protesters,196
travel ban brazil,196
100 000 muertos,195
think bill gates,195
coronavirus sars cov,195
complications covid 19,195
100 000 morts,195
pandemic covid 19,194
19 vaccine trial,194
carolina reports highest,194
penyebaran covid 19,194
covid 19 threat,193
coronavirus yet contained,193
treating covid 19,192
protection coronavirus restrictions,191
65 856 casos,191
slow spread covid19,191
world health organization,191
player tests positive,191
coronavirus llamativos errores,191
world covid 19,190
china covid 19,190
longer infectious 11,190
coronavirus lockdowns the,190
covid 19 hoax,189
help slow spread,189
lockdowns the policy,189
the policy killing,189
hear bible spoke,188
of covid 19,188
people tested positive,188
heading towards cashless,187
coronavirus cases first,187
coronavirus health claims,187
taking total number,187
exposing 91 people,187
covid 19 risk,187
lahir dan batin,186
22 days dither,186
coronavirus cost thousands,186
daily covid 19,186
responsibly legally integrity,186
new post coronavirus,185
adapted infect humans,185
global covid 19,185
according latest data,185
simply names list,184
one covid 19,184
past 24 hours,184
cómo hizo portada,184
acted responsibly legally,184
brazil indigenous people,183
latest data national,183
data national crimes,183
national crimes record,183
crimes record bureau,183
record bureau 2018,183
bureau 2018 india,183
2018 india 450,183
india 450 000,183
450 000 prisoners,183
000 prisoners exceeding,183
prisoners exceeding country,183
exceeding country official,183
country official prison,183
official prison capacity,183
prison capacity 17,183
capacity 17 overcrowded,183
17 overcrowded facilities,183
overcrowded facilities result,183
facilities result high,183
result high coronariskinjail,183
mps call dominic,183
new cases confirmed,182
yeast enem the,182
enem the treatment,182
the treatment completely,182
treatment completely eliminate,182
completely eliminate coronavirus,182
di tengah pandemi,182
golf first time,182
days dither delay,182
updated may 24,182
2020 covid 19,182
covid 19 increasing,182
cdc study deliver,182
covid 19 lockdowns,181
bringing total confirmed,181
coronavirus works days,181
days exposing 91,181
pasien covid 19,181
covid lockdown debate,181
prevent spread covid,180
trying exploit coronavirus,180
works days exposing,180
coronavirus cases top,180
clients covid 19,180
deliver knockout blow,180
workers flee cities,179
amp covid 19,179
covid 19 cure,179
address covid 19,179
dying alarming rate,179
devotes entire front,179
study deliver knockout,179
take covid 19,178
back nursing homes,178
plays golf first,178
indigenous people dying,178
knockout blow covid,178
blow covid lockdown,178
19 covid 19,177
sent covid 19,177
since coronavirus pandemic,177
stop spread coronavirus,177
hairstylist coronavirus works,177
covid 19 officials,177
the covid 19,176
health claims circulating,176
claims circulating online,176
delay coronavirus cost,176
diagnosed covid 19,176
centers disease control,176
live tory mps,176
democrats trying exploit,176
313 new cases,176
people dying alarming,175
new covid19 positive,175
trump democrats trying,175
driving towards cashless,174
lucha covid 19,174
minister wang yi,174
exploit coronavirus vote,174
coronavirus vote by,174
pela covid 19,173
bill gates use,173
100 000 víctimas,173
dither delay coronavirus,173
moment people died,173
times devotes entire,173
covid 19 projections,172
91 people coronavirus,172
society hear jesus,172
alarming rate covid,172
19 officials say,172
exposed 140 people,172
covid 19 total,171
penanganan covid 19,171
casos confirmados coronavirus,171
coronavirus disease covid,171
may allah accept,170
covid 19 hospital,170
100 000 american,170
kasus covid 19,170
covid 19 en,170
hizo portada repleta,170
हर षवर धन,170
coronavirus covid19 coronavirusoutbreak,169
coronavirus últimas 24,169
covid 19 going,169
go back normal,169
govt must release,169
portada repleta nombres,169
hairstylists potentially exposed,169
new coronavirus deaths,168
mil 856 casos,168
covid 19 não,168
day covid 19,168
wash hands often,168
24 05 20,168
covid 19 real,167
covid 19 infected,167
covid 19 epidemic,167
exclusive mike pence,167
planetamegax buquesiranies ecuador,167
buquesiranies ecuador gasolina,167
ecuador gasolina cuarentena,167
24mayo justicapelalarissa fueramorenofuera,167
justicapelalarissa fueramorenofuera covid19,167
news covid 19,166
republicans think bill,166
please share widely,166
bournemouth player tests,166
anunciam proibição entrada,166
proibição entrada viajantes,166
covid 19 fight,165
names list us,165
contagiados covid 19,165
coronavirus lockdown rules,165
daily death toll,165
become society future,165
keep safe distance,165
coronavirus coronavirusupdate covid19,165
number positive cases,165
risk severe complications,165
856 casos confirmados,164
spoke would occur,164
times publishes names,164
covid 19 stats,164
patients infectious 11,164
wuhan lab admits,164
coronavirus restrictions england,163
gates use covid,163
moved michigan nursing,163
news coronavirus dominic,163
potentially exposed 56,163
higher risk severe,163
severe complications covid,163
experience covid19 please,163
national snapshot survey,163
snapshot survey uk,163
survey uk based,163
uk based healthcare,163
based healthcare workers,163
healthcare workers experience,163
workers experience covid19,163
covid19 please share,163
take minute survey,163
gmt coronavirus coronavirusupdate,162
coronavirusupdate covid19 coronaviruspandemic,162
total number positive,162
यरस कड उन,162
share widely take,162
widely take minute,162
brasil causa coronavírus,162
cdc figures show,161
trump playing golf,161
got covid 19,161
19 vaccine implant,161
mil casos covid,161
stay home leave,161
56 clients covid,161
foreign minister wang,161
figures show fauci,160
dishonest covid 19,160
40 republicans think,160
reports highest one,160
tiempos covid 19,160
free covid 19,160
coronavirus pandemic us,160
disease control prevention,160
new cdc figures,159
fauci dishonest covid,159
covid 19 últimas,159
nursing homes take,159
combat covid 19,159
realdonaldtrump 100 000,159
catch covid 19,159
number coronavirus cases,159
distance wash hands,159
house 14 days,159
eua anunciam proibição,159
hbo foxnews 23may,158
foxnews 23may dia69,158
23may dia69 diadelestudiante,158
dia69 diadelestudiante sabadodecuarentena,158
diadelestudiante sabadodecuarentena lisa,158
sebastianizquierdo sonusood covid19,158
show fauci dishonest,158
sa covid 19,158
prime minister boris,158
prevention says higher,158
says higher risk,158
जयप 124 123,158
share national snapshot,158
40 covid 19,157
hairstylist worked symptomatic,157
people recovered disease,157
covid 19 sa,157
chinese communist party,157
confirmed cases covid,157
leave house 14,157
complete amp share,157
rising vp contender,157
must repent jesus,157
messiah coming judge,157
coming judge whole,157
judge whole world,157
whole world 한국어통역,157
beat 77 yr,156
77 yr old,156
covid 19 recovery,156
help covid 19,156
live boris johnson,156
action needs taken,156
amp share national,156
people died covid19,155
yr old veteran,155
coronavirus deaths near,155
covid 19 policy,155
19 cases reported,155
deaths suicide coronavirus,155
home leave house,155
covid 19 elderly,155
hi spare 5mins,155
realdonaldtrump whitehouse presssec,155
spare 5mins complete,155
5mins complete amp,155
restrictions england regulations,154
oxford coronavirus vaccine,154
page new york,154
minister boris johnson,154
dos nuevos casos,153
spoke would happen,153
boxer moved michigan,153
still week later,153
died today still,153
daily coronavirus death,152
covid 19 24,152
old boxer moved,152
home coronavirus beat,152
coronavirus beat 77,152
article amp reuters,152
coronavirus vaccine trial,152
news coronavirus covid19,152
1918 flu pandemic,152
coronariskinjail action needs,152
everyday cases covid,152
19 increasing prisons,152
19 patients infectious,152
पर लग गय,152
develop new therapies,152
new therapies treating,152
therapies treating preventing,152
समय पर लग,152
usa northamerica cases,151
19 positive cases,151
week later via,151
coronavirus ultime notizie,151
primer caso coronavirus,151
patients longer infectious,151
coronavirus fatality rate,151
innocent sant shri,151
aux etats unis,151
president realdonaldtrump donating,151
realdonaldtrump donating quarter,151
donating quarter salary,151
quarter salary hhsgov,151
salary hhsgov develop,151
hhsgov develop new,151
treating preventing coronavirus,151
सह समय पर,151
19 projections garbage,150
000 muertos coronavirus,150
americans died covid,150
country covid 19,150
hari raya aidilfitri,150
old veteran still,150
veteran still week,150
covid 19 día,150
suspeita covid 19,150
propagación covid 19,150
remdesivir covid 19,150
लग गय यरस,150
गय यरस कड,150
कड उन करत,150
उन करत health,150
करत health minister,150
health minister हर,150
minister हर षवर,150
षवर धन harshvardhan,150
धन harshvardhan lockdown,150
harshvardhan lockdown lockdownend,150
lockdown lockdownend coronavirus,150
lockdownend coronavirus covid19india,150
coronavirus covid19india allnewshindi,150
covid19india allnewshindi tazaakhabar,150
time since march,149
19 relief fund,149
later via gatewaypundit,149
practice social distancing,149
