gram,counts
covid 19 cases,6251
covid 19 pandemic,4032
casos covid 19,2524
new covid 19,1989
due covid 19,1626
positive covid 19,1622
covid 19 deaths,1585
penularan covid 19,1575
jaga jarak sosial,1438
pembaharuan status jaga,1434
status jaga jarak,1434
jarak sosial social,1434
sosial social distancing,1434
social distancing terhadap,1434
distancing terhadap risiko,1434
terhadap risiko penularan,1434
risiko penularan covid,1434
jakartacommuterline jakarta kcioke,1434
jakarta kcioke ptkci,1434
covid 19 patients,1394
coronavirus covid 19,1387
covid 19 testing,1385
new coronavirus cases,1374
stasiun bogor zona,1335
bogor zona peron,1335
zona peron risiko,1335
covid 19 commuterline,1335
19 commuterline jakartacommuterline,1335
commuterline jakartacommuterline jakarta,1335
kcioke ptkci stasiunbogor,1335
covid 19 case,1295
26 07 2020,1238
covid 19 vaccine,1211
desantis sidelined scientists,1120
coronavirus ravaged florida,1113
sidelined scientists followed,1110
ron desantis sidelined,1103
covid 19 via,1090
florida ron desantis,1083
ravaged florida ron,1078
scientists followed trump,1072
cases covid 19,1058
defeating covid 19,995
últimas 24 horas,987
key defeating covid,978
india mitega india,962
covid 19 crisis,923
covid 19 di,918
covid 19 death,892
mitega india mitega,862
bbc news coronavirus,860
covid 19 test,849
covid 19 already,804
covid 19 outbreak,794
amid covid 19,771
vacuna covid 19,764
suspected covid 19,744
19 already exists,741
last 24 hours,738
covid 19 virus,731
spread covid 19,730
need start using,730
exists need start,725
already exists need,724
pandemia covid 19,715
27 07 2020,715
died covid 19,691
covid 19 response,686
nuevos casos covid,681
da covid 19,668
covid 19 coronavirus,657
peron risiko menengah,656
start using opinion,651
july 26 2020,650
pandemi covid 19,644
positivo covid 19,641
north korea declares,616
die covid 19,614
herd immunity vaccine,605
much time left,604
expect herd immunity,600
time left wakeup,598
left wakeup focus,598
wakeup focus virus,598
focus virus mankind,598
virus mankind great,598
mankind great danger,598
great danger ccp,598
danger ccp bio,598
ccp bio weapon,598
bio weapon expect,598
weapon expect herd,598
immunity vaccine current,598
vaccine current situation,598
current situation terminate,598
situation terminate ccp,598
terminate ccp stop,598
ccp stop covid,598
stop covid virus,598
suspected coronavirus case,588
get well soon,584
chinese virologist accuses,575
virologist accuses beijing,575
hong kong know,573
kong know treat,573
know treat whistleblowers,573
nuevos casos coronavirus,572
covid 19 venezuela,569
truth ccp virus,566
000 coronavirus deaths,565
spread truth ccp,564
ccp virus chinese,564
virus chinese virologist,564
accuses beijing covered,564
beijing covered coronavirus,564
covered coronavirus fleeing,564
coronavirus fleeing hong,564
fleeing hong kong,564
treat whistleblowers telling,564
whistleblowers telling world,564
telling world truth,564
world truth virus,564
new covid19 cases,561
excuse pls spread,561
pls spread truth,561
fight covid 19,553
contagios covid 19,548
pacientes covid 19,541
covid 19 relief,541
new york times,523
secretario salud chihuahua,510
positif covid 19,505
tested positive covid,503
covid 19 tests,484
get covid 19,477
muertes covid 19,477
covid 19 positive,477
days row experts,477
row experts urge,476
deaths days row,475
26 julio 2020,473
coronavirus deaths days,473
positivos covid 19,471
tops 000 coronavirus,469
peron risiko rendah,465
covid 19 update,460
impact covid 19,458
handling coronavirus pandemic,453
korea declares emergency,446
amid coronavirus pandemic,443
india covid 19,440
tests positive covid,433
19 cases surge,432
coronavirus relief package,424
make matters worse,424
covid 19 infections,423
virus covid 19,420
new cases covid,420
cubacoopera cubaporlasalud cuba,419
covid 19 amp,418
クラウドファンディング readyfor 家から支えよう,415
covid 19 situation,414
covid 19 recovery,413
家や仕事を失う人をひとりにしない支援 クラウドファンディング readyfor,413
confirmed covid 19,412
mr make matters,407
include 200 checks,406
covid 19 infection,403
コロナ緊急 家や仕事を失う人をひとりにしない支援 クラウドファンディング,403
checks extension eviction,403
covid 19 lockdown,400
mortes covid 19,399
000 covid 19,398
relief include 200,396
extension eviction moratorium,396
19 testing facilities,395
जल वस कर,394
coronavirus relief include,393
number covid 19,389
first suspected coronavirus,388
first suspected covid,387
200 checks extension,387
new cases coronavirus,386
tested positive coronavirus,380
domingo 26 julio,380
us tops 000,377
muertos covid 19,373
com covid 19,371
shoveling money friends,368
primer caso sospechoso,362
white house officials,361
coronavirus covid19 sarscov2,359
money friends coronavirus,359
friends coronavirus stimulus,357
risiko menengah 26,356
menengah 26 07,356
الإمام ناصر محمد,356
pelosi shoveling money,356
experts urge country,355
puy du fou,351
trump handling coronavirus,350
forced set death,348
coronavirus antibodies disappearing,348
cruz pelosi shoveling,348
covid19 positive cases,347
ted cruz pelosi,347
set death panel,346
dies covid 19,345
hospital forced set,345
antibodies disappearing care,345
covid19 sarscov2 forecast,342
population coronavirus covid19,341
panel covid 19,341
death panel covid,339
new death population,334
death population coronavirus,334
covid 19 em,333
आप जल वस,332
texas hospital forced,331
crises brag golf,330
ignores multiple crises,329
people covid 19,328
year old girl,326
brag golf game,326
black lives matter,325
multiple crises brag,325
test positive covid,323
coronavirus live updates,322
gps prescribe cycling,321
urge country shut,320
post covid 19,318
corée du nord,317
trump mr make,316
response covid 19,315
casos positivos covid,314
year old died,313
underlying health issues,311
handling covid 19,310
throughput covid 19,307
coronavirus relief bill,305
via namo app,305
readyfor 家から支えよう readyfor_cfより,304
du covid 19,303
new obesity strategy,303
coronavirus stimulus bill,303
high throughput covid,303
entertain empower educate,301
empower educate talk,301
0208 090 2121,301
090 2121 hello,301
2121 hello fantasticradio,301
hello fantasticradio co,301
fantasticradio co uk,301
co uk fantasticradiouk,301
uk fantasticradiouk homeofpossibilities,301
fantasticradiouk homeofpossibilities believeyourpossibilities,301
homeofpossibilities believeyourpossibilities stayhomesafelives,301
covid 19 victim,301
prescribe cycling new,301
cycling new obesity,301
risiko menengah 27,300
menengah 27 07,300
believeyourpossibilities stayhomesafelives buy,299
stayhomesafelives buy song,299
north korea reports,299
covid 19 impact,296
educate talk us,295
talk us 0208,295
us 0208 090,295
dying covid 19,295
says coronavirus relief,294
first covid 19,292
confirmados covid 19,289
kudlow says coronavirus,288
19 death toll,287
covid 19 hoax,287
telling 600 000,287
covid 19 spread,287
19 recovery rate,287
past new york,286
coronavirus gps prescribe,286
covid 19 related,285
covid 19 could,280
fallecidos covid 19,280
uk orders quarantine,278
covid 19 patient,277
coronavirus vaccine development,276
health issues family,275
gop coronavirus relief,274
covid 19 covid19,273
वस मन करत,273
coronavirus testing failures,273
admit coronavirus testing,273
number coronavirus cases,272
us covid 19,272
president ignores multiple,272
officials admit coronavirus,270
issues family says,269
covid 19 país,269
casos confirmados covid,268
house officials admit,268
golf game white,266
game white house,266
spain says outbreaks,265
caso covid 19,263
outbreaks control uk,263
control uk orders,263
13 85 522,262
says outbreaks control,262
case covid 19,261
covid 19 numbers,260
launch high throughput,259
deaths covid 19,258
coronavirus spain says,258
wearing face mask,257
inicia fase vacuna,257
total number cases,256
declares state emergency,255
new cases confirmed,255
beat covid 19,254
26 juli 2020,253
covid 19 través,253
like covid 19,252
kasus covid 19,252
somoscontinuidad cubacoopera cubaporlasalud,252
known underlying health,251
covid 19 data,251
recovery rate 63,251
करत आप जल,250
risiko rendah 26,249
rendah 26 07,249
fase vacuna covid,249
penyebaran covid 19,248
shift public attention,248
infected covid 19,247
covid 19 restrictions,247
the key defeating,247
covid 19 symptoms,246
rate covid 19,246
covid 19 mundo,246
yale epidemiologist says,245
right things still,242
things still get,242
2020 07 26,241
covid 19 news,241
8minutes 8minutes 8minutes,241
hits new low,241
19 case reported,239
primera mascarilla inactiva,239
ca shift public,239
covid 19 spreading,237
covid 19 vía,237
alert first suspected,236
14 measures taken,236
26dejulio somoscontinuidad cubacoopera,236
covid 19 treatment,235
fighting covid 19,235
man died coronavirus,234
battle covid 19,233
fatality count marks,233
count marks sharp,233
covid 19 covid,232
63 54 case,232
54 case fatality,232
case fatality count,232
texas man died,231
epidemiologist says hydroxychloroquine,231
trump ca shift,231
300 new coronavirus,231
lucha covid 19,230
spike covid 19,230
marks sharp dip,230
sign petition via,229
records 300 new,229
covid 19 méxico,228
24 hours total,228
combat spread coronavirus,228
siempre 26 26dejulio,228
measures taken combat,228
matters worse handling,227
korea alert first,226
test positive coronavirus,226
covid 19 24,226
hydroxychloroquine the key,226
cases blows past,226
cure covid 19,225
taken combat spread,225
florida records 300,225
confirmed coronavirus cases,224
tested positive covid19,224
cas covid 19,224
single day spike,224
blows past new,224
26 july 2020,223
prescribe bike rides,223
rate 63 54,223
update 14 measures,223
died coronavirus granddaughter,222
granddaughter spread infection,222
north korea alert,222
gt gt gt,222
old died coronavirus,222
since covid 19,222
says hydroxychloroquine the,222
coronavirus cases blows,222
deaths top 000,221
bike rides tackle,221
dubs trump mr,221
आपक जल वस,220
worse handling coronavirus,220
coronavirus granddaughter spread,219
nigeria covid 19,219
nuevos casos positivos,219
spread infection attending,218
effects covid 19,218
contagio covid 19,218
surge covid 19,217
tackle uk obesity,217
moderna inicia fase,217
doctors prescribe bike,216
rides tackle uk,216
risiko rendah 27,216
rendah 27 07,216
666 nuevos casos,215
covid 19 may,215
peron risiko tinggi,214
14 day quarantine,214
award coronavirus vaccine,214
19 covid 19,213
covid 19 hospital,213
causa covid 19,213
uk obesity crisis,212
global covid 19,212
534 nuevos casos,212
pelosi dubs trump,211
covid 19 india,210
caso sospechoso coronavirus,210
coronavirus disease 2019,210
gets 472 million,210
थन करत आप,209
past 24 hours,209
contagiados covid 19,208
followed trump washington,208
desarrolla primera mascarilla,208
covid 19 tally,207
risk covid 19,207
moderna gets 472,207
news coronavirus covid19,206
all time high,206
presidentakufoaddospeaksoncoronavirus covid19 spreadcalmnotfear,206
covid 19 conspiracy,205
florida covid 19,204
trump washington post,204
covid 19 global,204
kudlow says next,204
recite hanuman chalisa,203
korea reports first,202
severe covid 19,202
portugal desarrolla primera,202
ईश वर थन,201
covid 19 real,201
covid 19 still,201
الديناصوراتالقرآنcovid 19karachi rainweathercovid19,201
coronavirus death toll,200
antibody puzzle complicates,200
holds package hydroxychloroquine,200
declares emergency border,199
emergency border town,199
surpasses new york,199
daily cases increase,199
bolsonaro holds package,199
2019 covid 19,198
package hydroxychloroquine announces,198
recovered covid 19,197
pandemic news coronavirus,197
states set single,197
set single day,197
tests positive coronavirus,197
reported today utc,197
today utc time,197
kim jong un,196
coronavirus impact economy,196
26dejulio cubacoopera cubaporlasalud,196
korea declares state,195
covid 19 updates,195
know covid 19,195
pasien covid 19,195
jair bolsonaro holds,195
announces tested coronavirus,195
tested coronavirus negative,195
global pandemic news,194
coronavirus covid19 protests,194
despite covid 19,194
mann ki baat,194
hydroxychloroquine announces tested,194
new york city,193
total confirmed cases,193
total covid 19,192
coronavirus relief plan,192
000 dead americans,191
pruebas covid 19,191
test covid 19,191
catch covid 19,191
experts urge shut,190
16 millones casos,190
called coronavirus hoax,189
died coronavirus known,189
coronavirus known underlying,189
highest single day,189
coronatimo coronafarsa genocidio,189
coronafarsa genocidio rebrotetimo,189
genocidio rebrotetimo noalconfinamiento,189
next covid 19,188
rebrotetimo noalconfinamiento noalnuevoordenmundial,188
noalconfinamiento noalnuevoordenmundial noalbozal,188
noalnuevoordenmundial noalbozal noalamascarillaobligatoria,188
noalbozal noalamascarillaobligatoria noalavacuna,188
noalavacuna políticosaprisión sanitariosasesinos,188
políticosaprisión sanitariosasesinos periodistascobardes,188
ناصر محمد اليماني04,188
محمد اليماني04 ذو,188
covid 19 world,187
kids back school,187
vacina covid 19,187
noalamascarillaobligatoria noalavacuna políticosaprisión,187
sanitariosasesinos periodistascobardes covid_19,187
alumni akpol 1991,187
ईश वर आपक,186
coronavirus presidentakufoaddospeaksoncoronavirus covid19,186
transport secretary grant,185
youngest covid 19,184
от covid 19,184
secretary grant shapps,184
coronavirus stimulus via,184
اليماني04 ذو الحجة,184
penanganan covid 19,183
border town first,182
town first suspected,182
25 07 2020,181
concern covid 19,181
43 mil 680,181
18 states set,180
north korea locks,180
due coronavirus pandemic,180
grant shapps caught,180
gets covid 19,179
golfs brett favre,179
called covid 19,179
caught spain rule,179
ذو الحجة 1441,179
disease 2019 covid,178
time covid 19,178
the covid 19,178
slow spread covid19,178
shapps caught spain,178
spain rule change,178
stimulus via breitbartnews,178
covid 19 long,177
petition via change,177
spread coronavirus presidentakufoaddospeaksoncoronavirus,177
end covid 19,176
covid 19 vaccines,176
religious movement south,176
07 2020 مـ12,176
2020 مـ12 17,176
ca go home,176
samples covid 19,175
الحجة 1441 هـ25,175
1441 هـ25 07,175
sunday july 26,174
insiders pocket billion,174
24 hrs testing,174
hrs testing capacity,174
covid19 covidhoax borregos,173
covidhoax borregos covidianos,173
covid_19 coronavirus covid19,172
free covid 19,172
هـ25 07 2020,172
مـ12 17 مساء,172
25 julio 2020,171
tested covid 19,171
cases top 16,171
usa northamerica cases,171
coronavirus year old,170
port du masque,170
coronavirus transport secretary,170
control covid 19,169
daily covid 19,169
covid 19 would,169
trump golfs brett,169
tests samples covid,169
19 24 hrs,169
testing capacity all,169
capacity all time,169
150 000 dead,169
help slow spread,169
covid 19 destruction,169
000 coronavirus cases,168
जल वस मन,168
dio positivo coronavirus,167
state youngest covid,167
city lockdown suspected,167
single day records,167
corporate insiders pocket,167
top 16 million,167
florida coronavirus year,166
girl state youngest,166
soar 18 states,166
take covid 19,166
india tests samples,166
नर स_ग ड_2_भर,166
स_ग ड_2_भर _2018_म,166
ड_2_भर _2018_म _पद_बढ,166
scholars raise concern,166
raise concern covid,166
19 destruction religious,166
go home without,166
cases new deaths,166
sa covid 19,165
second highest number,165
old girl state,165
admit covid 19,165
along amazon river,165
destruction religious movement,165
surge coronavirus cases,164
frente covid 19,164
cases soar 18,164
coronavirus coronavirusupdate covid19,164
coronavirus unleashed along,163
batalla covid 19,163
gmt coronavirus coronavirusupdate,163
coronavirusupdate covid19 coronaviruspandemic,163
due covid19 lost,163
covid19 lost job,163
rush coronavirus vaccine,162
update covid 19,162
_2018_म _पद_बढ covid19,162
_पद_बढ covid19 रक,162
covid19 रक चलत,162
रक चलत बह,162
चलत बह नर,162
बह नर कर,162
नर कर आवश,162
कर आवश यकत,162
आवश यकत अत,162
यकत अत दन,162
अत दन नर,162
दन नर भर,162
नर भर पद,162
भर पद बढ,162
पद बढ कर,162
बढ कर चयन,162
coronavirus covid19 covidhoax,162
vaksin covid 19,161
trump covid 19,161
2020 covid 19,161
react spain quarantine,161
20 nuevas muertes,161
472 million award,161
covid 19 va,160
coronavirus cases top,160
periodistascobardes covid_19 coronavirus,160
think covid 19,159
go back work,159
unleashed along amazon,159
lost job pls,159
job pls help,159
pls help secure,159
help secure job,159
next coronavirus relief,158
million covid 19,158
covid 19 yang,158
secure job one,158
job one recommendation,158
one recommendation change,158
recommendation change whole,158
change whole life,158
cubaporlasalud cuba cubacoopera_ve3,158
muere secretario salud,158
covid 19 brasil,157
pocket billion rush,157
spain quarantine rules,157
international scholars raise,157
محمد اليماني25 07,157
covid 19 control,156
india admit covid,156
masks social distancing,156
public attention cornavirus,156
noida mumbai kolkata,156
coronavirus pandemic hits,156
billion rush coronavirus,155
covid 19 affects,155
attention cornavirus streets,155
cornavirus streets america,155
next coronavirus stimulus,155
alumni akpol 91,155
trump news president,154
covid 19 china,154
infection attending party,153
florida surpasses new,153
affected covid 19,153
testing positive coronavirus,153
covid 19 awareness,153
de covid 19,153
ghost town causing,153
active covid 19,152
cdc covid 19,152
domiciliar queiroz rejeitou,152
town causing economic,152
اليماني25 07 2020,152
ناصر محمد اليماني25,152
million award coronavirus,152
new confirmed cases,151
sospechoso covid 19,150
got covid 19,150
covid 19 últimas,150
diagnosed covid 19,150
dr anthony fauci,150
day covid 19,150
travellers react spain,150
192 nuevos casos,150
jesús enrique grajeda,150
coronavirus hoax gets,149
combate covid 19,149
cases new york,149
coronavirus task force,149
thousand people day,149
people day die,149
total cases 16,149
000 new cases,149
coronavirus cases soar,149
sir due covid19,149
midtown ghost town,149
wo india admit,148
600 000 us,148
rising covid 19,148
150 000 americans,148
president donald trump,148
07 2020 مـ,148
causing economic crisis,148
enfrentamos covid 19,148
health care workers,147
confirmed cases covid,147
turns midtown ghost,147
coronavirus negative via,147
people testing positive,146
hoax gets covid,146
life saving covid,146
negative via gatewaypundit,146
strong focus coronavirus,146
26 07 20,145
senator called coronavirus,145
latest covid 19,145
amp covid 19,145
day records week,145
even feel well,145
praise leading race,145
leading race test,145
test life saving,145
pandemic watch live,145
mask arkansas senator,144
covid 19 protocols,144
falsely telling 600,144
000 us military,144
us military members,144
military members infected,144
elite contact tracers,144
state health department,144
wins rare praise,144
race test life,144
gop set introduce,144
venezuela enfrentamos covid,144
how to avoid,144
to avoid homework,144
avoid homework hangover,144
homework hangover covid19,144
hangover covid19 including,144
covid19 including top,144
including top 10,144
top 10 symptoms,144
10 symptoms homework,144
symptoms homework hangover,144
homework hangover news,144
hangover news release,144
news release amp,144
release amp information,144
whistleblowers gathering heading,144
gathering heading ccp,144
heading ccp sydney,144
ccp sydney consulate,144
sydney consulate bring,144
consulate bring truth,144
bring truth coronavirus,144
end pandemic watch,144
watch live stream,144
arkansas senator called,143
getting covid 19,143
lives matter protests,143
negative covid 19,143
rare praise leading,143
set introduce senate,143
support trump handling,143
news president ignores,143
new cases covid19,142
company apologizes falsely,142
apologizes falsely telling,142
members infected coronavirus,142
000 americans dead,142
contact tracers show,142
britain wins rare,142
prisão domiciliar queiroz,142
killed mother hands,142
dealt shattering blow,142
introduce senate coronavirus,142
senate coronavirus stimulus,142
trillion gop coronavirus,142
600 000 healthy,142
000 healthy people,142
532 new cases,142
relief packages amp,142
packages amp ui,142
amp ui benefits,142
military bloated budget,142
tax amp govt,142
amp govt spending,142
abused mis allocated,142
mis allocated amp,142
allocated amp kept,142
of covid 19,142
death covid 19,141
patients covid 19,141
brett favre thousand,141
favre thousand people,141
day die covid,141
refuse wear masks,141
second covid 19,141
covid 19 na,141
modi launch high,141
optimistic gop set,141
stimulus bill monday,141
26jul fanb gnbypueblovenceremos,141
health service blames,141
please wear mask,140
patients nursing homes,140
health company apologizes,140
saving covid drugs,140
fanb gnbypueblovenceremos vivanlosmédicosdelapatria,140
anti mask arkansas,139
covid 19 dan,139
reports first suspected,139
coronavirus cases surge,139
new cases new,139
global coronavirus news,139
pandemic hits new,139
solidarios venezuela enfrentamos,139
masa pandemi covid,138
438 new cases,138
patuhi protokol kesehatan,138
treatment covid 19,138
covid 19 failure,138
covid 19 flood,138
pm modi launch,138
puzzle complicates immunity,138
internacionalistas solidarios venezuela,138
state second highest,137
contre covid 19,137
stop covid 19,137
sharp dip namo,137
dip namo app,137
show world beat,137
spread covid19 identify,137
covid19 identify risk,137
identify risk cases,137
risk cases sooner,137
cases sooner self,137
sooner self reporting,137
self reporting symptoms,137
reporting symptoms daily,137
symptoms daily even,137
daily even feel,137
coronavirus westminster abbey,137
mnuchin optimistic gop,137
pelosi says congress,137
17 مساء الديناصوراتالقرآنcovid,137
suspected case coronavirus,136
au covid 19,136
casos nuevos coronavirus,136
covid 19 people,136
19 cases reported,136
pencegahan covid 19,136
covid 19 guidance,136
feel well download,136
covid 19 corruption,136
coronavirus news antibody,136
news antibody puzzle,136
westminster abbey dealt,136
venezuela chavista siempre,136
caso sospechoso covid,135
stop spread covid,135
covid 19 made,135
donald trump golfs,135
tracers show world,135
streets america robert,135
well download app,135
complicates immunity question,135
abbey dealt shattering,135
colaboradores cubanos internacionalistas,135
cubanos internacionalistas solidarios,135
chavista siempre 26,135
says trillion gop,135
gnboficial fabiozavarsep gnbgdjfl,135
truth coronavirus to,135
coronavirus to end,135
to end pandemic,135
crisis covid 19,134
मल मन आए,134
víctimas covid 19,134
changes covid 19,134
america robert reich,134
mnuchin says trillion,134
mascarilla inactiva virus,133
000 americans died,133
nuevos casos covid19,133
said covid 19,133
2020 coronavirus pandemic,133
coronavirus killed mother,133
novos casos covid,132
covid 19 aid,132
time national crisis,132
world beat covid,132
trump news live,132
mio pezzo interessa,132
pedidos covid 19,132
white house pushes,132
national crisis cumm,131
crisis cumm ads,131
cumm ads suggests,131
ads suggests limiting,131
suggests limiting person,131
limiting person person,131
person person contact,131
person contact coronavirus,131
contact coronavirus beaten,131
coronavirus beaten play,131
beaten play safe,131
play safe play,131
safe play online,131
quarantine travellers spain,131
people dying covid,131
warns covid 19,131
700 pedidos covid,131
leader kim jong,130
market news source,130
390 516 casos,130
ng covid 19,129
coronavirus wo india,129
covid 19 new,129
covid 19 rules,129
tests covid 19,129
positive cases stand,129
korea locks border,129
19 venezuela chavista,129
says covid 19,128
adaptasi kebiasaan baru,128
people died covid,128
coronavirus últimas 24,128
treat covid 19,128
go back school,128
queiroz rejeitou outros,128
live global coronavirus,128
police resist enforcing,128
july 25 2020,127
false misleading claims,127
johns hopkins university,127
failures holding back,127
26 26dejulio somoscontinuidad,127
resist enforcing coronavirus,127
current covid 19,126
mascarilla inactiva coronavirus,126
combat covid 19,126
coronavirus sars cov,126
coronavirus via youtube,126
patient mental health,126
today recovery rate,126
holding back search,126
transmitió metros distancia,126
poll support trump,126
san diego dog,126
diego dog park,126
coronavirus mask mandates,126
chinese communist party,125
tiempos covid 19,125
prueba covid 19,125
coronavirus cases new,125
cured discharged migrated,125
new deaths total,125
shivraj singh chouhan,125
positive coronavirus tests,125
mayor blaming cdc,125
spike coronavirus cases,125
