gram,counts
covid 19,134299
19 cases,6267
coronavirus cases,5874
coronavirus pandemic,4413
19 pandemic,4053
new cases,4018
coronavirus covid19,3956
social distancing,3062
covid19 coronavirus,2903
new york,2724
casos covid,2630
07 2020,2590
nuevos casos,2573
north korea,2431
new coronavirus,2375
wear mask,2175
coronavirus deaths,2087
new covid,2063
covid19 cases,1865
coronavirus covid,1824
casos coronavirus,1821
white house,1815
26 07,1764
year old,1727
positive covid,1707
coronavirus relief,1698
due covid,1697
via youtube,1693
19 deaths,1639
tested positive,1598
covid19 pandemic,1587
penularan covid,1583
coronavirus vaccine,1580
jaga jarak,1556
realdonaldtrump yankees,1468
death toll,1463
24 hours,1448
news coronavirus,1440
jarak sosial,1440
risiko penularan,1436
pembaharuan status,1434
status jaga,1434
sosial social,1434
distancing terhadap,1434
terhadap risiko,1434
jakartacommuterline jakarta,1434
jakarta kcioke,1434
kcioke ptkci,1434
bbc news,1406
19 patients,1398
july 26,1391
19 testing,1388
ron desantis,1347
stasiun bogor,1335
bogor zona,1335
zona peron,1335
peron risiko,1335
19 commuterline,1335
commuterline jakartacommuterline,1335
ptkci stasiunbogor,1335
active cases,1332
casos confirmados,1331
public health,1323
24 horas,1301
19 case,1297
26 julio,1235
coronavirus outbreak,1226
19 vaccine,1217
donald trump,1206
coronavirus ravaged,1195
sidelined scientists,1180
united states,1148
positive coronavirus,1148
ravaged florida,1142
new deaths,1138
desantis sidelined,1122
followed trump,1120
due covid19,1113
herd immunity,1113
scientists followed,1110
positive cases,1095
cases covid,1093
19 via,1091
florida ron,1088
confirmed cases,1087
due coronavirus,1075
pandemia coronavirus,1070
wear masks,1069
wearing mask,1061
gon na,1058
spread coronavirus,1055
últimas 24,1045
casos positivos,1035
key defeating,1014
coronavirus stimulus,1005
defeating covid,1001
26 2020,1000
mitega india,994
amid coronavirus,985
india mitega,970
handling coronavirus,968
cases coronavirus,948
stay home,944
face mask,933
hong kong,930
died coronavirus,928
coronavirus case,926
19 crisis,924
first suspected,923
sars cov,923
19 di,918
coronavirus testing,914
corea norte,909
19 death,898
test positive,894
many people,885
live updates,880
जल वस,869
19 test,857
wearing masks,851
new covid19,844
150 000,838
last 24,830
coronavirus crisis,824
stay safe,814
total cases,811
novel coronavirus,809
nursing homes,807
19 already,804
spread covid,803
tests positive,802
died covid,802
19 outbreak,798
single day,798
vacuna covid,791
mental health,790
27 07,790
000 coronavirus,789
recovery rate,789
amid covid,779
fight coronavirus,777
long term,768
start using,766
coronavirus update,762
need start,762
stop covid,761
face masks,758
vacuna coronavirus,754
suspected covid,753
already exists,750
south korea,742
19 virus,741
people died,738
corona virus,736
south africa,736
pandemia covid,735
julio 2020,734
coronavirus via,733
gt gt,729
president trump,728
kim jong,727
exists need,725
cases reported,715
total number,713
looks like,704
covidー19 coronavirus,704
da covid,702
spread covid19,698
primer caso,696
july 2020,695
fake news,694
go back,686
19 response,686
bio weapon,684
health care,679
death rate,677
die covid,675
positivo covid,673
19 coronavirus,671
16 million,670
much time,670
casos nuevos,669
cases deaths,666
pandemi covid,665
second wave,664
current situation,659
मन करत,658
china virus,658
experts urge,657
risiko menengah,656
korea declares,654
suspected coronavirus,653
protokol kesehatan,653
using opinion,651
covid virus,651
covid_19 coronavirus,650
coronavirus covidー19,648
secretario salud,646
casos covid19,645
cases surge,643
last week,628
000 deaths,623
namo app,621
fight covid,619
get well,619
ईश वर,617
dr fauci,617
bill gates,615
back school,610
focus virus,610
time left,608
ccp virus,607
immunity vaccine,607
days row,603
great danger,602
domingo 26,601
virus mankind,600
expect herd,600
well soon,599
ccp bio,599
ccp stop,599
left wakeup,598
wakeup focus,598
mankind great,598
danger ccp,598
weapon expect,598
vaccine current,598
situation terminate,598
terminate ccp,598
relief bill,597
médicos cubanos,596
people dying,595
washington post,594
get covid,584
chinese virologist,583
hurricane hanna,581
virus chinese,581
world truth,581
help us,578
accuses beijing,576
virologist accuses,575
covered coronavirus,574
know treat,574
आप जल,573
coronavirus infections,573
kong know,573
treat whistleblowers,573
covid19 deaths,572
coronavirus response,572
says coronavirus,570
truth virus,570
19 venezuela,569
pacientes covid,568
telling world,568
spread truth,567
truth ccp,566
beijing covered,564
coronavirus fleeing,564
fleeing hong,564
whistleblowers telling,564
pls spread,562
excuse pls,561
contagios covid,558
du coronavirus,558
casos activos,556
000 dead,556
coronavirus lockdown,556
coronavirus live,555
pandemia covid19,554
covid19 positive,553
200 checks,549
relief package,548
100 000,546
india covid,545
coronavirus argentina,544
eviction moratorium,542
19 relief,541
declares emergency,539
positivo coronavirus,537
spain quarantine,537
every day,536
save lives,535
muertes covid,533
salud chihuahua,532
000 americans,528
trump administration,526
york times,524
new study,519
100 days,519
000 covid,518
positif covid,518
kudlow says,517
2020 07,513
contagios coronavirus,512
us coronavirus,510
coronavirus updates,510
contact tracing,510
global pandemic,509
prime minister,507
coronavirus patients,505
coronavirus covid_19,502
around world,501
deaths days,499
young people,497
600 000,494
14 days,493
tops 000,491
health officials,490
positivos covid,488
testing facilities,488
000 people,487
ministerio salud,487
19 tests,485
social media,485
nuevos contagios,485
pm modi,484
common cold,481
next coronavirus,481
19 positive,481
row experts,477
virus covid,473
number cases,473
make sure,473
ted cruz,473
16 millones,472
impact covid,469
matters worse,469
jair bolsonaro,468
coronavirus spain,468
go away,467
वस कर,465
risiko rendah,465
cubacoopera cubaporlasalud,465
25 julio,464
good news,463
19 update,463
covid19 covidー19,457
deaths reported,455
test results,455
coronavirus news,455
コロナ緊急 家や仕事を失う人をひとりにしない支援,453
クラウドファンディング readyfor,452
cubaporlasalud cuba,450
realdonaldtrump trump,448
covid19 sarscov2,448
new death,447
please help,446
joe biden,445
26 july,444
positive covid19,443
underlying health,443
wan na,443
siempre 26,443
hanuman chalisa,441
confirmed covid,441
back work,440
include 200,439
health issues,438
covid19 virus,437
july 25,436
coronavirus india,432
cases covid19,432
muertes coronavirus,431
stop spread,430
via nytimes,429
infected coronavirus,427
months ago,427
19 infections,427
fight covid19,427
make matters,427
américa latina,426
reino unido,426
43 mil,424
19 amp,423
new post,420
13 85,420
total deaths,419
people die,419
died covid19,418
readyfor 家から支えよう,418
थन करत,418
coronavirus disease,418
cases new,418
covid coronavirus,417
state emergency,416
mr make,416
19 situation,415
19 recovery,414
家や仕事を失う人をひとりにしない支援 クラウドファンディング,414
fox news,414
caso sospechoso,413
nursing home,413
coronavirus hoax,412
coronavirus test,412
lives matter,412
trump handling,412
number covid,411
florida coronavirus,411
brett favre,411
com covid,411
first time,410
two weeks,409
would like,408
extension eviction,408
19 infection,407
qu il,407
checks extension,407
dio positivo,406
texas hospital,406
mortes covid,405
post covid,404
take care,404
muertos covid,403
look like,401
open schools,401
19 lockdown,400
relief include,400
deaths per,399
coronavirus death,399
fatality rate,398
corona covid19,398
covid19 patients,397
world news,397
new normal,397
conspiracy theory,395
coronavirus antibodies,395
mnuchin says,395
people like,394
new low,394
loved ones,393
americans died,392
daily cases,392
high throughput,392
per day,390
boris johnson,390
us tops,390
coronavirus tests,387
wash hands,387
health department,386
one day,385
playing golf,384
get tested,383
wearing face,383
set death,383
american people,381
ناصر محمد,379
vaccine development,377
personal salud,377
48 661,377
shoveling money,377
health ministry,376
cases confirmed,375
stimulus bill,375
high risk,374
people need,374
money friends,374
positivos coronavirus,373
juli 2020,372
death panel,372
fase vacuna,372
covid19 amp,371
golf game,370
alumni akpol,370
covid deaths,369
coronavirus mundo,369
case fatality,367
people covid,367
000 muertos,367
friends coronavirus,367
since march,366
black lives,365
dies covid,363
task force,363
number coronavirus,362
testing positive,361
अस पत,361
hospital forced,361
house officials,361
covid covid19,360
still get,360
top story,360
الإمام ناصر,360
daily thanks,358
du covid,358
pelosi shoveling,358
population coronavirus,357
puy du,356
menengah 26,356
state health,356
40 000,356
covid19 covid,356
est pas,356
urge country,356
called coronavirus,355
000 new,354
korea reports,353
coronavirus spread,353
ee uu,353
cruz pelosi,353
go home,352
du fou,351
coronavirus aid,351
forced set,351
experts say,350
covid19 crisis,350
jul 26,350
covid19 covid_19,348
24 hrs,348
measures taken,348
antibodies disappearing,348
multiple crises,348
surge coronavirus,346
fallecidos coronavirus,346
nuevo coronavirus,345
disappearing care,345
mortality rate,344
nuevas muertes,344
nancy pelosi,344
sarscov2 forecast,343
du nord,342
26 juli,342
dying covid,342
il coronavirus,342
muertos coronavirus,342
conspiracy theories,341
aged care,341
prescribe cycling,341
panel covid,341
corée du,340
response covid,338
mil casos,337
19 em,335
करत आप,334
death population,334
response coronavirus,333
nuovi casi,333
reported today,333
highest number,331
common sense,331
country shut,331
brag golf,331
old girl,330
new zealand,330
cases state,330
crises brag,330
nouveaux cas,329
cases rise,329
ignores multiple,329
07 26,328
market news,328
handling covid,328
family members,327
need know,327
latin america,327
gps prescribe,327
14 day,326
global coronavirus,325
old died,324
social distance,324
coronavirus could,323
get back,322
case coronavirus,322
covid19 corona,322
covidー19 covid19,320
co uk,320
millones casos,320
get coronavirus,319
obesity strategy,319
trump mr,319
slow spread,318
strong focus,318
via googlenews,317
cases today,317
50 000,316
rule change,315
in the,315
first covid,315
gop coronavirus,315
puede ser,315
000 casos,314
आपक जल,313
coronavirus país,313
get sick,312
trump coronavirus,312
doja cat,312
472 million,312
cases amp,311
covid19 vaccine,310
talk us,310
testing capacity,309
2020 coronavirus,309
million people,308
face coverings,308
new obesity,308
deaths covid,307
throughput covid,307
家から支えよう readyfor_cfより,306
health experts,306
quarantine rules,306
immune system,306
via namo,305
26dejulio somoscontinuidad,305
الديناصوراتالقرآنcovid 19karachi,305
trump virus,304
mask wearing,304
pandemic covid19,304
caso coronavirus,304
10 000,304
cycling new,303
empower educate,302
dead americans,301
entertain empower,301
educate talk,301
0208 090,301
090 2121,301
2121 hello,301
hello fantasticradio,301
fantasticradio co,301
uk fantasticradiouk,301
fantasticradiouk homeofpossibilities,301
homeofpossibilities believeyourpossibilities,301
believeyourpossibilities stayhomesafelives,301
buy song,301
19 victim,301
johns hopkins,301
fallecidos covid,300
us covid,300
people get,300
menengah 27,300
stayhomesafelives buy,299
family says,299
confirmados covid,299
वस मन,299
inicia fase,299
corona coronavirus,298
premier cas,298
mascarilla inactiva,298
covid cases,297
19 impact,297
nivel mundial,296
us 0208,295
july 27,295
19 spread,294
trump news,294
got ta,293
कर रह,293
sign petition,293
coronavirus coronavirus,292
come back,292
cases increase,292
re going,291
even though,290
realdonaldtrump foxnews,290
spain says,290
past new,289
die coronavirus,289
19 hoax,289
colaboradores cubanos,289
first coronavirus,288
spread virus,288
bringing total,288
the coronavirus,288
300 new,288
homework hangover,288
unemployment benefits,287
telling 600,287
covid19 testing,286
covid19 death,286
19 related,286
coronavirus gps,286
covid19 test,285
19 covid19,285
case covid,284
coronavirus corona,284
il faut,284
india news,283
travellers spain,283
uk orders,283
mask mandates,282
healthcare workers,282
19 could,281
caso covid,281
moderna inicia,281
covid19 lockdown,280
novos casos,279
het coronavirus,279
admit coronavirus,279
prevent spread,278
total casos,278
department health,278
532 new,278
orders quarantine,278
confirmed coronavirus,277
issues family,277
19 patient,277
yale epidemiologist,277
reports first,276
new confirmed,276
000 000,276
tested coronavirus,276
control uk,276
testing failures,276
man died,275
140 000,275
people still,275
officials admit,275
president ignores,275
case reported,274
like covid,274
in person,274
coronavirus trump,273
15 000,273
cases 16,272
lost job,272
economic crisis,272
across country,271
per million,271
wear face,271
145 000,270
realdonaldtrump cnn,270
19 país,269
focus coronavirus,269
000 cases,268
right things,268
days ago,268
game white,268
moderna gets,268
next week,267
breaking news,267
the key,267
outbreaks control,267
suspected case,266
beat covid,266
of the,266
says outbreaks,266
high school,265
virus covid19,265
85 522,265
right thing,264
infected covid,263
covid_19 covid19,263
segunda ola,263
coronavirus impact,263
dans monde,263
texas man,262
need help,262
health workers,261
like coronavirus,261
19 numbers,261
amitabh bachchan,261
launch high,261
somoscontinuidad cubacoopera,261
crisis coronavirus,260
rate covid,260
people infected,259
anti mask,259
god bless,259
coronavirus infection,259
declares state,258
post coronavirus,258
years ago,258
coronavirus us,258
terdampak covid19,258
cases sunday,258
trump ca,258
last year,257
25 07,257
ghost town,257
10 days,256
tell us,256
million cases,256
chief staff,256
cases top,256
alert first,255
kasus covid,255
live news,255
new infections,254
streets america,254
coronavirus venezuela,254
cases india,254
let us,254
tested negative,253
coronavirus hit,253
19 través,253
total confirmed,253
top 10,253
rate 63,253
known underlying,252
coronavirus quarantine,252
19 data,252
coronavirus would,251
penyebaran covid,251
contagios covid19,251
climate change,251
deaths covid19,251
public attention,251
hits new,251
border town,250
19 covid,250
shift public,250
epidemiologist says,250
coronavirus españa,250
8minutes 8minutes,250
43 680,250
north korean,249
rendah 26,249
combat spread,249
things still,249
cure covid,248
officials say,248
โคว ด19,247
19 restrictions,247
federal government,247
long time,247
one thing,247
spread infection,246
19 symptoms,246
19 mundo,246
बढ कर,246
fighting covid,246
salvar vidas,246
well done,245
primera mascarilla,245
grant shapps,245
self isolate,245
day day,245
au coronavirus,245
patients recovered,245
deaths top,244
día día,244
straight day,244
pandemic news,243
via breitbartnews,243
battle covid,243
19 news,243
mask mandate,242
second highest,242
cases per,242
coronavirus il,242
click link,242
latest news,241
25 2020,241
feel like,241
daily coronavirus,241
438 new,241
watch live,241
times india,240
americans dead,240
lucha covid,239
coronavirus vía,239
via nyt,239
cada vez,239
death panels,239
health minister,239
contagio covid19,239
ca shift,239
study finds,238
get covid19,238
abc news,238
says hydroxychloroquine,238
fatality count,238
07 20,237
related deaths,237
coronavirus spike,237
19 spreading,237
ministry health,237
spike covid,237
19 vía,237
portugal desarrolla,237
du covid19,237
senate republicans,236
14 measures,236
realdonaldtrump potus,235
seems like,235
aumento casos,235
rest world,235
tens thousands,235
new case,235
positivity rate,235
small businesses,235
19 treatment,235
666 nuevos,235
bike rides,235
63 54,235
like covid19,235
26 26dejulio,235
border city,234
india coronavirus,234
sa mga,234
join us,234
19 24,234
ca go,234
534 nuevos,234
doctors prescribe,233
day quarantine,233
cas covid,233
petition via,233
since covid,233
count marks,233
marks sharp,233
effects covid,232
coronavirus still,232
tiempos coronavirus,232
54 case,232
update 14,232
deaths coronavirus,231
great job,231
via nbcnews,231
get rid,231
dies coronavirus,231
coronavirus virus,231
pandemic coronavirus,231
nel mondo,231
trump golfs,231
face covering,231
korea alert,230
da coronavirus,230
obesity crisis,230
sharp dip,230
hours total,230
nicolás maduro,230
mayra mendoza,229
anyone else,229
post covid19,229
healthy people,229
highest daily,229
would rather,229
day spike,229
san diego,229
florida records,229
records 300,229
blows past,229
390 516,229
covid19 coronaviruspandemic,228
19 méxico,228
ver si,228
taken combat,228
could help,227
going back,227
world coronavirus,227
prescribe bike,227
hydroxychloroquine the,227
cases blows,227
worse handling,227
top 000,226
florida covid,226
one person,226
tony blair,226
bakti sosial,226
coronavirus granddaughter,225
time high,225
última hora,225
cubacoopera_ve3 minsapcuba,225
people coronavirus,224
di indonesia,224
good job,224
all time,224
working home,224
granddaughter spread,223
secretaría salud,223
response covid19,223
contagio covid,223
risk covid,223
infection attending,222
coronavirus related,222
causa covid,222
kids back,222
latest coronavirus,222
covid19 spreadcalmnotfear,222
516 casos,222
trump said,221
coronavirus coronavirusupdate,221
past 24,221
rides tackle,221
coronavirus mask,221
ki baat,221
global covid,221
modi launch,221
dubs trump,221
health safety,220
weeks ago,220
tackle uk,220
award coronavirus,220
samples tested,219
treasury secretary,219
know coronavirus,219
via yahoonews,219
32 063,219
nigeria covid,219
health amp,218
risiko tinggi,218
anthony fauci,218
covid19 response,218
surge covid,218
death count,218
coronavirus si,218
uk obesity,218
sounds like,217
coronavirus amp,217
hot spots,217
