gram,counts
covid 19 cases,10183
covid 19 pandemic,4331
positive covid 19,4099
new covid 19,3799
new coronavirus cases,2786
casos covid 19,2668
15 300 new,2419
covid 19 vaccine,2244
covid 19 deaths,2005
covid 19 patients,1852
get well soon,1772
covid 19 positive,1757
15 000 new,1739
due covid 19,1676
aishwarya rai bachchan,1664
coronavirus covid 19,1603
first time since,1575
cases covid 19,1555
covid 19 via,1365
covid 19 test,1260
test positive covid,1258
deaths first time,1252
record 15 300,1248
tested positive covid,1220
white house seeks,1219
house seeks discredit,1216
seeks discredit fauci,1215
florida reports 15,1210
zero coronavirus deaths,1208
positivo covid 19,1185
coronavirus deaths first,1169
tested positive coronavirus,1156
india mitega india,1155
single day record,1151
time since march,1124
test positive coronavirus,1119
300 new cases,1109
amid covid 19,1025
amid coronavirus surge,1016
report zero coronavirus,1016
officials report zero,1016
bbc news coronavirus,1014
york officials report,1007
new york officials,1005
mitega india mitega,994
new york times,990
covid 19 outbreak,989
covid 19 di,982
spread covid 19,981
tests positive covid,975
últimas 24 horas,956
covid 19 testing,954
000 new cases,941
covid 19 crisis,940
covid 19 death,921
da covid 19,886
fauci amid coronavirus,878
discredit fauci amid,873
000 new coronavirus,872
trump wears mask,865
wears mask public,860
reports 15 000,854
pandemia covid 19,853
new york city,839
coronavirus live updates,788
tested positive covid19,786
tests positive coronavirus,786
coronavirus everyone wrong,778
nuevos casos coronavirus,773
single day increase,762
last 24 hours,760
rai bachchan daughter,753
covid 19 virus,748
first covid 19,747
contagios covid 19,744
000 covid 19,744
covid 19 could,742
july 12 2020,741
wrong back reason,727
everyone wrong back,726
coronavirus cover up,722
covid 19 coronavirus,714
chinese virologist accuses,712
largest single day,710
virologist accuses beijing,708
immunity covid 19,708
vacuna covid 19,698
died covid 19,695
flees hong kong,684
nuevos casos covid,677
new covid19 cases,668
public first time,666
beijing coronavirus cover,665
muertes covid 19,657
new cases coronavirus,650
accuses beijing coronavirus,648
mask public first,642
positif covid 19,641
florida sets new,640
cover up flees,624
up flees hong,618
covid 19 response,618
hong kong know,615
cases single day,611
covid 19 tests,610
know treat whistleblowers,607
new cases covid,606
kong know treat,604
pandemi covid 19,596
shatters single day,596
covid 19 infections,594
florida shatters single,591
covid 19 hoax,587
exclusive chinese virologist,586
disney world reopens,584
pacientes covid 19,581
teachers shared classroom,580
tested covid 19,579
get covid 19,578
300 new covid,578
amitabh bachchan abhishek,565
li meng yan,564
dies covid 19,563
covid 19 case,562
record 15 000,560
covid 19 amp,554
fight covid 19,551
us mexico border,550
cases one day,545
19 cases state,543
coronavirus surges linked,543
positivos covid 19,542
surges linked mostly,541
12 07 2020,535
covid 19 symptoms,534
coronavirus donald trump,532
shared classroom got,530
12 julio 2020,528
proximity us mexico,527
linked mostly protests,524
atlas coronavirus surges,523
test covid 19,522
gt gt gt,521
protests proximity us,520
mostly protests proximity,518
covid 19 spread,510
world first covid,510
dr atlas coronavirus,506
russia sechenov university,503
walt disney world,502
single day infection,502
day infection record,499
kids back school,495
infection record 15,494
covid 19 em,486
help slow spread,485
covid 19 twice,484
slow spread covid19,483
could lost months,478
impact covid 19,477
covid 19 patient,476
response covid 19,475
got coronavirus one,469
day record new,467
months uk study,467
sign petition via,466
covid 19 update,466
record new covid,466
classroom got coronavirus,465
अम बच चन,464
uk study suggests,464
19 could lost,462
lost months uk,461
us covid 19,459
number covid 19,458
finally wears mask,458
fallecidos covid 19,458
amid coronavirus pandemic,457
bachchan daughter aaradhya,457
covid 19 lockdown,454
trump finally wears,454
coronavirus one died,453
highest single day,449
arizona teachers shared,445
infected covid 19,443
donald trump finally,441
aaradhya test positive,439
three arizona teachers,438
even feel well,437
sense face masks,437
self reporting symptoms,436
reporting symptoms daily,435
symptoms daily even,435
daily even feel,435
identify risk cases,434
risk cases sooner,434
cases sooner self,434
sooner self reporting,434
spread covid19 identify,433
covid19 identify risk,433
full reopening schools,431
feel well download,430
well download app,429
marine bases okinawa,429
trust people sense,427
fauci coronavirus surges,427
rai bachchan aaradhya,425
people sense face,425
coronavirus tracking project,424
covid 19 surge,423
social distancing guidelines,423
post covid 19,421
previous deaths current,420
new single day,420
coronavirus trust people,419
caught tacking previous,418
tacking previous deaths,418
suspect caught tacking,416
viróloga huyó china,416
mortes covid 19,416
deaths current totals,414
virus covid 19,413
face masks gove,411
tracking project numbers,407
go back school,407
india covid 19,407
domingo 12 julio,406
compliance social distancing,402
15 299 new,401
project numbers suspect,399
numbers suspect caught,399
reports 15 300,399
daughter aaradhya test,397
test positive covid19,392
covid 19 numbers,391
bachchan tests positive,388
sidelined white house,388
caught covid 19,388
also test positive,388
covid 19 situation,386
fauci sidelined white,384
300 new coronavirus,381
major coronavirus outbreak,380
steps blunt talk,377
time covid 19,377
coronavirus cases surge,375
vacuna rusa covid,374
rusa covid 19,374
covid 19 través,373
case covid 19,372
white house steps,371
blunt talk pandemic,371
huge coronavirus tracking,371
covid 19 infection,371
house steps blunt,369
confirmed covid 19,368
outbreak marine bases,368
covid 19 related,367
increase covid 19,366
japan shocked furious,366
casos positivos covid,365
anupam kher mother,365
taking virus seriously,365
coronavirus outbreak marine,365
internal cdc documents,364
shocked furious us,364
furious us major,363
gnboficial gnbgdjfl fabiozavarsep,363
kasus covid 19,361
coronavirus covid19 sarscov2,361
000 new covid,361
covid 19 diagnosis,361
us major coronavirus,361
lower cognitive ability,359
linked non compliance,359
record 15 299,359
president donald trump,358
die covid 19,357
19 cases single,357
entertain empower educate,356
empower educate talk,356
0208 090 2121,356
090 2121 hello,356
2121 hello fantasticradio,356
hello fantasticradio co,356
fantasticradio co uk,356
co uk fantasticradiouk,356
uk fantasticradiouk homeofpossibilities,356
fantasticradiouk homeofpossibilities believeyourpossibilities,356
homeofpossibilities believeyourpossibilities stayhomesafelives,356
cognitive ability linked,356
record single day,356
dying covid 19,355
non compliance social,354
com covid 19,354
believeyourpossibilities stayhomesafelives buy,351
stayhomesafelives buy song,351
confirmed coronavirus cases,350
like covid 19,350
seguridad vacuna rusa,350
discredit fauci coronavirus,350
educate talk us,349
talk us 0208,349
us 0208 090,349
wears face mask,348
ability linked non,348
15 000 covid,348
population coronavirus covid19,347
university successfully completes,347
star amitabh bachchan,346
covid19 sarscov2 forecast,346
mask first time,343
update florida shatters,343
port du masque,342
petition via change,342
confirman seguridad vacuna,342
meng yan viróloga,341
donald trump wears,340
coronavirus update florida,338
ensayos clínicos confirman,338
bases okinawa says,338
new death population,337
death population coronavirus,337
us taking virus,337
aaradhya also test,336
getting covid 19,335
clínicos confirman seguridad,334
says us taking,334
covid 19 covid19,333
distancing guidelines coronavirus,333
okinawa says us,333
day covid 19,332
coronavirus florida sets,332
guidelines coronavirus outbreak,331
negative covid 19,330
viróloga china huida,330
past 24 hours,329
deaths covid 19,328
china huida eeuu,326
also tested positive,325
house takes aim,324
muertos covid 19,323
told us coronavirus,323
coronavirus disease 2019,321
rising covid 19,321
covid 19 mundo,320
florida covid 19,319
amitabh bachchan tests,317
bachchan test positive,316
watch dr greger,316
dr greger told,316
greger told us,316
us coronavirus risk,315
coronavirus risk 2008,315
risk 2008 youtube,315
covid 19 data,314
combat covid 19,313
say schools listen,313
trump wears face,312
trials world first,312
cdc guidelines reopening,312
white house takes,312
sets new single,311
huida eeuu asegura,311
eeuu asegura pekín,311
yan viróloga china,310
asegura pekín miente,310
wo say schools,310
schools listen cdc,309
coronaviruspandemic covid19india coronavirus,308
pekín miente covid,308
herd immunity hopes,308
listen cdc guidelines,308
patient caught covid,307
completes trials world,305
miente covid 19,305
take red pill,305
red pill watch,305
pill watch dr,305
got covid 19,303
spike covid 19,303
sister in law,302
covid 19 méxico,301
record one day,300
long herd immunity,300
bollywood bachchan family,299
current totals via,296
people covid 19,296
twice long herd,296
totals via gatewaypundit,295
bachchan tested positive,295
30 year old,295
reason jul 2020,295
ocultaron coronavirus diciembre,295
coronavirus death toll,294
du covid 19,294
fauci disagrees trump,293
takes aim fauci,293
aim fauci disagrees,293
2019 covid 19,292
contagio covid 19,292
19 twice long,292
12 juli 2020,291
back reason jul,291
cases state nationwide,290
2020 07 12,289
covid 19 restrictions,289
बच चन और,288
disagrees trump virus,288
jul 2020 medium,287
world health organization,286
take covid 19,286
handling covid 19,285
19 cases record,283
covid 19 may,282
da positivo covid,281
penanganan covid 19,281
covid 19 tally,281
new cases reported,280
covid 19 relief,278
since pandemic began,278
coronavirus task force,277
tests covid 19,275
disease 2019 covid,275
19 vaccine russia,275
total number cases,274
tested covid19 positive,273
daily case record,273
one day anywhere,273
successfully completes trials,272
covid 19 real,271
19 via youtube,271
attending covid party,271
covid 19 vía,270
cases shattering record,270
case record 15,270
anything coronavirus doctor,269
coronavirus doctor suicide,269
daily covid 19,268
reported single day,268
completes clinical trials,267
schools highest risk,264
coronavirus cases shattering,264
cases record one,264
wishing speedy recovery,262
contract covid 19,261
national record 15,261
south africa bans,261
africa bans alcohol,261
indiafightscorona stayhome staysafe,260
bachchan aishwarya rai,260
19 death toll,258
19 cases reported,258
cdc documents warn,257
reopening schools highest,257
covid 19 nas,257
covid 19 12,257
covid 19 would,256
stop spread coronavirus,255
florida reports record,255
single day covid,254
spike coronavirus cases,254
bollywood star amitabh,253
day record 15,252
since covid 19,251
patients covid 19,251
trials world 1st,251
distance wash hands,250
please wear mask,250
documents warn full,250
warn full reopening,250
washington post see,250
new cases confirmed,249
send kids back,249
lake covid 19,249
coronavirus cases one,248
covid 19 world,248
people tested positive,248
penyebaran covid 19,248
reports record daily,248
know covid 19,246
covid 19 recovery,246
wish speedy recovery,246
वर बच चन,245
penularan covid 19,245
family members test,244
live updates trump,243
covid19 last days,242
covid 19 impact,241
long expected turn,241
going back school,241
kher mother brother,241
15 000 cases,240
coronavirus indiafightscorona stayhome,239
000 coronavirus cases,239
coronavirus impact economy,239
covid19 bot covid19,238
bot covid19 last,238
last days stats,238
covid19india coronavirus indiafightscorona,238
take long expected,238
think covid 19,238
от covid 19,238
pour première fois,238
coronavirus cases reported,238
day increase positive,238
expected turn worse,237
updates trump wears,237
testing positive coronavirus,237
testing positive covid,236
stay home much,236
china coronavirus lab,235
1st covid 19,235
surge coronavirus cases,235
positive coronavirus cases,235
lab virus started,234
virus started defected,234
ऐश वर बच,234
deaths take long,234
covid 19 still,234
health care system,234
global coronavirus cases,234
kasautii zindagii kay,234
lleida siete municipios,234
experts china coronavirus,233
coronavirus lab virus,233
wash hands often,233
adaptasi kebiasaan baru,233
surge covid 19,233
covid 19 party,233
single day total,233
increase coronavirus cases,233
reopen schools science,232
science countries teach,232
countries teach us,232
unidosporlasalud gnboficial gnbgdjfl,232
schools science countries,231
total covid 19,231
face mask first,231
dr anthony fauci,231
covid 19 cause,231
started defected west,230
sunday july 12,230
12 july 2020,230
world health organisation,230
clinical trials world,230
cases reported single,230
covid 19 país,229
covid 19 sign,229
battle covid 19,229
keep safe distance,228
actor amitabh bachchan,228
bachchan abhishek bachchan,227
steve bannon experts,227
highest risk coronavirus,226
bannon experts china,226
dio positivo covid,226
brother sister in,225
job retention bonus,225
19 cases sunday,224
trials coronavirus vaccine,223
287 nuevos casos,223
live updates florida,223
risk coronavirus spread,222
prueba covid 19,222
vaccine russia sechenov,222
fanb gnbypuebloheroico unidosporlasalud,222
face mask public,221
record covid 19,221
covid 19 rt,221
primark says 30m,221
says 30m job,221
covid 19 spike,220
home covid 19,220
open disney world,220
nuevos casos positivos,220
24 hours total,220
sechenov university completes,220
30m job retention,220
recovered covid 19,219
want return old,219
return old normal,219
american medical association,219
generations bollywood bachchan,219
covid_19 coronavirus covid19,218
coronavirus primark says,218
12 want return,217
old normal britain,217
three generations bollywood,217
covid 19 one,216
coronavirus deaths take,216
world 1st covid,216
covid 19 florida,215
russian university successfully,215
day record coronavirus,215
workers isolating 73,215
since beginning pandemic,214
in law niece,214
dr scott jensen,213
normal britain covid,213
children back school,212
record daily increase,212
19 sign petition,211
catch covid 19,211
mask publicly first,211
total confirmed cases,211
covid 19 new,211
coronavirus cases sunday,211
covid 19 12jul,210
publicly first time,210
cas covid 19,210
coronavirus cases spike,210
single day spike,210
coronavirus deaths across,210
hands often cover,209
cases 24 hours,209
man dies covid,209
coronavirus cases rise,208
black lives matter,208
would highest risk,208
britain covid 19,208
scott jensen says,208
bans alcohol sales,208
safe distance wash,207
masks social distancing,207
overcount coronavirus deaths,207
country jensen received,207
jensen received page,207
received page document,207
fighting covid 19,206
record coronavirus infections,206
covid 19 updates,205
certificate covid 19,205
coronavirus surge via,205
president cyril ramaphosa,204
coronatimo coronafarsa genocidio,204
periodistascobardes covid_19 coronavirus,204
coronavirus covid19 covidhoax,204
often cover cough,203
confirmados covid 19,203
sanitariosasesinos periodistascobardes covid_19,203
florida reported 15,203
almost 15 300,203
home much keep,202
much keep safe,202
risk covid 19,202
frente covid 19,202
mintió covid 19,202
shatters largest single,202
world reopens florida,201
sets one day,201
russia first nation,201
test negative coronavirus,200
covid19 positive cases,200
19 cases surge,200
viróloga escapó china,200
crisis covid 19,200
death certificate covid,200
aaradhyabachchan tested positive,200
covid 19 rates,199
since coronavirus pandemic,199
batalla covid 19,199
number new cases,199
asegura país mintió,199
covid 19 día,198
york times internal,198
times internal cdc,198
new coronavirus deaths,198
jensen says american,198
says american medical,198
medical association encouraging,198
association encouraging doctors,198
encouraging doctors overcount,198
doctors overcount coronavirus,198
deaths across country,198
across country jensen,198
page document showed,198
document showed fill,198
showed fill death,198
fill death certificate,198
brote covid 19,197
stato di emergenza,197
global covid 19,197
new cases new,197
viróloga china huyó,197
fauci white house,197
coronavirus infections us,197
michigan lake covid,197
coronavirus surges via,196
farm workers isolating,196
país mintió covid,196
risk spreading coronavirus,195
casos confirmados covid,195
000 casos coronavirus,195
news coronavirus trust,195
well soon sir,194
dies attending covid,194
new cases one,194
noalavacuna políticosaprisión sanitariosasesinos,194
políticosaprisión sanitariosasesinos periodistascobardes,194
discredit dr fauci,194
sets new state,194
new state daily,194
rise covid 19,193
number coronavirus cases,193
effects covid 19,193
daily cases increase,193
coronavirus live news,193
first time covid,193
spreading covid 19,193
covid 19 precautions,193
since pandemic hit,193
vacina covid 19,193
mother brother sister,193
york city reports,193
records almost 15,193
hospital covid 19,192
covid 19 news,192
19 test results,191
300 coronavirus cases,191
story washington post,191
story california failed,191
state daily case,191
celebrated july weekend,191
members test positive,190
covid 19 hits,190
mathon farm workers,190
coronavirus records almost,190
florida shatters largest,190
infections us world,190
july weekend michigan,190
weekend michigan lake,190
अभ बच चन,189
shatters coronavirus records,189
us world sees,189
reported today utc,188
today utc time,188
anything virus doctor,188
pruebas covid 19,188
world sees cases,188
think made mistake,187
transmission covid 19,187
virus doctor suicide,187
2020 covid 19,187
wear face mask,187
new cases day,187
covid 19 outbreaks,187
covid 19 recoveries,187
news home love,187
home love video,187
love video nowplaying,187
coronavirus mathon farm,187
florida shatters coronavirus,187
sees cases spike,187
covid 19 kabupaten,186
recovery rate 62,186
aaradhya bachchan test,186
video nowplaying apple,186
nowplaying apple live,186
noalnuevoordenmundial noalbozal noalamascarillaobligatoria,186
noalbozal noalamascarillaobligatoria noalavacuna,186
health care workers,185
covid 19 going,185
top story washington,185
state since beginning,185
reported 15 000,185
alcohol sales combat,185
000 americans died,184
called covid 19,184
covid 19 treatment,184
risk spread coronavirus,184
wears mask publicly,184
himbauan kepada masyarakat,184
florida sets one,184
complete human trials,184
wearing face mask,183
death covid 19,183
new cases covid19,183
caso covid 19,183
update covid 19,183
disney world open,183
dengue prevention efforts,183
usa northamerica cases,183
sales combat covid,183
year old man,182
go back work,182
covid 19 venezuela,182
noalconfinamiento noalnuevoordenmundial noalbozal,182
university completes clinical,182
trump covid 19,181
one day record,181
world covid 19,181
increase global coronavirus,181
coronafarsa genocidio rebrotetimo,181
genocidio rebrotetimo noalconfinamiento,181
rebrotetimo noalconfinamiento noalnuevoordenmundial,181
coronavirus south africa,181
gnbypuebloheroico unidosporlasalud gnboficial,181
ministério da saúde,180
west via gatewaypundit,180
death toll rises,180
anupam kher family,180
mexico border foxnews,180
covid 19 like,179
related inflammatory syndrome,179
potential coronavirus vaccine,179
clinical trials coronavirus,179
isolating 73 cases,179
shatters national record,179
15 300 coronavirus,179
city reports zero,179
defected west via,178
coronavirus related inflammatory,178
cure covid 19,178
bachchan tests negative,178
cases trend08 jul,178
bill gates warns,177
contagiados covid 19,177
tatanan normal baru,177
sechenov university successfully,177
state local leaders,177
increase positive coronavirus,177
without coronavirus deaths,177
market news source,176
new covid cases,176
time since pandemic,176
noalamascarillaobligatoria noalavacuna políticosaprisión,176
bachchan family infected,176
of covid 19,176
covid 19 canada,175
worst covid 19,175
million covid 19,175
india good position,175
affected covid 19,174
jaya bachchan aishwarya,174
highest risk spread,174
covid 19 control,174
rate 62 78,174
prevention efforts stifled,174
coronavirus cases state,174
positive second round,174
second round testing,174
everyone world take,174
white house puts,174
ohio man dies,173
meeting covid 19,173
cross lakh mark,173
deadly coronavirus mistakes,173
said covid 19,172
coronavirus coronavirusupdate covid19,172
coronavirusupdate covid19 coronaviruspandemic,172
mil casos covid,172
normal baru produktif,172
gmt coronavirus coronavirusupdate,171
recoveries cross lakh,171
mark recovery rate,171
apple live coronavirus,171
jaya bachchan tests,171
florida department health,171
masque obligatoire dans,170
trump wearing mask,170
covid 19 epidemic,170
covid 19 india,170
lakh mark recovery,170
aishwaryaraibachchan aaradhyabachchan tested,170
secretary wo say,170
florida shatters national,170
one century prepare,170
century prepare pandemic,170
prepare pandemic why,170
pandemic why ca,170
why ca everyone,170
ca everyone world,170
world take red,170
new confirmed coronavirus,169
covid 19 na,169
news coronavirus donald,169
ruso covid 19,169
dio positivo coronavirus,169
biggest one day,169
jptu jabatanpenerangan covid19,169
state health department,169
human trials coronavirus,169
poder hablar ocultaron,169
coronavirus three generations,169
successfully complete human,169
list deadly coronavirus,169
covid party texas,168
one day jump,168
covid 19 scamdemic,168
young healthy people,168
live coronavirus direitaraizebolsonaro,168
coronavirus direitaraizebolsonaro master,168
direitaraizebolsonaro master newprofilepic,168
master newprofilepic ps4share,168
aaradhya tested positive,168
huyó china poder,168
china poder hablar,168
coronavirus testing czar,168
300 new confirmed,168
city without coronavirus,168
defend fauci white,168
house puts list,168
puts list deadly,168
covid 19 brasil,167
coronavirus pandemic began,167
19 recoveries cross,167
melaksanakan himbauan kepada,167
york city without,167
people celebrated july,167
china reveló cómo,166
ocultó información coronavirus,166
corona ki wajah,166
long term effects,166
enfermos covid 19,166
hospitals covid 19,166
kepada masyarakat tentang,166
aman dari covid19,166
education secretary wo,166
cases coronavirus related,166
hundreds people celebrated,166
isliye agar chahte,165
agar chahte ho,165
chahte ho ki,165
ho ki caa,165
ki caa nrc,165
caa nrc naa,165
nrc naa aaye,165
naa aaye toh,165
aaye toh dua,165
toh dua karo,165
dua karo ki,165
karo ki coronavirus,165
ki coronavirus india,165
kabhi na jaye,165
na jaye kyonki,165
jaye kyonki corona,165
kyonki corona ki,165
hi nrc delay,165
nrc delay hua,165
hablar ocultaron coronavirus,165
haarega india mitega,164
modi kitna acha,164
kitna acha ho,164
acha ho ki,164
ho ki pakistan,164
ki pakistan india,164
aur humko modi,164
chutkara mil jaye,164
mil jaye aur,164
jaye aur imran,164
aur imran pm,164
imran pm ban,164
pm ban jaye,164
ban jaye india,164
jaye india ka,164
dans lieux publics,164
lieux publics clos,164
delay hua hai,164
people wear masks,164
order morgue trucks,164
morgue trucks latest,164
nuevos casos covid19,164
de covid 19,164
deaths four months,164
efforts stifled coronavirus,164
polres padang pariaman,164
padang pariaman melaksanakan,164
pariaman melaksanakan himbauan,164
masyarakat tentang tatanan,164
tentang tatanan normal,164
baru produktif aman,164
produktif aman dari,164
dari covid19 akbpdianugrahahbwps,164
covid19 akbpdianugrahahbwps polrespadangpariaman,164
akbpdianugrahahbwps polrespadangpariaman patriotdigitalpolri,164
polrespadangpariaman patriotdigitalpolri tatanannormalbaru,164
patriotdigitalpolri tatanannormalbaru cepatdekatbersahabat,164
tatanannormalbaru cepatdekatbersahabat humaspoldasumbar,164
california failed mass,164
huyó china reveló,163
coronavirus covid party,163
ng covid 19,163
000 americans dead,163
covid 19 us,163
review meeting covid,163
human testing potential,163
surge pushes us,163
us toward deadly,163
amitabhbachchan abhishekbachchan aishwaryaraibachchan,162
régimen ocultó información,162
chaired review meeting,162
stifled coronavirus pandemic,162
penyebaran virus corona,162
816 nuevos casos,162
inflammatory syndrome identified,162
mitega india modi,161
india modi kitna,161
disney world reopened,161
bachchan aaradhya bachchan,161
