gram,counts
covid 19,159306
19 cases,10206
coronavirus cases,9665
new cases,6919
new york,5459
coronavirus covid19,4952
coronavirus pandemic,4833
single day,4651
tested positive,4585
19 pandemic,4340
positive covid,4318
new coronavirus,4179
new covid,4036
covid19 coronavirus,3972
white house,3922
wear mask,3840
positive coronavirus,3807
15 300,3544
coronavirus deaths,3418
first time,3375
test positive,3374
disney world,3267
dr fauci,3136
amitabh bachchan,3092
15 000,3059
donald trump,2841
nuevos casos,2829
social distancing,2807
casos covid,2753
covid19 cases,2709
coronavirus covid,2474
300 new,2462
000 new,2452
casos coronavirus,2433
aishwarya rai,2427
tests positive,2343
wearing mask,2253
19 vaccine,2246
record 15,2182
coronavirus outbreak,2165
amid coronavirus,2061
one day,2060
19 deaths,2059
via youtube,2055
get well,1919
well soon,1907
united states,1882
19 patients,1855
death toll,1843
florida reports,1826
due covid,1814
24 hours,1813
back school,1808
speedy recovery,1806
19 positive,1767
covid19 pandemic,1759
coronavirus vaccine,1753
stay home,1733
gon na,1719
rai bachchan,1707
july 12,1636
wear masks,1626
cases covid,1619
time since,1613
positive covid19,1611
public health,1605
24 horas,1598
face masks,1576
bbc news,1575
herd immunity,1564
news coronavirus,1558
hong kong,1547
wears mask,1543
coronavirus surge,1532
covid_19 coronavirus,1529
mask public,1492
death rate,1489
spread coronavirus,1476
since march,1473
day record,1467
florida shatters,1456
wearing masks,1434
face mask,1410
south africa,1406
19 via,1372
discredit fauci,1371
cases coronavirus,1359
बच चन,1343
12 julio,1316
casos confirmados,1302
reports 15,1291
positive cases,1283
coronavirus surges,1283
seeks discredit,1270
coronavirus covid_19,1268
go back,1267
deaths first,1266
19 test,1265
trump wears,1260
many people,1254
zero coronavirus,1252
house seeks,1249
stay safe,1241
live updates,1237
novel coronavirus,1237
florida sets,1236
positivo covid,1229
spread covid19,1227
year old,1224
betsy devos,1222
active cases,1198
corona virus,1198
confirmed cases,1177
india mitega,1158
bill gates,1156
mitega india,1155
cases reported,1150
casos positivos,1124
coronavirus live,1120
12 2020,1119
new deaths,1117
coronavirus update,1084
officials report,1074
cases state,1066
spread covid,1064
new covid19,1051
12 07,1035
15 299,1034
amid covid,1033
looks like,1030
president trump,1027
gt gt,1025
due covid19,1024
report zero,1024
good news,1021
reopening schools,1016
york officials,1011
open schools,1005
últimas 24,1004
due coronavirus,1002
york times,997
19 outbreak,991
19 di,982
covid party,963
19 testing,960
07 2020,952
da covid,942
19 crisis,940
covid19 positive,940
100 000,938
19 death,930
sars cov,929
record new,928
pandemia coronavirus,924
total cases,923
long term,917
health care,916
around world,903
coronavirus via,896
people died,895
died covid,895
second wave,890
bachchan family,887
fauci amid,887
chinese virologist,880
pandemia covid,877
daughter aaradhya,875
family members,871
000 covid,861
york city,856
cover up,855
fake news,852
us coronavirus,852
coronavirus infections,851
coronavirus everyone,843
every day,835
last 24,830
nursing homes,828
coronavirus crisis,825
reopen schools,822
everyone wrong,808
coronavirus testing,806
day increase,804
get coronavirus,801
immunity covid,798
wash hands,789
via gatewaypundit,785
coronavirus florida,784
bachchan daughter,784
accuses beijing,783
abhishek bachchan,782
july 2020,780
world first,779
common sense,778
covid19 deaths,774
testing positive,772
get tested,772
first covid,770
cases one,764
reports record,764
positivo coronavirus,762
sets new,757
19 virus,754
contagios covid,751
19 could,746
cases deaths,743
19 coronavirus,741
get covid,740
fox news,737
clinical trials,735
back reason,735
coronavirus cover,733
casos nuevos,732
julio 2020,731
died coronavirus,730
total number,729
wrong back,727
muertes covid,724
wan na,724
anupam kher,724
test results,723
casos covid19,722
du coronavirus,721
look like,719
coronavirus lockdown,718
virologist accuses,716
vacuna covid,715
largest single,714
slow spread,710
got coronavirus,709
people dying,704
viróloga china,701
one died,694
washington post,690
cases surge,688
coronavirus spread,685
mental health,685
stop spread,685
flees hong,684
trump administration,684
mask wearing,679
take care,679
amitabhbachchan abhishekbachchan,678
health officials,675
public first,674
highest risk,673
covid cases,672
beijing coronavirus,669
positif covid,667
tested covid,666
covid coronavirus,665
000 people,662
last week,658
coronavirus response,658
months ago,656
coronavirus argentina,656
deaths reported,655
coronavirus one,654
000 cases,653
bachchan tests,651
cdc guidelines,647
cases rise,646
people die,645
coronavirus death,644
top story,643
aaradhya test,643
go away,639
tested negative,638
cases single,638
coronavirus positive,632
teachers shared,632
task force,628
137 000,627
up flees,625
number cases,624
treat whistleblowers,619
know treat,618
19 response,618
pandemi covid,618
coronavirus patients,616
kong know,615
domingo 12,615
mil casos,614
pacientes covid,613
covid_19 covid19,612
000 americans,612
19 tests,611
covid19 patients,607
pandemia covid19,606
casos activos,605
study suggests,605
shared classroom,605
covid19 covid_19,604
fight covid,604
save lives,603
make sure,602
cases today,600
srbachchan juniorbachchan,599
19 infections,598
li meng,596
shatters single,596
covid19 covid,592
contagios coronavirus,591
19 hoax,591
cases day,591
world reopens,590
get sick,589
kids back,589
national record,589
sign petition,588
mexico border,588
dies covid,587
exclusive chinese,586
bachchan abhishek,585
trump finally,584
dio positivo,584
protokol kesehatan,577
10 000,575
meng yan,574
since pandemic,574
trials world,573
common cold,571
ee uu,569
infected coronavirus,568
contact tracing,566
sechenov university,566
young people,565
cases covid19,565
positivos covid,565
per day,564
two weeks,564
000 deaths,563
19 case,562
across country,561
us mexico,561
19 amp,560
jaya bachchan,560
human trials,560
china coronavirus,558
test covid,558
recovery rate,557
130 000,553
help us,549
fauci sidelined,548
nuevos contagios,548
cases spike,548
walt disney,547
social media,544
surges linked,543
linked mostly,543
world health,541
000 casos,540
coronavirus updates,539
classroom got,539
social distance,538
trust people,537
coronavirus donald,536
19 symptoms,535
breaking news,535
health department,534
da positivo,531
proximity us,528
million people,527
post covid,526
department health,526
mostly protests,525
atlas coronavirus,524
next year,523
coronavirus disease,522
protests proximity,522
cases sunday,521
dr atlas,521
south carolina,520
us covid,518
vacuna rusa,515
world news,514
coronavirus risk,514
day infection,514
américa latina,513
opening schools,513
19 spread,513
ron desantis,512
steve bannon,512
ministerio salud,512
new normal,509
lost months,509
going back,508
28 637,508
infection record,508
covid covid19,507
god bless,507
russia sechenov,507
total deaths,505
new post,505
response covid,503
in law,502
via nbcnews,502
four months,501
bases okinawa,500
virus covid,499
record daily,499
get back,499
back work,499
covid19 corona,497
coronavirus hoax,494
number covid,492
health minister,492
pandemic covid19,492
muertes coronavirus,491
impact covid,491
help slow,491
infectious disease,490
pandemic began,489
coronavirus trump,489
wear face,488
people tested,487
risk coronavirus,487
download app,487
state since,487
19 em,486
schools open,486
uk study,486
reported 15,485
finally wears,484
fauci coronavirus,484
great job,484
19 twice,484
could lost,483
died covid19,481
qu il,481
got ta,480
19 patient,479
covid19 sarscov2,479
months uk,479
infected covid,478
000 contagios,477
would like,477
petition via,476
doctor suicide,476
july 11,475
please help,475
marine bases,475
in the,473
19 update,472
fallecidos covid,471
अम बच,470
schools reopen,468
cases confirmed,468
000 dead,466
new record,465
coronavirus test,464
arizona teachers,464
told us,463
send kids,463
cases record,463
sense face,463
aaradhya bachchan,462
mortality rate,461
american people,457
coronavirus india,457
2020 07,456
bollywood star,456
die covid,455
19 lockdown,455
highest single,454
even feel,454
via nytimes,452
viróloga huyó,451
covid19 death,450
12 july,450
university successfully,450
nursing home,449
people need,448
tell us,447
cases amp,446
full reopening,445
loved ones,444
bachchan aaradhya,444
feel well,444
cases florida,442
three arizona,442
infected covid19,441
india covid,441
successfully completes,440
reporting symptoms,440
negative coronavirus,438
feel like,438
anthony fauci,438
self reporting,438
daily even,438
230 000,438
seems like,437
coronavirus tracking,437
coronavirus corona,436
risk cases,436
identify risk,435
cases sooner,435
symptoms daily,435
healthcare workers,434
covid19 identify,434
sooner self,434
people sense,434
previous deaths,433
135 000,433
12 juli,433
says us,433
aaradhya also,433
coronavirus bollywood,432
coronavirus trust,432
stayhome staysafe,431
tracking project,431
coronavirus related,431
roger stone,430
people like,430
fight covid19,430
well download,430
huyó china,429
global coronavirus,429
new single,429
wearing face,427
new death,427
distancing guidelines,427
19 surge,426
mortes covid,426
trump coronavirus,426
caught tacking,425
deaths current,425
new daily,425
two months,424
tested covid19,423
jul 2020,423
current totals,422
covid19 amp,422
vacuna coronavirus,422
covid19 vaccine,421
back normal,420
market news,420
covid19 lockdown,419
juli 2020,419
daily thanks,419
ensayos clínicos,419
well done,419
confirmed coronavirus,418
tacking previous,418
surgeon general,418
get covid19,418
cases via,418
test negative,418
coronavirus infection,418
florida reported,418
dying covid,417
south korea,417
florida breaks,417
suspect caught,416
nuevo coronavirus,416
new confirmed,415
people still,415
prime minister,415
education secretary,415
last days,414
need know,414
virus seriously,414
masks gove,414
trump virus,412
coronavirus news,412
face coverings,412
also test,412
keep safe,410
nuevas muertes,410
increase covid,410
ocultaron coronavirus,410
covid deaths,408
people get,407
project numbers,407
of the,407
global pandemic,406
covid19india coronavirus,405
coronavirus covidー19,405
299 new,405
new zealand,403
via googlenews,402
compliance social,402
numbers suspect,400
bachchan tested,400
re opening,400
caught covid,400
good job,400
mother brother,399
johns hopkins,398
attending covid,398
record coronavirus,398
updates florida,398
ऐश वर,397
coronavirus outbreaks,396
die covid19,396
also tested,396
corona covid19,395
19 numbers,395
spread virus,395
virus corona,394
covid19 virus,394
covid19 crisis,393
reported today,393
time covid,393
spreading coronavirus,392
major coronavirus,392
il coronavirus,392
daily cases,391
whitehouse realdonaldtrump,390
sidelined white,389
huge coronavirus,388
confirmed covid,388
est pas,388
in person,387
19 situation,387
kids school,387
high risk,387
blunt talk,386
000 coronavirus,386
die coronavirus,386
florida covid,385
americans died,385
getting covid,385
bachchan test,383
case covid,383
sounds like,383
non compliance,383
cdc documents,382
deaths covid,382
immune system,381
fight coronavirus,380
abc news,380
covid19 test,380
kher mother,380
trials coronavirus,380
wore mask,379
highest number,379
com covid,379
rusa covid,379
crisis coronavirus,378
come back,378
14 days,378
steps blunt,377
number new,377
taking virus,377
coronavirus covid__19,376
talk pandemic,375
even though,375
cognitive ability,375
great news,375
amitabh abhishek,374
19 related,374
like covid,374
shocked furious,374
000 000,373
19 través,373
aishwaryaraibachchan aaradhyabachchan,373
house steps,371
19 infection,371
du masque,370
response coronavirus,370
internal cdc,370
daily increase,370
japan shocked,370
new infections,369
outbreak marine,369
population coronavirus,368
the coronavirus,368
kasus covid,367
coronavirus impact,367
novos casos,367
nivel mundial,367
seguridad vacuna,367
furious us,367
us major,367
co uk,366
case record,366
guidelines coronavirus,366
vaccine russia,366
corona coronavirus,365
handling coronavirus,364
fatality rate,364
gnboficial gnbgdjfl,364
president donald,363
prevent spread,363
gnbgdjfl fabiozavarsep,363
talk us,362
let us,362
cases india,362
07 12,361
11 julio,361
via change,361
19 diagnosis,361
trump amp,360
19 covid19,360
open disney,360
bringing total,359
defected west,359
coronavirus coronavirus,359
wears face,359
lower cognitive,359
linked non,359
foxnewssunday betsydevosed,359
lópez gatell,358
record single,358
mild symptoms,357
sir please,357
empower educate,357
coronavirus indiafightscorona,356
entertain empower,356
educate talk,356
0208 090,356
090 2121,356
2121 hello,356
hello fantasticradio,356
fantasticradio co,356
uk fantasticradiouk,356
fantasticradiouk homeofpossibilities,356
homeofpossibilities believeyourpossibilities,356
believeyourpossibilities stayhomesafelives,356
cases new,356
ability linked,356
got covid,355
us taking,355
farm workers,355
time coronavirus,354
muertos coronavirus,354
state florida,354
update florida,354
health ministry,353
negative covid,353
every single,353
mask first,353
alcohol sales,353
muertos covid,352
buy song,352
day covid,352
stayhomesafelives buy,351
covid19 coronaviruspandemic,351
coronavirus numbers,351
primera vez,351
must read,351
us 0208,349
000 muertos,349
past 24,348
one thing,348
increase coronavirus,348
port du,347
star amitabh,347
one person,347
sarscov2 forecast,347
killing people,346
post covid19,346
positivity rate,346
confirman seguridad,346
cases increase,345
asegura pekín,345
eeuu asegura,344
people wear,343
whole world,343
última hora,343
state health,342
yan viróloga,341
jul 12,340
कर रह,340
death population,340
people covid,340
okinawa says,339
record breaking,338
nouveaux cas,338
clínicos confirman,338
cause death,337
death rates,336
seasonal flu,335
blood hands,335
get infected,335
du covid,335
200 000,335
deaths total,334
record high,334
public schools,334
takes aim,334
da saúde,333
highest bidder,333
experts say,332
ho ki,332
coronavirus coronaviruspandemic,332
coronavirus doctor,332
disease 2019,331
times india,331
guidelines reopening,331
please take,330
lives matter,330
deaths per,330
19 mundo,330
china huida,330
covid19 covidー19,329
since coronavirus,329
say schools,329
florida coronavirus,329
rising covid,328
thank god,328
35 000,328
way go,328
huida eeuu,328
watch dr,328
reino unido,327
right thing,326
अन पम,326
shattering record,325
americans dead,324
good idea,324
100 mil,324
house takes,324
health organization,323
combat covid,323
listen cdc,323
final year,322
re going,322
nuovi casi,322
wo say,321
getting worse,321
22 674,321
coronavirus diciembre,321
spike covid,320
patient caught,320
please wear,319
deaths covid19,319
pekín miente,319
schools listen,319
coronaviruspandemic covid19india,318
realdonaldtrump trump,318
récord casos,318
let see,318
daily record,318
covidー19 coronavirus,317
latest news,317
कड उन,317
19 data,316
completes trials,316
dr greger,316
greger told,316
cases per,315
crossroads hotel,315
realdonaldtrump potus,315
ohio man,315
man dies,315
risk 2008,315
2008 youtube,315
tested coronavirus,314
get rid,314
60 000,314
30 year,314
people infected,314
daily case,313
every time,312
day day,312
good luck,312
tests negative,312
red pill,312
covid19 bot,311
since beginning,311
fauci wrong,311
related deaths,311
kids get,311
bollywood bachchan,310
fidel madroñero,310
members test,309
handling covid,309
let go,309
us state,309
anything coronavirus,309
record one,309
miente covid,309
cases shattering,309
like coronavirus,308
spike coronavirus,308
curb spread,308
surge coronavirus,308
immunity hopes,308
going get,307
take covid,307
19 new,307
million cases,305
death certificate,305
coronavirus tests,305
boris johnson,305
next month,305
35 mil,305
take red,305
pill watch,305
weeks ago,304
sister in,304
anyone else,303
19 méxico,303
contagio covid,303
fauci disagrees,303
makes sense,302
puede ser,302
disagrees trump,302
coronavirus case,301
daily coronavirus,301
long time,301
teamtrump realdonaldtrump,301
health experts,301
day total,301
चन और,300
nuevo récord,300
thought hoax,300
live news,300
join us,300
long herd,300
infection rate,299
nueva york,299
twice long,299
70 000,298
masks work,298
lakh mark,298
covid__19 coronavirus,298
dr scott,297
totals via,297
july 13,297
coronavirus país,296
walter reed,296
air conditioning,295
2019 covid,295
coronavirus record,295
coronavirus vía,295
reason jul,295
news covid19,294
aim fauci,294
admitted hospital,293
india news,293
coronavirus coronavirusupdate,293
parth samthaan,292
realdonaldtrump foxandfriends,292
tests covid,291
good thing,291
deadly coronavirus,291
19 restrictions,291
bachchan aishwarya,291
let open,291
number people,291
state nationwide,291
realdonaldtrump vp,290
amp daughter,290
people think,289
re election,289
reported single,289
contract coronavirus,288
cases 24,288
number coronavirus,288
wall street,288
coronavirus aid,288
live coronavirus,288
covid19 last,287
2020 medium,287
coronavirus través,287
penanganan covid,287
deaths coronavirus,286
everyone else,286
coronavirus could,285
cada vez,285
know coronavirus,284
joe biden,284
since start,284
patients covid,284
healthy people,284
du covid19,284
face covering,284
daily covid,283
coronavirus task,283
positivo covid19,283
19 may,283
namo app,283
post coronavirus,282
salud pública,282
rest world,282
trump said,281
19 tally,281
small businesses,280
aishwaryaraibachchan amp,280
aaradhyabachchan tested,280
24 ore,279
contagios covid19,279
19 relief,279
ver si,279
need help,279
know covid,278
catch covid,278
covid19 infection,278
aishwaryaraibachchan aaradhya,278
contract covid,277
world 1st,277
florida 15,277
19 real,276
sunday july,276
think covid,276
re open,276
mask mandate,275
