gram,counts
covid 19,224879
coronavirus pandemic,9787
19 pandemic,8519
coronavirus covid19,7832
covid19 coronavirus,5870
19 cases,5652
coronavirus cases,5222
new cases,4395
nursing homes,4174
new york,4061
coronavirus vaccine,3807
social distancing,3720
penyebaran covid,3706
covid19 pandemic,3607
coronavirus crisis,3487
19 patients,3394
due covid,3197
risk death,3184
19 crisis,3183
coronavirus covid,3153
via youtube,3045
casos covid,2991
19 dengan,2953
polri imbau,2949
donald trump,2928
coronavirus patients,2928
100 000,2903
nuevos casos,2871
coronavirus lockdown,2835
pandemi covid,2823
death toll,2777
news coronavirus,2758
new coronavirus,2744
coronavirus outbreak,2743
due coronavirus,2730
bbc news,2715
may 22,2685
19 dirumahajalebihbaik,2677
19 vaccine,2570
amid coronavirus,2505
second wave,2500
casos coronavirus,2401
tested positive,2397
white house,2371
president trump,2365
19 deaths,2340
pandemia coronavirus,2325
imbau masyarakat,2310
new covid,2285
memorial day,2271
public health,2258
stay home,2226
mental health,2205
coronavirus via,2188
dominic cummings,2186
casos confirmados,2168
mudik tanpa,2121
confirmed cases,2116
due covid19,2069
covidー19 coronavirus,2057
live updates,2013
contact tracing,1996
study finds,1992
linked increased,1982
drug touted,1977
coronavirus deaths,1966
di rumah,1960
thearieair tjhinfar21,1951
hamka_sutra 1802_kimmi,1948
increased risk,1947
1trenggalek thearieair,1945
tjhinfar21 wagimandeep212,1945
wagimandeep212 narkosun,1945
narkosun kampoeng_99,1945
1802_kimmi aryprasetyo85,1945
aryprasetyo85 dewidrupadi_45,1945
dewidrupadi_45 _gussur,1945
_gussur maranatha_sibrn,1945
maranatha_sibrn mulyanadipura,1945
mulyanadipura anak_singkong1_,1945
kampoeng_99 hamka_sutra,1944
19 via,1935
coronavirus live,1901
positive covid,1900
coronavirus covidー19,1862
cegah penyebaran,1859
19 testing,1835
positive coronavirus,1824
coronavirus covid_19,1819
24 horas,1799
wear mask,1798
nursing home,1786
da covid,1771
rantai penyebaran,1755
covid19 cases,1745
amid covid,1736
fox news,1728
mata rantai,1711
gt gt,1692
19 di,1687
bill gates,1679
united states,1659
porn usa,1653
gon na,1635
22 2020,1614
covid_19 coronavirus,1572
stay safe,1534
cegah covid,1534
19 outbreak,1529
lebaran tetap,1529
silaturahmi lebaran,1510
tetap asik,1508
10 000,1505
berada di,1498
may 2020,1489
putus mata,1481
asik dirumahajalebihbaik,1478
health care,1476
casos positivos,1469
rumah saja,1467
coronavirus restrictions,1465
hong kong,1458
fake news,1449
sars cov,1439
fight covid,1426
test positive,1424
untuk cegah,1413
takbir keliling,1410
pandemia covid,1409
masyarakat tidak,1408
cegah pandemi,1400
tidak lakukan,1399
dengan berada,1397
many people,1389
keliling untuk,1389
impact covid,1388
cases covid,1387
ayo putus,1386
lakukan takbir,1386
saja dirumahajalebihbaik,1383
study says,1379
19 response,1373
coronavirus response,1368
novel coronavirus,1368
wave coronavirus,1366
year old,1365
positive cases,1363
trump says,1356
covid19 crisis,1352
du coronavirus,1352
pandemia covid19,1344
19 lockdown,1342
22 05,1342
new deaths,1336
new study,1328
coronavirus testing,1327
tidak mudik,1290
spread coronavirus,1287
people died,1276
lawan covid19,1264
trump linked,1252
long term,1247
corona virus,1247
post covid,1246
new normal,1244
05 2020,1243
total cases,1232
bersama lawan,1232
saatnya kita,1227
tanpa mudik,1227
24 hours,1226
tanpa piknik,1222
crisis coronavirus,1220
tanpa bertemu,1220
bertemu fisik,1219
piknik tanpa,1215
ayo bersama,1212
fisik silaturahmi,1211
coronavirus update,1195
demi keamanan,1192
around world,1185
covid19 patients,1184
covid19 demi,1174
active cases,1173
keamanan ketertiban,1173
touted trump,1170
ketertiban bersama,1170
may 21,1158
looks like,1146
coronavirus relief,1143
19 test,1138
half staff,1117
19 update,1115
wearing mask,1114
coronavirus spread,1112
bersama dirumahajalebihbaik,1111
post covid19,1108
19 virus,1103
últimas 24,1101
coronavirus argentina,1098
day weekend,1097
could help,1097
20 000,1097
dengan tidak,1097
22 mayo,1095
new post,1094
21 mayo,1083
first time,1080
patrick ewing,1077
cases covid19,1059
death rate,1057
covid19 lockdown,1056
good news,1054
coronavirus death,1054
keluarga tercinta,1041
sayangi keluarga,1040
19 death,1040
death coronavirus,1031
mayo 2020,1030
died coronavirus,1026
kebijakan pemerintah,1022
response covid,1018
19 relief,1018
000 people,1013
join us,1008
every day,1007
go back,1003
spread covid19,1002
dan cegah,1002
tercinta dan,996
died covid,986
19 coronavirus,972
social media,963
get coronavirus,963
total number,962
pemerintah agar,962
coronavirus trump,958
says coronavirus,955
19 treatment,951
du covid,950
small businesses,940
help us,940
antimalarial drug,939
herd immunity,938
next week,938
face masks,935
patuhi kebijakan,935
indonesia terbebas,934
agar indonesia,933
face mask,932
patients study,930
terbebas covid,930
post coronavirus,929
spread easily,929
spread covid,927
covid19 covid_19,927
washington post,918
22 may,917
19 em,914
36 000,913
york times,911
coronavirus news,908
positif covid,908
masyarakat patuhi,907
palestine qudsday,903
trump coronavirus,900
casos covid19,897
muertes coronavirus,897
dr fauci,897
at home,891
virus covid,886
coronavirus tests,886
make sure,884
anak_singkong1_ ayo,883
tests positive,882
cases deaths,879
fight covid19,878
ve seen,877
trump covid,875
death study,874
back work,871
cdc says,866
14 days,866
single day,851
19 vía,846
look like,844
melawan covid19,842
vacuna coronavirus,824
china coronavirus,824
américa latina,823
mortes covid,822
19 positive,822
covid19 deaths,821
via breitbartnews,815
anak anak,814
higher risk,810
cases coronavirus,808
two weeks,806
muertes covid,805
help prevent,804
treat coronavirus,801
dalam melawan,798
care homes,796
doctors say,795
000 dead,793
boris johnson,789
saling membantu,789
deaths suicide,785
get back,784
task force,781
need know,781
houses worship,777
anak negeri,776
coronavirus vía,774
membantu dalam,774
bersama anak,773
96 000,770
top story,769
negeri saling,769
fight coronavirus,768
tens thousands,764
dies covid,762
casos nuevos,760
upaya yang,760
covid19 berikut,758
berikut upaya,758
yang polri,757
polri lakukan,757
house butler,756
polri bersama,756
lakukan ayo,756
मह रद,754
coronavirus infections,753
would like,753
joe biden,751
il coronavirus,750
com covid,749
20 mil,745
loved ones,743
cannabis could,740
000 deaths,738
lockdown rules,735
coronavirus test,734
stay at,734
contagios covid,731
new covid19,729
untuk masyarakat,726
trump administration,725
dampak covid,725
19 lebih,724
não tem,722
dies coronavirus,720
19 impact,720
touted president,719
du covid19,718
2020 05,717
contagios coronavirus,713
lebih luas,712
seen deaths,711
positivo covid,707
21 2020,706
realdonaldtrump foxnews,705
greater risk,704
people need,703
19 tests,702
coronavirus uk,698
daily thanks,695
cases reported,694
people die,691
coronavirus lockdowns,691
impact covid19,688
nuevo coronavirus,681
let us,680
wash hands,679
pacientes covid,678
wear masks,676
conspiracy theories,675
coronavirus quarantine,673
one day,672
antibody tests,670
mudik untuk,669
larangan mudik,667
close country,666
per capita,666
19 cepat,665
young people,663
well done,660
coronavirus disease,660
रद bjp,660
across country,658
us coronavirus,655
vacuna china,653
luas polri,652
da saúde,651
last 24,651
vaccine trial,651
imbau larangan,651
climate change,650
healthcare workers,650
suicide coronavirus,650
tiempos coronavirus,648
2nd wave,648
prevent treat,647
masyarakat dirumahajalebihbaik,646
hydroxychloroquine linked,646
nearly half,645
covid covid19,643
health officials,643
two months,641
million people,641
fighting coronavirus,641
chinese coronavirus,639
last week,639
coronavirus since,638
global pandemic,637
19 related,637
covid19 amp,636
95 000,636
covid19 positive,636
19 ini,635
coronavirus updates,633
california doctors,632
ee uu,631
19 restrictions,631
cepat hilang,630
crisis covid,628
qu il,628
2020 coronavirus,626
ministerio salud,624
nuevo epicentro,622
kita mengikuti,621
pemerintah biar,620
pandemic via,619
wan na,619
intruksi pemerintah,619
patients nursing,618
mengikuti intruksi,618
biar dampak,618
small business,616
response coronavirus,616
anak_singkong1_ saatnya,614
response covid19,612
positive covid19,610
di mal,609
covid19 covid,608
coronavirus related,607
say ve,607
untuk beli,606
crise du,604
ayo mari,604
work home,603
mal untuk,603
mari tidak,603
pakaian untuk,603
untuk lebaran,603
tidak berbelanjaan,602
berbelanjaan di,602
beli pakaian,602
lebaran saatnya,602
kita prihatin,602
prihatin dalam,602
dalam turut,602
turut cegah,602
save lives,601
mei 2020,601
19 hydroxychloroquine,599
covid coronavirus,598
via nypost,597
re opening,594
south africa,593
impact coronavirus,593
polreskudus1 cegah,593
covid19 response,592
muertos coronavirus,592
22 mei,591
000 lives,590
com mais,590
total deaths,587
coronavirus china,586
scientists believe,585
covid19 vaccine,583
19 contact,582
coronavirus corona,581
believe cannabis,581
even though,580
21 05,579
since lockdowns,578
days ago,577
dead americans,576
looking forward,575
god bless,574
19 may,572
โคว ด19,571
000 americans,570
19 amp,570
covid19 sarscov2,568
coronavirus coronavirus,567
19 data,567
home order,565
via gatewaypundit,564
19 situation,564
est pas,564
prime minister,564
crisis covid19,563
global response,562
coronavirus victims,562
rate mortality,562
south korea,561
coronavirus could,560
19 case,560
30 000,559
increased rate,559
positivos covid,558
sign petition,558
от covid,557
take care,557
double counted,555
police spoke,555
uk arrivals,554
wearing masks,553
covid19 corona,552
deaths coronavirus,552
stayhome staysafe,549
coronavirus india,549
finds coronavirus,549
corona coronavirus,548
mil casos,548
breaking news,548
spoke dominic,546
covid19 virus,545
slow spread,542
durham trip,542
corona covid19,541
people like,540
mortality new,540
latest news,539
africa coronavirus,539
immune system,539
19 infections,536
president donald,535
lockdown coronavirus,535
covid19 testing,534
self isolate,533
common sense,532
people dying,531
cummings durham,531
combate ao,526
growth target,526
trip lockdown,526
19 méxico,523
segundo país,523
cases new,522
vacuna covid,521
latest coronavirus,521
viernes 22,521
da pandemia,520
19 infection,520
gdp target,520
abc news,519
country second,517
front line,517
please help,517
tested positively,516
covid19 covidー19,516
uk government,515
in person,514
trump said,514
of the,514
linked greater,510
em casa,508
holiday weekend,508
test results,507
number covid,506
worship essential,506
número casos,505
coronavirus hits,505
essential workers,505
pandemic covid19,504
05 22,504
50 000,501
spread virus,500
apple google,500
terdampak covid,499
covid_19 covid19,499
economic recovery,498
tell us,497
bringing total,496
one thing,496
positivo coronavirus,495
end coronavirus,495
andrew cuomo,493
het coronavirus,491
new death,490
died covid19,490
study shows,490
via nytimes,489
flags half,489
de la,489
parents home,488
news poll,487
19 symptoms,487
10 países,487
priti patel,487
ford plant,486
coronavirus shutdown,486
coronavirus likely,486
coronavirus symptoms,486
get covid,485
coronavirus infection,485
re going,484
uk coronavirus,482
in the,482
emergencia sanitaria,481
go away,481
deaths covid,481
muertos covid,481
virus corona,480
confirmed covid,479
watch live,479
got ta,479
time coronavirus,478
deaths today,478
tests double,477
treatment covid,476
000 covid,475
since coronavirus,474
world news,473
restrictions burned,473
weeks ago,472
thousands coronavirus,471
new zealand,471
casos activos,471
time covid,470
health workers,469
the coronavirus,469
daily coronavirus,468
burned ground,467
de covid,467
accounts tweeting,465
care workers,465
frontline workers,464
half accounts,464
nuevos contagios,464
could saved,464
11 presidents,464
re open,464
number cases,464
world health,464
penanganan covid,464
penyebaran covid19,463
19 spread,463
working home,463
da covid19,462
virus covid19,460
staying home,459
need help,459
tweeting coronavirus,458
deaths per,458
infectious disease,457
amid covid19,457
via nyt,457
get tested,456
19 brasil,455
planned parenthood,454
york city,454
dos meses,454
fatality rate,453
anthony fauci,453
places worship,453
testing data,452
idul fitri,452
likely bots,451
people coronavirus,450
contagio coronavirus,449
deaths reported,449
foxnews cnn,449
gates soros,448
health minister,448
stop spread,447
última hora,447
new jersey,445
visited parents,445
served 11,444
north carolina,444
prevent spread,444
human rights,444
term care,443
96 mil,443
covid19 outbreak,442
339 new,442
social distance,441
wave covid,440
three months,440
please share,440
cases top,439
hydroxychloroquine drug,439
million doses,438
take part,438
confirmados covid,437
closing country,437
22 mai,437
health department,437
successes overlooked,436
officials admit,436
high school,435
14 day,435
novo coronavírus,435
coronavirus il,435
per il,434
coronavirus hoax,433
treat covid,432
coronavirus successes,432
handling coronavirus,432
19 patient,431
coronavirus dominic,431
latin america,430
05 20,430
remote work,430
south america,430
months ago,429
family members,429
sounds like,428
care home,428
coronavirus fears,428
real estate,428
casos de,428
cases confirmed,427
daily updates,427
recovery rate,427
cummings visited,427
au coronavirus,425
million coronavirus,425
take look,425
nouveaux cas,425
59 567,424
300 million,423
social security,423
dr birx,422
american people,422
lockdown covid19,422
federal government,421
wo close,421
19 could,421
mortality rate,419
hydroxychloroquine chloroquine,419
friday may,418
affected covid,418
saved lives,418
group pushing,417
press conference,417
reino unido,417
coronavirus coverage,417
china abandons,417
long time,416
health crisis,414
coronavirus world,414
department health,414
mil pacientes,414
cada vez,413
epicentro pandemia,413
000 coronavirus,413
puede ser,413
via googlenews,413
keep safe,412
last year,412
coronavirus may,412
per day,412
treatment hope,411
fauci says,411
home symptoms,411
counted officials,410
behind group,409
19 news,409
realdonaldtrump trump,409
older adults,409
clue sparks,409
567 casos,408
कर रह,408
johns hopkins,407
19 covid19,407
coronavirus immune,407
immune clue,407
pushing celebrity,406
obama staffer,405
come back,405
people tested,405
large study,405
population coronavirus,404
19 país,404
update covid,404
di indonesia,403
years ago,403
lt lt,403
trump orders,402
response chinese,402
americans died,402
mil mortes,401
malaria drug,400
via franceinfo,399
infected coronavirus,399
covidー19 covid19,399
die coronavirus,398
testing positive,398
whole world,397
da cloroquina,397
black people,397
trusted coronavirus,396
die covid,396
people covid,396
animals forbid,396
click link,395
coronavirus children,395
says washington,395
total confirmed,394
biden trusted,393
experts say,393
feel like,393
cure coronavirus,393
fighting covid,392
soros behind,392
cases total,392
seems like,392
people recovered,392
sparks treatment,392
high risk,391
people get,391
presidents dies,391
face 000,390
per million,389
week earlier,389
terima kasih,388
il faut,386
dr anthony,386
former white,385
कड उन,384
town hall,384
19 victims,383
celebrity global,383
like coronavirus,383
mais casos,383
back normal,383
tracing app,383
casa blanca,383
coronavirus españa,382
gugus tugas,382
contre coronavirus,381
staffer bill,380
next year,380
di tengah,380
coronavirus new,379
researchers nearly,378
cdc estimates,378
el coronavirus,378
nueva normalidad,377
trump watch,377
mississippi church,377
schools reopen,377
19 updates,376
000 000,375
cases india,375
19 recovery,373
whitehouse realdonaldtrump,373
pandemic coronavirus,373
sarscov2 forecast,372
00 pm,372
health ministry,372
relief fund,372
front lines,372
país com,372
co uk,371
anyone else,371
last night,371
americans trump,371
coronavirus aid,370
il est,370
coronavirus stimulus,370
novos casos,369
san francisco,369
uso cloroquina,369
40 000,368
salud pública,368
vía youtube,368
end meat,367
great job,367
deaths covid19,366
much worse,365
illegal immigrants,365
via mailonline,365
com 96,365
pela covid,364
people would,364
latest covid,364
confirmed deaths,364
contre covid,364
per cent,364
coronavirus latest,364
death population,363
navajo nation,363
target 2020,363
please visit,362
taking hydroxychloroquine,362
supply chain,362
oxford university,362
physical distancing,362
watch covid,362
every single,361
19 dan,361
people still,361
mil 510,361
could cause,361
well being,361
cuarentena coronavirus,360
easily surfaces,360
coronavirus sars,360
infected covid,360
fallecidos coronavirus,359
news via,359
contagios covid19,358
related deaths,358
coronavirus us,358
covid19 stayhome,358
please take,358
liga mx,358
positively toward,357
toward negative,357
via usatoday,356
cada día,356
live news,356
positivos coronavirus,356
health amp,355
000 casos,355
patients sent,354
retail sales,354
covid19 via,353
george soros,353
mundo coronavirus,352
reported coronavirus,352
premier league,352
likely die,352
coronavirus impact,351
test covid,351
pacientes covid19,350
thank god,349
via nbcnews,349
help fight,349
health safety,349
epoch times,349
study 96,348
latest updates,347
tiempos covid19,346
bank holiday,346
day spike,346
reported today,345
highest number,345
antibody test,345
mai 2020,345
tested negative,344
dio positivo,344
does spread,344
coronavirus amp,344
know coronavirus,343
good job,343
time covid19,342
coronavirus méxico,341
tested covid,341
cases rise,341
segura genera,341
secretaría salud,340
number deaths,340
cases state,340
makes sense,340
patients treated,340
19 podría,339
pacientes recuperados,338
let hope,338
frente covid19,338
rantai covid,338
top million,337
contact us,337
nhs surcharge,337
people think,336
contagio covid,336
since covid,336
10 mil,336
new yorkers,336
nuevas muertes,336
great news,336
times app,336
app see,336
cloroquina covid,336
we re,335
disease 2019,335
caso covid,334
covid19 update,334
infection rate,334
coverage daily,334
janice dean,334
19 cure,334
hydroxychloroquine covid,334
de coronavirus,334
