gram,counts
covid 19,113510
19 cases,4701
coronavirus pandemic,4521
coronavirus cases,4004
coronavirus covid19,3789
19 pandemic,3681
new cases,3356
covid19 coronavirus,3127
coronavirus vaccine,2823
19 vaccine,2361
nuevos casos,2348
new covid,1985
casos covid,1981
800 000,1900
mata rantai,1807
death toll,1751
positive covid,1736
covid19 pandemic,1731
two years,1573
covid19 cases,1519
rantai covid,1519
casos coronavirus,1481
22 agosto,1457
due covid,1451
24 horas,1451
19 polriajakpatuhiprokes,1432
coronavirus covid,1415
new coronavirus,1395
social distancing,1376
24 hours,1361
due covid19,1356
deep state,1345
protokol kesehatanputus,1334
kesehatanputus mata,1334
protokol kesehatan,1328
19 deaths,1305
news coronavirus,1281
bbc news,1269
coronavirus deaths,1238
pandemia coronavirus,1206
tested positive,1188
via youtube,1184
tertib protokol,1166
active cases,1154
últimas 24,1151
wear mask,1122
joe biden,1098
19 vaccinations,1084
public health,1084
donald trump,1065
new york,1051
cases covid,1043
casos positivos,1031
help us,998
22 08,959
united states,930
spread covid,923
south korea,918
sars cov,910
wear masks,905
coronavirus vaccines,890
year old,887
casos confirmados,882
pandemia covid,873
confirmed cases,857
coronavirus us,856
60 mil,842
shut country,838
coronavirus outbreak,825
new deaths,821
gon na,814
swamy39 nitin_gadkari,809
indiaunitedtopostponejee_neet indiaunitedtopostponejee_neet,808
please help,806
22 2020,806
19 via,805
bill gates,802
test positive,800
august 22,791
19 tests,791
positive coronavirus,783
donar plasma,781
many people,779
amid covid,773
last 24,767
19 patients,766
realdonaldtrump stevefda,756
tests positive,749
spread covid19,746
spread coronavirus,742
neet jee,733
19 test,732
penyebaran covid,732
agosto 2020,726
19 crisis,725
coronavirus death,717
amid coronavirus,716
08 2020,716
pandemi covid,712
pandemic could,708
000 people,701
said would,701
due coronavirus,693
first time,691
du coronavirus,690
175 000,690
covid19 lockdown,688
novel coronavirus,687
biden says,683
000 americans,683
jee neet,680
people died,678
long term,676
19 di,676
da covid,675
total cases,675
coronavirus update,672
19 coronavirus,670
make covid,670
salvar vida,670
us forever,666
state coronavirus,660
plasma salvar,659
nuovi casi,658
19 pueden,658
0800plasma donar,650
single day,648
vida hoy,648
positivo covid,647
hoy combaten,645
comunicarse 0800plasma,644
in person,643
combaten coronavirus,642
pueden comunicarse,641
health official,640
died covid,638
recuperaron covid,638
stay safe,636
new covid19,636
positive cases,633
aug 22,632
19 outbreak,629
coronavirus crisis,626
within two,617
would make,617
top health,611
19 testing,609
trump accuses,604
gt gt,602
pandemia covid19,596
president trump,596
would shut,595
mandatory covid,593
live updates,591
ganesh chaturthi,590
vacuna covid,590
virginia top,589
coronavirus argentina,588
norman oliver,588
casos covid19,587
white house,583
stay home,581
muertes covid,577
dr norman,577
1802_kimmi agus_candra_,577
could within,573
motorcycle rally,572
commissioner health,571
second wave,567
official said,567
mental health,563
coronavirus via,562
covid19 covid,562
virginia commissioner,562
covid19 covid_19,561
died coronavirus,559
pmoindia narendramodi,553
vaccine mandate,553
covid19 vaccine,549
plans mandatory,548
august 2020,548
sturgis motorcycle,546
vaccinations mandatory,545
mandatory state,543
rantai penyebaran,543
vaccines available,543
virginia plans,538
sábado 22,538
health dr,538
casos nuevos,537
oliver told,536
nuevos contagios,535
dos años,534
climate change,534
wearing mask,534
mandate everyone,534
000 dead,532
plans impose,532
available virginia,530
impose coronavirus,530
cases coronavirus,529
told wfxr,529
wfxr tv,529
tv plans,529
everyone state,529
000 deaths,524
vaccinations residents,520
corona virus,514
nursing homes,514
coronavirus spread,511
go back,510
cases reported,510
covid19 deaths,503
60 000,502
contagios covid,499
vacuna coronavirus,498
19 death,497
muertes coronavirus,497
sir please,496
1trenggalek tertib,496
170 000,494
global coronavirus,491
looks like,490
19 virus,490
every day,489
stop coronavirus,487
accuses fda,487
wearing masks,486
19 relief,483
get covid,481
common cold,479
covid coronavirus,479
around world,478
etiqueta día,478
positivo coronavirus,477
drrpnishank narendramodi,477
fight covid,474
corona covid19,473
recovery rate,472
death rate,467
mil muertes,463
coronavirus tests,462
total number,461
indiaunitedtopostponejee_neet swamy39,461
vaksin covid,458
ministerio salud,456
face masks,452
19 positive,452
du covid,452
covid19 sarscov2,451
small businesses,448
19 situation,447
positivos covid,445
nouveaux cas,445
save lives,445
putus mata,444
drrpnishank pmoindia,443
covid covid19,442
coronavirus testing,442
world health,442
10 000,441
million covid,441
deaths reported,441
new death,440
stop spread,440
slow spread,439
vaccine trials,438
died covid19,437
coronavirus live,437
casos activos,436
donarplasmasalvavidasquienes recuperaron,436
scientist warns,434
22ago etiqueta,434
new zealand,433
contact tracing,433
est pas,433
escenario catastrófico,432
sage scientist,432
du covid19,430
qu il,430
2020 08,428
21 agosto,427
health care,427
americans died,426
70 000,421
muertos coronavirus,420
19 update,417
lost job,415
years head,414
1trenggalek thearieair,414
swamy39 drrpnishank,413
contagios coronavirus,409
south africa,408
dio positivo,408
impact covid,407
forever sage,405
100 000,398
coronavirus infections,397
pmoindia drrpnishank,396
positivos coronavirus,396
towns within,396
narendramodi pmoindia,395
health officials,394
lockdown coping,392
per day,391
coping tips,391
tips suggestions,391
suggestions others,391
cases covid19,390
good news,390
positive covid19,390
coronavirus germany,390
scientists recommended,389
die covid,389
19 spread,388
12 wear,388
children aged,387
19 infections,386
state fda,386
herd immunity,382
19 response,381
thearieair 1802_kimmi,381
69 878,380
coronavirus lockdown,378
make sure,377
50 000,377
aged 12,376
delaying coronavirus,375
germany puts,372
covid19 amp,371
willing shut,370
health minister,368
pandemic covid19,367
puts crowded,367
wash hands,366
coronavirus relief,365
face mask,364
social media,363
across country,363
000 muertos,362
19 vaccines,361
cases confirmed,361
pls help,361
accuses deep,361
19 case,360
180 000,359
trump administration,358
masked singer,356
día donarplasmasalvavidasquienes,356
narendramodi drrpnishank,355
please postpone,354
postpone neet,354
cases deaths,354
live news,354
fake news,353
tjhinfar21 raninggalek,353
jour du,351
loved ones,350
back school,350
one day,350
abc news,349
go away,349
test covid,349
get coronavirus,349
total deaths,349
düzenli test,349
positif covid,348
global pandemic,348
months ago,347
nuevas muertes,347
coronavirus updates,347
johns hopkins,347
fda delaying,346
co uk,345
post office,344
il est,344
du dépassement,344
us president,343
person voting,342
people dying,342
stayhome staysafe,341
next week,341
adaptasi kebiasaan,341
il covid19,339
19 restrictions,339
population coronavirus,338
nursing home,338
covid19 outbreak,337
sarscov2 forecast,335
says willing,335
800 mil,335
entertain empower,334
empower educate,334
educate talk,334
talk us,334
0208 090,334
090 2121,334
2121 hello,334
hello fantasticradio,334
fantasticradio co,334
uk homeofpossibilities,334
homeofpossibilities believeyourpossibilities,334
buy song,334
spanish flu,334
health department,334
india crosses,334
new normal,334
coronavirus corona,333
believeyourpossibilities buy,333
south dakota,332
dr birx,332
post covid,332
covid19 crisis,332
vaccine trial,330
india mitega,330
covid19 lost,330
us 0208,329
new post,329
death population,327
million people,327
task force,326
düzenli olarak,325
drrpnishank swamy39,324
people die,324
zero hedge,324
000 000,323
last days,322
kebiasaan baru,320
prevent spread,319
whole life,318
pandemic children,318
1trenggalek 1802_kimmi,317
high school,316
22 agustus,316
health ministry,316
000 lives,316
coronavirus india,315
pacientes covid,315
postal service,314
vacuna rusa,314
raninggalek tjhinfar21,312
says would,311
coronavirus disease,311
covid19 corona,311
download app,311
agus_candra_ raninggalek,311
health organization,310
get tested,310
please sir,309
postpone jee,309
help slow,308
bringing total,307
fallecidos covid,307
muertos covid,307
000 covid,306
daily thanks,306
covid_19 coronavirus,306
24 ore,305
novos casos,305
help secure,305
mil muertos,304
fox news,304
terapia intensiva,304
country stop,303
job pls,303
secure job,303
rose garden,303
save us,302
mortes covid,302
one recommendation,302
recommendation change,302
change whole,302
covid19 covidー19,301
since covid,300
since march,300
19 infection,300
deaths covid19,300
29 75,299
menos dos,299
du masque,299
sir due,299
without evidence,299
22 august,298
deaths covid,298
19 amp,297
19 lockdown,297
realdonaldtrump trump,296
coronavirus scientists,296
number covid,296
coronavirus response,296
york times,296
vaccine covid,295
people like,294
19 em,294
covid19 test,294
fight covid19,293
testing positive,293
il coronavirus,293
dr fauci,293
india covid,292
number cases,292
coronavirus covid_19,292
mitega india,292
covid19india coronavirus,291
india coronavirus,291
less two,291
covid cases,291
take care,290
reported today,290
drrpnishank nitin_gadkari,289
dans monde,289
swamy39 pmoindia,289
fatality rate,289
people covid,289
american people,288
per il,288
schools keeping,288
daily coronavirus,287
19 could,287
wan na,285
two weeks,285
covid19 patients,285
get back,284
trump criminal,284
fight coronavirus,283
coronavirus infection,283
social distance,282
19 recovery,282
coronavirus españa,282
americans dead,282
toll surpasses,282
response covid,281
crisis coronavirus,281
08 22,281
19 testi,281
keeping quiet,281
surpasses 800,281
august 21,279
feel well,279
mil casos,278
daily cases,278
us coronavirus,278
virus covid,277
agustus 2020,277
clinical trials,277
even feel,277
last week,276
via yahoo,276
000 new,276
reporting symptoms,276
nous devons,276
nitin_gadkari rajnathsingh,275
look like,275
contagios covid19,275
would like,274
covid19 coronaviruspandemic,274
self reporting,274
port du,274
coronaviruspandemic covid19india,273
personal salud,273
presssec realdonaldtrump,273
saturdaymorning covid19,273
dead americans,272
let us,272
birx says,272
could saved,272
covid19 bot,271
young people,271
covid19 testing,270
quarantine rules,270
residents zero,269
aged care,269
symptoms daily,269
test results,269
covid19 last,268
even though,268
risk cases,268
daily even,268
menerapkan protokol,268
study finds,267
19 data,267
covid19 tests,267
176 000,267
cases sooner,267
affected coronavirus,267
one million,266
well download,266
cases india,265
000 casos,265
coronavirus treatments,265
identify risk,264
pcr test,263
coronavirus test,263
need know,263
covid19 identify,263
sooner self,263
covid19 positive,262
state health,262
devons nous,262
bombay hc,262
nitin_gadkari swamy39,261
spread virus,261
listen scientists,259
corona coronavirus,258
top story,257
000 muertes,256
next months,256
going starbucks,256
sir one,256
coronavirus coronavirus,255
coronavirus uk,255
high risk,254
covid_19 covid19,254
от covid,254
wore masks,254
job sir,254
salud pública,253
quedateencasa 22ago,253
china virus,253
researchers say,253
fda thwarting,253
agus_candra_ tjhinfar21,253
mortality rate,252
narendramodi amitshah,252
time since,252
elregresodelnecio tiempodeelegir,251
click link,251
nearly 70,251
side effects,250
lives could,250
easy going,249
coronavirus pcr,249
voting easy,248
tax cut,248
narendramodi swamy39,247
says november,247
november in,247
19 updates,247
coronavirus restrictions,246
infectious disease,246
schools report,246
coronavirus news,246
cases rise,246
covid19 virus,246
coronavirus il,246
cases linked,246
nuevo coronavirus,245
cases new,245
coronavirus indiafightscorona,244
hong kong,244
last year,244
tim bendzko,244
old girl,243
virus covid19,243
au covid,243
positivity rate,243
fda deep,243
latest news,242
carga viral,242
postpone exams,240
healthcare workers,240
cases today,240
raninggalek putus,240
day day,239
trump without,239
trump coronavirus,238
people get,238
patuhi protokol,238
30 lakh,238
total confirmed,238
indiaunitedtopostponejee_neet drrpnishank,237
breaking news,237
coronavirus oms,236
23 millones,236
200 000,236
bot covid19,235
19 mundo,235
indiafightscorona stayhome,234
21 08,234
19 symptoms,234
19 related,233
family members,233
go school,233
ver si,233
us covid19,232
days stats,232
cases trend17,232
trend17 aug,232
19 covid19,232
cada vez,232
60 254,231
19 méxico,230
21 2020,230
frente covid,230
health commissioner,229
global death,229
die covid19,229
americans die,229
última hora,228
confirmed covid,228
us covid,228
people need,228
prime minister,228
years ago,228
memutus rantai,228
indiaunitedtopostponejee_neet indiaunitedtopostponeneet_jee,228
highest number,227
covid deaths,227
help amp,226
cases increase,226
efforts coronavirus,226
नए मल,225
nel lazio,225
ist der,225
puede ser,225
department health,225
evidence accuses,225
cases recorded,224
contagio covid,224
che non,224
sign petition,223
thwarting efforts,223
proporciones bíblicas,223
donarplasmasalvavidas elregresodelnecio,223
hastalavictoriasiempredario quedateencasa,223
19 venezuela,222
covid19 death,222
tedros adhanom,222
il faut,222
effet du,222
gt lt,222
virus corona,221
crosses million,221
well done,221
sous effet,221
adalah vaksin,221
55 794,220
shut us,220
cause death,220
like coronavirus,220
treatments election,220
disiplin adalah,220
wear face,219
che il,219
home covid,219
breaking breaking,219
sabtu 22,218
past 24,218
dépassement terre,218
polseksuruh9 disiplin,218
coronavirus patients,217
40 000,217
get covid19,217
global covid,217
toll tops,217
working home,217
americans wore,217
via nytimes,216
19 ini,216
tell us,216
ministry health,216
aujourd hui,216
saved next,216
world news,215
coronavirus coronavirusupdate,215
muertos covid19,215
deaths coronavirus,215
casi di,215
via lemondefr,215
covid19 situation,214
good luck,214
update covid,214
every single,214
relief bill,214
cases 23,214
flotus whitehouse,214
virginia health,213
immune system,213
nasal vaccine,213
trump covid,212
600 000,212
infection mice,212
control pandemia,211
new infections,211
saliva test,211
renversement historique,211
months americans,211
coronavirus patient,211
19 través,210
reconsigap relawankemdikbud,210
muertes covid19,210
216 casos,210
pacientes recuperados,210
insect cells,210
cases day,209
next year,209
amid covid19,209
terre recule,209
much possible,209
759 nuevos,209
oms espera,208
uk tourists,208
in the,208
recule sous,208
masks researchers,208
flu season,207
mask wearing,207
effects coronavirus,207
kids go,207
au coronavirus,206
sta travel,206
coronavirus new,205
19 outbreaks,205
health amp,205
back work,205
join us,204
coronavirus mundo,204
día hoy,204
since may,204
big pharma,204
indiaunitedtopostponejee_neet protestagainstexamsincovid,204
covid19 22,204
hopes coronavirus,203
covid19 dynamitebts,203
post covid19,203
jaga jarak,203
da covid19,203
get money,203
happy ganesh,202
cases amp,202
infected covid,202
like covid,202
dos semanas,202
every year,201
het coronavirus,201
daily updates,201
anderson cooper,201
back normal,200
cashless society,200
mil mortes,200
di coronavirus,200
missing school,200
back to,199
covid19 update,199
one thing,199
il bollettino,199
need help,198
total covid,198
oms dice,198
coronavirus través,197
distancing rules,197
time covid,197
deaths per,197
worse virus,197
given us,197
harsh vardhan,197
effective vaccine,196
lópez gatell,196
latest covid,196
face coverings,196
non si,196
riesgo contagio,196
end pandemic,195
pandemic via,195
2020 coronavirus,195
related deaths,195
19 vaccination,195
covid19 india,194
drrpnishank dg_nta,194
22 22,194
study concerts,194
lt gt,193
coronavirusupdate covid19,193
за сутки,193
since april,193
stock market,193
contre covid19,193
kesehatan demi,193
hambruna proporciones,193
right thing,192
health workers,192
19 may,192
know covid,192
nuovi positivi,192
tax returns,192
long time,192
cases per,192
lalo mora,192
amp covid19,191
million cases,191
mail in,191
qu ils,191
tablighi jamaat,191
disiplin menerapkan,191
could get,190
says mandate,190
highest single,190
19 trump,190
amp covid,190
positive test,190
coronavirus italia,190
ee uu,190
19 brasil,190
crowded study,190
amenaza mundo,190
coronavirus amenaza,189
years old,189
get rid,189
worst hit,189
amp share,189
north west,189
onu alerta,189
mundo hambruna,189
positivo covid19,188
relawankemdikbud siapadaptasi,188
like covid19,188
day spike,188
pmoindia swamy39,188
secretaría salud,188
aug 21,188
pierde control,188
19 economic,188
confirmed coronavirus,188
health safety,188
baru di,187
people still,187
director general,187
coronavirus vía,187
comunidad madrid,187
state delaying,187
19 safety,186
spike 69,186
โคว ด19,186
washington post,186
340 new,186
19 plan,186
10 lakh,186
19 impact,186
zu finden,186
adhanom ghebreyesus,186
market news,185
six months,185
2020 covid19,185
human testing,185
kita polriajakpatuhiprokes,185
got ta,184
want know,184
local authorities,184
ensayos clínicos,184
boris johnson,184
humble request,184
says coronavirus,184
india news,184
españa pierde,184
latest coronavirus,184
medidas prevención,184
concerts study,184
common sense,183
covid19 response,183
20 000,183
historique jour,183
end august,183
semoga covid,183
child marriage,182
wuhan china,182
08 20,182
19 funds,182
il virus,182
concerts tim,182
crowded concerts,182
19 still,181
feel like,181
gmt coronavirus,181
segunda ola,181
com covid,181
19 país,181
cases since,181
end year,181
coronavirus europe,180
federal government,180
update 22,180
il covid,180
pm et,180
qu une,180
game changer,180
gibt keine,180
gnboficialve fabiozavarsep,180
769 nuevos,180
who coronavirus,179
19 news,179
spreading covid,179
stop covid,178
conduct exams,178
tiempos coronavirus,178
cas covid,178
lives matter,178
der gesamten,178
menschlichen dna,178
19 vía,178
100 billion,178
