covid,126809
coronavirus,117362
19,115645
covid19,103341
cases,25438
amp,20618
people,19693
new,19008
pandemic,17435
trump,15332
us,15041
deaths,12941
virus,12534
via,12521
000,12488
casos,11780
health,11317
news,10706
vaccine,10502
get,10346
realdonaldtrump,10233
like,10134
one,10069
2020,9969
would,8902
di,8832
indiaunitedtopostponejee_neet,8680
22,8289
si,8052
time,7876
state,7867
help,7730
test,7702
please,7290
india,7107
day,7100
world,6907
death,6827
could,6806
il,6775
pandemia,6687
many,6630
know,6549
need,6518
positive,6459
total,6370
says,6239
da,6229
die,6189
country,6056
due,5997
corona,5814
spread,5787
go,5758
even,5726
still,5708
see,5705
china,5664
et,5649
back,5519
10,5486
24,5471
per,5367
going,5332
students,5320
today,5299
government,5248
take,5191
lockdown,5118
du,5080
tests,5018
said,5017
mask,4983
make,4958
testing,4951
year,4927
masks,4894
school,4758
may,4747
good,4738
think,4730
want,4724
years,4711
est,4707
also,4641
nuevos,4545
first,4506
americans,4466
say,4434
home,4410
right,4408
biden,4385
stop,4378
work,4349
two,4331
well,4309
life,4307
na,4302
non,4286
care,4262
crisis,4254
des,4225
million,4198
sir,4107
last,4085
let,4036
re,4034
since,4021
dr,3909
the,3877
salud,3874
daily,3871
swamy39,3868
way,3827
mil,3802
lives,3775
public,3762
much,3756
read,3751
children,3733
died,3732
social,3712
drrpnishank,3670
uk,3660
20,3636
pour,3628
schools,3606
live,3550
days,3515
president,3509
august,3507
risk,3502
dan,3455
every,3443
number,3415
everyone,3405
polriajakpatuhiprokes,3380
che,3346
really,3339
patients,3320
hospital,3281
months,3278
safe,3263
muertes,3259
hoy,3251
keep,3230
come,3210
latest,3203
data,3192
update,3192
support,3178
narendramodi,3176
flu,3172
states,3155
rate,3148
pas,3140
another,3136
21,3113
great,3110
fda,3099
global,3099
contagios,3092
mundo,3078
reported,3043
pmoindia,3040
never,3010
em,3001
plan,2997
outbreak,2992
money,2987
person,2982
long,2972
personas,2952
12,2951
media,2946
end,2932
30,2917
control,2893
vacuna,2874
aug,2870
shut,2869
family,2866
got,2863
100,2861
15,2860
must,2846
week,2831
economy,2829
gt,2827
case,2827
use,2820
wear,2810
response,2806
face,2802
real,2798
país,2792
job,2785
times,2773
study,2770
vote,2769
in,2768
agosto,2768
protokol,2768
ca,2766
tested,2753
look,2741
better,2736
usa,2732
america,2728
venezuela,2727
reports,2724
dos,2706
800,2691
around,2688
60,2684
top,2682
confirmed,2681
made,2675
ser,2674
dead,2670
oms,2666
post,2661
stay,2656
virginia,2650
next,2638
día,2636
mais,2632
without,2631
business,2626
gobierno,2591
vaccines,2570
une,2545
23,2539
hope,2537
au,2535
getting,2528
der,2527
indiaunitedtopostponeneet_jee,2501
va,2500
plus,2491
south,2473
covid_19,2471
report,2467
situation,2466
video,2444
amid,2438
put,2419
saturday,2416
exams,2407
done,2400
ne,2381
numbers,2380
com,2377
man,2374
thanks,2369
god,2368
show,2363
méxico,2354
50,2348
gente,2342
infections,2330
free,2325
open,2300
españa,2297
already,2280
exam,2273
high,2271
things,2257
quarantine,2244
give,2242
nitin_gadkari,2242
change,2240
recovered,2235
08,2228
fight,2228
thing,2226
kids,2222
medical,2218
11,2213
away,2211
qui,2211
big,2209
to,2208
yet,2201
election,2200
dans,2193
22ago,2182
vida,2177
positivos,2177
positivo,2172
travel,2169
updates,2168
toll,2163
casi,2162
solo,2161
ve,2160
workers,2152
van,2148
mata,2146
save,2144
best,2139
neet,2136
youtube,2133
donarplasmasalvavidas,2128
fallecidos,2121
american,2119
und,2119
muertos,2111
lost,2107
infected,2107
scientists,2105
party,2102
14,2101
rantai,2095
love,2089
trying,2080
nothing,2079
house,2071
je,2046
old,2043
science,2036
disease,2029
ahora,2027
weeks,2025
das,2023
horas,2012
mandatory,2011
infection,2008
working,2006
sur,1998
others,1992
countries,1991
años,1984
bill,1979
thank,1975
check,1966
online,1965
follow,1958
far,1952
national,1951
believe,1948
bien,1945
impact,1945
less,1934
symptoms,1922
available,1914
county,1911
plans,1909
jee,1909
hours,1905
así,1905
menos,1905
sure,1905
ce,1892
safety,1883
não,1882
within,1878
watch,1874
part,1869
call,1866
medidas,1863
food,1861
ever,1859
rt,1854
través,1851
yes,1848
taking,1838
gop,1828
govt,1821
find,1817
coming,1814
something,1811
community,1805
important,1803
start,1802
rules,1800
across,1797
kesehatan,1788
population,1786
anyone,1781
article,1778
tell,1773
relief,1766
protect,1763
restrictions,1760
needs,1748
18,1748
active,1746
ist,1743
wearing,1742
distancing,1741
normal,1741
cdc,1730
human,1730
local,1728
brasil,1725
told,1723
vía,1721
oh,1717
puede,1714
enough,1700
full,1697
25,1694
france,1694
sa,1691
second,1690
bad,1688
recovery,1687
joebiden,1683
economic,1676
research,1667
pcr,1664
police,1664
joe,1660
par,1659
nous,1658
democrats,1653
cas,1648
record,1643
staff,1642
doctors,1640
no,1640
pacientes,1640
plasma,1638
40,1636
deep,1633
argentina,1633
hit,1629
sars,1626
breaking,1615
used,1614
chief,1614
making,1600
story,1599
bbc,1591
casa,1590
qu,1590
including,1589
ini,1588
market,1588
sábado,1576
sick,1574
everything,1574
someone,1574
minister,1572
eu,1569
lot,1568
measures,1567
días,1564
florida,1564
cause,1564
place,1562
16,1557
it,1553
vous,1553
postpone,1546
13,1542
black,1539
always,1532
city,1531
pay,1524
etc,1519
and,1516
pruebas,1514
het,1509
cnn,1506
últimas,1503
actually,1498
increase,1497
businesses,1492
fear,1489
coronaviruspandemic,1488
mas,1486
contact,1485
air,1483
कर,1476
anything,1475
link,1475
continue,1472
highest,1468
california,1468
um,1467
might,1466
worse,1466
madrid,1466
tv,1462
saying,1462
information,1458
possible,1455
dying,1455
yang,1452
close,1452
feel,1448
pm,1444
education,1444
lies,1439
twitter,1436
sono,1436
official,1426
17,1426
share,1422
cómo,1421
soon,1417
student,1415
office,1413
germany,1412
single,1409
kill,1409
true,1409
ver,1409
least,1406
three,1406
bir,1405
early,1403
families,1399
point,1399
low,1398
1trenggalek,1396
wrong,1395
ll,1391
ai,1389
using,1387
evidence,1385
despite,1384
treatment,1384
university,1380
hard,1378
vaccinations,1376
residents,1370
listen,1369
kita,1367
de,1363
system,1361
bu,1358
experts,1356
talk,1355
found,1354
millions,1353
fact,1352
hoax,1351
pueden,1350
gracias,1349
future,1348
march,1347
wo,1343
whole,1341
parents,1341
saturdaymorning,1341
personal,1339
maybe,1338
hacer,1336
officials,1335
shows,1335
korea,1334
kesehatanputus,1334
united,1332
anti,1332
untuk,1331
app,1330
worst,1326
cure,1322
trials,1321
problem,1319
cada,1317
service,1317
hace,1315
donald,1314
healthcare,1314
nuevo,1314
shit,1314
small,1310
results,1308
500,1298
immunity,1297
political,1296
00,1292
of,1292
nicht,1288
thousands,1283
australia,1279
remember,1279
avec,1277
order,1274
called,1270
mean,1268
team,1262
ago,1257
italia,1255
usps,1253
white,1250
almost,1249
wait,1248
confirmados,1243
little,1239
truth,1238
friends,1237
homes,1237
spreading,1236
self,1233
according,1231
en,1231
pandemi,1230
fuck,1230
head,1230
aquí,1229
mal,1227
hospitals,1225
effective,1224
understand,1224
this,1222
caso,1221
zu,1221
thought,1219
month,1218
learn,1217
mandate,1214
gates,1209
la,1207
hey,1205
forever,1203
different,1202
vez,1201
makes,1200
situación,1194
rise,1192
given,1190
70,1186
seen,1183
dari,1183
left,1182
पर,1180
hydroxychloroquine,1179
nearly,1178
info,1176
wuhan,1171
covidー19,1171
cuarentena,1171
tertib,1169
fake,1168
doctor,1166
among,1166
york,1165
canada,1165
voting,1162
masque,1162
related,1161
yesterday,1161
viral,1159
200,1158
you,1158
child,1157
unemployment,1156
wants,1155
affected,1155
nuovi,1155
women,1154
mit,1154
happy,1153
colombia,1153
europe,1150
past,1150
effects,1146
drug,1145
friday,1144
el,1143
based,1140
common,1139
mail,1136
abc,1133
return,1131
69,1131
registra,1130
try,1128
college,1122
likely,1121
level,1120
reason,1118
guidelines,1116
zero,1114
we,1113
lakh,1112
age,1111
records,1109
fall,1109
tras,1107
russia,1107
ou,1102
question,1098
following,1096
mayor,1095
hands,1095
members,1095
failed,1093
dice,1092
parte,1092
list,1090
responsible,1087
cuba,1086
tax,1086
matter,1082
ask,1079
chinese,1078
coronavírus,1078
co,1077
hai,1077
tweet,1077
looking,1075
thread,1075
young,1073
happen,1072
group,1072
और,1071
play,1071
action,1071
reporting,1071
power,1070
able,1069
2021,1069
contagio,1069
dangerous,1069
killed,1067
den,1065
closed,1065
ça,1058
jobs,1056
nicolasmaduro,1054
recuperados,1053
africa,1053
term,1053
together,1048
mental,1048
gov,1048
spike,1047
leadership,1046
quedateencasa,1043
29,1041
administration,1041
instead,1041
staysafe,1040
fucking,1040
else,1039
blame,1038
keeping,1038
source,1037
meses,1037
current,1037
presidente,1037
society,1036
issues,1036
deal,1033
patient,1033
stupid,1031
teachers,1031
scientist,1031
went,1030
on,1030
emergency,1029
become,1028
course,1028
sont,1026
tally,1025
means,1023
número,1021
80,1021
director,1021
linked,1020
cov,1019
fauci,1019
semana,1016
nation,1016
visit,1015
mortes,1015
republicans,1015
amitshah,1014
dengan,1012
pls,1012
175,1009
general,1008
gets,1006
rally,1003
wave,1002
season,1000
nursing,1000
is,1000
ke,999
set,998
act,997
major,996
november,994
prevent,993
26,993
ok,992
seems,987
hear,986
im,986
2019,983
sturgis,981
started,981
issue,980
heart,980
sense,979
contre,977
living,974
ki,974
critical,970
caused,968
probably,968
higher,967
mexico,966
fin,965
sad,964
law,964
hi,962
datos,961
più,961
result,960
for,959
recorded,958
penyebaran,958
27,957
accuses,956
रह,951
hcq,950
federal,949
potus,949
niños,949
lol,946
san,945
slow,943
force,943
commissioner,942
millones,941
efforts,941
idea,940
mejor,940
contagi,939
all,938
especially,938
body,937
sarscov2,935
politics,934
class,933
funds,933
dia,932
tips,931
als,931
düzenli,929
ready,929
date,928
según,927
vamos,926
médicos,926
warns,924
needed,923
pa,922
citizens,921
ganesh,920
ils,920
dg_nta,917
hold,916
hell,916
behind,915
gone,915
taken,913
september,913
positivi,913
april,913
protestagainstexamsincovid,912
35,912
wow,911
centre,911
run,911
talking,906
though,906
atención,906
services,905
mark,904
tener,904
comes,904
riesgo,902
fighting,902
recoveries,902
healthy,901
een,901
vs,900
stevefda,900
dont,898
department,898
took,897
75,896
continues,896
noticias,894
novel,894
worldwide,893
hlgatell,891
tan,891
salvar,891
line,890
todas,890
leaders,888
nacional,887
seriously,887
300,886
game,883
sign,881
dios,881
información,879
buy,876
90,876
negative,875
sigue,874
transmission,873
rest,871
pass,870
happened,870
rates,869
evitar,869
dei,869
killing,868
mind,866
eduminofindia,866
click,866
interesting,865
ppl,864
trust,862
hand,862
details,861
learning,860
della,859
texas,855
cold,854
yg,854
lie,854
op,853
hopes,850
ng,849
hate,849
von,849
event,848
frente,848
huge,848
key,848
nigeria,848
war,848
move,848
28,846
donar,846
met,845
whitehouse,845
lt,843
blood,842
ci,839
mundial,838
gon,838
tres,836
31,834
año,834
outbreaks,834
facts,833
reopening,833
trial,833
comment,832
uso,830
aged,829
came,829
name,829
nuevas,829
wonder,828
ones,827
choice,827
conditions,826
favor,826
alone,821
industry,819
delhi,817
request,816
history,816
security,816
poor,815
ho,815
nel,815
stayhome,813
guys,813
entire,813
persons,813
bring,812
alta,811
mientras,811
side,808
falta,808
serious,807
मल,807
cancer,806
sorry,804
indonesia,804
billion,800
deadly,800
governor,800
indiafightscorona,799
vaccin,798
immune,797
