gram,counts
covid 19 pandemic,4438
covid 19 coronabisadisembuhkan,4287
korban covid 19,2811
covid 19 dapat,2774
covid 19 cases,2765
tetap disiplin ikuti,2757
ingat tetap disiplin,2756
menyebutkan bahwa korban,2756
bahwa korban covid,2756
pemberitaan menyebutkan bahwa,2756
pemerintah untuk melakukan,2756
banyak pemberitaan menyebutkan,2756
disiplin ikuti ajakan,2755
ikuti ajakan pemerintah,2755
ajakan pemerintah untuk,2754
untuk melakukan upaya,2752
bahagia banyak pemberitaan,2721
href rel nofollow,2719
berita bahagia banyak,2716
sembuhnamun ingat tetap,2690
dapat sembuhnamun ingat,2690
19 dapat sembuhnamun,2690
true href rel,2668
coronavirus covid 19,2472
rel nofollow twitter,2400
kita pasti bisa,2318
melakukan upaya pencegahan,2318
upaya pencegahan coronabisadisembuhkan,2310
pasti bisa putuskan,2303
bisa putuskan covid,2264
bersatu dan bersinergi,2264
dan bersinergi kita,2263
bersinergi kita pasti,2262
putuskan covid 19,2260
dengan bersatu dan,2253
covid 19 crisis,1977
covid 19 patients,1953
pandemi covid 19,1740
fight covid 19,1704
due covid 19,1602
sign petition via,1574
covid 19 outbreak,1542
covid 19 via,1495
nofollow twitter web,1440
positive covid 19,1291
bbc news coronavirus,1281
twitter web app,1227
covid 19 yang,1189
amid covid 19,1116
covid 19 coronavirus,1105
new york times,1098
coronavirus task force,1094
casos covid 19,1059
covid 19 virus,1041
covid 19 di,1036
tested positive coronavirus,1029
signez pétition via,1024
new york city,1002
04 04 2020,979
du covid 19,950
petition via ukchange,937
covid 19 lockdown,932
pétition via changefrance,922
ne perdons plus,914
perdons plus temps,910
covid19 ne perdons,900
traitement covid19 ne,897
ephilippepm traitement covid19,894
plus temps neperdonsplusdetemps,894
cases covid 19,888
coronavirus death toll,869
covid 19 deaths,848
spread covid 19,835
coronavirus 48 horas,823
menghadapi pandemi covid,822
dalam menghadapi pandemi,817
neperdonsplusdetemps signez pétition,797
temps neperdonsplusdetemps signez,794
dan kebijakan pemerintah,794
hati hati cepat,793
strategis dan terukur,792
pemerintah yang dibuat,792
dibuat dengan sangat,792
yang dibuat dengan,792
hati cepat strategis,792
dan terukur tentunya,792
sangat hati hati,792
dengan sangat hati,792
kita dalam menghadapi,792
akan semakin menguatkan,792
cepat strategis dan,792
menguatkan kita dalam,792
terukur tentunya akan,792
kebijakan pemerintah yang,792
tentunya akan semakin,792
semakin menguatkan kita,792
langkah dan kebijakan,790
nofollow twitter android,787
stay at home,785
amid coronavirus pandemic,758
covid 19 vaccine,708
new covid 19,707
virus covid 19,701
pasien covid 19,689
covid 19 response,671
pandemia covid 19,665
died covid 19,662
covid 19 patient,658
response covid 19,654
saving cancer treatment,632
coronavirus live updates,632
life saving cancer,632
blocked year old,630
old denny plans,630
coronavirus blocked year,630
year old denny,630
denny plans life,630
plans life saving,630
matt hancock coronavirus,621
hancock coronavirus blocked,620
covid 19 death,588
covid 19 relief,586
covid 19 testing,578
kita harus optimis,574
430 000 people,562
treatment please help,560
cancer treatment please,559
harus optimis bahwa,557
yang saat ini,557
tested positive covid,556
indonesia dapat kita,555
ini mendera indonesia,555
saat ini mendera,555
dapat kita ditaklukkan,555
19 yang saat,555
mendera indonesia dapat,555
kita ditaklukkan coronabisadisembuhkan,554
gt gt gt,554
please help sign,552
health care workers,552
optimis bahwa pandemi,552
bahwa pandemi covid,552
help sign petition,550
new coronavirus cases,541
covid 19 test,540
fight covid19 please,534
covid 19 update,520
aarogya setu app,517
covid19 please download,516
coronavirus via youtube,514
app fight covid19,513
stay home stay,510
download share using,509
please download share,507
share using link,506
da covid 19,505
covid 19 vía,504
since coronavirus surfaced,500
últimas 24 horas,495
000 people traveled,494
coronavirus death rate,494
people traveled china,487
traveled china since,474
china since coronavirus,472
recommend aarogya setu,471
setu app fight,471
crisis covid 19,466
semua elemen bangsa,459
19 yang sudah,459
mampu menghadapi covid,459
tests positive coronavirus,458
sudah dinyatakan sembuh,458
membuat indonesia mampu,457
keras dari semua,457
indonesia mampu menghadapi,457
amid coronavirus crisis,457
bangsa membuat indonesia,457
elemen bangsa membuat,457
dari semua elemen,457
banyak pasien covid,456
menghadapi covid 19,456
saifaliebahri_ tewel7 br3k3l3_ny454r,455
narkosun maranatha_sibrn chusnulchotlmah,455
yang sudah dinyatakan,455
chusnulchotlmah notesofmila hwi_wijaya_ke2,455
notesofmila hwi_wijaya_ke2 bungahalomoan1,455
l0v3d0lph1n saifaliebahri_ tewel7,455
tewel7 br3k3l3_ny454r wagimandeep212,455
bungahalomoan1 nanangharyono33 black_lleviant,455
hwi_wijaya_ke2 bungahalomoan1 nanangharyono33,455
nanangharyono33 black_lleviant l0v3d0lph1n,455
1trenggalek tjhinfar21 aryprasetyo85,455
maranatha_sibrn chusnulchotlmah notesofmila,455
aryprasetyo85 thearieair wisanggeni_084,455
presidente alberto fernández,455
thearieair wisanggeni_084 narkosun,455
black_lleviant l0v3d0lph1n saifaliebahri_,455
tjhinfar21 aryprasetyo85 thearieair,455
wisanggeni_084 narkosun maranatha_sibrn,455
irresponsabilidad genocida cumpa,454
la irresponsabilidad genocida,454
wagimandeep212 kabar gembira,454
violando cuarentena aislamiento,454
kabar gembira banyak,454
gembira banyak pasien,454
meta preso acusarlo,454
br3k3l3_ny454r wagimandeep212 kabar,454
coronavirus violando cuarentena,454
genocida cumpa presidente,454
terriblemente coronavirus violando,454
preso acusarlo genocida,454
propagó terriblemente coronavirus,454
fernández propagó terriblemente,447
lo reto siendo,447
siendo desaparecido meta,447
desaparecido meta preso,447
reto siendo desaparecido,447
cuarentena aislamiento lo,447
aislamiento lo reto,447
covid 19 positive,447
alberto fernández propagó,446
cumpa presidente alberto,446
petition via change,444
new cases coronavirus,439
using link android,437
kerja keras dari,435
mike lindell made,430
covid_19 prior jorge,430
suho bizbizeyeteriz covid,430
jorge babu manu,430
prior jorge babu,430
cdtv covid_19 prior,430
david mike lindell,430
babu manu foraprior,430
manu foraprior david,430
covid cdtv covid_19,430
trump suho bizbizeyeteriz,430
foraprior david mike,430
please stay home,427
home stay safe,421
lindell made pillow,417
white house coronavirus,409
contre covid 19,409
at home orders,408
nuevos casos coronavirus,406
covid 19 spread,402
mata coronavirus 48,401
lawan covid 19,400
help slow spread,398
washingtonpost nytimes foreignpolicy,398
death toll rises,395
human rights council,387
coronalockdown coronavirus covid19,385
confirmed covid 19,384
fighting covid 19,382
president donald trump,382
death rate low,379
socialdistancing coronalockdown coronavirus,368
dari covid 19,364
beset denial dysfunction,364
covid19 coronavirus ukraine,362
_अपन ओ_क _भग,361
covid 19 symptoms,359
penyebaran covid 19,358
_द खन _ब,356
खन _ब द_कर,356
slow spread covid19,356
die covid 19,354
cegah covid 19,353
country coronavirus death,352
denial dysfunction coronavirus,351
americans wear masks,350
coronavirus disease 2019,349
dysfunction coronavirus raged,341
2019 covid 19,338
get covid 19,337
virus covid19 akan,336
german exception country,336
exception country coronavirus,334
covid 19 special,334
covid19 akan segera,334
akan segera beralu,334
due coronavirus pandemic,333
segera beralu coronabisadisembuhkan,331
positif covid 19,331
necessary health care,329
covid 19 ini,329
health care may,329
friends provide necessary,328
provide necessary health,328
kind fair remarks,327
care may require,327
coronavirus new york,327
may require stay,327
covid 19 situation,327
help covid 19,327
require stay safe,327
host friends provide,327
happy host friends,327
nytimes foreignpolicy covid19,326
fair remarks happy,325
safe washingtonpost nytimes,325
covid 19 case,325
dysfunction plagued government,325
stay safe washingtonpost,325
remarks happy host,325
mr ambassador kind,324
science finally caught,323
ambassador kind fair,323
covidー19 coronavirus covid2019,321
pillow letslovesuho trump,321
letslovesuho trump suho,321
denial dysfunction plagued,321
covid self_portrait covid19,321
bizbizeyeteriz covid self_portrait,321
millions lives stake,320
thanks mr ambassador,319
pacientes covid 19,318
new york state,318
government coronavirus raged,317
19 special diet,316
curement covid 19,316
last 24 hours,315
finally caught trump,314
300 000 cases,314
playbook millions lives,313
caught trump playbook,311
covid 19 amp,311
made pillow letslovesuho,311
covid 19 victims,310
trump playbook millions,310
time covid 19,309
plagued government coronavirus,308
covid 19 tests,307
covid 19 related,307
rights council panel,305
amid coronavirus outbreak,305
impact covid 19,303
worldwide coronavirus covid19,302
coronavirus raged washington,302
coronavirus pandemic via,302
covid 19 infection,301
raged washington post,301
disease 2019 covid,296
people covid 19,295
face au coronavirus,294
council panel despite,294
self reporting symptoms,294
antiparasitario mata coronavirus,294
daily even feel,293
number covid 19,293
sooner self reporting,293
even feel well,293
reporting symptoms daily,293
risk cases sooner,293
cases sooner self,293
identify risk cases,293
symptoms daily even,293
fármaco antiparasitario mata,292
covid19 identify risk,292
spread covid19 identify,292
despite troubling record,292
stay home save,292
cure covid 19,291
panel despite troubling,291
troubling record response,288
covid 19 treatment,287
dies covid 19,287
five year old,286
covid 19 em,286
coronavirus muchas personas,285
feel well download,284
well download app,284
com covid 19,284
confirmed coronavirus cases,282
mueren coronavirus muchas,281
record response coronavirus,281
19 via youtube,280
tested positive covid19,279
personas dice gobierno,279
muchas personas dice,279
us covid 19,278
test covid 19,277
demuestran fármaco antiparasitario,277
facebook difundir mueren,277
pink tested positive,276
difundir mueren coronavirus,276
deaths covid 19,275
firma petición vía,275
paga facebook difundir,275
new york coronavirus,274
at home order,273
muertos covid 19,273
tcm prevent cure,271
prevent cure epidemic,270
cure epidemic diseases,270
coronavirus covid19 sarscov2,269
bill gates funding,269
pp paga facebook,268
home save lives,265
au covid 19,264
recovered covid 19,264
crise du coronavirus,264
like covid 19,263
world health organization,262
vaccin contre coronavirus,260
uk coronavirus death,259
hundreds thousands people,258
treat covid 19,258
stay home order,257
hospital ship comfort,257
tests positive covid,256
heroes coronavirus pandumbic,255
confirmed cases covid19,255
covid 19 sign,251
immunologist says possible,251
saluting heroes coronavirus,250
australianos demuestran fármaco,249
help fight coronavirus,249
know covid 19,248
covid 19 time,248
combat covid 19,247
positivos covid 19,247
investigadores australianos demuestran,247
dying covid 19,247
people stay home,247
anti parasitic drug,246
us accused piracy,245
globalceasefire amidst covid19pandemic,245
coronavirus us accused,244
number coronavirus cases,244
positive coronavirus says,244
19 covid 19,243
first covid 19,243
delivered hospital ship,243
case covid 19,242
call globalceasefire amidst,242
piracy mask confiscation,242
coronavirus pandumbic daily,242
amidst covid19pandemic sign,241
accused piracy mask,241
pandumbic daily show,241
covid2019 covid19 coronavirus,241
wabah covid 19,241
task force hold,240
nuevos casos covid,239
sign rt coronavirus,239
19 sign petition,239
port du masque,239
covid 19 may,238
article amp reuters,238
cloth face coverings,238
coronavirus says recovered,238
standing chief antonioguterres,238
bold call globalceasefire,238
covid 19 covid,237
covid19pandemic sign rt,237
du vaccin contre,237
antonioguterres bold call,237
19 death toll,237
covid 19 epidemic,237
chief antonioguterres bold,236
world standing chief,235
people world standing,235
ministério da saúde,235
coronabisadisembuhkan polrestabandung bidhumaspoldajabar,234
2020 04 04,233
thousands people world,233
pencegahan coronabisadisembuhkan polrestabandung,233
covid 19 cause,233
patients delivered hospital,232
personal protective equipment,231
covid 19 quarantine,231
test positive coronavirus,231
000 cases coronavirus,231
show via youtube,231
possible cure coronavirus,230
polrestabandung bidhumaspoldajabar divisihumaspolri,230
19 di indonesia,228
new deaths total,228
covid 19 global,228
trump coronavirus task,227
population coronavirus covid19,227
joining hundreds thousands,227
covid19 sarscov2 forecast,227
new york mistake,226
says possible cure,226
5g coronavirus claims,226
ship comfort new,224
critical population coronavirus,224
covid 19 corona,224
comfort new york,224
5g coronavirus conspiracy,224
penanganan covid 19,222
coronavirus us reports,221
coronavirus patients delivered,221
disease covid 19,220
trump coronavirus response,220
confirmados covid 19,220
coronavirus covid19 coronavirusoutbreak,219
diseases covid 19,219
andrés manuel lópez,219
battle covid 19,218
corona covid 19,218
confirmed cases covid,218
ce est pas,217
free covid 19,217
緊急事態宣言 が出た場合 東京都の対応,217
death critical population,217
manuel lópez obrador,217
go back normal,217
help stop coronavirus,216
uss theodore roosevelt,216
infected covid 19,216
fight coronavirus pandemic,215
sant shri asharamji,214
twitter web client,214
statewide stay at,214
reports 300 000,213
us reports 300,213
covid 19 méxico,213
coronavirus testing failure,212
online hospital diy,211
emergence reliefs tcm,211
epidemic diseases covid,211
diy focduosuccess emergence,211
reliefs tcm prevent,211
focduosuccess emergence reliefs,211
hospital diy focduosuccess,211
delhi 110001subject curement,210
new delhi 110001subject,210
road new delhi,210
president indiarai sinha,210
110001subject curement covid,210
sinha road new,210
indiarai sinha road,210
covid 19 covid19,209
post covid 19,209
shelter in place,209
inside coronavirus testing,208
新型コロナウイルス 緊急事態宣言 が出た場合,207
eliminar coronavirus 48,207
podría eliminar coronavirus,206
new cases covid,206
petición vía change_mex,206
second day row,205
presidente andrés manuel,205
york mistake us,205
faire des tests,205
mistake us officials,205
new cases new,205
detroit bus driver,204
anti parasite drug,204
stop spread coronavirus,204
affected covid 19,204
dr anthony fauci,203
casos confirmados covid,203
birmingham merseyside masts,202
が出た場合 東京都の対応 nhk,200
terhindar dari covid,199
contre coronavirus afrique,199
via namo app,199
chinese communist party,198
plusjamaisca plusjamaisca plusjamaisca,198
new world order,198
特設サイト 新型コロナウイルス 緊急事態宣言,197
list covid 19,197
ventilators new york,197
update covid 19,197
prevent spread coronavirus,196
trump white house,196
bbc news mundo,196
vende mundo podría,195
treating covid 19,195
test positive covid,195
ne sont pas,195
pm cares fund,194
pour lutter contre,194
wearing face masks,194
mundo podría eliminar,193
go back work,193
testing positive coronavirus,192
covid 19 could,192
confirmed cases coronavirus,191
covid 19 updates,191
covid 19 news,191
jared kushner coronavirus,191
เคอร วท วประเทศ,190
casos confirmados coronavirus,190
casos positivos covid,190
debe ser juzgado,189
coronavirus conspiracy theory,189
coronavirus disease covid,188
frente covid 19,188
staying home coronavirus,187
negligencia lesa humanidad,187
tests du vaccin,186
sanitaria vamos denunciarlo,186
daily show via,186
positivo covid 19,186
death covid 19,186
negligencia sanitaria vamos,186
stop covid 19,186
corte penal interncional,186
cases new deaths,185
fármaco antiparasitario vende,185
covid 19 fight,185
covid 19 país,185
antiparasitario vende mundo,185
symptoms covid 19,184
covid 19 et,184
flattening curve coronavirus,184
wear face masks,184
lesa humanidad firma,184
corona coronavirus covid19,183
obrador debe ser,183
19 cause death,183
lópez obrador debe,183
des tests du,182
patients covid 19,182
governors holding statewide,181
total confirmed cases,181
support covid 19,181
covid19 โคว ด19,181
republican governors holding,181
du monde entier,180
early warning program,180
people tested positive,180
india covid 19,179
interdiction faire des,179
更新 東京都で新たに110人以上感染 初の1日100人超,179
coronavirus conspiracy theories,179
covid 19 world,179
holding statewide stay,179
kill covid 19,178
caso covid 19,178
unicef interdiction faire,177
stay safe stay,177
il covid 19,177
diseases like coronavirus,176
coronavirus crisis via,176
coronavirus update country_region,176
comes covid19 bot,174
04 04 20,174
data comes covid19,174
ser juzgado burlarse,173
juzgado burlarse pandemia,173
world covid 19,173
ils enterrent des,173
coronavirus negligencia sanitaria,173
pandemia coronavirus negligencia,173
burlarse pandemia coronavirus,173
000 miles die,172
johns hopkins university,172
denunciarlo corte penal,172
hacer frente coronavirus,172
vamos denunciarlo corte,172
coming 000 miles,172
cause death even,171
penal interncional negligencia,171
seat human rights,171
falls second day,171
per il coronavirus,171
potential coronavirus vaccines,171
coronavirus coming 000,171
interncional negligencia lesa,171
toll falls second,170
covid 19 numbers,170
death toll falls,170
says staying home,170
bill gates funded,169
cover up coronavirus,169
humanidad firma petición,169
miles die nhs,168
home coronavirus luxury,168
handling covid 19,168
accused modern piracy,167
data says staying,167
seine saint denis,167
casos positivos coronavirus,167
say covid 19,167
realdonaldtrump greglaurie harvestorg,166
coronavirus alarming rate,166
covid 19 data,166
news mundo coronavirus,166
coronavirus vaccine candidates,165
000 covid 19,165
coronavirus relief package,165
kills covid 19,165
face masks public,164
daily death toll,163
vaccine covid 19,163
says americans wear,163
testing failure alarm,163
alarm dismay among,163
modern piracy diversion,163
caused contributed death,163
si mata coronavirus,162
would go away,162
diversion masks meant,162
get back work,162
sa covid 19,162
dismay among scientists,162
piracy diversion masks,162
dinyatakan sembuh coronabisadisembuhkan,162
shri asharamji bapu,161
treatment covid 19,161
masks meant europe,161
hospitals list covid,161
covid 19 new,161
assumed caused contributed,161
failure alarm dismay,161
among scientists sought,161
cdc says americans,161
testing covid 19,161
covid 19 would,160
us accused modern,160
people died coronavirus,160
covid 19 please,160
des nations unies,160
afrique signez pétition,160
contagios covid 19,159
die old age,159
cessez le feu,159
pmoindia telanganacmo ktrtrs,158
covid 19 emergency,158
causa covid 19,158
des centaines milliers,158
東京都で新たに110人以上感染 初の1日100人超 coronavirus,158
donald trump coronavirus,157
coronavirus covid19 covidー19,157
practice social distancing,157
propagación covid 19,157
death lab tests,157
spreading covid 19,157
house coronavirus task,157
washington post see,157
tested covid 19,157
covid 19 dan,157
covid 19 stay,157
โคว ด19 covid19,156
pandemic response team,156
telanganacmo ktrtrs ysjagan,156
milieu pandémie coronavirus,156
global au milieu,156
think covid 19,156
stay fuck home,156
le feu global,156
scientists sought help,156
fallecidos covid 19,156
amid coronavirus lockdown,156
aux côtés du,156
feu global au,156
ysjagan actorrajasekhar pawankalyan,156
au milieu pandémie,156
personnes du monde,155
unies antonioguterres pour,155
covid 19 na,155
du chef des,155
pandemic early warning,155
côtés du chef,155
lab tests required,155
antonioguterres pour appel,155
monde entier aux,155
nations unies antonioguterres,155
ktrtrs ysjagan actorrajasekhar,155
coronavirus rt covid19pandemic,155
chef des nations,155
entier aux côtés,155
therapy doctors coronavirus,154
united states coronavirus,154
covid 19 india,154
audacieux cessez le,154
new cases covid19,154
appel audacieux cessez,154
rejoins des centaines,154
pandémie coronavirus rt,154
melawan covid 19,154
pour appel audacieux,154
pandemic covid 19,154
10 humans die,154
effective therapy doctors,154
humans die old,154
endangereddoctors pmoindia telanganacmo,154
covid19 positive cases,154
semoga cepat musnah,153
rt covid19pandemic globalceasefire,153
less 10 humans,153
cepat musnah yg,153
yg namanya covid,153
within 48 hours,153
musnah yg namanya,153
boris johnson pregnant,153
je rejoins des,153
milliers personnes du,153
home covid 19,153
namanya covid 19,153
centaines milliers personnes,153
mourns covid 19,153
covid 19 really,152
covid 19 home,152
health care system,152
covid 19 impact,152
covid 19 lab,152
bus driver died,152
related covid 19,151
5g causing coronavirus,151
plena crisis coronavirus,151
medio pandemia covid19,151
covid 19 est,151
covid19 dudukrumah stayathome,151
covid 19 hoax,151
news coronavirus us,151
covid 19 real,150
united states america,150
mari lawan covid,150
wins seat human,150
year old child,150
covid 19 china,150
coronavirus front line,150
factories coronavirus vaccine,149
muertes covid 19,149
news covid 19,149
amidst covid 19,149
doctors coronavirus global,149
actorrajasekhar pawankalyan covid19,149
china mourns covid,149
even assumed caused,149
death even assumed,149
dice gobierno vía,148
wear masks coronavirus,148
4abr fanb gnbunidadylucha,148
covid 19 kills,148
total number cases,148
new death critical,148
ayo sama2 lawan,147
gobierno vía eldiariotec,147
sama2 lawan covid,147
two weeks ago,147
joins human rights,146
contributed death lab,146
vs covid 19,145
aux etats unis,145
the covid 19,145
jptu jabatanpenerangan covid19,145
coronavirus global survey,145
bersama kita bisa,145
help stop spread,145
jabatanpenerangan covid19 dudukrumah,145
rated most effective,145
people take serious,144
know uk coronavirus,144
contagio covid 19,144
dos nuevos casos,144
death toll wrong,144
covid 19 going,144
early data shows,143
contracted died coronavirus,143
trump defy voluntary,143
new covid19 cases,143
think know uk,143
coronavirus cdc says,143
shows african americans,143
credit card interest,143
died coronavirus alarming,143
data shows african,143
ce qu il,142
fanb gnbunidadylucha solidaridadycooperación,142
última hora coronavirus,142
married 51 years,142
new cases confirmed,142
six minutes apart,142
defy voluntary advice,142
tackle covid 19,142
stop spread covid19,142
gates funding factories,141
funding factories coronavirus,141
china wins seat,141
new confirmed case,140
covid 19 hospital,140
coronavirus puede matar,140
since covid 19,140
three minute silence,140
medio pandemia coronavirus,140
african americans contracted,140
19 time people,139
trump medical advisers,139
via uolnoticias uol,139
two months ago,139
combatir covid 19,139
voluntary advice americans,139
americans contracted died,139
card interest rates,139
time people take,139
lucha covid 19,139
890 casos confirmados,138
keeps body getting,138
advice americans wear,138
h2o2 keeps body,138
doubt help covid,138
dose makes poison,138
read oneminutecure h2o2,138
makes poison substance,138
poison substance reply,138
please read oneminutecure,138
hydroxychloroquine rated most,138
body getting flu,138
covid 19 infections,138
covid 19 community,138
most effective therapy,138
substance reply info,138
getting flu doubt,138
coronavirus covid19 great,138
flu doubt help,138
oneminutecure h2o2 keeps,138
april 04 2020,137
fantasticradio co uk,137
2121 hello fantasticradio,137
lives daily talk,137
fantasticradiouk homeofpossibilities believeyourpossibilities,137
0208 90 2121,137
90 2121 hello,137
believeyourpossibilities stayhomesafelives buy,137
stayhomesafelives buy song,137
co uk fantasticradiouk,137
coronavirus trump defy,137
take serious dose,137
enfermos covid 19,137
persist trump medical,137
homeofpossibilities believeyourpossibilities stayhomesafelives,137
serious dose makes,137
coronavirus treatment drug,137
hello fantasticradio co,137
uk fantasticradiouk homeofpossibilities,137
members coronavirus task,136
prevent covid 19,136
amp covid 19,136
fuego nivel mundial,136
covid19 firma rt,136
firma rt coronavirus,136
coronavirus afrique signez,136
stayathomeandstaysafe socialdistancing coronalockdown,136
people dying coronavirus,135
torched 5g coronavirus,135
tensions persist trump,135
rt coronavirus globalceasefire,135
funding new factories,135
contro il coronavirus,135
china joins human,135
current covid 19,135
cientos miles personas,135
social distancing measures,135
talk us 0208,134
daily talk us,134
coronavirus test makers,134
value lives daily,134
hoarding coronavirus treatment,134
global covid 19,134
us 0208 90,134
updates covid 19,134
workers covid 19,134
miles personas mundo,134
masts torched 5g,134
coronavirus cases top,134
covid 19 even,134
contagiados covid 19,134
adding value lives,134
audaz llamamiento alto,133
pandemia covid19 firma,133
600 militaires français,133
antonioguterres audaz llamamiento,133
medical advisers coronavirus,133
llamamiento alto fuego,133
alto fuego nivel,133
covid19 coronavirus coronaviruspandemic,133
nivel mundial medio,133
due coronavirus outbreak,133
mundial medio pandemia,133
reveals tested positive,132
amid 5g coronavirus,132
new factories potential,132
regarding covid 19,132
keep safe coronavirus,132
socialdistancing coronalockdown stayathomeandstaysafe,132
chief antonioguterres audaz,132
pruebas covid 19,132
stayathomeandstaysafe coronavirus covid19,132
coronalockdown stayathomeandstaysafe coronavirus,132
coronavirus covid19 pandemic,132
personas mundo apoyan,132
merseyside masts torched,132
governor sisolak found,131
mundo apoyan chief,131
apoyan chief antonioguterres,131
spreading fake news,131
sisolak found hoarding,131
latest covid 19,131
become global pandemic,131
found hoarding coronavirus,131
factories potential coronavirus,131
