coronavirus,320148
covid19,151541
covid,146388
19,140901
nan,88115
people,44957
amp,37191
via,35740
trump,35576
us,29642
new,28381
cases,26312
pandemic,25899
virus,25643
china,22041
like,21887
news,20667
get,19964
one,19933
time,18801
world,17567
help,17566
covid2019,17143
home,16748
coronaviruspandemic,16407
please,16284
deaths,16278
need,16115
crisis,15884
si,15787
realdonaldtrump,15547
health,15213
000,14907
di,14798
would,14728
lockdown,14671
know,14508
et,14207
stay,13824
corona,13663
il,13297
death,12916
des,12854
go,12386
good,12079
see,11980
du,11621
many,11582
est,11407
day,11359
2020,11328
die,11192
government,11106
take,11096
going,11048
could,11005
even,10992
fight,10727
patients,10518
think,10383
still,10379
casos,10327
da,10234
country,10166
spread,10147
test,10093
na,9861
pour,9813
coronabisadisembuhkan,9808
make,9790
may,9776
says,9759
masks,9713
let,9591
right,9539
the,9477
positive,9438
first,9071
today,9061
total,9056
work,9031
care,9029
per,8948
due,8887
state,8876
dan,8820
well,8804
said,8627
hospital,8621
stop,8616
also,8524
india,8516
social,8456
president,8421
10,8338
back,8326
want,8187
live,8180
way,8118
re,8079
face,8041
really,7980
pas,7944
response,7915
testing,7881
say,7833
outbreak,7751
medical,7668
uk,7626
york,7506
youtube,7435
great,7300
everyone,7295
dr,7285
video,7273
much,7134
lives,7082
april,7071
non,7069
daily,7047
thank,7041
keep,7030
times,7014
life,6999
read,6984
pandemia,6931
every,6915
come,6880
days,6871
public,6837
must,6749
workers,6738
use,6718
man,6701
safe,6620
support,6606
got,6605
god,6525
5g,6486
hope,6469
died,6418
america,6391
au,6356
usa,6323
ne,6313
mask,6303
une,6260
kita,6216
doctors,6200
true,6186
made,6164
states,6147
quarantine,6080
covid_19,6064
never,6059
gobierno,6037
americans,6036
family,6025
20,6002
data,5993
to,5993
tested,5987
media,5984
year,5957
vía,5935
real,5930
stayhome,5890
qui,5853
last,5841
global,5827
mundo,5819
week,5806
thanks,5740
tests,5740
number,5712
em,5655
two,5648
plus,5631
money,5531
vaccine,5522
gt,5519
mais,5459
look,5454
casa,5440
better,5392
sur,5369
since,5355
another,5324
confirmed,5292
old,5274
ser,5258
twitter,5245
latest,5175
04,5163
getting,5146
already,5144
amid,5129
free,5105
ce,5049
thing,5024
around,5024
weeks,5022
não,5001
update,4975
com,4961
100,4957
watch,4941
love,4933
give,4927
in,4926
ca,4911
je,4902
countries,4901
working,4897
país,4895
dans,4892
va,4882
best,4867
end,4859
case,4837
france,4817
risk,4759
next,4741
show,4740
chinese,4715
covid19pandemic,4705
gente,4703
done,4669
कर,4655
yang,4647
cuarentena,4644
needs,4615
post,4613
flu,4589
anyone,4585
app,4584
24,4568
personas,4566
million,4558
11,4528
business,4524
españa,4446
salud,4435
call,4419
cnn,4417
yet,4417
ve,4412
untuk,4402
without,4390
long,4380
distancing,4374
bill,4371
and,4364
treatment,4359
pm,4353
check,4344
pemerintah,4330
save,4308
che,4300
using,4248
put,4239
someone,4235
things,4233
dengan,4227
job,4224
italy,4220
food,4218
away,4215
vous,4215
disease,4197
covidー19,4193
others,4192
sure,4185
human,4181
years,4177
something,4169
house,4167
30,4156
symptoms,4151
sa,4138
rate,4128
hospitals,4122
share,4120
together,4104
part,4103
national,4102
making,4102
cdc,4098
solo,4065
par,4063
hoy,4062
rt,4052
believe,4050
bien,4047
american,4035
africa,3998
bad,3976
infected,3968
sign,3966
start,3962
protect,3947
nothing,3908
economy,3897
numbers,3888
trying,3873
person,3869
presidente,3864
far,3858
dos,3857
lot,3857
cause,3848
enough,3828
city,3827
drug,3826
community,3825
big,3824
15,3820
shit,3804
yes,3796
bisa,3793
it,3789
dapat,3785
important,3783
tell,3781
eu,3781
updates,3780
information,3765
ahora,3750
stayathome,3749
wuhan,3747
article,3746
toll,3740
coming,3738
banyak,3727
might,3724
muertos,3723
saying,3720
govt,3720
12,3719
ventilators,3713
stayhomesavelives,3708
taking,3708
find,3706
change,3703
pay,3696
nous,3674
de,3671
follow,3665
top,3661
wear,3653
staff,3652
situation,3650
place,3649
order,3644
fake,3628
qu,3623
of,3618
always,3614
this,3581
war,3570
dying,3561
cure,3555
narendramodi,3548
online,3543
nhs,3530
fuck,3525
high,3523
ever,3502
relief,3488
coronavírus,3486
reported,3451
um,3444
bahwa,3416
healthcare,3412
story,3405
used,3396
mas,3386
oh,3378
ppe,3363
día,3359
sick,3353
van,3351
wrong,3343
self,3342
ago,3341
link,3338
ini,3330
no,3324
friends,3303
feel,3300
nation,3288
plan,3261
potus,3258
maybe,3253
puede,3251
doctor,3247
report,3239
así,3239
der,3196
hard,3194
hacer,3192
control,3181
ai,3173
la,3168
possible,3168
tetap,3165
fox,3160
14,3146
everything,3142
police,3118
county,3116
open,3111
actually,3110
reports,3106
months,3087
team,3086
called,3078
emergency,3072
anything,3069
full,3061
dead,3054
fighting,3051
berita,3045
point,3034
makes,3022
least,3020
listen,3012
gop,3008
gates,3008
united,3001
kill,2997
socialdistancing,2996
less,2986
south,2981
is,2980
korban,2970
remember,2964
confinement,2960
upaya,2959
we,2950
soon,2947
system,2942
disiplin,2940
isolation,2939
fauci,2938
spreading,2937
melakukan,2932
travel,2931
fucking,2921
hands,2918
ver,2916
ll,2908
50,2891
thought,2891
ikuti,2888
das,2879
hace,2878
sont,2871
force,2870
पर,2869
you,2868
whole,2866
told,2862
recovered,2862
hit,2859
local,2858
hydroxychloroquine,2856
white,2837
ingat,2827
lost,2824
medidas,2804
donald,2803
population,2800
gracias,2796
href,2793
petition,2787
el,2787
venezuela,2784
patient,2783
leaders,2776
pemberitaan,2763
bahagia,2761
ajakan,2761
menyebutkan,2760
nuevos,2753
spain,2739
pencegahan,2739
experts,2729
और,2729
hours,2726
little,2725
rel,2723
nofollow,2719
early,2716
ça,2713
und,2712
etc,2706
nyc,2702
march,2693
sembuhnamun,2690
bbc,2687
avec,2679
across,2678
continue,2668
रह,2661
canada,2659
on,2659
governor,2658
essential,2657
cómo,2655
fact,2650
yg,2649
muertes,2640
science,2638
thousands,2636
breaking,2634
federal,2633
info,2631
left,2626
truth,2615
officials,2612
contre,2599
foxnews,2598
idea,2596
understand,2596
personal,2596
tweet,2595
aux,2595
millions,2593
sad,2590
ou,2589
air,2586
gov,2584
italia,2584
found,2583
nurses,2581
indonesia,2567
question,2563
en,2563
saturday,2562
anti,2559
impact,2558
problem,2550
60,2544
brasil,2534
worse,2532
ils,2530
coronavirusoutbreak,2527
looking,2527
stupid,2525
general,2525
measures,2523
pasti,2520
for,2516
join,2514
sir,2508
leadership,2494
act,2491
including,2491
administration,2489
méxico,2487
horas,2485
party,2478
fear,2473
try,2471
else,2452
fallecidos,2445
quedateencasa,2443
días,2434
18,2428
economic,2427
shut,2422
infection,2420
500,2419
instead,2409
contact,2403
normal,2402
staysafe,2398
vida,2397
shows,2396
prevent,2395
advice,2394
wow,2393
small,2389
close,2388
all,2377
wants,2370
300,2367
seriously,2362
mean,2361
citizens,2357
research,2356
bersatu,2355
ny,2351
line,2350
nigeria,2349
ask,2347
service,2347
supplies,2343
minister,2337
power,2334
wait,2334
putuskan,2328
started,2319
40,2314
mil,2306
three,2302
menos,2301
low,2288
guy,2280
bersinergi,2276
children,2275
press,2270
seen,2270
tv,2264
nytimes,2262
front,2254
month,2253
fund,2252
mejor,2248
wearing,2246
serious,2239
provide,2238
despite,2237
law,2235
lies,2234
talking,2233
13,2230
2019,2228
sars,2226
action,2224
caso,2223
different,2222
dies,2222
dari,2221
wo,2221
set,2206
hoax,2204
25,2200
pmoindia,2197
abril,2196
talk,2195
dios,2194
donate,2185
leader,2184
families,2182
que,2178
scientists,2177
leave,2176
given,2173
thread,2154
related,2153
mal,2151
democrats,2147
seems,2146
critical,2144
ok,2141
uma,2141
reason,2139
needed,2138
able,2138
kind,2125
dangerous,2116
hold,2116
lab,2116
indiafightscorona,2114
años,2114
pacientes,2114
current,2113
gon,2113
whitehouse,2112
become,2110
web,2109
name,2107
europe,2103
questions,2102
dice,2101
het,2101
google,2099
though,2097
likely,2097
message,2093
hear,2084
poor,2080
hi,2079
faire,2078
light,2076
worst,2075
conspiracy,2073
vs,2072
pandemi,2070
services,2068
history,2064
rest,2059
based,2059
48,2058
mr,2056
political,2048
ecuador,2046
gets,2043
available,2042
sense,2031
task,2023
número,2017
ont,2017
blame,2010
closed,2007
past,2000
briefing,1996
hey,1996
probably,1995
favor,1989
epidemic,1987
hell,1982
means,1982
lol,1980
taken,1979
cuomo,1978
happy,1976
tan,1974
novel,1972
future,1967
hai,1966
businesses,1966
vote,1965
interesting,1961
comes,1959
single,1957
ones,1956
21,1954
un,1952
run,1951
night,1948
helping,1946
effective,1940
vamos,1940
pakistan,1936
learn,1934
moment,1932
aquí,1931
threat,1927
kids,1927
blood,1927
cada,1926
cas,1926
pink,1925
temps,1918
guys,1916
vez,1914
tem,1910
behind,1910
ppl,1909
países,1902
came,1898
worldwide,1898
outside,1892
happen,1889
giving,1885
hand,1885
agree,1885
among,1881
deal,1881
course,1878
took,1876
group,1875
residents,1874
नह,1874
finally,1872
increase,1868
caused,1867
deadly,1866
crise,1864
mundial,1864
cover,1863
ship,1861
that,1860
especially,1858
efforts,1857
bank,1855
protection,1848
members,1848
fait,1848
17,1847
inside,1843
yesterday,1843
pra,1842
confirmados,1838
second,1837
knew,1834
safety,1833
thinking,1832
head,1831
heart,1830
failure,1825
tout,1822
age,1820
mayor,1819
chief,1819
treat,1805
calls,1804
market,1804
calling,1803
pruebas,1800
minutes,1800
at,1798
ke,1796
vulnerable,1793
bu,1791
cancer,1791
dont,1788
masques,1782
list,1779
washington,1777
sent,1777
resources,1777
looks,1777
australia,1777
release,1774
cette,1774
nuevo,1774
trust,1774
almost,1773
killing,1769
living,1769
200,1768
bir,1765
mass,1763
school,1758
killed,1757
16,1749
issue,1747
tous,1746
send,1743
play,1737
في,1733
fire,1732
equipment,1730
financial,1729
lying,1728
office,1728
iran,1723
colombia,1723
médicos,1721
modi,1719
00,1718
être,1718
women,1717
morning,1716
dear,1715
contagiados,1713
staying,1713
facebook,1713
plans,1710
florida,1708
orders,1708
negative,1706
akan,1706
according,1705
sorry,1705
hati,1703
mata,1700
evidence,1698
rise,1696
reporting,1690
affected,1688
slow,1684
stand,1683
ang,1683
monde,1682
victims,1681
im,1680
special,1679
kushner,1675
responsible,1675
70,1675
wonder,1673
saving,1669
watching,1669
claims,1669
weekend,1669
indian,1669
record,1668
morts,1668
absolutely,1667
lead,1667
bring,1666
healthy,1664
hate,1662
germany,1662
amazing,1660
ng,1659
ass,1656
comment,1656
ist,1656
up,1655
ready,1654
immune,1654
clear,1651
study,1650
रत,1650
black,1647
ao,1646
friend,1644
infectados,1643
noticias,1637
buy,1637
semana,1635
african,1633
momento,1632
common,1632
works,1631
asking,1629
california,1627
después,1626
información,1625
lie,1624
running,1624
alone,1621
biden,1620
dalam,1613
went,1613
happening,1613
vaccines,1611
are,1610
forget,1609
lack,1607
worth,1604
parte,1604
comme,1603
den,1602
woman,1597
tiempo,1596
matter,1595
dia,1595
allah,1589
tener,1584
pray,1583
rights,1582
proud,1581
كورونا,1581
following,1579
supply,1576
area,1574
issues,1573
mind,1573
jobs,1568
students,1568
pays,1566
من,1566
facts,1562
nice,1561
late,1560
della,1560
huge,1559
frente,1558
même,1557
goes,1556
season,1554
heard,1553
datos,1552
nurse,1550
immunity,1549
military,1549
obama,1548
jan,1546
er,1544
employees,1543
damn,1541
company,1539
contagios,1538
ada,1536
january,1535
amazon,1528
turn,1528
infections,1518
idiot,1516
five,1516
toda,1516
ahead,1516
source,1512
putting,1511
ko,1510
ways,1510
takes,1508
jared,1507
cut,1507
mental,1507
seeing,1506
official,1506
visit,1505
wake,1504
paid,1504
words,1503
men,1503
warns,1502
knows,1502
entire,1499
false,1498
kits,1496
imagine,1495
body,1494
