coronavirus,195821
covid,178016
19,171033
covid19,135998
cases,46090
trump,40297
people,37217
new,31157
amp,27874
positive,23636
rally,23561
pandemic,22662
casos,19869
one,19426
us,18674
tulsa,18518
via,18050
news,17655
virus,17402
like,17176
get,17102
000,16129
test,15801
day,15774
deaths,15399
realdonaldtrump,14639
health,13913
20,13885
2020,13472
mask,11587
world,11488
masks,11244
time,10850
si,10762
going,10736
go,10713
know,10636
would,10550
florida,10532
many,10299
see,10166
still,10075
today,9982
total,9769
campaign,9729
please,9348
da,9185
help,9049
death,8883
spread,8781
pandemia,8693
tested,8683
state,8658
due,8615
china,8608
good,8597
need,8518
even,8494
die,8442
could,8189
di,8112
may,8062
home,7944
back,7943
think,7768
na,7707
crisis,7686
corona,7645
country,7574
wear,7554
lockdown,7451
government,7445
first,7434
take,7418
re,7404
well,7179
june,7096
staffers,7059
social,7057
the,7023
care,7016
right,6976
also,6913
patients,6891
says,6820
india,6808
make,6719
uk,6703
let,6688
six,6685
24,6610
want,6607
live,6556
million,6511
states,6344
10,6289
testing,6282
say,6255
said,6229
days,6202
work,6177
really,6139
hospital,6049
nuevos,6015
since,6015
tests,5972
way,5837
stay,5815
daily,5806
president,5802
em,5767
number,5758
last,5711
risk,5695
et,5686
public,5670
per,5558
much,5546
working,5540
safe,5526
keep,5436
salud,5435
week,5404
lives,5377
día,5205
mil,5187
come,5125
país,5117
read,5116
real,5115
face,5100
outbreak,5091
il,5089
contagios,5060
stop,5059
got,4997
everyone,4995
data,4931
wearing,4928
case,4872
brazil,4864
two,4852
year,4819
gobierno,4809
great,4804
hope,4802
america,4791
covid_19,4790
des,4784
died,4763
personas,4734
life,4728
de,4715
numbers,4697
com,4695
mundo,4675
update,4658
hoy,4653
gente,4623
brasil,4607
confirmed,4604
não,4595
look,4588
quarantine,4577
global,4567
reported,4547
every,4546
getting,4544
another,4512
du,4460
spike,4459
support,4444
must,4391
next,4389
latest,4389
usa,4377
post,4351
ahead,4342
weeks,4323
covidiots,4312
media,4310
muertes,4305
never,4290
times,4288
response,4254
around,4240
amid,4219
gt,4219
50,4213
14,4190
ser,4162
100,4161
record,4159
30,4126
anyone,4120
workers,4112
dan,4086
members,4079
free,4077
reports,4055
months,4055
ca,4032
mais,4023
vaccine,4002
yet,3961
muertos,3954
americans,3946
fallecidos,3942
to,3931
app,3924
staff,3909
family,3889
without,3878
distancing,3873
thing,3869
better,3846
business,3840
dos,3826
high,3820
protests,3791
report,3778
updates,3775
team,3768
man,3745
already,3733
county,3681
11,3675
believe,3667
ahora,3647
use,3627
second,3624
rate,3623
contact,3622
cnn,3620
end,3564
infected,3558
black,3534
est,3525
give,3519
12,3512
made,3508
away,3493
open,3476
sure,3457
in,3453
thanks,3435
dr,3431
fight,3430
economy,3426
rise,3422
watch,3418
oklahoma,3396
players,3396
solo,3394
infections,3394
sick,3389
long,3387
delhi,3385
sign,3366
change,3349
video,3341
god,3337
disease,3326
oh,3279
medical,3269
others,3267
non,3265
big,3260
medidas,3235
show,3235
ve,3230
así,3223
hit,3214
presidente,3205
bad,3204
love,3185
hours,3167
saturday,3161
15,3159
person,3153
increase,3144
eu,3143
thank,3136
put,3135
countries,3111
supporters,3106
top,3095
méxico,3084
recovered,3074
far,3073
shit,3052
check,3052
control,3050
done,3048
nothing,3030
um,3026
follow,3022
close,3018
best,3016
online,3007
au,3007
single,3005
va,2994
part,2988
junio,2985
and,2980
impact,2972
find,2971
plan,2966
money,2965
taking,2959
mas,2958
cuarentena,2947
confirmados,2945
yes,2945
días,2934
coming,2931
spreading,2927
ever,2919
protect,2916
city,2909
records,2909
someone,2908
06,2905
youtube,2900
experts,2898
pacientes,2898
dead,2894
breaking,2891
fake,2869
thousands,2847
pour,2847
start,2846
study,2832
el,2832
restrictions,2814
science,2805
van,2801
infection,2781
wave,2781
local,2779
feel,2774
highest,2765
community,2746
market,2741
drug,2739
500,2730
no,2727
stupid,2719
least,2718
place,2702
través,2701
call,2674
continue,2651
food,2649
tell,2647
dangerous,2642
old,2640
event,2631
soon,2628
full,2605
things,2604
la,2594
job,2593
venezuela,2588
casa,2584
normal,2577
football,2575
hacer,2570
symptoms,2568
enough,2567
en,2561
trying,2558
nuevo,2556
lot,2556
fuck,2553
hospitals,2542
needs,2542
españa,2541
something,2540
white,2535
american,2534
apple,2528
lost,2520
maybe,2520
years,2520
18,2515
of,2513
fucking,2512
might,2508
donald,2506
sports,2503
flu,2496
situation,2491
police,2487
it,2487
bien,2477
important,2471
south,2468
plus,2468
travel,2465
wrong,2465
oms,2463
ok,2460
safety,2457
order,2446
treatment,2445
making,2444
cómo,2438
bbc,2436
horas,2431
ll,2424
story,2410
matter,2409
less,2399
hard,2399
vía,2396
positivos,2391
children,2390
13,2382
22,2380
rt,2373
national,2368
across,2364
saying,2363
arizona,2358
blm,2354
une,2351
students,2349
das,2339
phase,2334
actually,2331
positivo,2327
govt,2311
ver,2308
always,2308
puede,2306
mean,2304
cause,2299
set,2297
minister,2295
left,2293
point,2292
toll,2292
political,2290
article,2286
dans,2284
ne,2281
pas,2280
season,2279
everything,2270
gop,2267
school,2265
sa,2263
reopening,2251
der,2251
maga,2249
lol,2248
vote,2245
25,2241
sur,2227
businesses,2224
join,2223
share,2223
party,2222
likely,2219
kill,2215
hace,2214
wait,2189
past,2182
colombia,2174
governor,2162
chile,2150
worse,2149
tulsatrumprally,2146
pm,2134
caso,2132
coronavírus,2131
menos,2124
research,2123
sir,2123
que,2122
trumpscoronavirusrally,2122
shows,2119
21,2118
population,2114
23,2110
nearly,2109
house,2108
hands,2098
dying,2084
three,2084
using,2077
friday,2073
vida,2072
gracias,2070
information,2068
tem,2062
thought,2059
hoax,2059
wo,2058
little,2053
tras,2047
looking,2046
link,2044
gov,2043
petition,2040
2019,2038
friends,2038
chinese,2034
etc,2033
und,2032
nueva,2030
anything,2025
true,2024
is,2023
seen,2016
worst,2002
given,2001
despite,1999
officials,1992
texas,1988
economic,1987
pay,1976
recovery,1976
cada,1974
कर,1973
argentina,1971
yang,1969
ago,1969
play,1960
war,1958
tracing,1956
told,1952
fear,1951
you,1950
uma,1950
this,1950
personal,1950
gon,1949
remember,1947
together,1946
active,1945
17,1938
shut,1932
save,1931
número,1925
found,1923
including,1910
cdc,1909
york,1908
human,1906
gets,1903
mayor,1902
00,1894
early,1890
hate,1887
self,1886
sorry,1882
kids,1882
glenmark,1880
yesterday,1878
almost,1878
casi,1875
system,1875
últimas,1872
doctors,1871
fact,1868
40,1868
bu,1867
for,1853
wow,1846
month,1843
return,1838
aquí,1834
catch,1834
protest,1830
air,1826
racist,1820
mal,1819
años,1815
surge,1813
lies,1811
healthcare,1810
italy,1809
seems,1803
future,1800
jun,1787
contagio,1783
che,1781
fase,1780
coronapalooza,1780
cas,1780
16,1779
problem,1778
refugees,1775
according,1774
possible,1773
phone,1770
families,1766
bir,1764
blacklivesmatter,1762
all,1762
por,1759
measures,1753
ask,1751
blame,1749
whole,1748
united,1745
sad,1743
used,1742
idea,1742
available,1742
among,1738
understand,1732
started,1732
makes,1731
worldrefugeeday,1729
hold,1727
become,1725
else,1719
covidー19,1718
zero,1717
fauci,1715
ini,1711
rising,1711
vez,1711
concerns,1709
twitter,1707
federal,1704
beijing,1704
march,1699
happen,1695
went,1692
outside,1690
small,1683
course,1683
talk,1682
qui,1682
hear,1678
protesters,1678
mlb,1675
info,1674
tonight,1673
ai,1664
wonder,1654
deal,1653
leadership,1650
mejor,1649
service,1645
trumprallytulsa,1645
je,1644
means,1641
60,1640
probably,1638
happy,1634
called,1633
google,1632
looks,1631
nigeria,1631
line,1630
force,1629
damn,1628
summer,1624
sigue,1618
learn,1615
favor,1615
based,1612
mortes,1612
pra,1608
relief,1605
pakistan,1605
guess,1603
millions,1603
reason,1597
infectados,1596
provide,1592
level,1592
tan,1589
rallies,1588
low,1578
major,1577
racism,1576
msnbc,1573
tweet,1570
seriously,1569
nursing,1568
rules,1568
cifra,1566
homes,1560
africa,1558
able,1557
guidelines,1555
lgs2020,1553
ppl,1550
meses,1550
stayhome,1549
women,1548
28,1548
sense,1544
rest,1543
200,1543
quedateencasa,1541
especially,1540
semana,1539
thread,1538
staysafe,1538
potus,1537
canada,1537
prevent,1536
training,1536
july,1534
france,1533
hand,1532
following,1531
different,1530
election,1529
reporting,1526
related,1524
sábado,1517
doctor,1514
leaders,1509
victoria,1508
hey,1508
het,1504
climate,1502
datos,1500
pruebas,1500
killed,1499
situación,1498
group,1496
as,1496
hi,1495
vamos,1494
registra,1493
issue,1492
peak,1488
dice,1483
education,1481
atención,1479
allah,1479
biden,1478
05,1478
nation,1477
europe,1475
iva,1473
se,1472
age,1472
stores,1471
behind,1471
blood,1471
warns,1470
después,1470
contagiados,1470
listen,1469
closed,1469
folks,1467
on,1466
plans,1465
visit,1462
though,1462
tener,1461
comes,1459
we,1457
distance,1452
joebiden,1450
that,1448
biggest,1447
dia,1446
ce,1446
anti,1445
immunity,1441
narendramodi,1440
noticias,1439
affected,1438
source,1436
try,1436
killing,1434
results,1433
isolation,1433
govrondesantis,1429
médicos,1428
employees,1427
young,1421
parte,1421
california,1418
action,1418
jobs,1418
coronaviruspandemic,1416
night,1416
came,1415
wants,1414
facts,1414
area,1412
guys,1410
par,1408
supera,1405
evitar,1404
name,1402
ones,1399
ist,1399
large,1397
instead,1396
poor,1396
desantis,1395
bolsonaro,1393
game,1392
cifras,1391
recoveries,1391
critical,1389
sars,1389
act,1388
falta,1388
vacuna,1386
patient,1384
seeing,1384
healthy,1380
पर,1380
super,1379
happening,1375
borisjohnson,1375
reuters,1374
review,1373
living,1371
interesting,1370
wearamask,1368
ou,1366
services,1366
result,1366
general,1363
bill,1362
mundial,1361
saturdaythoughts,1361
nacional,1357
advance,1356
helping,1356
información,1355
san,1351
setting,1348
law,1347
deadly,1347
millones,1346
current,1346
truth,1344
cuba,1344
rs,1342
inside,1340
según,1340
gone,1340
signed,1337
riots,1337
italia,1335
nbcnews,1334
emergency,1332
question,1331
viernes,1330
121,1330
four,1325
serious,1325
yeah,1325
leave,1325
talking,1324
dios,1324
communities,1323
wake,1322
vulnerable,1321
responsible,1320
fin,1320
tv,1319
increasing,1318
recuperados,1317
ready,1317
wuhan,1316
tres,1315
half,1313
países,1310
pmoindia,1310
cities,1307
allowed,1305
university,1305
idiots,1304
mass,1304
happened,1303
lopezobrador_,1300
reopen,1299
al,1298
pass,1296
caused,1295
higher,1294
citizens,1289
issues,1289
schools,1287
toda,1287
im,1278
54,1277
took,1277
pandemi,1276
120,1270
pessoas,1270
thinking,1268
socialdistancing,1267
scientists,1265
within,1265
worldwide,1262
department,1261
fall,1261
co,1261
frente,1260
run,1260
kind,1259
siempre,1256
mientras,1254
recent,1250
hell,1248
pueblo,1247
taken,1246
asymptomatic,1244
bring,1243
continues,1242
international,1241
australia,1241
huge,1240
industry,1239
ass,1239
buy,1239
perú,1238
கள,1237
45,1233
announced,1232
27,1228
digital,1228
tomorrow,1227
democrats,1225
fighting,1222
vs,1222
fears,1222
moment,1219
final,1214
nicht,1212
red,1212
common,1212
washington,1210
politics,1210
either,1210
head,1209
literally,1209
verdad,1209
count,1209
office,1206
trabajo,1202
exams,1201
avec,1200
den,1200
attending,1199
waiting,1199
positif,1199
riesgo,1197
simulacro,1197
nytimes,1196
crowd,1195
attend,1195
nunca,1194
un,1194
agree,1193
ayer,1193
todas,1192
loss,1192
ways,1191
demand,1191
gran,1188
longer,1188
weekend,1187
mental,1186
nhs,1184
decision,1182
residents,1181
tally,1180
tiempo,1178
cover,1177
são,1174
récord,1174
dont,1174
imagine,1173
needed,1173
já,1171
north,1170
hydroxychloroquine,1170
entire,1169
finally,1169
opening,1168
negative,1167
shop,1166
several,1164
goes,1162
ivanduque,1162
covid19india,1162
ciudad,1161
official,1160
history,1160
causa,1159
icu,1156
