gram,counts
covid 19 cases,7949
positive covid 19,6589
covid 19 pandemic,4850
test positive coronavirus,4405
casos covid 19,3329
cases covid 19,3078
test positive covid,3038
trump campaign staffers,2600
new covid 19,2461
six trump campaign,2441
staffers test positive,2238
rally test positive,2171
tested positive coronavirus,2072
new cases covid,2024
tulsa rally test,2023
due covid 19,2006
covid 19 patients,2001
000 new cases,1867
campaign staffers test,1793
campaign staffers working,1730
new coronavirus cases,1689
working tulsa rally,1689
coronavirus covid 19,1686
staffers working tulsa,1642
ahead tulsa rally,1600
covid 19 one,1576
covid 19 crisis,1459
records 000 new,1456
florida records 000,1441
19 one day,1436
tested positive covid,1392
covid 19 ahead,1359
covid 19 via,1299
covid 19 deaths,1267
últimas 24 horas,1247
19 ahead tulsa,1221
covid 19 di,1182
positive coronavirus ahead,1075
da covid 19,1073
amid covid 19,1043
six campaign staffers,1025
trump tulsa rally,1016
pandemia covid 19,1014
spread covid 19,1007
tulsa test positive,992
covid 19 outbreak,943
covid 19 test,930
bbc news coronavirus,896
new covid19 cases,867
response covid 19,857
million coronavirus cases,849
uk ministers accused,844
ministers accused downplaying,844
last 24 hours,841
downplaying covid 19,839
tested positive covid19,833
accused downplaying covid,832
day uk ministers,829
covid 19 vaccine,828
deaths one day,828
covid 19 peak,826
contagios covid 19,817
500 deaths one,816
new dangerous phase,813
one day uk,808
get covid 19,805
nearly 500 deaths,793
covid 19 testing,780
muertes covid 19,741
covid 19 positive,735
nuevos casos coronavirus,733
nuevos casos covid,729
nasser mohammad al,722
covid 19 virus,720
trump rally tulsa,719
covid 19 tests,714
tests positive covid,707
june 20 2020,706
covid 19 infections,701
black lives matter,674
covid 19 death,658
covid 19 em,656
highest single day,656
coronavirus ahead rally,654
covid 19 update,651
pandemi covid 19,648
covid 19 coronavirus,642
brazil passes million,639
million covid 19,632
20 06 2020,628
coronavirus live updates,615
impact covid 19,610
sign petition via,607
staffers setting trump,605
covid 19 response,602
players test positive,601
fight covid 19,590
rally tested positive,582
died covid 19,581
new york times,577
positif covid 19,572
covid 19 drug,571
setting trump rally,569
post covid 19,567
six members trump,567
single day spike,566
05 2020 ad,558
positivo covid 19,541
pacientes covid 19,540
rally positive covid,526
vat free day,525
amid coronavirus quarantine,524
shop vat free,523
pandemic colombians shop,522
colombians shop vat,522
free day amid,522
day amid coronavirus,522
covid 19 lockdown,516
trump rally positive,516
as urgent coronavirus,504
covid 19 case,503
trump campaign staff,497
covid 19 situation,494
climate change as,494
change as urgent,494
fallecidos covid 19,482
president donald trump,477
launches covid 19,474
glenmark launches covid,472
florida covid 19,471
spike covid 19,471
passes million coronavirus,470
thunberg climate change,468
case numbers alarm,465
greta thunberg climate,461
positivos covid 19,458
coronavirus task force,454
trump campaign members,452
covid 19 spread,449
tests positive coronavirus,449
new cases coronavirus,446
brazil becomes second,446
covid 19 méxico,443
rally tulsa oklahoma,440
rs 103 per,440
morganradford nbcnews msnbc,439
becomes second country,438
tulsa tested positive,433
penanganan covid 19,432
covid 19 treatment,430
confirmed covid 19,421
103 per tablet,421
campaign members tulsa,420
19 junio 2020,419
covid 19 impact,419
covid 19 restrictions,413
covid 19 surge,413
members tulsa test,413
world health organization,412
covid 19 still,412
brazil tops million,408
zimbabwe health minister,406
muertos covid 19,405
coronavirus pandemic accelerating,404
contact tracing app,404
com covid 19,398
past 24 hours,397
imam nasser mohammad,396
covid 19 numbers,392
handling covid 19,391
du covid 19,391
covid 19 amp,388
confirmados covid 19,387
spike coronavirus cases,385
trump campaign says,385
online voter registration,383
gt gt gt,382
signed petition demand,381
50 states offer,381
states offer online,381
offer online voter,381
demand 50 states,380
voter registration response,380
petition demand 50,379
registration response covid,379
19 crisis join,378
coronavirus covid19 sarscov2,378
crisis join signing,376
tulsa rally tested,371
dangerous phase coronavirus,370
die covid 19,365
coronavirus cases spike,365
coronavirus ahead tulsa,364
covid 19 spike,363
population coronavirus covid19,360
covid19 sarscov2 forecast,360
covid 19 relief,359
state reopening plan,358
amid coronavirus pandemic,357
virus covid 19,356
new death population,351
death population coronavirus,351
shows state reopening,350
mortes covid 19,349
overwhelmingly hispanic workers,347
surge shows state,347
reopening plan working,347
casos confirmados covid,346
mohammad al yemeni22,345
al yemeni22 05,345
one million cases,344
number covid 19,343
confirmed cases covid19,342
infected covid 19,342
yemeni22 05 2020,342
covid 19 contact,341
members trump campaign,340
covid 19 través,339
entertain empower educate,339
empower educate talk,339
0208 090 2121,339
090 2121 hello,339
2121 hello fantasticradio,339
hello fantasticradio co,339
fantasticradio co uk,339
co uk fantasticradiouk,339
uk fantasticradiouk homeofpossibilities,339
fantasticradiouk homeofpossibilities believeyourpossibilities,339
homeofpossibilities believeyourpossibilities stayhomesafelives,339
rise covid 19,339
19 surge shows,339
covid 19 exposure,338
believeyourpossibilities stayhomesafelives buy,338
stayhomesafelives buy song,338
covid 19 tracing,336
campaign staff working,336
sábado 20 junio,335
educate talk us,334
talk us 0208,334
us 0208 090,334
clemson football players,333
hit one million,333
since covid 19,332
staffers tested positive,330
new cases covid19,328
covid 19 infection,326
casos positivos covid,325
like covid 19,325
first campaign rally,323
risk covid 19,321
coronavirus cases rise,321
signed petition calling,319
second country hit,319
amp covid 19,317
epoch times app,317
covid 19 hoax,316
help slow spread,316
covid 19 real,315
20 junio 2020,315
due coronavirus pandemic,315
times app see,315
app see exclusive,315
country hit one,314
coverage daily updates,314
slow spread covid19,309
campaign says six,309
exclusive coronavirus coverage,307
know covid 19,306
see exclusive coronavirus,306
tested covid 19,305
coronavirus coverage daily,305
trump campaign team,305
staff working pivotal,305
pivotal tulsa rally,304
working pivotal tulsa,303
coronavirus death toll,300
covid 19 covid19,300
people tested positive,300
covid 19 rally,299
106 nuevos casos,299
team test positive,299
viernes 19 junio,298
19 cases rise,298
players tested positive,297
pasien covid 19,295
masks social distancing,295
help covid 19,295
covid 19 symptoms,293
covid 19 tracking,293
coronavirus crisis sign,293
covid 19 brasil,292
crisis covid 19,291
covid 19 vía,291
crisis sign via,291
sign via 38_degrees,291
positive coronavirus cnnpolitics,289
number coronavirus cases,287
rally tulsa tested,287
positive coronavirus live,287
covid 19 patient,286
test positive covid19,286
coronavirus case numbers,285
people covid 19,285
covid 19 concerns,284
20 juni 2020,284
petition calling borisjohnson,284
people coronavirus crisis,284
six staffers working,284
2020 06 20,283
calling borisjohnson government,283
borisjohnson government provide,283
government provide shelter,283
provide shelter homeless,283
shelter homeless people,283
homeless people coronavirus,283
numbers alarm washington,282
covid 19 país,282
coronavirus disease 2019,282
vacuna covid 19,281
alarm washington post,280
catch covid 19,278
pandemic getting worse,277
drug dcgi nod,276
daily even feel,275
risk cases sooner,274
cases sooner self,274
sooner self reporting,274
symptoms daily even,274
even feel well,274
2m social distancing,273
identify risk cases,272
self reporting symptoms,272
reporting symptoms daily,272
de covid 19,272
19 06 2020,271
rising covid 19,271
contagio covid 19,271
update covid 19,270
patients critical condition,269
discount deal nintendoswitch,268
deal nintendoswitch switch,268
nintendoswitch switch gaming,268
spread covid19 identify,268
covid19 identify risk,268
team tested positive,268
think covid 19,267
coronavirus pandemic getting,267
000 new coronavirus,267
feel well download,267
well download app,267
total number cases,267
latest covid 19,265
000 covid 19,265
instock gt coronavirus,265
gt coronavirus mask,265
coronavirus mask covid19,265
mask covid19 surgicalmask,265
covid19 surgicalmask deals,265
surgicalmask deals facecover,265
deals facecover discount,265
facecover discount deal,265
experts abroad watch,264
positive coronavirus tests,264
coronavirus rise overwhelmingly,263
football players test,263
abroad watch coronavirus,262
watch coronavirus case,262
blames coronavirus rise,262
rise overwhelmingly hispanic,261
penyebaran covid 19,261
bbc news mundo,260
23 clemson football,257
coronavirus test kits,257
staffers working trump,257
fase nueva peligrosa,256
deaths covid 19,256
spain allow uk,256
allow uk tourists,256
uk tourists without,256
coronavirus live news,255
rally via nbcnews,254
us covid 19,253
tourists without quarantine,253
super spreader event,252
one million covid,252
people died today,251
coronavirus brazil becomes,251
covid19 positive cases,251
members coronavirus task,250
covid 19 venezuela,250
death toll rises,250
getting worse us,249
covid 19 related,249
covid 19 risk,248
brasil supera millón,248
coronavirus spain allow,248
testing positive covid,247
méxico supera 20,247
new cases confirmed,247
covid 19 trump,246
covid 19 updates,246
test covid 19,245
distance wash hands,245
task force advised,245
covid 19 may,245
spreading covid 19,244
casos confirmados coronavirus,244
government handling covid,243
nueva peligrosa fase,242
diagnosed covid 19,241
advised trump tulsa,241
one million coronavirus,241
testing positive coronavirus,240
june 19 2020,240
biggest single day,240
19 tracing tool,240
cdc coronavirus test,240
federal review confirms,240
daily coronavirus cases,239
please wear mask,238
pela covid 19,237
20 mil muertes,237
pandemic sign petition,237
wash hands often,236
force advised trump,236
treatment covid 19,235
19 pandemic sign,235
covid 19 mundo,234
causes covid 19,234
gov blames coronavirus,233
stay home much,233
total confirmed cases,233
control covid 19,233
au covid 19,233
cases past 24,233
delhi covid 19,233
dominó covid 19,233
likely contaminated federal,233
contaminated federal review,233
petition via ukchange,232
hacer efecto dominó,232
efecto dominó covid,232
trump staffers test,232
ahead rally via,232
covid 19 news,231
free covid 19,231
coronavirus impact economy,231
covid 19 trackers,230
tool appears smartphones,230
kits likely contaminated,230
world new dangerous,229
covid 19 tulsa,229
panamá hacer efecto,229
test kits likely,229
coronainfoch covid19 covid,228
spring training facilities,228
news greta thunberg,228
mortaza tests positive,228
keeping coronavirus bay,227
covid 19 tracker,227
went wrong uk,227
contract covid 19,227
covid 19 data,226
tracing tool appears,226
frente covid 19,225
countries keeping coronavirus,225
top members coronavirus,225
social distancing rule,225
hold public inquiry,225
bay experts watch,223
affected covid 19,223
donald trump campaign,223
coronavirus bay experts,222
staff test positive,222
florida gov blames,221
keep safe distance,221
covid 19 going,221
campaign rally months,221
covid 19 sign,221
public inquiry government,221
2019 covid 19,220
nhs test trace,220
inquiry government handling,220
experts watch case,219
stop covid 19,219
uk contact tracing,219
coronavirus went wrong,218
mashrafe mortaza tests,218
contagiados covid 19,217
coronavirus new covid,216
tulsa ahead rally,216
casos nuevos covid,215
05 03 2020,215
increase covid 19,214
trump covid 19,214
wrong uk contact,214
set tulsa rally,214
nuevos covid 19,213
covid 19 present,213
waste pickers delhi,213
pickers delhi covid,212
casos positivos coronavirus,211
supera millón casos,211
relief package informal,211
package informal waste,211
informal waste pickers,211
first time since,210
20 june 2020,210
19 sign petition,210
create relief package,210
safe distance wash,209
hands often cover,209
nuevos casos positivos,208
caso covid 19,208
667 new cases,208
getting covid 19,208
petition via changeorg_india,208
oklahoma tested positive,208
home much keep,207
much keep safe,207
often cover cough,207
severe covid 19,207
covid 19 outbreaks,207
million cases coronavirus,207
coronavirus cases florida,207
watch case numbers,206
says covid 19,206
trump advance team,206
amidst covid 19,205
20 mil muertos,204
trump campaign aides,204
wave covid 19,203
kasus covid 19,203
19 contact tracing,203
italy december 2019,203
people wearing masks,203
contre covid 19,203
170 485 casos,202
time covid 19,202
health minister arrested,202
disease 2019 covid,202
washington post see,201
navy upholds firing,201
got covid 19,201
nuevos casos covid19,201
get well soon,201
24 hours covid19,201
conclude within days,201
bbc news greta,201
wear face masks,200
arvind kejriwal create,200
kejriwal create relief,200
check iphone secretly,199
present italy december,199
people wear masks,199
rally covid 19,199
19 000 people,199
covid 19 hospital,199
taking total number,199
antiviral drug favipiravir,199
tulsa amid concerns,199
campaign aides tulsa,199
485 casos confirmados,198
trump tulsa advance,198
aides tulsa test,198
tulsa oklahoma tested,198
covid 19 new,197
coronavirus cases past,197
secretly coronavirus tracker,196
single day increase,196
employees test positive,196
day institutional quarantine,196
worldwide coronavirus cases,196
iphone secretly coronavirus,195
cases last 24,195
paciente covid 19,195
wear fucking mask,194
19 present italy,194
take covid 19,194
moderate covid 19,194
despite coronavirus fears,193
amid concerns coronavirus,193
rally months tulsa,193
usa northamerica cases,192
spike 14 516,192
review 2m social,192
prepares first campaign,192
months tulsa amid,192
campaign staffers tulsa,192
covid 19 could,191
covid 19 na,191
indicates covid 19,191
scam warning nhs,191
six trump staffers,191
gather tulsa rally,191
dangerous phase pandemic,190
news coronavirus covid19,190
cases one day,190
settings privacy health,190
sewage study indicates,190
closing spring training,190
six staff members,190
19 drug dcgi,189
daily cases increase,188
coronavirus scam warning,188
warning nhs test,188
phase coronavirus pandemic,187
reported today utc,187
today utc time,187
moment people died,187
rise coronavirus cases,187
trump prepares first,187
covid 19 recovery,186
contagios últimas 24,186
trump campaign rally,186
study indicates covid,186
concerns coronavirus violence,186
covid 19 today,185
tulsa rally despite,185
coronaviruspandemic covid19india coronavirus,185
coronavirus review 2m,185
new cases reported,184
recovered covid 19,183
global deaths due,183
day spike 14,183
tops million covid,182
people dying coronavirus,182
120 000 americans,181
second wave coronavirus,181
22 05 2020,181
rally despite coronavirus,181
states see coronavirus,180
positive coronavirus via,180
supera 20 mil,180
covid 19 safety,180
staff tested positive,180
mild moderate covid,180
hispanic workers via,179
sharing fake videos,179
fake videos make,179
50 mil mortos,179
tops million cases,179
dies covid 19,179
deaths due various,179
due various causes,179
coronavirus covid19 protests,177
donald trump rally,177
covid 19 tras,177
19 covid 19,176
videos make fake,176
20 000 muertes,176
saturday june 20,176
make fake news,175
covid 19 hit,175
health care workers,175
от covid 19,175
récord contagios coronavirus,174
ministério da saúde,174
mcenany sharing fake,174
believe covid 19,174
causa covid 19,174
news covid 19,174
covid 19 en,174
propagación covid 19,173
new confirmed cases,173
worst hit country,173
bmz_bund irish_aid sida,173
casos positivos covid19,172
record single day,172
irish_aid sida covid19,171
aumento casos coronavirus,171
combate covid 19,171
death clock truck,171
campaign team test,171
pandemic news coronavirus,170
died today patients,170
today patients critical,170
global pandemic news,169
global food crisis,169
terdampak covid 19,169
millón casos coronavirus,169
despite covid 19,169
tests food parcel,169
advance team tulsa,169
trump crowds gather,169
covid19 may trigger,168
may trigger global,168
trigger global food,168
ifad rural poor,168
rural poor stimulus,168
poor stimulus facility,168
stimulus facility peoplefoodplanet,168
confirmed coronavirus cases,168
various causes covid,168
mlb closing spring,168
trump holds rally,168
for covid 19,168
coronavirus death clock,168
saturday night rally,168
hi govnorway bmz_bund,167
govnorway bmz_bund irish_aid,167
sida covid19 may,167
coronavirus cases top,167
updated june 20,167
19 di indonesia,167
advance team tested,167
covid 19 hoy,166
player tests positive,166
covid 19 would,166
cases coronavirus spreads,166
el covid 19,166
covid 19 florida,166
coronavirus cases india,166
training facilities arizona,166
trump coronavirus death,166
covid 19 últimas,165
food crisis push,165
crisis push many,165
push many people,165
many people extreme,165
people extreme hunger,165
extreme hunger join,165
hunger join karinagould,165
canadadev fight hunger,165
fight hunger investing,165
hunger investing ifad,165
investing ifad rural,165
facilities arizona florida,165
donald trump crowds,165
since pandemic began,164
join karinagould canadadev,164
karinagould canadadev fight,164
total covid 19,164
covid 19 testi,164
19 trackers phones,164
señor presidente ivanduque,164
food parcel couriers,164
spike hispanic workers,164
covid 19 covid,163
stay at home,163
warns new dangerous,163
dying covid 19,163
number positive cases,163
test positive for,163
enters tulsa ahead,163
crowds gather tulsa,163
new york city,162
50 mil mortes,162
contracting covid 19,162
data covid 19,162
beijing tests food,162
ripped trying pin,162
pin covid 19,162
truck enters tulsa,162
personas covid 19,161
19 cases reported,161
coronavirus spreads inland,161
major league baseball,161
go settings google,161
record highs coronavirus,161
próximos días iva,161
clock truck enters,161
día iva colombia,160
nigeria records 667,160
covid 19 día,160
records 667 new,160
death covid 19,160
coronavirus corona covid19,160
trying pin covid,160
19 spike hispanic,160
staffers helping set,160
19 cases florida,159
highs coronavirus cases,159
cases end sight,159
governor ripped trying,159
presidente ivanduque por,159
ivanduque por favor,159
por favor complique,159
favor complique excluya,159
complique excluya bogotá,159
excluya bogotá próximos,159
bogotá próximos días,159
días iva alcaldesa,159
iva alcaldesa claudialopez,159
alcaldesa claudialopez declaró,159
claudialopez declaró abiertamente,159
declaró abiertamente incompetente,159
abiertamente incompetente asumir,159
incompetente asumir responsabilidad,159
says six staff,159
workers via nypost,158
one covid 19,158
19 death toll,158
wake covid 19,158
indiafightscorona stayhome staysafe,158
ahead rally live,158
night rally tulsa,158
20 mil 394,157
daily covid 19,157
due rising covid,157
coronavirus via youtube,157
rechaza tomar medidas,157
فيروس_كورونا_المستجد covid 19,157
florida governor ripped,157
working trump rally,157
tulsa trump rally,156
coronavirus sars cov,156
covid 19 total,156
covid 19 warning,156
patients mild moderate,156
imám nasser mohammad,156
mohammad al yemeni19,156
staffers tulsa test,156
says six staffers,156
staff members helping,156
members helping set,156
tiempos covid 19,155
covid 19 dan,155
experts alarmed signs,155
por covid 19,155
rule to conclude,155
to conclude within,155
tomar medidas adicionales,155
imam mahdi nasser,155
brasil superó millón,154
organización mundial salud,154
covid 19 world,154
first covid 19,154
us given fight,154
acosta mcenany sharing,153
day covid 19,153
alarmed signs us,153
reports highest single,153
covid 19 aeropuerto,153
14 516 new,153
coronavirus covid19 pandemic,152
brote covid 19,152
covid 19 like,152
signs us given,152
coronavirus cases end,152
20 jun 2020,152
covid19 cases reported,152
deaths last 24,152
distancing rule to,152
election mode people,152
mode people dying,152
dying coronavirus hunger,152
coronavirus hunger floods,152
hunger floods lightning,152
single day case,151
news times india,151
updates latest news,151
covid19 last days,151
parcel couriers coronavirus,151
medidas adicionales control,151
nitishkumar election mode,151
floods lightning kahahaibiharsarkar,151
millón casos covid,150
pruebas covid 19,150
enfermos covid 19,150
millón casos confirmados,150
go settings privacy,150
six staffers helping,150
second wave covid,149
case covid 19,149
settings google settings,149
covid 19 tally,149
gon na get,149
total number positive,149
lightning kahahaibiharsarkar _सरक,149
al yemeni19 05,149
yemeni19 05 2020,149
covid 19 people,148
10 000 people,148
apple closing stores,148
donate 125 ecoins,148
covid19 bot covid19,148
bot covid19 last,148
last days stats,148
cases trend15 jun,148
covid19india coronavirus indiafightscorona,148
coronavirus indiafightscorona stayhome,148
stoking culture war,148
time national crisis,148
tulsa braces trump,148
latest news analysis,148
story experts abroad,147
19 test results,147
mil muertes covid,147
free trial actionable,147
trial actionable data,147
actionable data insights,147
data insights nlg,147
insights nlg narratives,147
nlg narratives leading,147
narratives leading bi,147
leading bi providers,147
bi providers tableau,147
providers tableau powerbi,147
tableau powerbi qlik,147
powerbi qlik ai,147
qlik ai uipath,147
ai uipath microstrategy,147
uipath microstrategy resultsbi,147
microstrategy resultsbi tibco,147
resultsbi tibco excel,147
tibco excel covid19,147
19 aeropuerto barajas,147
19 últimas 24,146
phase covid 19,146
people died coronavirus,146
dos empresas españolas,146
cancel_exam2020 mdu haryana,146
thousands britons died,146
170 mil 485,145
000 people died,145
cases single day,145
reaches one million,145
stayhomestaysafe coronapandemic covid19,145
coronapandemic covid19 corona_in_haryana_students_not_safe,145
tests may provide,145
وفاة جديدة بـ,145
helping set tulsa,145
covid 19 hot,144
person contact coronavirus,144
prevent spread coronavirus,144
fighting covid 19,144
kasus positif covid,144
brazil reaches one,144
cases recording biggest,144
recording biggest single,144
cuánto duran anticuerpos,144
members test positive,144
lies damned lies,144
savelives stayhomestaysafe coronapandemic,144
early travel quarantine,144
travel quarantine release,144
person person contact,144
adicionales control covid,144
إجمالي عدد الحالات,144
إصابة 467 حالة,144
467 حالة جديدة,144
حالات وفاة جديدة,144
suspected covid 19,143
penularan covid 19,143
outbreak pandemic sars,143
week covid 19,143
day case jump,143
airport tests may,143
may provide early,143
provide early travel,143
national crisis cumm,143
crisis cumm ads,143
cumm ads suggests,143
ads suggests limiting,143
suggests limiting person,143
limiting person person,143
contact coronavirus beaten,143
coronavirus beaten play,143
beaten play safe,143
play safe play,143
safe play online,143
oms alerta pandemia,142
coronavirus cases surge,142
masks political issue,142
25 new cases,142
19 tracking app,142
covid 19 et,142
boris johnson stoking,142
johnson stoking culture,142
جديدة بـ فيروس_كورونا_المستجد,142
team tulsa test,142
see coronavirus infection,141
milhão casos covid,141
19 cases spike,141
covid 19 yang,141
24 hours total,141
covid 19 health,141
wear damn mask,141
duran anticuerpos coronavirus,141
20 06 20,141
tens thousands britons,141
sánchez rechaza tomar,141
536 حالة شفاء,141
believe jesus afraid,141
تأكيد إصابة 467,141
tras récord contagios,140
prevención covid 19,140
rate covid 19,140
coronavirus cases record,140
global covid 19,140
descubren cuánto duran,140
kalyan rojgar abhiyaan,140
stayalertsavelives savelives stayhomestaysafe,140
one responsibleno labs,140
responsibleno labs released,140
labs released covid,140
released covid 19no,140
covid 19no country,140
19no country accountablelet,140
