gram,counts
covid 19 pandemic,8449
covid 19 cases,4740
href rel nofollow,4189
true href rel,4116
rel nofollow twitter,3514
covid 19 crisis,3403
covid 19 patients,3193
coronavirus covid 19,3002
due covid 19,2984
fight covid 19,2591
covid 19 via,2508
nofollow twitter web,2446
covid 19 lockdown,2312
twitter web app,2112
covid 19 deaths,1952
positive covid 19,1929
casos covid 19,1877
bbc news coronavirus,1876
amid covid 19,1840
new covid 19,1681
covid 19 testing,1602
covid 19 outbreak,1578
towards cashless society,1547
covid 19 response,1448
stay at home,1437
covid 19 di,1359
covid 19 coronavirus,1340
cashless society know,1333
du covid 19,1324
coronavirus death toll,1305
तब _जम त_पर_गर,1303
cases covid 19,1293
_जम त_पर_गर व_ह,1271
covid 19 vaccine,1265
pandemia covid 19,1260
covid 19 death,1230
covid 19 test,1146
new york times,1126
amid coronavirus pandemic,1125
spread covid 19,1110
covid 19 briefing,1103
27 04 2020,1067
da covid 19,1038
pandemi covid 19,1022
april 27 2020,1020
response covid 19,1018
sign petition via,1004
new york city,1001
impact covid 19,992
erickson covid 19,978
new zealand claims,972
covid 19 relief,966
new coronavirus cases,951
dr erickson covid,942
covid 19 patient,937
covid 19 virus,934
covid 19 update,931
nofollow twitter android,908
coronavirus task force,896
at home order,832
covid 19 home,827
coronavirus live updates,813
tested positive covid,804
coronavirus new zealand,804
covid 19 situation,797
might covid 19,793
covid 19 covert,781
covert id heading,780
towards future cashless,780
future cashless society,780
id heading towards,780
19 covert id,780
heading towards future,780
society did know,780
cashless society did,780
impact might covid,768
claims community cases,763
19 home values,759
community cases lockdown,756
cases lockdown eases,752
zealand claims community,750
covid 19 vía,743
27 april 2020,735
post covid 19,723
últimas 24 horas,722
know jesus spoke,720
patients dies suicide,719
joins fight covid,712
died covid 19,709
nasa joins fight,708
society know jesus,690
know bible spoke,687
coronavirus boris johnson,684
positif covid 19,684
top doctor treated,662
petition via change,655
penyebaran covid 19,648
boris johnson says,648
society know bible,643
food supply chain,637
crisis covid 19,637
19 via nasa,629
covid 19 related,624
covid 19 positive,607
covid 19 symptoms,602
27 abril 2020,600
260 000 words,596
fighting covid 19,578
gt gt gt,577
covid 19 tests,574
virus covid 19,574
confirmed covid 19,572
covid 19 spread,560
000 words full,559
full self praise,558
words full self,555
coronavirus related condition,554
health care workers,552
cashless society hear,551
global coronavirus death,550
death toll could,550
covid 19 em,545
self praise trump,544
positivo covid 19,544
covid 19 amp,543
60 higher reported,537
toll could 60,529
could 60 higher,529
tested positive coronavirus,526
race coronavirus vaccine,520
lunes 27 abril,507
covid 19 restrictions,503
pacientes covid 19,500
last 24 hours,495
personal protective equipment,493
china amenaza australia,490
virus patients dies,484
treated virus patients,484
covid 19 case,482
test positive coronavirus,478
oxford group leaps,477
time covid 19,474
supply chain breaking,474
praise trump virus,471
may emerging children,469
confirmed cases covid19,469
group leaps ahead,469
doctor treated virus,468
number covid 19,464
contagios covid 19,464
covid 19 treatment,460
coronavirus vaccine oxford,458
vaccine oxford group,457
covid 19 could,457
com covid 19,456
crise du coronavirus,451
new cases coronavirus,450
white house coronavirus,447
recovered covid 19,446
new cases covid,439
moving towards cashless,438
treatment covid 19,438
update covid 19,438
covid 19 covid19,437
covid 19 impact,436
must read article,434
make extra money,433
moment maximum risk,432
make extra cash,431
extra cash home,430
closed 13 ways,429
ways students make,429
campuses closed 13,429
students make extra,429
quarantinelife campuses closed,429
extra money quarantinelife,429
online make extra,429
money quarantinelife campuses,429
13 ways students,429
covid19 workfromhome online,429
workfromhome online make,429
penanganan covid 19,425
covid 19 may,424
contre covid 19,424
nuevos casos coronavirus,424
age cashless society,423
digial age cashless,423
pressing towards cashless,420
tests positive covid,419
au covid 19,419
covid 19 ini,415
jesus spoke would,414
spoke book revelation,409
coronavirus response utterly,409
response utterly hypocritical,409
cashless society coronavirus,407
epoch times app,404
exclusive coronavirus coverage,404
boris johnson returns,403
coronavirus coverage daily,402
see exclusive coronavirus,402
coverage daily updates,402
times app see,402
first covid 19,402
app see exclusive,402
stay home stay,402
president donald trump,401
treat covid 19,401
uk coronavirus response,399
society covid 19,398
society physical cash,396
deaths covid 19,396
на covid 19,395
did know bible,392
get covid 19,392
battle covid 19,391
19 test kits,390
symptoms covid 19,390
world health organization,388
did know jesus,388
cashless society covid,385
coronavirus press conference,384
at home orders,384
utterly hypocritical says,382
si insiste investigar,381
says poverty expert,381
hypocritical says poverty,380
due coronavirus pandemic,378
coronavirus pandemic via,378
people covid 19,377
long term care,376
treating covid 19,375
covid 19 infection,374
direction cashless society,373
insiste investigar origen,371
monday april 27,371
test positive covid,370
new york cancels,369
covid 19 new,369
bible spoke would,369
irma eréndira sandoval,366
cure covid 19,364
alert coronavirus related,362
patients covid 19,361
die covid 19,361
hear jesus spoke,360
tested positive covid19,359
muertes covid 19,359
19 briefing via,359
dying covid 19,355
briefing via youtube,354
air crowded spaces,353
rare syndrome seen,352
hospitals get paid,351
nuevos casos covid,350
tests positive coronavirus,350
contact tracing app,349
germany covid 19,348
covid 19 world,346
home stay safe,345
trump covid 19,344
amid coronavirus outbreak,344
coronavirus disease 2019,344
covid 19 news,342
covid 19 updates,342
help save lives,341
news coronavirus new,340
hear bible spoke,339
confirmed coronavirus cases,338
new covid19 cases,336
000 covid 19,334
twitter web client,334
diamond amp silk,333
alert rare syndrome,333
covid 19 expert,331
new cases covid19,327
19 death toll,326
syndrome seen uk,325
stay home order,325
confirmados covid 19,324
boris johnson back,324
seen uk children,323
coronavirus alert rare,323
commits suicide shaken,322
amid coronavirus crisis,318
manhattan er doc,316
pm narendra modi,315
falsely accused starting,315
affected covid 19,315
since great depression,315
frente covid 19,315
covid19 โคว ด19,314
covid 19 dan,314
get back work,314
infected covid 19,314
coronavirus mortalité réanimation,312
inequality task force,312
us covid 19,312
covid 19 fight,312
racial inequality task,311
wabah covid 19,310
coronavirus racial inequality,309
evil guy crippling,308
babu manu foraprior,307
positivos covid 19,307
prior jorge babu,307
covid_19 prior jorge,307
jorge babu manu,307
manu foraprior david,307
david mike lindell,307
cdtv covid_19 prior,307
foraprior david mike,307
mike lindell made,307
covid cdtv covid_19,307
trump suho bizbizeyeteriz,307
suho bizbizeyeteriz covid,307
cases covid19 reported,306
guy crippling economy,305
suicide shaken coronavirus,304
says moment maximum,304
life turned upside,303
paycheck protection program,302
coronavirus via youtube,302
covid 19 infections,302
many evil guy,302
covid 19 covid,301
pandemic sign petition,301
amenaza australia boicotear,301
top manhattan er,301
johnson says moment,300
casos confirmados covid,300
त_पर_गर व_ह तब,300
lindell made pillow,300
व_ह तब _जम,299
19 pandemic sign,297
combatir covid 19,297
rapid test kits,296
ce est pas,296
test covid 19,295
slow spread covid19,295
related covid 19,295
deadly disease covid19,294
worldimmunisationweek help save,293
pruebas covid 19,293
bmz_bund norwaymfa swedishpm,293
gavi let defeatdiseasetogether,293
dfid_uk scottmorrisonmp bmz_bund,293
scottmorrisonmp bmz_bund norwaymfa,293
go back work,293
pasien covid 19,292
casos positivos coronavirus,292
johnson returns work,291
disease covid19 beyond,291
poverty deadly disease,291
role covid 19,291
equipment covid 19,291
protect extreme poverty,291
extreme poverty deadly,291
beaucoup plus forte,290
great depression economy,290
support gavi let,290
covid19 beyond worldimmunisationweek,290
beyond worldimmunisationweek help,290
norwaymfa swedishpm protect,290
sent ppe china,290
save lives pledging,290
highest unemployment since,290
swedishpm protect extreme,290
pledging support gavi,290
trump incompetence caused,290
lives pledging support,290
depression economy crash,289
โคว ด19 covid19,289
times cases country,289
jan feb golf,289
cases country today,289
economy crash highest,289
team sent ppe,289
china jan feb,289
near times cases,289
trump cut pandemic,289
golf times rallies,289
feb golf times,289
crash highest coronavirus,289
plus forte qu,289
caused highest unemployment,289
incompetence caused highest,289
unemployment since great,289
pandemic team sent,289
cut pandemic team,289
rallies trump incompetence,289
ppe china jan,289
times rallies trump,289
forte qu annoncée,288
2019 covid 19,288
bbc news mundo,287
society hear jesus,286
coronavirus stay at,286
réanimation beaucoup plus,286
covid 19 emergency,285
case covid 19,285
mortalité réanimation beaucoup,284
19 covid 19,284
covid 19 país,284
help slow spread,284
know covid 19,284
new possible symptoms,284
protective equipment covid,281
for many evil,281
related condition may,281
expert for many,281
covid 19 numbers,281
early weeks pandemic,280
condition may emerging,280
hospital administrators us,279
us physicians healthcare,279
current covid 19,279
physicians healthcare workers,279
article amp reuters,279
workers personal protective,279
administrators us physicians,279
heading towards cashless,279
healthcare workers personal,278
coronavirus front line,278
19 expert for,277
chain breaking tyson,277
spoke would happen,276
driving towards cashless,276
using covid 19,276
covid 19 data,276
spoke would unfold,275
dies covid 19,275
covid 19 méxico,273
covid 19 help,272
total confirmed cases,271
muertos covid 19,271
prime minister boris,270
become economy future,270
support covid 19,270
breaking tyson foods,268
possible covid 19,268
combat covid 19,267
coronavirus tracing app,267
covid 19 et,267
treated coronavirus patients,266
tested covid 19,266
minister boris johnson,265
society hear bible,265
lucha covid 19,265
terdampak covid 19,263
caso covid 19,263
death toll rises,263
coronavirus live news,261
democratic presidential primary,260
cancels presidential primary,260
reported free read,259
higher reported free,259
covid 19 even,259
small business loan,259
iii guerra mundial,258
new coronavirus related,258
like covid 19,258
kim jong un,258
since covid 19,257
sueños opio ex,255
covid 193 sueños,255
opio ex secretario,255
mundial covid 193,255
mentir mentir dejar,255
esgenocidionotorpeza crimendelesahumanidad iii,255
crimendelesahumanidad iii guerra,255
mentir dejar mentir,255
ex secretario estado,255
estado mentir mentir,255
193 sueños opio,255
secretario estado mentir,255
更新 東京都で新たに39人の感染を確認 coronavirus,255
guerra mundial covid,255
tried job killed,254
long painful death,252
become society future,252
says covid 19,251
task force briefing,251
daily covid 19,251
total covid 19,251
home covid 19,251
world covid 19,250
via namo app,250
head coronavirus racial,249
disease 2019 covid,249
doc commits suicide,249
er doc commits,249
attributed covid 19,249
australia boicotear consumo,249
doctor treated coronavirus,249
die long painful,249
91 new cases,248
2020 04 27,247
coronavirus contact tracing,247
covid 19 hospital,246
million covid 19,246
coronavirus patients dies,246
impacted covid 19,246
wife head coronavirus,245
covid 19 dengan,245
pola hidup bersihbersatu,244
calono suapbudayakan pola,244
kknno calono suapbudayakan,244
cegah covid19 rekrutmenpolri2020,244
hidup bersihbersatu cegah,244
anggota polri ta,244
suapbudayakan pola hidup,244
covid19 rekrutmenpolri2020 bersatucegahcovid19,244
ta 2020 gratisno,244
gratisno kknno calono,244
bersihbersatu cegah covid19,244
2020 gratisno kknno,244
rekrutmen anggota polri,244
polri ta 2020,244
covid 19 free,243
dr lorna breen,242
casos positivos covid,242
news covid 19,241
shaken coronavirus onslaught,241
new zealand says,241
patients critical condition,240
front line workers,240
play major role,239
qu annoncée france,239
covid 19 est,238
tiempos covid 19,238
latest covid 19,238
handling covid 19,238
19 via youtube,237
new york state,237
york city coronavirus,237
confirmed cases covid,237
covid 19 recovery,236
chinese communist party,236
petition extend transition,236
started wet market,235
possible symptoms coronavirus,235
symptoms daily even,234
self reporting symptoms,234
investigar origen coronavirus,233
sa covid 19,233
spread covid19 identify,233
identify risk cases,233
even feel well,233
risk cases sooner,233
cases sooner self,233
daily even feel,233
second wave coronavirus,233
covid19 identify risk,233
reporting symptoms daily,233
sooner self reporting,233
testing covid 19,232
spoke would occur,232
accused starting coronavirus,231
covid 19 like,231
feel well download,231
well download app,230
people died today,230
live president trump,229
number coronavirus cases,229
result covid 19,229
shelter in place,227
covid 19 quarantine,227
coronavirus lockdown via,227
job retention scheme,226
india play major,226
say covid 19,226
wie covid 19,226
read article coronavirus,226
sign petition extend,225
lingers air crowded,225
exclusive falsely accused,225
pm boris johnson,225
says tested positive,225
check hospitals get,225
city coronavirus lockdown,225
covid 19 people,225
mortes covid 19,224
amid coronavirus lockdown,224
people tested positive,224
please read coronavirus,224
take look covid19,223
covid19 positive cases,223
amp covid 19,223
fact check hospitals,223
covid 19 mundo,223
covid 19 na,222
corona covid 19,222
china covid 19,222
coronavirus disease covid,221
bill gates defends,221
nobel descubrir vih,221
coronavirus lingers air,220
murder burglary soars,220
coronavirus life turned,220
casos confirmados coronavirus,219
contagio covid 19,219
03 chance dying,219
15 mil 529,219
starting coronavirus life,219
major role covid,218
death covid 19,218
take look coronavirus,218
help covid 19,217
york cancels presidential,217
amidst covid 19,216
56 000 dead,216
fin contagios locales,215
soars new york,215
know jesus prophesied,215
rel nofollow tweetdeck,214
ganó premio nobel,214
pour lutter contre,214
burglary soars new,214
chinese covid 19,213
risk covid 19,213
premio nobel descubrir,213
updates covid 19,213
disease covid 19,212
time start opening,212
kasus covid 19,212
lundi 27 avril,212
global covid 19,212
china coronavirus response,212
know jesus foretold,211
coronavirus creado laboratorio,211
covid 19 hoax,211
message covid 19,211
da positivo covid,211
white house cancels,211
transmission covid 19,210
529 casos confirmados,210
ao covid 19,210
virólogo ganó premio,209
students hopes die,209
pasien positif covid,209
000 americans died,209
jesus spoke book,209
believe covid 19,208
read article covid19,208
stop dangerous water,207
know bible foretold,207
please read covid19,207
coronavirus nueva zelanda,207
coronavirus india play,207
news coronavirus covid19,207
urgent alert coronavirus,207
dangerous water shutoffs,207
work covid 19,206
coronavirus explained netflix,206
free covid 19,206
mass covid 19,205
stockpile crucial ppe,205
total number cases,205
27 04 20,204
effects covid 19,204
society coronavirus bible,204
failed stockpile crucial,204
coronavirus job retention,203
say time start,203
front line say,203
society coronavirus jesus,203
64 new cases,202
legal action governors,202
governors stop dangerous,202
descubrir vih aseguró,202
worked coronavirus front,202
water shutoffs coronavirus,202
uk failed stockpile,201
poner fin contagios,201
congress governors stop,201
cradvocacy tell congress,201
presidential primary coronavirus,201
tell congress governors,201
even covid 19,201
il covid 19,201
shutoffs coronavirus pandemic,201
covid 19 будут,200
covid 19 corona,200
jesus spoke bible,200
bible spoke book,200
line say time,200
join cradvocacy tell,200
coronavirus uk failed,200
bible spoke bible,199
covid19 pandemic nothing,199
batalla covid 19,199
shift emergency covid19,199
nothing mask meagre,198
global coronavirus cases,198
emergency covid19 pandemic,198
covid 19 would,198
covid 19 dies,198
response coronavirus outbreak,197
coronavirus onslaught via,197
also worth risking,197
covid 19 really,197
noble profession doubt,197
news mundo coronavirus,197
despite covid 19,197
still 12 hr,197
pandemic nothing mask,197
know bible prophesied,197
may linked coronavirus,196
the covid 19,196
covid 19 yang,196
hi covid 19,196
worth risking health,196
the food supply,195
onslaught via nypmetro,195
leader north carolina,195
fallecidos covid 19,195
national alert coronavirus,194
new york hospitals,194
covid 19 jesus,194
loss taste smell,194
anti lockdown protests,193
di tengah pandemi,192
tyson foods warns,192
19 di indonesia,192
rejects apple google,192
covid 19 bible,192
получать стимулирующие выплаты,191
could covid 19,191
ministério da saúde,191
cruel wet markets,191
крови антителами на,191
доноры крови антителами,191
19 будут получать,191
whose covid 19,191
новинку доноры крови,191
orders legal action,191
coronavirus social distancing,191
будут получать стимулирующие,191
антителами на covid,191
nuevas muertes coronavirus,191
ne sont pas,191
covid 19 epidemic,191
end covid 19,191
городскую новинку доноры,191
handling coronavirus crisis,190
deaths soared early,190
pandemics including covid19,190
including covid19 originated,190
many pandemics including,190
far exceeding number,190
exceeding number attributed,190
gates defends china,190
covid19 originated cruel,190
believe many pandemics,190
scientists believe many,190
15 529 casos,190
soared early weeks,190
considera eliminada pandemia,190
foretold event believe,189
covid 19 sign,189
weeks pandemic far,189
originated cruel wet,189
02 covidー19 coronavirus,189
pandemic far exceeding,189
covid 19 stimulus,189
front lines coronavirus,188
governors whose covid,188
deaths per million,188
social distancing rules,188
corona coronavirus covid19,188
cdc adds new,188
nuevo coronavirus creado,188
bill gates praises,188
от covid 19,188
barr orders legal,188
stayhomesafelives buy song,187
let us know,187
believeyourpossibilities stayhomesafelives buy,187
survive covid 19,187
apple google coronavirus,187
homeofpossibilities believeyourpossibilities stayhomesafelives,187
co uk fantasticradiouk,187
uk fantasticradiouk homeofpossibilities,187
gates praises china,187
fantasticradiouk homeofpossibilities believeyourpossibilities,187
0208 90 2121,187
fantasticradio co uk,187
lives daily talk,187
defends china coronavirus,187
new cases single,187
2121 hello fantasticradio,187
hello fantasticradio co,187
90 2121 hello,187
covid 19 research,186
face au coronavirus,186
please stay home,186
uk covid 19,186
pandemic news coronavirus,186
negative covid 19,186
doctor treating covid,186
vacuna covid 19,186
action governors whose,186
covid 19 brasil,185
aseguró nuevo coronavirus,185
combate covid 19,185
新型コロナウイルス 国内感染の状況 東洋経済オンライン,185
global pandemic news,185
covid 19 actions,185
johns hopkins university,185
vih aseguró nuevo,185
top story coronavirus,184
dozen classified briefings,184
towards society physical,184
rise children new,184
coronavirus covid19 covid_19,184
number attributed covid,183
talk us 0208,183
adding value lives,183
children new illness,183
stayhome staysafe covid19,183
amid coronavirus concerns,183
daily talk us,183
nueva zelanda considera,183
blasio appoints wife,183
covid 19 lockdowns,183
covid 19 social,183
value lives daily,183
us 0208 90,183
chief medical officer,182
appoints wife head,182
coronavirus antibody tests,182
warns rise children,182
letslovesuho trump suho,181
take covid 19,181
pandemia poner fin,181
bizbizeyeteriz covid self_portrait,181
persebaran covid 19,181
pillow letslovesuho trump,181
covid 19 cuba,181
telling students hopes,181
cases new deaths,181
covid19 contest novadairy,181
covid self_portrait covid19,181
issue urgent alert,180
2020 covid 19,180
eliminada pandemia poner,180
cancels democratic presidential,180
hopes die coronavirus,180
doctors issue urgent,180
called covid 19,180
covid 19 victims,179
top doctor treating,179
confirmed covid19 cases,179
people died coronavirus,179
linked health problems,179
covid 19 antibody,179
next covid 19,179
please help us,179
illness may linked,179
wuhan lab suspected,179
new illness may,179
coronavirus linked health,178
19 death rates,178
covid 19 plan,178
covid 19 get,178
related condition children,177
une relance verte,177
26 04 2020,177
made pillow letslovesuho,177
problems may emerging,177
covid 19 business,177
press conference white,177
health problems may,177
past 24 hours,177
19 actions infringe,177
infringe civil rights,176
alert coronavirus linked,176
nhs warns rise,176
uk doctors issue,175
per million population,175
covid 19 briefings,175
19 briefing pt,175
eliminated new zealand,175
_त _लहर एग,174
new cases confirmed,174
27 avril 2020,174
covid 19 still,174
figure mai 68,174
19 sign petition,174
prophesied event believe,174
severe covid 19,174
pandemic covid19 coronavirus,174
news coronavirus boris,174
long time ago,174
face covid 19,174
covid 19 real,174
italy pm outlines,174
भगव _त _लहर,174
urgent coronavirus press,173
zelanda considera eliminada,173
president trump urgent,173
warns meat shortage,173
caused covid 19,173
trump urgent coronavirus,173
outlines lockdown easing,173
covid19 covid 19,172
covid 19 global,172
000 coronavirus tests,172
coronavirus new cases,172
crise du covid19,172
prevent covid 19,172
covid 19 health,172
pm outlines lockdown,171
coronavirus outbreak via,171
coronavirus sars cov,171
covid 19 time,171
killed top doctor,171
pandemien wie covid,171
lockdown easing measures,171
actions infringe civil,170
covid 19 tracking,170
covid 19 confirmed,170
mil 529 casos,170
news cuts ties,170
lockdown reduces ocean,169
symptoms coronavirus cdc,169
back downing street,169
official coronavirus death,169
propagación covid 19,169
job killed top,169
million australians download,169
vaccine covid 19,169
consumo vino si,169
boicotear consumo vino,169
immunity covid 19,169
covid 19 não,169
secretary sonny perdue,169
of covid 19,168
putus persebaran covid,168
reduces ocean noise,168
silence golden whales,168
secretaria función pública,168
secret group scientists,168
linked covid 19,168
origins covid 19,168
abc news via,168
coronavirus death rate,168
19 dies suicide,168
19 help hub,168
group scientists billionaires,167
covid 19 slaughter,167
usda secretary sonny,167
slaughter immediately sign,167
public school teacher,167
stop mass covid,167
administrator kevin shea,167
booker nj usda,167
usda administrator kevin,167
cory booker nj,167
sonny perdue aphis,167
nj usda secretary,167
vonderleyen ep_president charlesmichel,167
shea ceo stop,167
senator cory booker,167
bonne santé il,167
coronavirus italy pm,167
ep_president charlesmichel timmermanseu,167
19 slaughter immediately,167
kevin shea ceo,167
ceo stop mass,167
charlesmichel timmermanseu pcanfin,166
golden whales lockdown,166
gens bonne santé,166
download epoch times,166
planète bonne santé,166
fox news cuts,166
million coronavirus cases,166
covid 19 contact,166
covid 19 task,166
minister narendra modi,166
doctor front lines,166
she tried job,166
ng covid 19,166
whales lockdown reduces,166
rate covid 19,165
think covid 19,165
covid 19 india,165
protests tests positive,165
orders us attorneys,165
news boris johnson,165
zealand claims elimination,165
plants close due,165
help fight covid,165
india covid 19,165
covid19 coronavirus pandemic,165
exclusive national alert,165
painful death coronavirus,165
regarding covid 19,165
prime minister narendra,164
