gram,counts
covid 19 cases,8214
positive covid 19,6273
donald trump jr,4964
tests positive coronavirus,4465
covid 19 pandemic,4219
trump jr girlfriend,3970
new covid 19,3098
casos covid 19,2741
tests positive covid,2732
guilfoyle donald trump,2486
new coronavirus cases,2432
kimberly guilfoyle donald,2418
trump campaign official,2211
covid 19 patients,1869
due covid 19,1828
girlfriend tests positive,1670
covid 19 vaccine,1620
tested positive coronavirus,1619
jr girlfriend tests,1568
top trump campaign,1560
official tests positive,1478
campaign official tests,1471
jr girlfriend top,1454
white house readies,1449
house readies new,1449
we need live,1422
coronavirus covid 19,1419
girlfriend top trump,1404
test positive covid,1329
cases covid 19,1277
covid 19 test,1256
covid 19 deaths,1253
tested positive covid,1240
positivo covid 19,1218
_छ र_ज _र,1203
र_ज _र जस,1203
bbc news coronavirus,1201
readies new message,1148
new message nation,1142
amid covid 19,1134
covid 19 via,1109
live white house,1105
message nation coronavirus,1105
need live white,1090
últimas 24 horas,1077
covid 19 crisis,1043
spread covid 19,1043
covid 19 di,1023
chinese communist party,1002
guilfoyle tests positive,924
new york times,910
communist party needs,907
navarro chinese communist,900
kimberly guilfoyle top,890
happy 4th july,870
peter navarro chinese,865
top fund raising,864
needs come clean,864
fund raising official,863
party needs come,863
come clean coronavirus,863
covid 19 virus,859
raising official trump,845
girlfriend donald trump,838
mount rushmore speech,837
covid 19 positive,831
official trump campaign,831
da covid 19,829
trump campaign tests,790
campaign tests positive,789
guilfoyle top fund,786
last 24 hours,785
kimberly guilfoyle trump,781
covid 19 outbreak,779
divisive culture war,770
covid 19 death,769
culture war message,753
kimberly guilfoyle tests,751
nuevos casos coronavirus,716
guilfoyle trump campaign,709
campaign official girlfriend,707
test positive coronavirus,700
deliver divisive culture,694
uses mount rushmore,691
speech deliver divisive,691
contagios covid 19,689
secret service agents,688
rushmore speech deliver,686
jr tests positive,680
pandemia covid 19,678
nuevos casos covid,674
global coronavirus cases,673
covid 19 testing,668
trump uses mount,662
covid 19 coronavirus,660
impact covid 19,652
trump jr tests,652
died covid 19,629
highest single day,622
get covid 19,618
new covid19 cases,617
covid 19 tests,610
covid 19 lockdown,609
coronavirus cases rise,601
200 000 people,600
covid 19 infections,586
covid 19 spread,571
whitehouse realdonaldtrump flotus,563
covid 19 em,562
tested positive covid19,548
single day spike,545
muertes covid 19,544
000 covid 19,543
girlfriend kimberly guilfoyle,543
world health organization,542
coronavirus patients study,536
positivos covid 19,532
official girlfriend donald,530
study shows trump,516
covid 19 case,505
pandemi covid 19,500
save coronavirus patients,498
japan mysteriously low,498
helped save coronavirus,496
new cases covid,495
fight covid 19,495
patients study shows,493
low virus death,493
virus death rate,492
mysteriously low virus,491
covid 19 response,490
shows trump campaign,489
trump campaign hails,489
campaign hails fantastic,488
hails fantastic news,487
hydroxychloroquine helped save,484
jr girlfriend kimberly,484
done better job,481
11 458 new,479
coronavirus japan mysteriously,477
florida reports 11,473
04 07 2020,471
000 new coronavirus,469
coronavirus live updates,468
vacuna covid 19,466
post covid 19,455
handling covid 19,453
200 000 personas,450
reports 11 000,448
covid 19 patient,446
200 000 personnes,445
covid 19 update,443
would done better,430
positif covid 19,429
black lives matter,428
50 000 new,423
cases single day,418
covid 19 relief,416
losing fear coronavirus,416
pacientes covid 19,414
calling covid 19,414
negative covid 19,412
spike coronavirus cases,411
record 11 458,411
covid 19 covid19,410
californians losing fear,410
new cases coronavirus,409
covid 19 amp,405
dies covid 19,403
covid 19 impact,400
die covid 19,398
11 000 new,397
number covid 19,395
know covid 19,392
casos positivos covid,392
india mitega india,387
000 new cases,381
covid 19 situation,381
covid 19 inquiry,376
help slow spread,376
disabled people calling,374
nation coronavirus see,373
girlfriend tested positive,373
covid 19 infection,371
people calling covid,371
response covid 19,370
000 new covid,367
amid coronavirus pandemic,362
sign petition via,361
com covid 19,360
confirmed covid 19,359
covid 19 still,358
rfid microchip mark,358
slow spread covid19,358
microchip mark beast,357
happy independence day,354
coronavirus disabled people,354
mitega india mitega,351
130 000 americans,345
coronavirus cases surge,342
one died coronavirus,339
coronavirus covid19 sarscov2,338
masks social distancing,338
entertain empower educate,338
empower educate talk,338
0208 090 2121,338
090 2121 hello,338
2121 hello fantasticradio,338
hello fantasticradio co,338
fantasticradio co uk,338
co uk fantasticradiouk,338
uk fantasticradiouk homeofpossibilities,338
fantasticradiouk homeofpossibilities believeyourpossibilities,338
homeofpossibilities believeyourpossibilities stayhomesafelives,338
get well soon,337
single day record,337
believeyourpossibilities stayhomesafelives buy,336
stayhomesafelives buy song,336
coronavirus cases spike,335
public housing towers,334
educate talk us,333
talk us 0208,333
us 0208 090,333
kimberly guilfoyle girlfriend,333
final year student,333
covid 19 través,332
covid 19 hoax,331
least secret service,329
president donald trump,329
covid 19 messaging,328
new coronavirus infections,328
got covid 19,327
trump mount rushmore,326
covid 19 treatment,326
virus covid 19,325
henry ford health,324
fallecidos covid 19,323
quarantine free list,320
tested covid 19,318
readies new covid,318
messaging we need,318
people covid 19,317
service agents stuck,317
19 death rate,316
agents stuck phoenix,316
19 messaging we,315
stuck phoenix coronavirus,314
covid19 sarscov2 forecast,312
population coronavirus covid19,311
self reporting symptoms,311
even feel well,310
000 coronavirus cases,310
du covid 19,308
reporting symptoms daily,308
symptoms daily even,307
daily even feel,307
infected covid 19,306
spread covid19 identify,306
promote university final,306
university final year,306
need live nbc,306
havoc wreaked coronavirus,305
wreaked coronavirus another,305
coronavirus another danger,305
covid19 identify risk,305
identify risk cases,305
risk cases sooner,305
cases sooner self,305
sooner self reporting,305
another danger ve,304
live nbc news,304
phoenix coronavirus pence,303
coronavirus pence trip,303
hairdressers reopen england,303
death population coronavirus,302
danger ve forgotten,302
covid 19 numbers,302
covid 19 stay,302
workers draw paychecks,302
american workers scrounge,302
feel well download,301
well download app,301
third straight day,301
new death population,300
amid havoc wreaked,300
264 nuevos casos,300
draw paychecks american,300
paychecks american workers,300
workers scrounge food,300
cashless society know,299
european workers draw,299
nbc news reports,299
gt gt gt,298
dio positivo coronavirus,298
stay home much,296
july 04 2020,295
spreading covid 19,294
19 cases single,291
pubs restaurants hairdressers,291
covid 19 hospital,291
coronavirus uk government,290
uk government quarantine,290
wash hands often,289
government quarantine free,289
free list absurd,289
miami dade broward,289
spike covid 19,288
fourth july weekend,287
guilfoyle tested positive,286
live covid 19,285
franklin_graham realdonaldtrump thehermancain,285
contagio covid 19,284
108 new coronavirus,284
china never reported,282
19 cases surge,282
first covid 19,281
ebonyi state governor,281
hidden meaning behind,280
covid 19 vía,280
epoch times app,279
story we need,279
times app see,278
app see exclusive,278
coverage daily updates,278
test covid 19,278
distance wash hands,277
rise coronavirus cases,277
testing positive covid,276
exclusive coronavirus coverage,275
deaths covid 19,274
see exclusive coronavirus,274
coronavirus coverage daily,274
covid 19 restrictions,273
top story we,273
please wear mask,272
despite covid 19,272
meaning behind calculating,271
caso covid 19,271
coronavirus abc news,271
like covid 19,269
covid 19 país,268
study finds hydroxychloroquine,267
players test positive,266
cases third straight,264
canada crushed curve,263
confirmados covid 19,262
global covid 19,262
11 000 covid,262
coronavirus cases rising,261
positive coronavirus abc,261
number coronavirus cases,261
us covid 19,260
protect covid 19,260
covid 19 real,259
curve us struggles,258
total number cases,258
quelque 200 000,258
covid 19 symptoms,257
19 cases rise,257
testing positive coronavirus,257
must read article,256
covid 19 fears,255
nine public housing,255
covid 19 venezuela,254
covid 19 related,254
crushed curve us,253
covid 19 concerns,252
governor dave umahi,252
000 people coronavirus,252
restaurants hairdressers reopen,251
covid 19 méxico,250
abc news via,250
umahi tests positive,250
penanganan covid 19,249
coronavirus cases hit,247
hospitalized covid 19,247
guilfoyle girlfriend donald,245
positive coronavirus cnnpolitics,245
news via abc,244
positive coronavirus via,244
catch covid 19,242
crisis covid 19,242
mount rushmore trip,241
wear damn mask,241
covid 19 could,241
covid 19 risks,241
_र जस _छ,241
जस _छ र_ज,241
covid 19 data,240
please read thread,239
coronavirus death toll,239
happy fourth july,239
kimberly guilfoyle tested,239
cases rise 11,238
mortes covid 19,238
nation coronavirus via,238
keep safe distance,238
pub trip raised,238
rushmore trip highlights,237
trip highlights disconnect,237
combate covid 19,237
due coronavirus pandemic,237
getting covid 19,236
spain locks area,236
nigel farage pub,236
covid 19 updates,235
farage pub trip,235
rise 11 million,234
coronavirus via nbcnews,234
contract covid 19,234
covid 19 spike,234
cases last 24,234
covid 19 brasil,233
nuevos casos positivos,233
coronavirus nigel farage,233
highlights disconnect virus,232
disconnect virus surge,232
da positivo covid,231
de covid 19,231
kim jong un,230
citing covid 19,230
muertos covid 19,230
new cases confirmed,229
wear fucking mask,229
covid 19 drug,229
sir please promote,228
trip raised kent,228
cases one day,227
covid 19 south,227
stay people adapt,226
year student covid19,226
record covid 19,225
dio positivo covid,224
think covid 19,224
jr girlfriend tested,224
raised kent police,224
daily covid 19,223
severe respiratory cardiovascular,222
casos confirmados covid,221
got covid19 march,221
months severe respiratory,221
covid 19 would,221
jr tested positive,221
hey got covid19,220
fourth july coronavirus,220
penyebaran covid 19,220
em 24 horas,219
covid19 march sick,219
march sick months,219
sick months severe,219
19 stay people,219
wife test positive,218
respiratory cardiovascular amp,218
22 771 new,218
towards cashless society,217
coronavirus disease 2019,216
risk covid 19,216
29 mil 843,215
danioliver hey got,215
staff test positive,214
covid 19 economy,212
actforamerica realdonaldtrump flotus,212
coronavirus pubs restaurants,211
251 casos confirmados,210
mexico closes border,210
pasien covid 19,209
rise covid 19,209
covid19 positive cases,209
china next week,209
dying covid 19,208
petition via ukchange,208
cas covid 19,207
от covid 19,207
practice social distancing,207
catalogne confine quelque,207
confine quelque 200,207
safe distance wash,205
au covid 19,205
day spike 22,205
spike 22 771,205
covid 19 news,204
rate covid 19,204
realdonaldtrump covid 19,203
state governor dave,203
helped coronavirus patients,202
terdampak covid 19,202
since covid 19,201
covid 19 new,201
2019 covid 19,201
home much keep,201
much keep safe,201
hands often cover,201
often cover cough,201
ford health system,201
covid 19 us,200
covid 19 surge,200
casos positivos coronavirus,200
covid 19 complications,200
us border arizona,199
first nascar driver,199
trump covid 19,199
past 24 hours,199
way live covid,198
total confirmed cases,198
closes us border,197
confina 200 000,197
david price opts,197
kasus covid 19,196
mexico closes us,196
closes border arizona,196
patients covid 19,196
19 south dakota,196
covid 19 china,196
kimberly guilfoyle coronavirus,196
please sir promote,196
fears emotional impact,196
concienciaciudadanapreventiva gnboficial fabiozavarsep,196
covid 19 may,195
admits china never,195
border arizona stop,195
stop july 4th,195
july 4th visitors,195
coronavirus south dakota,195
ugc please sir,195
essex head fears,195
head fears emotional,195
emotional impact covid,195
gnbcentinelasdepaz concienciaciudadanapreventiva gnboficial,195
arizona stop july,194
4th visitors citing,194
mt rushmore event,194
all time high,194
state health department,194
recovers covid 19,194
one school 25,194
school 25 bereavements,194
visitors citing covid,193
covid 19 like,193
new cases reported,193
covid 19 winning,193
25 bereavements essex,193
bereavements essex head,193
4jul fanb gnbcentinelasdepaz,193
fanb gnbcentinelasdepaz concienciaciudadanapreventiva,193
inject cats coronavirus,192
245 251 casos,192
covid 19 going,192
da positivo coronavirus,192
210 000 people,192
area 210 000,192
winning donald trump,192
19 death toll,191
update covid 19,191
trump jr tested,191
virus surge see,190
daily cases increase,189
pruebas covid 19,189
take covid 19,189
mt rushmore rally,189
sir promote university,189
catalonia locks area,188
การ เย สผ,188
เย สผ วก,188
สผ วก บม,188
วก บม วกล,188
reported today utc,187
today utc time,187
government handling covid,187
government rajasthan requested,187
due coronavirus epidemic,187
coronavirus epidemic interest,187
rajasthan requested cancel,186
requested cancel examination,186
cancel examination collage,186
examination collage due,186
collage due coronavirus,186
epidemic interest students,186
interest students promote,186
130 000 dead,185
2020 07 04,185
covid19 disappear yet,185
disappear yet 132k,185
locks tower blocks,185
daily voice coronavirus,185
forgotten jonathan freedland,184
coronaupdatesinindia coronavirusupdates covid19india,184
fraud uncovered cdc,184
disease 2019 covid,184
19 pandemic covid19,184
coronaviruspandemic covid19india coronavirus,184
melbourne locks tower,184
locks area 210,184
covid19 dashboard india,183
dashboard india coronaupdatesinindia,183
india coronaupdatesinindia coronavirusupdates,183
coronavirusupdates covid19india coronaupdates,183
covid19india coronaupdates coronavirus,183
coronaupdates coronavirus coronaviruspandemic,183
covid 19 corona,183
proof rfid microchip,183
death row inmates,183
eu coronavirus vaccine,183
hiv drugs covid,183
ve forgotten jonathan,182
pela covid 19,182
mark beast hidden,182
beast hidden meaning,182
covid 19 protocols,182
tests positive covid19,182
coronavirus russia bounty,182
spain catalonia locks,182
19 winning donald,182
lowers covid 19,181
wear mask stay,181
covid 19 día,181
19 test results,181
590 nuevos casos,181
coronavirus australia melbourne,181
australia melbourne locks,181
tower blocks cases,181
dopeydon saturday follies,181
saturday follies continues,181
follies continues lie,181
continues lie mislead,181
lie mislead deceive,181
mislead deceive coronavirus,181
deceive coronavirus russia,181
russia bounty mueller,181
bounty mueller report,181
mueller report china,181
report china protests,181
china protests etc,181
protests etc covid19,181
etc covid19 disappear,181
trumpresignnow trump derelictionofduty,181
hydroxychloroquine helped coronavirus,180
covid 19 world,180
novia donald trump,180
coronavirus spain catalonia,180
voice coronavirus response,180
amp covid 19,179
coronavirus patients survive,179
ani covid19 dashboard,179
behind calculating 666,179
confirmed coronavirus cases,179
long term effects,179
inquiry government handling,179
hydroxychloroquine lopinavir ritonavir,179
trump steps back,179
245 mil 251,178
nuevos casos covid19,178
puts 200 000,178
scientists inject cats,177
reactions china coronavirus,177
china coronavirus sham,177
garbage data hidden,177
lockdown covid 19,177
erictrump realdonaldtrump laraleatrump,177
coronavirus positivity rate,177
hold public inquiry,177
blocks cases rise,177
458 new covid,177
covid 19 na,176
454 new cases,176
coronavirus sham garbage,176
sham garbage data,176
wanted pass along,176
new cases covid19,176
03 07 2020,175
know democrat deep,175
democrat deep state,175
deep state reactions,175
state reactions china,175
data hidden joe,175
hidden joe biden,175
risks everyday lives,175
covid 19 diagnosis,175
2020 mlb season,175
deal covid 19,174
finds hydroxychloroquine helped,174
time covid 19,174
better job handling,174
public inquiry government,174
latest covid 19,174
south dakota ahead,174
tests covid 19,173
covid19 coronavirus pandemic,173
nuevos covid 19,173
joe biden failing,173
trump derelictionofduty benedictdonald,173
jimmie johnson tests,172
19 covid 19,172
students promote them,172
casos nuevos covid,171
johnson tests positive,171
vaccine august 15,171
news covid 19,171
covid 19 covid,171
dontturnprisonsintograveyard coronavirus coronapandemic,171
people wear masks,170
covid 19 safety,170
covid19 sign petition,170
130 000 deaths,170
killing cats covid,169
coronavirus task force,169
never reported coronavirus,169
prueba covid 19,169
rebrote covid 19,169
coronavirus cases third,169
exclusive know democrat,168
news coronavirus japan,168
contagiados covid 19,168
news coronavirus disabled,168
31 mlb players,167
gathering superspreader event,167
control covid 19,167
covid 19 spreading,167
covid 19 outbreaks,167
recorte 15 000,167
15 000 sanitarios,167
000 sanitarios enero,167
sanitarios enero 000,167
enero 000 febrero,167
000 febrero plena,167
febrero plena alarma,167
makes gathering superspreader,166
arizona coronavirus cases,166
reports 50 000,166
4th july 2020,166
far left fascism,166
permitió recorte 15,166
residents shelter place,166
coronavirus virus wuhan,166
cats covid scientists,165
causes covid 19,165
world health organisation,165
victoria records 108,165
covid 19 advice,165
spain puts 200,165
coronainfoch covid19 corona,165
patients survive better,164
plena alarma coronavirus,164
next week investigate,164
records 108 new,164
covid 19 mundo,163
new york city,163
mount rushmore event,163
coronavirus cases reached,163
cases reached 11,163
counties urge residents,163
hospitals reach capacity,163
casos confirmados coronavirus,162
novos casos covid,162
covid 19 recovery,162
job handling coronavirus,162
border arizona coronavirus,162
treat covid 19,162
000 americans died,162
reached 11 million,162
drugs covid 19,162
conveyor belt system,161
case covid 19,161
increase covid 19,161
covid 19 guidelines,161
sánchez permitió recorte,161
season amid covid,161
food taking hiv,161
mask social distance,160
white house coronavirus,160
herman cain hospitalized,160
positive coronavirus reports,160
lack food taking,160
taking hiv drugs,160
urge residents shelter,160
shelter place hospitals,160
hidroxicloroquina lopinavir ritonavir,160
broward county reach,160
sushi adapts conveyor,159
adapts conveyor belt,159
safe covid 19,159
fighting covid 19,159
us reports 50,159
look coronavirus pandemic,159
positive coronavirus south,159
kim guilfoyle tests,159
indiafightscorona stayhome staysafe,159
thinking starting business,159
place hospitals reach,159
stay home make,158
covid 19 trump,158
coronavirus cases countries,158
covid 19 risk,158
cases new deaths,158
ee uu registra,158
covid 19 close,158
starting business going,158
business going self,158
going self employed,158
self employed watch,158
employed watch latest,158
watch latest webinar,158
latest webinar discuss,158
webinar discuss options,158
discuss options available,158
options available well,158
available well look,158
well look coronavirus,158
county reach record,158
best way protect,157
says covid 19,157
coronavirus makes gathering,157
cases countries surge,157
causa covid 19,157
pandemic covid19 sign,157
19 cases deaths,157
covid 19 got,157
mlb season amid,157
10 000 worth,156
make people sicker,156
dakota ahead president,156
reach record high,156
identify natural source,156
lockdown ease losing,155
ease losing job,155
losing job worry,155
job worry stay,155
worry stay home,155
home make 10,155
make 10 000,155
000 worth btc,155
worth btc wallet,155
btc wallet referral,155
wallet referral need,155
referral need message,155
need message information,155
message information covid19,155
information covid19 forextrading,155
covid19 forextrading crypto,155
forextrading crypto cryptocurrencies,155
crypto cryptocurrencies btc,155
make america great,155
united states coronavirus,155
mask wash hands,155
000 americans dead,155
ahead president event,155
positivity rate miami,155
rate miami dade,155
dade broward county,155
price opts 2020,155
usa northamerica cases,154
massive cdc fraud,154
read whole thread,154
confirmed cases covid,154
covid 19 fight,154
alle änderungen auf,154
florida reports 14,154
reports 14 percent,154
tax payer dollars,153
cdc fraud uncovered,153
19 vaccine trial,153
da terra indígena,153
terra indígena yanomami,153
contracted covid 19,153
florida covid 19,153
says first alerted,153
coronavirus floats air,153
scientific community unable,153
ser origen coronavirus,153
14 percent coronavirus,153
society know jesus,152
alex berenson rise,152
coronavirus espagne catalogne,152
espagne catalogne confine,152
packed mt rushmore,152
exhaustive investigative work,152
unable identify natural,152
florida breaks record,152
percent coronavirus positivity,152
federal funded tax,151
funded tax payer,151
payer dollars pay,151
country like business,151
sábado julio 2020,151
work scientific community,151
top story trump,151
sex workers lack,151
workers lack food,151
floats air aerosol,151
opts 2020 mlb,151
2020 covid 19,150
coronavirus cases skyrocket,150
recovered covid 19,150
cases miami dade,150
story trump mount,150
buried covid 19,150
advice packed mt,150
six months exhaustive,150
investigative work scientific,150
community unable identify,150
natural source china,150
por covid 19,150
coronavirus best way,149
health care workers,149
president event report,149
promote them _छ,149
them _छ र_ज,149
19 advice packed,149
months exhaustive investigative,149
11 400 new,149
españa ser origen,149
treatment covid 19,148
please stay safe,148
covid 19 control,148
outbreak pandemic sars,148
johns hopkins university,148
19 cases reported,148
news coronavirus covid19,148
covid19 last days,148
coronavirus indiafightscorona stayhome,148
visit china next,148
coronavirus coronapandemic covid19,148
north korea coronavirus,148
dave umahi tests,148
source china coronavirus,148
إجمالي عدد الحالات,148
rushmore rally clown,148
ignores risk coronavirus,148
risk coronavirus floats,148
cats covid19 federal,147
covid19 federal funded,147
china coronavirus cases,147
society know bible,147
vaccine covid 19,147
first alerted coronavirus,147
covid19 bot covid19,147
bot covid19 last,147
last days stats,147
cases trend29 jun,147
covid19india coronavirus indiafightscorona,147
may covid 19,146
surgical masks save,146
masks save coronavirus,146
save coronavirus best,146
covid 19 últimas,146
day covid 19,146
covid 19 24,146
people wearing masks,146
vacina covid 19,146
alerted coronavirus office,146
حالات وفاة جديدة,146
ivanka trump buried,146
trump buried covid,146
say ignores risk,146
covid 19 people,145
like amp retweet,145
covid 19 vaccines,145
cases 24 hours,145
scientists say ignores,145
coronavirus reports say,144
like new york,144
coronavirus hurts like,144
record high level,144
coronavirus sushi adapts,143
covid 19 seriously,143
total covid 19,143
new daily record,143
gon na get,143
signed petition calling,143
читать на литмаркет,143
korea coronavirus hurts,143
area 200 000,143
وفاة جديدة بـ,143
of covid 19,143
breaks record 11,143
people think coronavirus,142
frente covid 19,142
long term care,142
please stay home,142
wear mask wash,142
people tested positive,142
records highest single,142
hurts like sanctions,142
667 حالة شفاء,142
century the truth,142
covid 19 today,141
thomas carle new,141
carle new deutsch,141
new deutsch amp,141
deutsch amp english,141
amp english covid,141
english covid 19,141
19 corona recognize,141
mask stay home,141
covid 19 hotspot,141
players tested positive,141
coronavirus office china,141
people coronavirus spike,141
ليصبح إجمالي عدد,141
إصابة 631 حالة,141
631 حالة جديدة,141
