gram,counts
penyebaran covid 19,16571
covid 19 dengan,12254
cegah penyebaran covid,8352
19 dengan menggunakan,8134
dengan menggunakan masker,8110
covid 19 partisipasicegahcovid19,7544
covid 19 pandemic,6148
covid 19 cases,5436
menggunakan masker partisipasicegahcovid19,4853
19 dengan tetap,3732
dengan tetap dirumah,3713
mencegah penyebaran covid,3676
stay safe stay,3648
tetap dirumah saja,3582
berpartisipasi mencegah penyebaran,3575
ayo berpartisipasi mencegah,3557
dirumah saja dan,3556
safe stay home,3553
dan menunda mudik,3552
menunda mudik stay,3552
mudik stay safe,3552
saja dan menunda,3552
pandemi covid 19,3528
stay home partisipasicegahcovid19,3367
href rel nofollow,3349
true href rel,3283
memutuskan penyebaran covid,3215
membantu memutuskan penyebaran,3212
dalam membantu memutuskan,3212
menjalankan kebijakan pemerintah,3201
positive covid 19,3149
kebijakan pemerintah adalah,3091
adalah partisipasi besar,3090
partisipasi besar kita,3090
pemerintah adalah partisipasi,3090
kita dalam membantu,3089
besar kita dalam,3088
dalam menjalankan kebijakan,3075
disiplin dalam menjalankan,3045
pada masa darurat,2981
masa darurat covid,2979
mudik bagi asn,2974
asn pada masa,2973
bagi asn pada,2973
pelarangan mudik bagi,2959
rel nofollow twitter,2849
setiap warga yang,2762
keluar rumah untuk,2761
wajib pakai masker,2754
harus keluar rumah,2752
yang harus keluar,2748
warga yang harus,2748
joko widodopresiden republik,2722
widodopresiden republik indonesia,2717
rumah untuk wajib,2717
untuk wajib pakai,2715
menggunakan masker setiap,2699
masker setiap warga,2699
coronavirus covid 19,2667
pakai masker ir,2665
masker ir joko,2665
ir joko widodopresiden,2665
republik indonesia partisipasicegahcovid19,2633
covid 19 patients,2529
absolute chaotic disaster,2251
due covid 19,2202
covid 19 crisis,2175
darurat covid 19,2109
new covid 19,2087
covid 19 testing,2087
covid 19 via,2068
covid 19 deaths,2063
penanganan covid 19,2049
casos covid 19,1938
covid 19 dan,1793
nofollow twitter web,1741
new coronavirus cases,1639
dan bantu mereka,1616
hargai dan bantu,1615
bantu mereka yang,1610
diskriminasi dan jangan,1609
mandiri jangan diskriminasi,1609
isolasi mandiri jangan,1609
jangan diskriminasi dan,1609
manajemen penanganan covid,1563
siegfried amp roy,1561
covid 19 lockdown,1554
pedoman manajemen penanganan,1548
19 dan dampaknya,1527
dan dampaknya bagi,1524
dampaknya bagi pemerintah,1524
twitter web app,1462
tested positive coronavirus,1454
yang harus kita,1442
harus kita lakukan,1441
kamu maskermu melindungi,1440
kita lakukan hargai,1440
lakukan hargai dan,1440
melindungi kamu maskermu,1440
maskermu melindungi kamu,1438
yang melaksanakan isolasi,1436
mereka yang melaksanakan,1436
melaksanakan isolasi mandiri,1436
dan jangan menolak,1435
jangan menolak jenazah,1435
menolak jenazah covid,1434
mengajak umat islam,1419
umat islam untuk,1418
islam untuk beribadah,1417
untuk beribadah di,1415
penularan wabah covid,1415
mencegah penularan wabah,1414
purn fachrul razi,1411
tni purn fachrul,1410
rumahguna mencegah penularan,1409
saya mengajak umat,1409
beribadah di rumahguna,1409
di rumahguna mencegah,1409
agama rijenderal tni,1408
rijenderal tni purn,1408
covid 19menteri agama,1408
19menteri agama rijenderal,1407
wabah covid 19menteri,1407
death covid 19,1389
fachrul razi partisipasicegahcovid19,1381
roy horn siegfried,1379
tests positive coronavirus,1374
cases covid 19,1372
response chaotic disaster,1365
covid 19 di,1361
covid 19 response,1359
fight covid 19,1310
new york times,1309
covid 19 coronavirus,1297
maskermu melindungi akuini,1283
akuini yang harus,1282
melindungi akuini yang,1282
bbc news coronavirus,1271
jenazah covid 19achmad,1260
covid 19achmad yuriantojuru,1256
da covid 19,1241
tested positive covid,1218
amid covid 19,1213
reflects facing death,1211
fought ebola hiv,1210
hiv reflects facing,1210
covid 19 outbreak,1210
scientist fought ebola,1208
ebola hiv reflects,1205
finally virus got,1200
virus got me,1188
facing death covid,1183
got me scientist,1172
treatment completely eliminate,1166
latest treatment completely,1166
completely eliminate coronavirus,1166
bagi pemerintah daerahsumber,1158
me scientist fought,1158
covid 19 patient,1152
covid 19 memberi,1150
19 memberi hikmah,1147
towards cashless society,1141
coronavirus absolute chaotic,1111
covid 19 death,1107
response coronavirus absolute,1104
covid 19 vaccine,1088
white house response,1085
hikmah dalam budaya,1082
memberi hikmah dalam,1081
últimas 24 horas,1069
house response coronavirus,1065
produktif walaupun kerja,1062
tetap produktif walaupun,1058
kita bisa tetap,1057
bisa tetap produktif,1057
trump coronavirus response,1056
away without vaccine,1048
walaupun kerja dari,1041
go away without,1040
covid 19 relief,1038
response covid 19,1036
says white house,1033
19achmad yuriantojuru bicara,1030
yuriantojuru bicara pemerintah,1027
bicara pemerintah partisipasicegahcovid19,1021
coronavirus response chaotic,1005
covid 19 virus,990
du covid 19,987
obama says white,980
cashless society know,932
pandemia covid 19,931
spread covid 19,910
nofollow twitter android,909
tahun 2020 tentang,887
surat edaran menteri,887
menteri pan rb,886
ke luar daerah,886
edaran menteri pan,886
hukum surat edaran,886
tentang pembatasan kegiatan,885
kegiatan bepergian ke,885
46 tahun 2020,885
bepergian ke luar,885
pembatasan kegiatan bepergian,885
2020 tentang pembatasan,885
rb 46 tahun,884
darurat covid 19dasar,884
covid 19 test,884
19dasar hukum surat,884
pan rb 46,884
covid 19dasar hukum,884
dan atau cuti,883
daerah dan atau,883
luar daerah dan,883
atau cuti bagi,882
cuti bagi asn,882
dalam upaya pencegahan,880
pencegahan penyebaran covid,876
bagi asn dalam,869
coronavirus death toll,868
asn dalam upaya,868
dies covid 19,865
coronavirus live updates,854
amid coronavirus pandemic,851
upaya pencegahan penyebaran,815
test positive coronavirus,798
trump personal assistant,793
ivanka trump personal,781
covid 19 update,775
south dakota governor,762
positivo covid 19,761
covid 19 positive,757
mortes covid 19,746
horn siegfried amp,742
09 05 2020,738
america leadership role,737
abandons america leadership,735
leadership role time,731
role time global,730
trump abandons america,726
covid 19 infections,722
despair trump abandons,721
test positive covid,717
time global crisis,716
positif covid 19,711
died covid 19,705
white house coronavirus,703
impact covid 19,697
chaotic disaster blames,695
allies despair trump,693
11 secret service,691
says coronavirus response,675
virus covid 19,673
com covid 19,669
disaster blames selfish,669
coronavirus task force,669
amp roy dies,666
post covid 19,659
blames selfish mindset,645
tests positive covid,645
10 mil mortes,640
horn siegfried roy,638
cashless society did,637
obama says coronavirus,635
realdonaldtrump gavinnewsom mikegarcia2020,633
covid 19 em,633
muertes covid 19,624
gt gt gt,623
last 24 hours,617
covid 19 checkpoints,614
must read article,608
remove covid 19,608
new cases covid,604
obama calls trump,603
crisis covid 19,601
covid 19 tests,600
covid 19 go,594
covid 19 covert,589
19 covert id,587
melawan pandemi covid,584
covid 19 mortality,579
14 day quarantine,576
covid 19 vía,576
next coronavirus bill,573
important part next,569
says covid 19,567
part next coronavirus,567
die covid 19,566
future cashless society,565
heading towards future,565
covert id heading,565
society did know,565
towards future cashless,565
id heading towards,565
covid 19 situation,563
new cases coronavirus,560
budaya bekerjaternyata kita,557
bekerjaternyata kita bisa,555
visits multiple nightclubs,551
covid 19 related,551
kerja dari rumah,548
stay at home,547
nuevos casos coronavirus,545
tested positive covid19,543
bars covid 19,543
clubs bars covid,542
know jesus spoke,541
patient visits multiple,540
testing reaching contacting,539
coronavirus antigen test,539
covid 19 infection,539
reaching contacting everyone,538
seoul closes clubs,538
closes clubs bars,537
19 patient visits,536
19 testing reaching,536
test covid 19,534
covid 19 case,532
covid 19 restrictions,532
dalam budaya bekerjaternyata,530
19 go away,527
10 mil mortos,526
long term care,526
dalam budaya bekerja,526
pence press secretary,517
au covid 19,516
contacting everyone trace,516
linked covid 19,514
rfid microchip mark,511
microchip mark beast,511
budaya bekerja ternyata,505
bekerja ternyata kita,505
ternyata kita bisa,504
48 hours remove,503
number covid 19,503
covid 19 ini,502
begin modified quarantine,502
know bible spoke,500
tribes 48 hours,500
dari rumah partisipasicegahcovid19,499
children new york,499
tells sioux tribes,499
sioux tribes 48,498
cara cara baru,497
governor tells sioux,494
cara baru yang,492
hours remove covid,489
secret service agents,489
everyone trace act,489
covid 19 brasil,488
new york city,485
kerja dari rumahdengan,483
dalam melawan pandemi,483
baru yang lebih,482
dari rumahdengan cara,481
get covid 19,478
yang lebih inovatif,478
dakota governor tells,477
trump says coronavirus,476
rumahdengan cara cara,476
coronavirus propaga incendio,473
covid 19 amp,473
covid 19 kills,472
pacientes covid 19,471
propaga incendio importa,469
terdampak covid 19,469
society know bible,469
incendio importa haga,466
covid 19 bersama,466
deaths covid 19,465
society know jesus,463
magician roy horn,462
bersama kita bisa,462
contre covid 19,460
epidemiólogo sueco coronavirus,459
covid 19 numbers,459
mail important part,459
sueco coronavirus propaga,458
covid 19 science,457
vote mail important,457
máximo epidemiólogo sueco,456
lebih inovatif yang,453
inovatif yang lebih,452
nuevos casos covid,452
ikuti aturan patuhi,448
pmcaresfund_क _ह ब_द,448
americans wore masks,448
19 bersama kita,446
kita bisa lawan,444
haga van contagiar,443
importa haga van,443
19 mortality rates,442
andil dalam melawan,442
giesecke máximo epidemiólogo,440
epoch times app,439
highest coronavirus deaths,438
affected covid 19,437
80 americans wore,437
trump incompetence caused,435
sent ppe china,435
trump cut pandemic,434
schumer vote mail,434
pandemic team sent,433
golf times rallies,433
incompetence caused time,433
caused time unemployment,433
china jan mar,433
economy crash highest,433
mar golf times,433
crash highest coronavirus,433
times rallies trump,433
cut pandemic team,433
ppe china jan,433
team sent ppe,433
rallies trump incompetence,433
jan mar golf,433
unemployment amp federal,432
amp federal debt,432
time unemployment amp,432
debt economy crash,432
cases country today,432
deaths times cases,432
times cases country,432
coronavirus deaths times,432
federal debt economy,432
times app see,431
coverage daily updates,430
app see exclusive,429
trump covid 19,427
roy dies covid,427
us covid 19,425
mari turut andil,425
turut andil dalam,425
aturan patuhi himbauan,424
fauci begin modified,423
covid 19 spread,423
johan giesecke máximo,421
covid 19 complications,421
confirmed covid 19,420
exclusive coronavirus coverage,420
trump administration response,418
us death toll,418
covid 19 impact,417
coronavirus coverage daily,415
19 science aaas,415
covid 19 polripedulirakyat,413
coronavirus go away,413
see exclusive coronavirus,413
patuhi himbauan mari,412
himbauan mari turut,412
handling covid 19,412
bisa lawan corona,411
melakukan transformasi cara,411
siegfried roy dies,410
assistant tests positive,410
239 new cases,409
rantai covid 19,409
contagios covid 19,409
lawan corona partisipasicegahcovid19,408
6666 covid 19,404
elon musk threatens,404
yang lebih efisien,403
world taking pity,401
roy dies coronavirus,401
pule_polsek ayo berpartisipasi,401
think covid 19,400
positivos covid 19,399
infected covid 19,396
got covid 19,396
di tengah pandemi,396
lebih efisien kita,395
efisien kita melakukan,395
kita melakukan transformasi,395
dr anthony fauci,392
dying covid 19,392
ditengah pandemi covid19,391
vice president mike,390
coronavirus deaths nursing,389
taking pity us,389
president mike pence,389
covid 19 could,388
cashless society hear,388
covid 19 may,385
sign petition via,385
meaning behind calculating,384
related covid 19,384
trump says covid,383
tengah pandemi covid,381
total confirmed cases,380
covid 19 covid19,379
hidden meaning behind,378
role covid 19,377
roy horn dies,377
transformasi cara kerja,376
new cases covid19,375
death toll top,374
covid 19 news,374
toll top 95,371
untuk meringankan beban,370
without vaccine expects,370
epidemia covid 19,369
expects us death,369
top 95 000,369
vaccine expects us,368
assistant tested positive,367
infections would plummet,364
white house staffers,364
muertos covid 19,363
confirmed cases covid19,362
happy mother day,362
van contagiar infobae,361
2020 covid 19,360
cases new deaths,359
19 infections would,359
jenazah covid 19,358
000 covid 19,357
cegah covid 19,354
new covid19 cases,351
report trump says,350
covid 19 data,346
personal assistant tested,345
time covid 19,345
masks covid 19,345
testing positive coronavirus,345
covid 19 fight,344
jangan mudik dulu,342
fighting covid 19,340
personal assistant tests,339
boris johnson die,337
close genocide default,335
play role covid,335
donate 150 ecoins,332
response absolute chaotic,331
president donald trump,331
chaotic disaster obama,328
caso covid 19,328
new coronavirus antigen,327
coronavirus cases rise,325
cdc director self,324
treating covid 19,323
handling coronavirus pandemic,320
coronavirus فقط البرتقال,318
eliminate coronavirus فقط,318
البرتقال عنها الالكترونية,318
treat covid 19,318
فقط البرتقال عنها,318
cure covid 19,318
white house staff,316
like covid 19,315
digital age cashless,314
age cashless society,314
update covid 19,313
sábado mayo 2020,313
meringankan beban masyarakat,313
nursing home residents,311
duo siegfried amp,311
obama calls us,311
first covid 19,310
coronavirus obama calls,309
case covid 19,309
confirmados covid 19,309
due coronavirus pandemic,309
calls us response,309
coronavirus pandemic via,308
pela covid 19,308
self quarantine exposure,308
cegah covid19 partisipasicegahcovid19,308
patients covid 19,308
aide tests positive,308
2020 05 09,307
new study says,307
calls trump administration,307
people covid 19,307
19 death toll,306
appears play role,305
may 09 2020,305
us response chaotic,305
us vice president,302
morning joe airs,302
roy dead 75,302
wore masks covid,300
covid 19 et,299
did know jesus,299
society covid 19,298
testing contact tracing,298
bible spoke would,297
covid 19 exposure,296
new deaths today,296
home covid 19,296
wabah covid 19,295
vitamin appears play,295
stay home stay,295
cara kerja kita,294
coronavirus disease 2019,294
plummet new study,294
would plummet new,294
without treating single,293
treating single patient,293
died new york,293
know covid 19,293
covid 19 fallidos,292
modelos matemáticos gobierno,292
casos positivos covid,292
matemáticos gobierno epidemia,291
14 nuevos casos,291
gobierno epidemia covid,291
يارجاله متعب والبادل,290
باى العالم يارجاله,290
العالم يارجاله متعب,290
moving towards cashless,290
والبادل تنس كبرت,290
covid 19 symptoms,290
garbage models used,290
field hospitals shut,290
eliminate coronavirus باى,290
متعب والبادل تنس,290
coronavirus باى العالم,290
covid 19 país,290
coronavirus bill via,289
cashless society coronavirus,288
go back work,288
cashless society covid,288
por modelos matemáticos,288
coronavirus covid19 sarscov2,288
coronavirus field hospitals,287
60 self quarantine,287
us coronavirus field,287
shut without treating,287
covid 19 méxico,287
deaths nursing homes,287
follies us coronavirus,286
never able live,286
american covid 19,285
ancaman kamtibmas tetap,285
models used us,285
able live normally,284
hospitals shut without,284
world health organization,284
single patient garbage,283
society physical cash,283
patient garbage models,283
global report trump,283
bill via breitbartnews,283
vaccine never able,283
used us experts,282
twitter web client,282
covid 19 confirmed,282
direction cashless society,282
fauci follies us,281
health care workers,281
secret service employees,281
deaths today raising,280
bersama cegah covid19,280
realdonaldtrump secretarysonny zippyduvall,280
three children new,280
kerja kita untuk,280
covid 19 recovery,280
coronavirus vaccine never,279
white house tested,279
people tested positive,278
casos confirmados covid,278
kita untuk meningkatkan,278
dari semua pihak,276
pressing towards cashless,276
सतर रह वजन,276
kamtibmas tetap mengintai,275
रह वजन पर,275
home stay safe,273
house coronavirus task,273
without coronavirus vaccine,273
confirmed coronavirus cases,272
white house staffer,272
386 new cases,272
relief highlights historic,272
epidemiologist vice president,272
two white house,271
jesus spoke would,271
elon musk says,271
spoke book revelation,270
use covid 19,270
wearethenewsnow factsmatter wwg1wga,270
taiwan weapon coronavirus,270
weapon coronavirus epidemiologist,270
says coronavirus go,270
wwg1wga wakeupamerica unitednotdivided,270
الثانى الكعبة افيجان,269
eliminate coronavirus كورونا,269
frente covid 19,269
الترم الثانى الكعبة,269
الكعبة افيجان اسعار,269
اخيرا الترم الثانى,269
افيجان اسعار البنزين,269
كورونا اخيرا الترم,269
please help us,269
coronavirus كورونا اخيرا,269
behind calculating 666,268
coronavirus epidemiologist vice,268
factsmatter wwg1wga wakeupamerica,268
wakeupamerica unitednotdivided saveamerica,268
millions n95 masks,267
raising country total,267
19 via youtube,267
unitednotdivided saveamerica greatawakening,267
highlights historic bond,267
qanon wearethenewsnow factsmatter,267
house tested positive,266
covid 19 advice,266
did know bible,266
crise du coronavirus,266
support native american,265
lucha covid 19,265
two months ago,265
19 relief highlights,263
confirmed deaths go,263
2019 covid 19,262
help north korea,262
covid 192 peningkatan,262
penyebaran penularan covid,261
penularan covid 192,261
north korea fight,261
amid coronavirus crisis,261
amp roy dead,261
news covid 19,261
eliminate coronavirus الاسكان,261
approves new coronavirus,261
term care facilities,260
trump says us,260
test fast results,259
192 peningkatan sistem,259
irish support native,259
covid 19 treatment,259
native american covid,259
antigen test fast,259
कन नल सकत,258
peningkatan sistem kekebalan,258
strategi pencegahan penyebaran,257
people died today,257
dr drs pratikno,257
gov andrew cuomo,257
रमण बढ सतर,257
नल सकत इसस,256
pencegahan penyebaran penularan,256
नह कन नल,256
help slow spread,256
today raising country,256
corona covid 19,256
coronavirus president trump,256
children died new,256
वन नह कन,256
बढ सतर रह,256
enough rope hang,255
तम वन नह,255
self isolate two,255
president trump says,255
pandemi covid19 partisipasicegahcovid19,255
covid 19 yang,254
patients critical condition,254
wanted pass along,254
enough rope coronavirus,253
mengintai ditengah pandemi,253
tetap mengintai ditengah,253
eu enough rope,253
penyebaran virus covid,253
rope coronavirus given,253
given eu enough,253
coronavirus given eu,253
since covid 19,252
coronavirus new york,252
sistem kekebalan tubuh3,252
80 000 dead,252
kekebalan tubuh3 peningkatan,252
censor covid 19,251
coronavirus white house,251
total number cases,250
dr judy mikovits,250
industry covid 19,250
tested covid 19,250
barack obama calls,250
pruebas covid 19,249
required self isolate,249
covid 19 large,249
peningkatan kapasitas sistem,249
three children died,249
trump handling coronavirus,249
musk says tesla,248
covid 19 chaotic,248
kasus covid 19,248
roy horn vegas,248
yang kurang mampu,247
service employees infected,247
fallecidos covid 19,247
mortos covid 19,247
covid 19 dibutuhkan,247
staffers test positive,247
attempt censor covid,247
72 got covid,246
tubuh3 peningkatan kapasitas,246
état urgence sanitaire,246
isolate two weeks,246
19 dibutuhkan partisipasi,246
beast hidden meaning,246
mark beast hidden,246
hear jesus spoke,246
britons returning abroad,246
returning abroad required,245
fantasticradiouk homeofpossibilities believeyourpossibilities,245
lives daily talk,245
stayhomesafelives buy song,245
90 2121 hello,245
akibat dampak pandemi,245
slow spread covid19,245
co uk fantasticradiouk,245
2121 hello fantasticradio,245
fantasticradio co uk,245
buy billion worth,245
threatens move tesla,245
believeyourpossibilities stayhomesafelives buy,245
hello fantasticradio co,245
masyarakat yang kurang,245
uma jogada política,245
uk fantasticradiouk homeofpossibilities,245
homeofpossibilities believeyourpossibilities stayhomesafelives,245
0208 90 2121,245
behind covid 19,244
covid 19 não,244
abroad required self,244
ditengah pandemi covid,244
dibutuhkan partisipasi dari,243
secret service 11,243
death toll rose,243
dari masyarakat partisipasicegahcovid19,243
jogada política barrar,243
proof rfid microchip,243
política barrar bolsonaro,243
material sanitario protección,243
alimentación familiar transporte,242
conta covid19 uma,242
buensábado 9demayo gokuday,242
materia alimentación familiar,242
pasien covid 19,242
transporte material sanitario,242
trabajadores salud materia,242
beban masyarakat yang,242
offer manufacture millions,242
sem saber estava,242
salud materia alimentación,242
memutuskan rantai covid,242
assumiu paralisação comércio,242
quarentena conta covid19,242
covid19 uma jogada,242
marcelo belinati sem,242
scientists condemn stalinist,242
familiar transporte material,242
gran apoyo trabajadores,242
gravado assumiu paralisação,242
coronavirus sars cov,242
comércio quarentena conta,242
sendo gravado assumiu,242
estava sendo gravado,242
partisipasi dari semua,242
belinati sem saber,242
dirección pcc brinda,242
prefeito londrina paraná,242
londrina paraná marcelo,242
saber estava sendo,242
paralisação comércio quarentena,242
brinda gran apoyo,242
pcc brinda gran,242
paraná marcelo belinati,242
apoyo trabajadores salud,242
stalinist attempt censor,241
manufacture millions n95,241
sekadau menyusuri hutan,241
belitang hulu polres,241
mampu akibat dampak,241
menyusuri hutan untuk,241
polres sekadau menyusuri,241
turned offer manufacture,241
hutan untuk meringankan,241
kurang mampu akibat,241
hulu polres sekadau,241
polsek belitang hulu,241
hear bible spoke,241
musk threatens move,241
condemn stalinist attempt,241
bolsonaro assista compartilhe,240
deaths go updates,240
barrar bolsonaro assista,240
untuk memutuskan rantai,240
9demayo gokuday 9demayo,240
19 chaotic disaster,240
covid 19 na,239
covid 19 corona,239
covid 19 updates,239
dampak pandemi covid,239
covid 19 world,239
coronavirus response absolute,239
china offers help,238
us 0208 90,238
kedisiplinan dari masyarakat,238
driving towards cashless,238
value lives daily,238
pihak terutama kedisiplinan,238
semua pihak terutama,238
talk us 0208,238
daily talk us,238
uk scientists condemn,238
terutama kedisiplinan dari,238
read article coronavirus,238
dies coronavirus 75,238
treatment covid 19,238
adding value lives,238
coronavirus الاسكان الاجتماعى,236
الرقم القومى فى,236
مجانا الالكترونيه لمحافظتك,236
الحصبة مجانا الالكترونيه,236
exposed covid 19,236
لمحافظتك الرقم القومى,236
الاجتماعى ضد الحصبة,236
الاسكان الاجتماعى ضد,236
الالكترونيه لمحافظتك الرقم,236
abe dangerous coronavirus,236
ضد الحصبة مجانا,236
000 americans dead,236
القومى فى ساعتين,236
horn dies catching,235
covid 19 au,235
sign petition demand,235
covid 19 रमण,235
19 pandemic take,234
offers help north,234
person white house,234
33 460 casos,233
covid 19 new,233
bhabinkamtibmas polsek belitang,232
read article covid19,232
employees infected coronavirus,232
dio positivo coronavirus,232
latest covid 19,232
visitors britons returning,232
pandemic covid 19,231
covid 19 would,231
death toll rises,231
pence aide tests,231
dies catching coronavirus,231
us coronavirus response,230
heading towards cashless,230
covid 19 quarantine,230
billion worth food,230
trump rhetoric coronavirus,229
rhetoric coronavirus death,229
fossil fuel industry,229
mais 10 mil,229
need covid 19,229
public land sales,229
pandemic take action,229
ao covid 19,228
19 large event,228
new york cuomo,227
police fury hundreds,227
us buy billion,227
disease covid 19,227
demand interior department,227
covid 19 stats,227
global covid 19,227
interior department stop,227
coronavirus cases new,226
world war ii,226
severe covid 19,226
administration response covid,226
रत सरक जनह,226
house coronavirus cases,226
nuevos casos positivos,226
airs damning montage,226
shinzo abe dangerous,226
montage trump rhetoric,226
self reporting symptoms,225
19 रमण बढ,225
updates covid19 coronavirus,225
sooner self reporting,225
cases sooner self,225
watch morning joe,225
risk cases sooner,225
damning montage trump,225
सकत इसस covid,224
reporting symptoms daily,224
worth food farmers,224
इसस covid 19,224
symptoms daily even,224
identify risk cases,224
joe airs damning,224
new cases new,224
house covid 19,224
de covid 19,224
petition demand interior,224
even feel well,224
daily even feel,224
pemerintah daerah1 strategi,223
spread covid19 identify,223
says us buy,223
