gram,counts
covid 19,216857
penyebaran covid,16645
19 dengan,12254
white house,8899
coronavirus pandemic,8839
cegah penyebaran,8606
coronavirus covid19,8437
menggunakan masker,8184
dengan menggunakan,8144
19 partisipasicegahcovid19,7545
stay home,6556
covid19 coronavirus,6514
coronavirus cases,6357
19 pandemic,6163
new york,5976
19 cases,5467
new cases,5409
stay safe,5133
masker partisipasicegahcovid19,5010
tested positive,4596
positive coronavirus,4515
social distancing,4491
chaotic disaster,4452
yang harus,4215
death toll,4214
via youtube,4049
dengan tetap,3984
mencegah penyebaran,3981
bagi asn,3860
tetap dirumah,3819
menunda mudik,3760
dirumah saja,3751
safe stay,3688
pandemi covid,3677
saja dan,3581
berpartisipasi mencegah,3575
coronavirus lockdown,3564
ayo berpartisipasi,3558
mudik stay,3552
dan menunda,3552
covid_19 coronavirus,3504
coronavirus covid,3484
new coronavirus,3407
roy horn,3388
home partisipasicegahcovid19,3367
href rel,3349
rel nofollow,3349
coronavirus response,3340
true href,3283
kebijakan pemerintah,3276
positive covid,3270
dalam membantu,3235
memutuskan penyebaran,3216
membantu memutuskan,3212
adalah partisipasi,3211
menjalankan kebijakan,3202
disiplin dalam,3151
kita dalam,3095
pemerintah adalah,3093
partisipasi besar,3090
besar kita,3090
dalam menjalankan,3084
pelarangan mudik,3058
coronavirus deaths,3050
coronavirus covid_19,3024
pada masa,2998
darurat covid,2995
pakai masker,2993
coronavirus crisis,2985
masa darurat,2981
mudik bagi,2976
asn pada,2973
keluar rumah,2894
maskermu melindungi,2881
nofollow twitter,2849
warga yang,2828
rumah untuk,2767
wajib pakai,2765
setiap warga,2763
harus keluar,2752
republik indonesia,2724
joko widodopresiden,2723
widodopresiden republik,2722
untuk wajib,2717
masker setiap,2711
cashless society,2674
ir joko,2668
masker ir,2665
indonesia partisipasicegahcovid19,2638
test positive,2623
covid19 pandemic,2622
19 patients,2544
coronavirus outbreak,2538
tests positive,2528
donald trump,2519
may 2020,2487
nuevos casos,2392
absolute chaotic,2277
due covid,2273
amid coronavirus,2253
bbc news,2241
confirmed cases,2185
19 crisis,2180
response coronavirus,2166
news coronavirus,2153
due coronavirus,2124
new covid,2112
19 deaths,2100
19 testing,2091
19 via,2072
penanganan covid,2072
coronavirus via,2069
covid19 cases,2004
gon na,1994
casos covid,1990
casos confirmados,1990
trump coronavirus,1972
nursing homes,1972
public health,1936
casos coronavirus,1929
united states,1911
obama says,1858
many people,1842
secret service,1835
go away,1813
19 dan,1800
twitter web,1744
10 mil,1744
24 horas,1724
pandemia coronavirus,1724
wabah covid,1704
coronavirus vaccine,1673
10 000,1659
mereka yang,1652
dan jangan,1651
jenazah covid,1619
amp roy,1618
isolasi mandiri,1618
bantu mereka,1617
dan bantu,1616
hargai dan,1615
du coronavirus,1612
mandiri jangan,1609
diskriminasi dan,1609
jangan diskriminasi,1609
trump says,1603
mother day,1592
kita bisa,1592
novel coronavirus,1592
siegfried amp,1589
gt gt,1580
says coronavirus,1578
live updates,1574
due covid19,1573
manajemen penanganan,1565
19 lockdown,1559
pedoman manajemen,1550
contact tracing,1547
covid19 covid_19,1538
president trump,1537
year old,1532
dampaknya bagi,1532
bagi pemerintah,1531
dan dampaknya,1529
south korea,1520
new deaths,1501
covid_19 covid19,1476
web app,1466
kita lakukan,1465
dr fauci,1454
melindungi kamu,1453
harus kita,1452
mencegah penularan,1451
trump administration,1441
yang melaksanakan,1440
lakukan hargai,1440
kamu maskermu,1440
melaksanakan isolasi,1436
menolak jenazah,1435
jangan menolak,1435
corona virus,1432
response chaotic,1431
umat islam,1430
fake news,1429
beribadah di,1428
death covid,1421
boris johnson,1421
mengajak umat,1419
islam untuk,1418
coronavirus patients,1418
untuk beribadah,1418
penularan wabah,1417
elon musk,1417
tni purn,1411
purn fachrul,1411
cases covid,1411
fachrul razi,1411
saya mengajak,1409
di rumahguna,1409
rumahguna mencegah,1409
rijenderal tni,1408
agama rijenderal,1408
covid 19menteri,1408
19menteri agama,1408
horn siegfried,1394
without vaccine,1393
09 05,1390
self quarantine,1383
razi partisipasicegahcovid19,1381
fight covid,1380
coronavirus live,1375
people died,1373
spread coronavirus,1372
looks like,1371
pemerintah partisipasicegahcovid19,1369
coronavirus death,1364
19 di,1362
80 000,1361
19 response,1359
24 hours,1358
long term,1335
task force,1332
19 coronavirus,1325
york times,1310
bill gates,1300
around world,1288
melindungi akuini,1283
akuini yang,1282
da covid,1281
wear mask,1264
death rate,1263
covid 19achmad,1260
19achmad yuriantojuru,1256
nursing home,1245
covid19 lockdown,1245
facing death,1231
ebola hiv,1230
fought ebola,1230
amid covid,1229
help us,1228
virus got,1226
05 2020,1224
hiv reflects,1220
reflects facing,1216
19 outbreak,1216
cases covid19,1216
fight coronavirus,1211
eliminate coronavirus,1210
scientist fought,1209
pencegahan penyebaran,1204
finally virus,1201
sars cov,1199
casos positivos,1196
got me,1193
fight covid19,1189
mental health,1189
via breitbartnews,1183
me scientist,1172
cases coronavirus,1168
latest treatment,1166
treatment completely,1166
completely eliminate,1166
ivanka trump,1164
pemerintah daerahsumber,1158
19 patient,1153
100 000,1152
19 memberi,1150
memberi hikmah,1148
personal assistant,1146
towards cashless,1141
últimas 24,1138
coronavirus testing,1136
positive cases,1130
coronavirus absolute,1119
us coronavirus,1116
19 death,1114
modified quarantine,1110
tetap produktif,1099
active cases,1092
19 vaccine,1089
roy dies,1088
crisis coronavirus,1087
coronavirus update,1086
house response,1086
hikmah dalam,1083
dalam budaya,1082
go back,1080
vice president,1071
kerja dari,1071
away without,1068
new post,1068
positive covid19,1067
response covid,1067
siegfried roy,1065
produktif walaupun,1065
walaupun kerja,1063
herd immunity,1062
bisa tetap,1061
every day,1059
must read,1056
du covid,1049
social media,1048
19 relief,1041
bicara pemerintah,1038
says white,1034
health care,1033
yuriantojuru bicara,1032
back work,1025
ufc 249,1021
truebloodpumpcovid 19,1015
south dakota,1015
mayo 2020,996
19 virus,995
000 people,985
antigen test,981
mike pence,975
obama calls,974
total cases,974
pandemia covid19,968
save lives,967
pandemia covid,967
tahun 2020,966
000 deaths,962
yang lebih,962
cases deaths,957
total number,957
il coronavirus,947
spread covid19,946
spread covid,944
trump personal,937
society know,933
surat edaran,926
coronavirus argentina,918
coronavirus test,916
testing positive,915
upaya pencegahan,912
twitter android,909
jesus spoke,907
dies covid,905
two weeks,903
good news,900
2020 tentang,899
covid19 patients,899
barack obama,896
face masks,895
dalam upaya,894
coronavirus restrictions,892
19 test,889
dan atau,889
ke luar,889
coronavirus vía,889
edaran menteri,887
hukum surat,886
pan rb,886
pembatasan kegiatan,886
luar daerah,886
bepergian ke,886
menteri pan,886
kegiatan bepergian,886
atau cuti,885
46 tahun,885
tentang pembatasan,885
19dasar hukum,884
daerah dan,884
covid 19dasar,884
rb 46,884
cuti bagi,882
please help,882
cases reported,881
est pas,878
people die,877
next week,876
asn dalam,869
at home,866
dies coronavirus,864
positivo coronavirus,864
read article,862
bible spoke,860
get coronavirus,858
two months,849
know jesus,845
heading towards,840
died coronavirus,840
wearing mask,835
look like,834
covid19 crisis,834
covid coronavirus,831
covid19 deaths,826
vote mail,824
coronavirus spread,823
global crisis,821
people dying,817
handling coronavirus,815
sign petition,814
die coronavirus,813
30 000,807
coronavirus news,807
muertes coronavirus,805
anthony fauci,804
post coronavirus,803
via gatewaypundit,802
loved ones,794
covid19 partisipasicegahcovid19,793
mil mortes,790
post covid,786
know bible,785
positivo covid,784
corona coronavirus,781
house coronavirus,781
cegah covid19,780
mortes covid,779
meaning behind,778
dakota governor,778
19 update,777
top story,774
care homes,772
leadership role,769
em casa,769
du covid19,768
19 positive,764
daily thanks,763
prime minister,759
via nytimes,759
face mask,755
died covid,753
covid19 corona,751
coronavirus tests,751
second wave,746
time global,745
qu il,745
america leadership,745
corona covid19,741
next coronavirus,739
people think,737
positif covid,736
abandons america,736
hong kong,734
14 days,731
role time,731
wear masks,731
coronavirus disease,730
coronavirus corona,728
trump abandons,728
first time,728
coronavirus china,728
fox news,724
casos covid19,724
despair trump,723
19 infections,722
pandemi covid19,721
press secretary,720
new normal,718
months ago,717
nueva york,715
get back,715
impact covid,715
lockdown coronavirus,711
allies despair,709
14 day,708
new covid19,707
wearing masks,707
com covid,707
virus covid,703
11 secret,698
trump pence,697
three children,696
disaster blames,696
new study,696
covid19 covid,695
last 24,693
muertos coronavirus,691
would like,690
total deaths,686
ditengah pandemi,686
infected coronavirus,684
tiempos coronavirus,682
coronavirus bill,680
coronavirus task,679
blames selfish,677
victory day,673
coronavirus updates,668
make sure,668
cuarentena coronavirus,664
covid covid19,663
coronavirus new,661
global pandemic,658
000 dead,655
via franceinfo,651
selfish mindset,649
realdonaldtrump gavinnewsom,648
coronavirus could,647
coronavirus españa,647
mei 2020,646
muertes covid,644
coronavirus related,644
ikuti aturan,641
dari rumah,640
gavinnewsom mikegarcia2020,639
china coronavirus,637
katie miller,637
society did,637
johns hopkins,635
000 americans,635
19 em,634
casos nuevos,632
coronavirus quarantine,630
andrew cuomo,629
48 hours,628
calls trump,627
wan na,625
post covid19,625
sioux tribes,624
important part,622
million people,620
virus corona,620
died covid19,619
melawan pandemi,618
namo app,618
stayhome staysafe,617
crisis covid,615
19 checkpoints,615
mil mortos,614
jangan mudik,614
healthcare workers,611
die covid,610
remove covid,610
one day,609
clubs bars,609
study finds,608
seoul closes,607
cases rise,607
people like,606
coronavirus coronavirus,606
health minister,606
covid19 positive,604
south africa,603
19 tests,601
breaking news,600
in the,599
19 go,599
health officials,596
โคว ด19,596
day quarantine,595
bringing total,593
cdc director,593
ancaman kamtibmas,593
please read,593
dio positivo,592
per day,591
take look,590
covid19 amp,589
19 covert,589
covert id,587
well done,587
need know,586
take care,585
cases country,585
conspiracy theories,585
bersama cegah,584
black mirror,584
world news,584
bersama kita,584
19 mortality,583
health ministry,583
weeks ago,582
read coronavirus,580
test covid,580
covid19 death,579
part next,579
says covid,579
get covid19,578
test coronavirus,577
19 vía,577
cause death,576
trace act,575
nuevo coronavirus,574
did know,574
mark beast,570
spoke would,569
epidemiólogo sueco,569
care home,567
19 situation,566
2020 05,566
future cashless,565
id heading,565
towards future,565
mortality rates,564
california coronavirus,564
coronavirus relief,563
coronavirus uk,563
covid19 stayhome,561
cases new,561
budaya bekerjaternyata,561
job losses,561
testing reaching,560
contacting everyone,558
bekerjaternyata kita,558
coronavirus antigen,558
pence press,557
people need,556
budaya bekerja,556
deaths coronavirus,556
multiple nightclubs,555
staying home,555
stay at,554
get covid,554
number cases,553
via nyt,553
visits multiple,552
please share,552
19 related,551
the coronavirus,551
lockdown covid19,551
60 000,548
god bless,547
au coronavirus,545
like coronavirus,545
bars covid,544
patient visits,544
closes clubs,543
via yahoonews,543
years ago,543
19 infection,542
pandemic via,541
stay alert,541
não tem,539
reaching contacting,539
mortality rate,537
jet ski,536
number covid,536
new zealand,536
19 case,534
join us,534
19 restrictions,532
coronavirus infection,532
au covid,531
let us,530
term care,529
trump handling,529
essential workers,529
deaths reported,528
sábado mayo,528
rumah partisipasicegahcovid19,526
lebih inovatif,525
per il,525
washington post,525
front line,524
deaths covid,522
common sense,522
highest coronavirus,522
cara baru,521
linked covid,520
good luck,520
stephen miller,520
get tested,519
coronavirus trump,519
95 000,518
everyone trace,518
via huffpostpol,516
johan giesecke,515
of the,514
abc news,514
read covid19,514
rfid microchip,513
cases confirmed,513
climate change,512
long time,512
immune system,511
di tengah,511
enough rope,511
hidden meaning,511
microchip mark,511
covid19 virus,509
cara cara,509
coronavirus world,509
239 new,508
ternyata kita,508
bekerja ternyata,505
coronavirus conspiracy,505
van contagiar,504
begin modified,503
pacientes covid,503
trump said,503
hours remove,503
last week,503
children new,503
19 ini,502
coronavirus go,502
one thing,502
tells sioux,502
coronavirus infections,501
wore masks,501
tribes 48,501
baru yang,501
covid19 quedateencasa,501
coronavirus coverage,500
governor tells,499
people get,498
deaths nursing,498
daily updates,498
ee uu,497
dalam melawan,496
het coronavirus,496
service agents,495
jacare souza,495
social distance,495
back normal,495
move tesla,491
trump incompetence,490
york city,490
19 brasil,489
crisis covid19,489
_ह ब_द,489
coronavirus il,487
sounds like,486
children died,486
total confirmed,485
native american,484
rumahdengan cara,484
contre covid,484
dari rumahdengan,483
crise du,482
quarantine exposure,481
penyebaran virus,480
कर रह,480
coronavirus covidー19,479
small businesses,479
19 amp,479
importa haga,479
terdampak covid,478
propaga incendio,478
american people,478
coronavirus propaga,478
wash hands,477
di rumah,477
coronavirus us,475
incendio importa,475
nouveaux cas,474
coronavirus shutdown,473
19 kills,472
trump amp,472
work home,472
via usatoday,471
coronavirus case,471
truck drivers,471
pandemic team,471
last year,469
high risk,468
n95 masks,467
sueco coronavirus,467
deep state,467
05 09,467
federal government,467
19 bersama,466
even though,466
000 000,465
magician roy,465
coronavirus amp,465
epoch times,464
tell us,464
every single,464
coronavirus lockdowns,463
prevent spread,463
andil dalam,463
19 numbers,462
self isolate,461
mail important,461
contagios coronavirus,461
health workers,461
north korea,460
ministerio salud,460
pandemic covid19,460
stop spread,460
us death,460
ppe china,459
get sick,459
feel like,458
realdonaldtrump trump,458
us covid,458
máximo epidemiólogo,457
19 science,457
president obama,456
covid19 testing,456
need help,455
80 americans,455
inovatif yang,453
deaths per,453
amp federal,453
americans wore,452
affected covid,452
aturan patuhi,451
pmcaresfund_क _ह,451
credit card,451
covid19 sarscov2,451
cuomo says,451
trump covid,450
per million,450
fallecidos coronavirus,450
des masques,450
il est,449
trump response,447
got ta,446
25 000,446
seems like,446
unemployment amp,445
field hospitals,445
bisa lawan,445
administration response,445
dead rising,444
country today,444
time coronavirus,444
tested negative,443
casos activos,443
haga van,443
one person,443
white people,443
anyone else,443
judy mikovits,441
please take,441
il faut,441
times app,441
giesecke máximo,440
latest news,440
schumer vote,440
economy crash,440
trump cut,440
última hora,440
incompetence caused,439
confirmed covid,439
people tested,439
patuhi himbauan,439
science aaas,438
da positivo,438
musk threatens,437
time unemployment,437
sent ppe,437
transformasi cara,437
deaths times,436
team sent,436
migrant workers,436
china jan,436
pandemic coronavirus,435
assistant tests,435
cut pandemic,435
debt economy,435
jan mar,434
uk coronavirus,434
coronavirus covid2019,434
rallies trump,434
times cases,434
across country,434
golf times,433
mar golf,433
caused time,433
crash highest,433
times rallies,433
federal debt,433
covid19 response,432
corona partisipasicegahcovid19,432
slow spread,432
lawan corona,431
app see,431
see exclusive,431
inflammatory syndrome,430
handling covid,430
coverage daily,430
dying covid,429
duo siegfried,429
world health,429
40 000,428
puede ser,428
rantai covid,427
gugus tugas,427
75 000,426
fauci begin,426
think covid,426
mari turut,425
turut andil,425
come back,424
study says,424
19 spread,423
lebih efisien,421
tengah pandemi,421
19 complications,421
deaths today,421
exclusive coronavirus,420
via mailonline,420
got covid,418
contagios covid,417
infected covid,417
response covid19,417
19 impact,417
melakukan transformasi,417
garden centres,416
may 09,415
news covid,415
19 polripedulirakyat,413
deaths covid19,413
himbauan mari,412
global coronavirus,412
efisien kita,411
combate ao,410
taking pity,410
000 coronavirus,410
positivos covid,410
via googlenews,409
dr anthony,409
masyarakat yang,409
petition via,409
coronavirus 60,409
go home,408
virus covid19,408
19 covid19,408
world taking,408
09 2020,408
covid19 vaccine,407
new death,407
spanish flu,406
health department,406
conspiracy theory,405
meringankan beban,405
50 000,405
6666 covid,404
family members,404
pity us,402
pule_polsek ayo,401
33 460,401
000 muertos,400
moving towards,399
related covid,399
11 mai,399
kita melakukan,399
est une,399
कड उन,398
coronavirus india,398
19 may,398
small business,398
20 million,397
people recovered,397
386 new,396
great job,395
people still,394
new jersey,393
look coronavirus,393
president mike,393
number deaths,392
trabajadores salud,392
penularan covid,392
daily coronavirus,392
recovery rate,391
vía youtube,391
people coronavirus,391
take action,390
19 could,390
exposure person,390
uk government,389
play role,388
society hear,388
13 new,387
care workers,387
german intelligence,387
muertos covid,386
dead coronavirus,385
wuhan lab,385
world war,385
look covid19,385
behind calculating,384
10 627,384
covid19 test,383
would plummet,382
roy dead,382
number coronavirus,380
role covid,379
horn dies,379
20 000,379
happy mother,379
miriam margolyes,379
2020 covid,378
coronavirus stayhome,378
live coronavirus,377
cara kerja,377
americans died,376
da saúde,376
great depression,375
el coronavirus,375
coronavirus may,375
top 95,374
460 casos,374
toll top,374
19 news,374
infections would,374
everyone else,374
expects us,373
stayhome covid19,373
cases total,372
rest world,372
epidemia covid,371
good job,371
assistant tested,371
home stay,370
