gram,counts
covid 19 pandemic,6524
covid 19 cases,6354
covid 19 vaccine,2959
covid 19 deaths,2588
new covid 19,2365
casos covid 19,2327
due covid 19,2289
positive covid 19,2205
covid 19 first,1756
pool party wuhan,1715
attend pool party,1660
city covid 19,1648
party wuhan china,1642
19 first emerged,1630
thousands attend pool,1630
wuhan china city,1616
china city covid,1587
pandemi covid 19,1522
covid 19 testing,1400
covid 19 response,1357
covid 19 via,1277
covid 19 death,1266
coronavirus covid 19,1233
últimas 24 horas,1227
vacuna covid 19,1162
covid 19 crisis,1158
cases covid 19,1150
pandemia covid 19,1148
covid 19 patients,1136
covid 19 outbreak,1131
covid 19 test,1112
amid covid 19,1017
died covid 19,1004
da covid 19,977
in person classes,962
new coronavirus cases,961
covid 19 di,907
spread covid 19,901
dimasa pandemi covid,891
impact covid 19,874
covid 19 tests,806
deaths covid 19,786
positivo covid 19,782
covid 19 coronavirus,741
covid 19 update,733
democratic national convention,724
response covid 19,715
covid 19 treatment,714
nuevos casos coronavirus,684
port du masque,682
provokasi dimasa pandemi,668
18 agosto 2020,650
18 08 2020,643
tested positive covid,640
contagios covid 19,633
nuevos casos covid,630
covid 19 victim,618
du covid 19,613
august 18 2020,611
covid 19 positive,608
170 000 americans,607
unc chapel hill,578
last 24 hours,577
covid 19 infections,571
positivos covid 19,570
daughter covid 19,566
covid 19 virus,562
trusting donald trump,559
data covid 19,556
test positive covid,550
fight covid 19,550
tests positive covid,547
covid 19 impact,542
new covid19 cases,537
covid 19 case,532
covid 19 em,530
condition trusting donald,506
covid 19 lockdown,496
19 death rate,492
170 000 dead,487
covid 19 cure,484
people covid 19,478
covid 19 relief,471
snake oil salesman,468
000 covid 19,466
covid 19 amp,465
tested positive coronavirus,464
19 victim denounces,460
dangerous covid 19,458
covid 19 restrictions,453
new york times,451
vacina covid 19,451
post covid 19,448
mypillow ceo unproven,446
denounces donald trump,443
speech delivered democratic,442
delivered democratic national,442
pacientes covid 19,442
victim denounces donald,441
trump speech delivered,438
covid 19 data,438
donald trump speech,437
silent streets packed,437
coronavirus covid19 sarscov2,435
new cases covid,432
positif covid 19,432
martes 18 agosto,429
streets packed pools,429
19 deaths 2020,429
unproven dangerous covid,428
coronavirus live updates,426
coronavirus silent streets,425
tested covid 19,421
wuhan coronavirus silent,421
muertes covid 19,418
pneumonia deaths covid,418
free covid 19,417
ceo unproven dangerous,417
covid19 lockdown coping,416
lockdown coping tips,416
coping tips suggestions,416
tips suggestions others,416
covid 19 hospital,413
covid19 sarscov2 forecast,412
anderson cooper heated,412
population coronavirus covid19,411
hit covid 19,411
heated exchange mypillow,408
exchange mypillow ceo,408
may good thing,403
covid 19 situation,403
death population coronavirus,403
new death population,402
death rate peaked,402
cooper heated exchange,402
casos positivos covid,398
rate peaked us,398
peaked us april,398
per cdc data,397
cdc data covid,397
covid 19 re,396
april pneumonia deaths,392
us april pneumonia,391
covid 19 spread,390
amid coronavirus pandemic,389
get covid 19,387
preexisting condition trusting,383
female led countries,383
virus covid 19,380
handled coronavirus better,379
covid 19 related,377
public health england,377
penyebaran covid 19,372
covid 19 vaccines,368
19 death toll,368
mortes covid 19,366
dying covid 19,365
pre existing condition,362
covid 19 través,357
nursing home deaths,355
india mitega india,351
000 americans died,350
led countries handled,349
countries handled coronavirus,347
patients nursing homes,341
mitega india mitega,341
marks amp spencer,340
trump covid 19,339
contagio covid 19,339
coronavirus better study,337
covid 19 symptoms,336
20s 30s 40s,336
menolak provokasi dimasa,335
better study suggests,333
cure covid 19,331
coronavirus death toll,330
tests positive coronavirus,330
tested positive covid19,329
covid 19 país,326
ingresa neumonía coronavirus,325
covid 19 health,324
covid 19 news,323
punto débil coronavirus,322
170 000 deaths,320
know covid 19,320
entertain empower educate,319
empower educate talk,319
0208 090 2121,319
090 2121 hello,319
2121 hello fantasticradio,319
hello fantasticradio co,319
fantasticradio co uk,319
co uk homeofpossibilities,319
uk homeofpossibilities believeyourpossibilities,319
covid 19 covid19,318
fallecidos covid 19,318
homeofpossibilities believeyourpossibilities buy,315
believeyourpossibilities buy song,315
new cases coronavirus,312
surge covid 19,311
full time employees,311
educate talk us,310
talk us 0208,310
us 0208 090,310
badly hit covid,309
world health organization,308
amit shah admitted,308
one clients badly,308
clients badly hit,308
19 re looking,308
re looking get,308
looking get full,308
get full time,308
time employees hired,308
employees hired another,308
hired another company,308
another company contractual,308
company contractual basis,308
contractual basis months,308
basis months like,308
months like access,308
like access profiles,308
access profiles reach,308
cas covid 19,306
covid 19 could,304
number covid 19,302
gov andrew cuomo,302
covid 19 brasil,301
covid 19 infection,297
covid 19 méxico,294
amp 500 rises,293
coronaviruspandemic covid19india coronavirus,292
good thing says,292
000 americans dead,291
says disease expert,290
confirmed covid 19,290
due coronavirus pandemic,290
covid19 covid covid_19,289
covid covid_19 coronavirus,288
deaths 2020 via,286
bbc news coronavirus,285
handling covid 19,285
shah admitted aiims,284
2020 via gatewaypundit,284
halts in person,283
stay positive po,283
tratamiento covid 19,282
gt gt gt,275
covid 19 outbreaks,274
president donald trump,274
mutation may good,273
au covid 19,273
news coronavirus covid19,271
covid 19 exposure,270
johnson amp johnson,269
com covid 19,269
infected covid 19,267
000 people died,267
killed 170 000,265
000 dead americans,264
cooper clashes mypillow,263
social distancing rules,262
depression doubles coronavirus,262
anderson cooper clashes,262
coronavirus covid19 protests,261
coronavirus evictions ban,261
water park party,261
doubles coronavirus pandemic,261
146 students get,261
global pandemic news,260
pandemic news coronavirus,260
asistentes manifestación antimascarillas,260
covid 19 testi,258
от covid 19,258
covid 19 updates,257
semester notre dame,257
débil coronavirus encontró,256
coronavirus encontró científica,256
notre dame halts,256
students get coronavirus,256
covid 19 numbers,255
cómo puede servir,255
nuevos casos positivos,254
says covid 19,254
ardern hits back,254
dame halts in,254
covid 19 stats,253
massive water park,252
gnboficialve fabiozavarsep gnbgdjfl,252
robertjenrick urgently extend,251
urgently extend coronavirus,251
extend coronavirus evictions,251
evictions ban one,251
ban one forced,251
aksi menyelamatkan indonesia,251
kasus covid 19,251
covid 19 rules,251
existing condition trusting,250
petition calling robertjenrick,250
calling robertjenrick urgently,250
one forced home,250
forced home pandemic,250
koalisi aksi menyelamatkan,250
get well soon,250
thelegallowdown law court,250
law court lawyer,250
court lawyer lawfirm,250
lawyer lawfirm justice,250
lawfirm justice legal,250
justice legal case,250
legal case ip,250
case ip scotus,250
ip scotus tort,250
scotus tort covid19,250
tort covid19 cybersecurity,250
covid19 cybersecurity technology,250
170 000 people,249
cybersecurity technology ai,249
puede servir neutralizarlo,249
2020 covid 19,248
covid 19 real,247
ve signed petition,247
signed petition calling,247
home pandemic join,247
test covid 19,247
muncul koalisi aksi,247
menyelamatkan indonesia istana,247
indonesia istana itu,247
istana itu oposisi,247
bbc news mundo,247
encontró científica mexicana,247
covid 19 safety,246
manifestación antimascarillas colón,246
puebloprotegidoyrecuperado gnboficialve fabiozavarsep,246
confirmados covid 19,245
thing says disease,244
pandemic join via,244
join via 38_degrees,243
coronavirus european virus,242
colón ingresa neumonía,242
fanb gnbcuidadeti puebloprotegidoyrecuperado,241
person classes 146,241
classes 146 students,241
new york city,240
since covid 19,240
antimascarillas colón ingresa,240
gnbcuidadeti puebloprotegidoyrecuperado gnboficialve,240
days semester notre,240
time covid 19,239
18 august 2020,239
mypillow creator unproven,239
síntomas covid 19,238
minister amit shah,238
park party coronavirus,238
creator unproven therapeutic,238
covid 19 world,237
covid 19 venezuela,237
hits back trump,237
coronavirus task force,237
clashes mypillow creator,237
effects covid 19,236
covid 19 new,236
casos positivos coronavirus,236
covid 19 punto,236
científica mexicana cómo,236
mexicana cómo puede,236
10 times infectious,235
cut 000 jobs,235
2020 08 18,234
covid 19 vía,234
trump paid life,233
test positive coronavirus,233
hosts massive water,233
19 punto débil,233
us covid 19,232
despite covid 19,232
wuhan hosts massive,232
party coronavirus concerns,232
crisis covid 19,231
covert id cashless,231
id cashless society,231
update covid 19,231
people 20s 30s,230
propagación covid 19,230
usa northamerica cases,229
largely ignored since,228
father covid 19,227
covid 19 still,227
pruebas covid 19,227
distancing rules largely,227
rules largely ignored,227
recovered covid 19,226
home minister amit,226
llevamos aulas hogares,226
aulas hogares distancia,226
hogares distancia juntos,226
donald trump paid,225
immunity covid 19,225
protests raves etc,225
raves etc despite,225
etc despite increase,225
despite increase covid,225
salud llevamos aulas,225
die covid 19,224
indiafightscorona stayhome staysafe,223
like covid 19,223
depression british adults,223
por salud llevamos,223
vamos salir adelante,223
casos confirmados covid,222
18 agustus 2020,222
penanganan covid 19,222
menolak provokasi kami,221
covid 19 hoax,221
coronavirus concerns recede,221
quedateenclase por salud,221
salir adelante pese,221
new cases confirmed,220
juntos vamos salir,220
coronavirus indiafightscorona stayhome,219
lost father covid,219
provokasi kami dimasa,219
kami dimasa pandemi,219
deaths per million,219
19 cases deaths,219
distancia juntos vamos,219
adelante pese coronavirus,219
covid19 bot covid19,218
bot covid19 last,218
covid19 last days,218
last days stats,218
covid19india coronavirus indiafightscorona,218
coronavirus spreading schools,218
book covid 19,218
24agosto termina pausa,218
termina pausa inician,218
pausa inician clases,218
inician clases distancia,218
maestros alumnos juntos,217
alumnos juntos distancia,217
killing six times,217
clases distancia salud,217
nuevo reto coronavirus,216
reto coronavirus covid19,216
pausa termina inicia,216
wiping coronavirus losses,216
china covid 19,215
termina inicia nuevo,215
inicia nuevo reto,215
gracias maestros 24agosto,215
maestros 24agosto termina,215
record close fully,215
close fully wiping,215
first covid 19,214
covid19 vamos superarlo,214
covid 19 na,213
schools federal government,213
covid 19 mutation,213
amp covid 19,213
coronavirus covid19sí quedateencasa,213
500 rises record,213
rises record close,213
fully wiping coronavirus,213
federal government keeping,212
google covid 19,212
anvisa autoriza testes,212
salud coronavirus covid19,212
coronavirus covid19 vamos,212
pese coronavirus covid19sí,212
covid19sí quedateencasa quedateenclase,212
covid 19 plan,211
covid 19 recovery,210
covid 19 protocols,210
covid 19 concerns,210
coronavirus disease 2019,210
spreading schools federal,209
long term care,209
covid 19 cluster,207
presentes casa maestros,207
casa maestros alumnos,207
juntos distancia clases,207
distancia clases 24agosto,207
24agosto pausa termina,207
blames trump father,206
19 hospital data,206
balik mo muna,206
clases 24agosto pausa,206
quedateenclase educación méxico,206
educación méxico detiene,206
méxico detiene gracias,206
detiene gracias maestros,206
distancia salud coronavirus,206
coronavirus covid19 importante,206
covid 19 would,205
menores 40 años,204
hospital data gov,204
data gov uk,204
20 30 40,204
vamos superarlo quedateencasa,204
government keeping count,203
affected covid 19,203
back to school,203
57 mil 774,203
muertos covid 19,202
18ago fanb gnbcuidadeti,202
quedateenclase presentes casa,201
superarlo quedateencasa quedateenclase,201
surge coronavirus cases,200
19 cases rise,200
covid 19 hit,200
afectados covid 19,200
stay positive lang,200
gov uk restrictions,200
uk restrictions destroying,200
trump coronavirus response,199
six times people,199
even covid 19,198
active covid 19,198
control covid 19,198
daily covid 19,198
cnnasiapr cnntravel nectar_gan,198
pneumonia killing six,198
ilustríssimo senhor senador,198
senhor senador veneziano,198
senador veneziano vital,198
veneziano vital relator,198
vital relator plc,198
relator plc 64,198
plc 64 2018,198
64 2018 trata,198
2018 trata da,198
trata da regulamentação,198
da regulamentação naturismo,198
regulamentação naturismo em,198
naturismo em território,198
em território nacional,198
território nacional senhor,198
nacional senhor presidente,198
senhor presidente alcolumbre,198
presidente alcolumbre completa,198
alcolumbre completa um,198
completa um ano,198
um ano dia,198
ano dia 20,198
dia 20 09,198
20 09 2020,198
09 2020 aguardando,198
2020 aguardando inclusão,198
aguardando inclusão em,198
inclusão em ordem,198
em ordem dia,198
ordem dia vamos,198
dia vamos votar,198
total number cases,197
death covid 19,197
covid 19 treatments,197
since early june,197
british adults doubles,197
itu oposisi swastamenolak,197
oposisi swastamenolak provokasi,197
swastamenolak provokasi dimasa,197
coronavirus mutation may,196
19 cases reported,196
tüm sağlıkçıların özlük,196
sağlıkçıların özlük hakları,196
özlük hakları yeniden,196
hakları yeniden düzenlensin,196
new zealand covid,196
karşı savaşan tüm,195
savaşan tüm sağlıkçıların,195
flu pneumonia killing,195
past 24 hours,194
trump patently wrong,193
covid19 karşı savaşan,193
leading cause death,193
coronavirus cases rise,193
pencegahan covid 19,193
covid19 importante quedateencasa,193
importante quedateencasa quedateenclase,193
spike covid 19,192
adults doubles coronavirus,192
increase covid 19,191
covid 19 vaccination,191
19 vaccine trials,191
father dying covid,191
covid 19 caught,191
yeniden düzenlensin tcbestepe,191
dnc speaker blames,191
doubles coronavirus crisis,191
covid 19 dan,190
trump father dying,190
covid 19 mundo,190
vacunas covid 19,190
dead covid 19,189
tcbestepe ailevecalisma saglikbakanligi,189
ailevecalisma saglikbakanligi drfahrettinkoca,189
nuevos casos covid19,189
covid 19 et,189
ignored since early,189
asistente manifestación antimascarillas,189
frente covid 19,188
düzenlensin tcbestepe ailevecalisma,188
kampanyaya imza ver,188
negative covid 19,188
caught karaoke bar,187
coronavirus criticism dnc,187
30 40 años,187
tests covid 19,186
19 caught karaoke,186
fires back cuomo,186
back cuomo coronavirus,186
cuomo coronavirus criticism,186
zealand prime minister,186
caso covid 19,185
new zealand prime,185
whose father died,184
covid 19 even,184
his preexisting condition,184
saglikbakanligi drfahrettinkoca kampanyaya,184
drfahrettinkoca kampanyaya imza,184
americans died watch,184
potential covid 19,183
risk covid 19,183
coronavirus coronavirusupdate covid19,183
criticism dnc speech,183
big surge coronavirus,183
new cases covid19,182
global covid 19,182
home covid 19,182
tuesday august 18,181
vaksin covid 19,181
covid 19 cause,181
coronavirus pandemic driven,181
personas 20 30,181
españa país europeo,181
people died covid,180
speaker blames trump,180
covid 19 18,179
wave covid 19,179
latest covid 19,179
trump fires back,179
oms advierte pandemia,179
gmt coronavirus coronavirusupdate,178
coronavirusupdate covid19 coronaviruspandemic,178
aug 18 2020,177
case covid 19,177
new zealand coronavirus,177
highest covid 19,177
face covid19 pandemic,177
obat covid 19,176
2019 covid 19,176
caused covid 19,176
world war iii,176
book coronavirus response,176
imza ver changetr,175
ver changetr aracılığıyla,175
contre covid 19,175
amp spencer cut,175
early june see,175
extend coronavirus furlough,175
wuhan pool party,174
primera patente vacuna,174
covid 19 plasma,174
oms alerta aumento,174
coronavirus furlough 24,174
furlough 24 months,174
de covid 19,173
treating covid 19,173
na covid 19,173
pooled testing coronavirus,173
years bloated yam,173
bloated yam proven,173
yam proven inept,173
proven inept obsessing,173
inept obsessing petty,173
obsessing petty matters,173
petty matters face,173
matters face covid19,173
covid19 pandemic determined,173
pandemic determined half,173
determined half america,173
half america population,173
america population paying,173
population paying attention,173
paying attention twitter,173
attention twitter posts,173
twitter posts america,173
posts america suffering,173
america suffering amp,173
suffering amp potential,173
amp potential looming,173
potential looming world,173
looming world war,173
war iii vote,173
531 mil 239,173
covid 19 patient,172
mild covid 19,172
spencer cut 000,172
woman lost father,171
infectious coronavirus mutation,171
trabajan candidatos vacunales,171
highest single day,171
047 nuevos casos,170
científicos trabajan candidatos,170
county covid 19,170
lucha covid 19,170
india covid 19,169
candidatos vacunales cubanos,169
covid 19 yang,169
school covid 19,169
make face masks,169
germany extend coronavirus,169
new zealand big,168
exposure covid 19,168
covid 19 surge,167
covid 19 rapid,167
russian energy minister,167
covid 19 transmission,166
zealand big surge,166
face masks mandatory,166
hit new high,166
terça feira 18,166
testing coronavirus working,166
covid 19 global,165
coronavirus live news,165
impulsada menores 40,165
cepa infecciosa coronavirus,165
france make face,165
239 casos confirmados,165
cause death us,164
coronavirus relief bill,164
19 vaccine trial,164
state covid 19,164
situación covid 19,164
alerta aumento casos,164
coronavirus propaga asia,164
000 coronavirus deaths,163
all time high,163
causa covid 19,163
daily cases increase,163
ahora siendo impulsada,163
siendo impulsada menores,162
infecciosa coronavirus propaga,162
university north carolina,161
reported today utc,161
today utc time,161
cambiando ahora siendo,161
father died covid,160
nuevos covid 19,160
covid 19 tally,160
cubanos covid 19,160
covid 19 spike,160
outbreak pandemic sars,160
covid 19 guidelines,160
covid 19 fears,160
19 test results,160
cuomo publish book,160
total covid 19,159
prevención covid 19,159
case since may,159
pandemia cambiando ahora,159
deadly plant poison,159
stocks hit new,159
19 covid 19,158
covid 19 dans,158
coronavirus france make,158
covid 19 covid,157
students test positive,157
covid 19 continues,157
coronavirus oms advierte,157
coronavirus ground zero,156
current covid 19,156
covid 19 may,156
students covid 19,156
covid 19 containment,156
masks mandatory workplaces,156
new high coronavirus,156
us stocks hit,156
vacunales cubanos covid,155
closer scientists thought,155
covid 19 au,155
covid 19 españa,155
publish book coronavirus,155
many covid 19,154
advierte pandemia cambiando,154
new york gov,153
covid 19 live,153
world covid 19,153
students tested positive,153
manifestación antimascarillas madrid,153
masks social distancing,152
deliver copy officials,152
wuhan cuna coronavirus,152
herd immunity closer,152
sign petition via,152
slow spread covid19,152
relief therapeutics rlftf,152
therapeutics rlftf shows,152
michelle obama gives,152
high coronavirus crash,152
disease 2019 covid,151
covid 19 long,151
poison covid 19,151
watch michelle obama,151
new zealand pm,150
shows promise covid,150
promise covid 19,150
oleandrin deadly plant,150
covid 19 hits,149
19 plasma therapy,149
fighting covid 19,149
covid 19 últimas,149
si así wuhan,149
así wuhan cuna,149
covid 19 program,149
news wuhan coronavirus,149
driving coronavirus spread,149
response amid nursing,149
amid nursing home,149
18 08 20,148
30 million samples,148
million samples tested,148
pasien covid 19,148
day covid 19,148
covid 19 made,148
rlftf shows promise,148
per 100 000,148
combate covid 19,148
el covid 19,148
coronavirus response amid,148
plant poison covid,148
died watch michelle,148
long term effects,147
sa covid 19,147
zealand covid 19,147
surge patently wrong,147
first time since,147
da positivo covid,147
19 treatments rlftf,147
ongoing covid 19,147
home deaths backlash,147
obama gives credit,147
díaz canel científicos,146
samples tested covid,146
brote covid 19,146
crise du coronavirus,146
union home minister,146
il covid 19,146
mais uma vacina,146
canel científicos trabajan,145
immunity closer scientists,145
marcmillervm gcindigenous miller,145
19 program support,145
program support indigenous,145
support indigenous peoples,145
indigenous peoples montreal,145
peoples montreal qc,145
health amp amp,144
jobs covid 19,144
vaccine covid 19,144
recovery covid 19,144
regarding covid 19,144
dio positivo coronavirus,144
cuna coronavirus vea,144
coronavirus vea acá,144
vea acá impresionantes,144
acá impresionantes imágenes,144
covid 19 oms,144
cases trend14 aug,144
19 health ministry,143
covid 19 killed,143
amp amp fitness,143
amp fitness tips,143
disease covid 19,143
people tested positive,143
covid 19 us,143
nas últimas 24,143
security public health,143
the covid 19,143
uma vacina covid,143
intercambió díaz canel,142
live covid 19,142
covid 19 rise,142
point covid 19,142
protect post office,142
votes covid 19,142
amidst covid 19,141
us coronavirus death,141
casos nuevos covid,141
ultime 24 ore,141
post covid care,141
100 000 habitantes,141
19 plan education,141
plan education rural,141
education rural voters,141
rural voters protect,141
voters protect post,141
post office suburban,141
office suburban voters,141
suburban voters pets,141
voters pets veterans,141
pets veterans nurses,141
veterans nurses doctors,141
nurses doctors hospitals,141
doctors hospitals economy,141
hospitals economy environment,141
economy environment social,141
environment social security,141
social security public,141
public health women,141
health women voters,141
coronavirus vaccine deal,141
crisis salud mental,141
trump americans died,141
coronavirus new zealand,140
health care workers,140
19 rapid testing,140
many people died,140
adaptasi kebiasaan baru,140
covid 19 bill,140
bbc news wuhan,140
world highest covid,140
cut covid 19,140
notre dame cancels,140
17 08 2020,139
getting covid 19,139
oleandrin treatment coronavirus,139
got covid 19,139
result covid 19,139
covid 19 fight,139
covid 19 changed,139
massive pool party,139
19 response october,139
filer thelegallowdown law,139
think covid 19,138
19 testi pozitif,138
bikinihaul tryon bikini,138
style bodycare holiday,138
bodycare holiday vacation,138
holiday vacation beach,138
vacation beach model,138
beach model swimsuit,138
model swimsuit summer,138
swimsuit summer covid19,138
related covid 19,138
spike coronavirus cases,138
44 nuevos casos,138
hospital admissions google,138
of covid 19,138
death toll 170,137
labels coronavirus european,137
ireland tipping point,137
contracting covid 19,136
plasma therapy resources,136
details teamsosindia theniteshsingh,136
teamsosindia theniteshsingh himanshu_irl,136
third leading cause,136
covid 19 children,136
possible covid 19,136
531 239 casos,136
patients covid 19,135
toll 170 000,135
enfrentar covid 19,135
non mask wearers,135
rapid testing deliver,135
testing deliver copy,135
covid19 lost job,135
move classes online,135
alwee bin jaafar,135
covid 19 towards,135
jared kushner says,134
americans died covid,134
karaoke bar via,134
check bikinihaul tryon,134
combatir covid 19,134
nelle ultime 24,134
access covid 19,134
falsely labels coronavirus,134
pm cares fund,134
due covid19 lost,134
cases since may,134
país europeo casos,134
battle covid 19,133
check bio details,133
bio details teamsosindia,133
novos casos covid,133
coronavirus port du,133
next three months,133
risk exposure covid,133
childhood type diabetes,133
good evening everyone,133
aumento casos covid,132
covid 19 ini,132
cases nearly 80,132
casos nuevos coronavirus,132
daughter coronavirus victim,132
rebrote covid 19,132
dio positivo covid,132
keeping international borders,132
evening everyone name,132
