gram,counts
covid 19,118419
19 cases,4931
coronavirus covid19,3914
covid19 coronavirus,3734
coronavirus cases,3582
19 pandemic,3553
coronavirus pandemic,3413
new cases,3238
public health,2457
new zealand,2446
nuevos casos,2299
new covid,2150
170 000,2045
casos covid,2017
19 vaccine,2011
due covid,1904
positive covid,1806
new coronavirus,1744
death toll,1680
tested positive,1549
covid19 pandemic,1544
new york,1539
16 agosto,1537
casos coronavirus,1511
19 deaths,1478
due covid19,1473
covid19 cases,1444
coronavirus deaths,1427
coronavirus covid,1387
via youtube,1376
protokol kesehatan,1367
24 horas,1341
surakshabeforepariksha surakshabeforepariksha,1240
positive coronavirus,1231
social distancing,1226
pandemia coronavirus,1224
south korea,1208
özlük hakları,1194
covid19 karşı,1187
wear mask,1178
yeniden düzenlensin,1173
karşı savaşan,1172
savaşan tüm,1172
hakları yeniden,1171
tüm sağlıkçıların,1170
sağlıkçıların özlük,1170
kampanyaya imza,1161
imza ver,1140
active cases,1138
coronavirus vaccine,1118
donald trump,1098
died covid,1096
24 hours,1086
19 test,1065
19 outbreak,1064
últimas 24,1046
sağlık bakanlığı,1040
tests positive,1037
ver changetr,1035
changetr aracılığıyla,1034
fahrettin koca,1033
dr fahrettin,1013
koca covid19,1013
hizmetler bakanlığı,1011
bakanlığı dr,1011
aile çalışma,1010
çalışma sosyal,1010
sosyal hizmetler,1010
bakanlığı sağlık,1010
cumhurbaşkanlığı aile,1009
düzenlensin kampanyaya,1006
chetan chauhan,995
16 08,987
spread coronavirus,986
evo morales,975
cases covid,968
test positive,939
vacuna covid,924
died covid19,919
casos positivos,909
amid coronavirus,904
casos confirmados,903
mass recovery,901
health england,891
post office,883
due coronavirus,880
coronavirus outbreak,867
coronavirus crisis,861
uniraq unicefinarabic,860
unicefinarabic makadhimi,858
amid covid,854
الاسطورة النصر,853
vacunación masiva,852
التعيين_غايتنا_الالكتروني_مطلبنا العام_الدراسي_الجديد,851
19 crisis,847
العام_الدراسي_الجديد الهلال,847
بتويتر التعيين_غايتنا_الالكتروني_مطلبنا,841
19 patients,840
sars cov,836
الهلال الاسطورة,836
da covid,835
stay safe,826
gon na,824
news coronavirus,824
النصر covid19,811
corona virus,807
united states,802
confirmed cases,791
19 via,782
mematuhi protokol,780
robert trump,765
august 16,756
coronavirus update,747
000 americans,746
pandemi covid,746
jacinda ardern,745
bill gates,733
many people,733
19 dirgahayuindonesia,731
us coronavirus,730
16 2020,722
coronavirus live,722
19 testing,721
people died,717
treating covid,714
kita dapat,714
agosto 2020,713
gt gt,713
dengan mematuhi,711
new deaths,710
bbc news,708
kesehatan kita,706
08 2020,701
dapat memerangi,701
memerangi penjajah,701
penjajah covid,701
please help,699
covid19 deaths,698
use hydroxychloroquine,696
president trump,690
saliva test,688
open letter,687
high school,683
spread covid,682
postal service,681
positive cases,677
died coronavirus,668
100 000,666
new covid19,663
dr fauci,659
000 dead,657
hydroxychloroquine treating,653
live updates,650
19 di,649
الشهادات العليا,649
novel coronavirus,641
cases coronavirus,637
fauci regarding,635
aug 16,635
contagios covid,634
regarding use,633
last 24,633
year old,629
ministerio salud,626
في العراق,622
wear masks,620
via gatewaypundit,619
العليا في,618
vacuna coronavirus,615
wearing mask,614
positivo covid,614
19 coronavirus,613
العراق يطالبون,613
000 people,606
حملة الشهادات,606
casos covid19,600
pandemia covid19,598
nuovi casi,598
letter fauci,597
فرص العمل,596
nouveaux cas,594
americans died,594
trump administration,594
العمل للجميع,594
للجميع بتويتر,594
mental health,593
coronavirus death,593
white house,592
بتكافؤ فرص,592
يطالبون بتكافؤ,591
19 death,589
coronavirus lockdown,589
casos nuevos,588
domingo 16,588
makadhimi حملة,583
pen open,579
hermana evo,578
19 response,576
pandemia covid,569
positive covid19,568
doctors pen,567
cases deaths,567
cases reported,563
brother died,562
spread covid19,560
19 virus,560
stay home,558
looks like,556
back school,554
mail in,553
total number,553
august 2020,551
nursing homes,548
casos activos,545
total cases,545
19 tests,544
coronavirus response,539
miguel bosé,537
ke 75,531
delays election,531
task force,530
covid19 covid,524
coronavirus test,524
il coronavirus,524
prime minister,522
du coronavirus,521
coronavirus updates,520
every day,512
fight covid,504
dióxido cloro,504
muertes covid,502
positivo coronavirus,502
face masks,501
covid19 vaccine,499
long term,498
around world,497
saliva based,495
ardern delays,494
zero hedge,493
19 update,493
go back,492
help us,489
cdc says,488
tens thousands,486
via nytimes,482
coronavirus argentina,481
wearing masks,481
covid19 covid_19,480
19 related,480
coronavirus relief,480
ce masque,478
19 zero,477
herd immunity,477
muertes coronavirus,476
masiva rusia,475
fight covid19,474
par vaccin,473
health care,472
masque esclavagiste,472
esclavagiste dont,472
dont monnaiera,472
monnaiera si,472
si gentiment,472
gentiment libération,472
libération par,472
vaccin si,472
si affairiste,472
19 positive,470
coronavirus via,469
50 000,467
second wave,465
deaths reported,457
15 agosto,453
face mask,452
south africa,451
death rate,449
000 deaths,448
four weeks,448
covid19 sarscov2,446
muertos coronavirus,444
covid19 lockdown,444
10 times,443
social media,440
covid cases,437
personal salud,435
19 saliva,435
du masque,434
health officials,432
contact tracing,430
two weeks,430
loved ones,429
est pas,429
il covid19,428
nuevas muertes,427
lost job,424
people covid,422
द_फ स_ब,421
cause death,419
impact covid,419
republik indonesia,419
ल_ब द_फ,419
coronavirus il,419
flu season,416
last week,414
measures taken,413
realdonaldtrump foxnews,413
corona covid19,412
first time,409
vacuna covid19,409
make sure,405
in person,401
drrpnishank dg_nta,400
single day,400
new death,400
fauci via,400
common cold,399
wan na,398
nuevos contagios,397
please retweet,396
port du,396
game changer,395
fake news,395
positivos covid,395
young people,395
people die,393
covid coronavirus,392
good news,392
emergency use,391
mil casos,390
human rights,390
york city,389
former india,387
presssec realdonaldtrump,385
noaladiscriminación pandemia,385
cases rise,384
health department,383
top story,383
foxnews cnn,382
kei nishikori,382
virus covid,381
new post,381
contagios coronavirus,380
get tested,378
vacuna rusa,378
get covid,378
die covid19,377
pacientes covid,377
il governo,377
dio positivo,376
last days,374
covid covid19,373
could saved,373
test covid,373
recovery rate,372
positif covid,372
thousands lives,372
cnn oann,372
000 muertos,369
covid_19 covid19,369
york times,369
scheduled mass,368
update 15,366
comenzará mes,366
take care,365
combat spread,365
aged care,364
people dying,364
1trenggalek dengan,364
die coronavirus,361
per day,360
get coronavirus,360
19 relief,359
trump brother,359
dead americans,359
fatality rate,357
che non,357
coronavirus news,356
rusia covid,355
post covid,355
response covid,355
fallecidos covid,354
cases covid19,354
000 covid,353
hcq could,353
saved tens,353
covid19 positive,352
mortes covid,352
taken combat,351
come back,350
market news,350
19 restrictions,349
coronavirus disease,348
qu il,348
dalle 18,348
15 measures,348
across country,347
wash hands,346
american people,345
number cases,345
stunning proof,345
covid19 lost,344
000 coronavirus,343
เผด จการ,342
stayhome staysafe,341
coronavirus corona,341
joe biden,341
numa molina,341
in voting,340
19 situation,339
positivity rate,339
pandemic covid19,339
coronavirus tenemosvalor,339
2020 08,338
closes nightclubs,338
cashless society,337
du covid,336
joebiden kamalaharris,336
lives us,335
population coronavirus,335
1trenggalek thearieair,335
covid19 amp,334
stop spread,333
coronavirus covid_19,333
19 case,333
sarscov2 forecast,333
discoteche chiuse,333
get back,332
com covid,332
ดเส นตายไล,332
นตายไล เผด,332
19 lockdown,331
che il,331
per il,331
19 em,331
trump coronavirus,330
presidentakufoaddospeaksoncoronavirus covid19,330
rapid testing,329
co uk,329
19 méxico,329
ee uu,329
officials say,329
nuevo coronavirus,328
covid19 corona,328
terapia intensiva,328
new normal,327
000 new,327
us open,327
19 comenzará,327
salud pública,326
death population,325
proof hcq,325
coronavirus infections,324
puede ser,324
india mitega,324
cricketer chetan,324
in the,324
covid19india coronavirus,322
talk us,322
entertain empower,321
empower educate,321
educate talk,321
0208 090,321
090 2121,321
2121 hello,321
hello fantasticradio,321
fantasticradio co,321
uk homeofpossibilities,321
homeofpossibilities believeyourpossibilities,321
coronavirus new,321
flu pandemic,321
buy song,320
believeyourpossibilities buy,319
based covid,319
passed away,318
19 amp,318
24 ore,318
200 000,317
fox news,317
19 infections,317
former indian,316
tutta italia,316
test results,315
us 0208,315
die covid,314
jee neet,314
passes away,314
covid19 coronaviruspandemic,313
covid19 patients,313
murió coronavirus,313
zealand election,313
school district,312
coronavirus testing,312
save lives,312
16 august,311
need know,311
daily thanks,311
members back,311
calls members,311
covid19 trump,310
steadily increasing,309
coronavirus impact,308
du covid19,308
election coronavirus,308
health experts,307
would like,307
oklahoma state,307
coronavirus presidentakufoaddospeaksoncoronavirus,306
go away,305
election central,305
live news,304
office election,303
indian cricketer,303
calls post,303
testing positive,301
response coronavirus,301
fear mongering,301
coronavirus spread,300
dirgahayu republik,300
months ago,300
since march,299
million coronavirus,299
deaths covid,298
one day,298
times infectious,298
cases confirmed,298
coronavirus jail,298
jail fauci,298
number covid,297
neet jee,297
coronavirus tests,297
job pls,297
jared kushner,297
covid19 crisis,295
segunda ola,295
coronavirus coronavirus,293
americans dead,292
covert id,292
muertos covid,292
deliver copy,290
coronavirus india,290
daily cases,290
от covid,290
14 days,290
18 alle,290
covid19 test,289
day day,289
health ministry,289
il virus,289
coronavirus strain,289
agustus 2020,288
19 rapid,288
let us,288
us economy,288
coronaviruspandemic covid19india,287
coronavirus task,287
mortality rate,287
covid19 virus,287
boris johnson,287
pls help,287
op ed,286
copy officials,286
covid19 covidー19,286
mitega india,286
department health,285
covid19 bot,284
covid19 testing,284
56 mil,283
id cashless,282
infectious disease,282
deaths covid19,282
crisis coronavirus,281
coronavirus trump,281
deaths per,280
नए मल,280
25 89,279
children steadily,279
covid19 akufoaddoiscompassionate,279
august 15,278
contagios covid19,277
10 000,275
trump covid19,275
100 mil,274
última hora,274
care homes,274
19 16ago,274
secure job,274
het coronavirus,273
coronavirus través,272
social distance,271
st duque,271
please postpone,270
us covid,270
global pandemic,270
gnboficialve fabiozavarsep,270
19 través,270
19 cure,269
michelle bolsonaro,268
fabiozavarsep gnbgdjfl,267
india cricketer,267
japan economy,267
16 agustus,266
dies covid,266
tenemosvalor noaladiscriminación,266
use authorization,265
school student,265
get covid19,265
covid_19 coronavirus,264
ver si,264
covid19 last,263
19 infection,263
whole life,263
testing deliver,262
coronavirus amp,262
reported today,262
capitol hill,262
160 000,261
hong kong,260
reveals fled,260
total deaths,260
sir due,260
19 spread,259
whitehouse realdonaldtrump,259
sorority house,259
deaths due,258
tested covid,258
padre numa,258
16ago fanb,257
way spin,255
immune system,255
positivos coronavirus,254
washington post,254
using coronavirus,253
student knowingly,253
usps legislation,253
coronavirus indiafightscorona,252
penyebaran covid,252
million people,252
look like,252
coronavirus health,252
johns hopkins,252
one recommendation,252
high risk,251
19 covid19,251
non si,251
consider usps,251
legislation calls,251
prevent spread,250
au coronavirus,250
cas covid,250
new saliva,250
anti covid,250
scientists say,249
10 10,249
pelosi calls,249
dead covid19,248
covid19 death,248
fled home,248
fight coronavirus,248
younger brother,247
no one,247
nishikori tests,246
people like,245
tucker carlson,245
08 16,245
back capitol,245
delcy rodríguez,244
coronavirus venezuela,244
da positivo,244
of the,244
mass healing,244
19 venezuela,243
trump died,243
even though,243
clinical trials,243
24 heures,243
38 patients,243
coronavirus fears,243
regularisecovid19doctors bbhuttozardari,243
minuto silencio,243
knowingly went,243
family members,242
coronavirus scientist,242
na po,242
us history,242
hill consider,242
indiafightscorona stayhome,241
omotola jalade,241
19 ini,241
confirmed covid,241
chicago spent,241
retweet comment,241
fanb gnbypuebloleales,241
gnbypuebloleales honorygloriadaríovivas,241
honorygloriadaríovivas gnboficialve,241
central amid,241
covid19 covid__19,240
muertos covid19,240
indonesia ke,240
rights ngos,240
cabinet minister,240
feel like,239
breaking news,239
latest coronavirus,239
dg_nta drrpnishank,239
pandemic us,239
virus covid19,238
tell truth,237
15 2020,237
il faut,237
63 489,236
coronavirus leaves,236
help retweet,236
hermana mayor,236
bot covid19,235
days stats,235
66 million,235
nursing home,235
via mailonline,235
next year,235
religion covid,235
tell us,234
response covid19,234
000 casos,234
19 safety,234
spike covid,234
minor religion,234
state sorority,234
novos casos,233
coronavirus vía,233
coronavirus pandemia,233
il est,233
minister chetan,233
19 updates,232
primer lote,232
social security,232
junk science,232
coronavirus si,231
needs come,231
last year,230
authorize covid,230
three months,230
cases per,230
health minister,230
trump eyes,230
help secure,230
20 nuevas,230
obat covid,229
san diego,229
worst flu,229
sharon stone,229
democrats press,229
sundaymorning covid19,228
ministry health,228
ends meet,228
former cricketer,228
19 symptoms,227
says report,227
sign authorize,227
world news,227
19 data,227
latest news,227
come brazil,227
bloco da,227
carnival coronavirus,227
brazil carnival,227
first flu,227
4th worst,227
slow spread,226
back normal,226
rfid microchip,226
da ludmilla,226
video friend,226
brazilian needs,226
leaves participate,226
participate bloco,226
mask wearing,225
19 plan,225
il covid,225
ravage economy,225
economy thanks,225
coronavirus public,224
mass testing,224
post covid19,224
cases increase,224
impact economy,224
coronavirus coronavirusupdate,224
anthony fauci,224
infections rising,224
work coronavirus,224
faulty models,224
models junk,224
cases 21,223
general election,223
esther morales,223
iamcardib read,223
read brazilian,223
common sense,222
vote mail,222
oklahoma high,222
death covid,221
dying covid,221
last night,221
one thing,220
past 24,220
back work,220
minister jacinda,220
chauhan dies,220
science dr,220
aug 2020,219
coronavirus italia,219
sign petition,219
cases new,219
gnbgdjfl nicolasmaduro,219
3rd likely,219
likely 4th,219
reopening schools,218
via googlenews,218
first appeared,218
small businesses,218
people need,218
flu ravage,218
trump said,217
says covid,217
cases total,217
thanks faulty,217
19 numbers,216
jayfeely potus,216
per million,216
cases today,216
treated 38,216
da covid19,216
history first,216
cure covid,215
américa latina,215
21 millones,215
many feared,215
handling coronavirus,214
people still,214
coronavirus 3rd,214
want put,214
test could,214
rising children,214
primer trimestre,214
08 20,213
covid deaths,213
000 cases,213
rate covid,213
ben carson,213
coronavirus restrictions,212
contagio covid,212
vote person,212
confirmados covid,212
political weapon,212
quedateencasa 16ago,212
like coronavirus,211
recent covid,211
zealand delays,211
thearieair 1802_kimmi,211
1802_kimmi agus_candra_,211
agus_candra_ wiwikherma,211
wiwikherma dengan,211
cases india,210
cada vez,210
via nyt,210
lockdown covid19,210
democrats using,210
discoteche covid19,210
elregresodelnecio tiempodeelegir,210
tiempodeelegir quedateencasa,210
corona coronavirus,209
job one,209
19 país,208
realdonaldtrump trump,208
cases since,208
world health,208
deadliest day,208
change whole,208
even mild,208
lang po,208
recall house,208
rest peace,207
अस पत,207
abc news,207
vote democrats,207
safety measures,207
new confirmed,207
nicolás maduro,207
surakshabeforepariksha drrpnishank,207
recommendation change,207
325 new,206
election delayed,206
หน ากากอนาม,206
another covid,206
po sa,206
service vote,206
coronavirus france,205
170k dead,205
49 980,205
pandemi covid19,205
sounds like,205
10 video,205
ahsiia 10,205
news new,204
via nbcnews,204
like covid,204
coronavirus país,204
going get,204
drrpnishank pmoindia,204
spent 66,204
fallecidos coronavirus,204
उत तर,204
hari kemerdekaan,204
making billions,204
making ends,204
comment ahsiia,204
cases amp,203
19 would,203
open schools,203
infected covid,203
like covid19,202
lives lost,202
hrdministry drrpnishank,202
muere coronavirus,202
non ci,202
crisis political,202
masks mandatory,202
12 00,201
college football,201
coronavirus facility,201
the coronavirus,201
uttar pradesh,201
meet pandemic,201
billions making,201
chauhan passes,201
coronavirus officials,201
coronavirus devastated,201
deaths coronavirus,200
health crisis,200
63 490,200
brother dying,200
drrpnishank hrdministry,200
facility treated,200
microchip body,200
first day,200
raise voice,200
covid19 16,200
house postal,200
today total,199
god bless,199
must read,199
coronavirusupdate covid19,199
pandemic split,199
split us,199
stop oppression,199
devastated homeless,199
pelosi recall,199
covid19 response,198
du fou,198
us covid19,198
children cdc,198
child abuse,198
economy two,198
cricketer minister,198
162 casos,198
highest daily,197
qu ils,197
dying covid19,197
deaths us,197
coronavirus case,197
laking tulong,197
tulong na,197
actress omotola,196
2020 covid19,196
seems like,196
weeks ago,196
aajtak news24tvchannel,196
di coronavirus,196
di indonesia,196
30 000,196
strip club,196
contract basis,196
hello po,196
godbless po,196
oppression minor,196
years ago,195
please read,195
weapon video,195
po konting,195
konting tulong,195
tulong po,195
po sana,195
sana kahit,195
kahit konting,195
konting barya,195
barya po,195
po sobrang,195
sobrang laking,195
sa magulang,195
magulang ko,195
ko godbless,195
