covid,131656
coronavirus,126853
19,120792
covid19,112990
cases,25085
new,22999
amp,20347
people,19993
trump,18443
pandemic,16584
us,14728
deaths,13941
via,13545
virus,12995
casos,11887
si,11468
health,11320
000,10981
news,10775
like,10385
get,10345
one,10265
di,10167
2020,9833
test,8468
realdonaldtrump,8362
il,8176
time,8028
16,8006
would,7803
death,7564
positive,7516
da,7498
day,7470
vaccine,7343
know,7188
due,7147
world,6872
please,6866
help,6794
need,6737
many,6488
total,6471
back,6283
go,6269
die,6184
could,6177
na,6151
pandemia,6108
still,6067
see,6060
et,5900
10,5850
per,5843
mask,5782
even,5654
died,5641
india,5597
school,5515
non,5481
going,5457
country,5350
may,5349
lockdown,5315
today,5275
corona,5260
state,5250
testing,5207
24,5096
public,5081
government,5057
surakshabeforepariksha,5051
good,5034
care,4985
first,4958
home,4941
crisis,4939
spread,4856
take,4841
15,4807
want,4806
work,4792
salud,4789
americans,4773
masks,4772
says,4765
also,4763
tests,4711
the,4708
think,4705
che,4662
dr,4654
du,4641
say,4612
des,4576
make,4555
said,4453
est,4430
china,4377
live,4351
well,4304
right,4298
children,4294
read,4240
nuevos,4209
way,4203
last,4184
re,4179
year,4172
vacuna,4148
hospital,4104
stop,4099
let,4032
social,4028
days,3961
come,3900
life,3872
election,3859
flu,3801
response,3775
since,3773
daily,3771
economy,3760
update,3739
much,3709
gente,3707
number,3700
family,3689
president,3684
safe,3669
gobierno,3652
students,3649
patients,3639
data,3597
rate,3574
really,3569
20,3562
schools,3552
reported,3535
open,3521
dan,3512
personas,3505
use,3504
august,3494
ser,3487
in,3420
post,3400
vote,3398
tested,3383
keep,3379
times,3378
mil,3358
país,3353
another,3337
pas,3336
contagios,3332
every,3331
pour,3318
lives,3300
months,3299
uk,3230
hoy,3214
reports,3198
week,3194
never,3190
support,3180
outbreak,3159
america,3146
100,3125
case,3107
usa,3101
million,3092
risk,3085
aug,3040
everyone,3040
brother,3033
money,3028
real,3024
latest,3017
to,3009
video,3000
two,2987
look,2981
got,2980
face,2979
ver,2971
agosto,2971
día,2967
fauci,2962
must,2956
em,2926
great,2924
muertes,2924
high,2912
14,2885
kids,2878
sunday,2849
amid,2833
lost,2831
stay,2829
mundo,2791
plan,2761
solo,2759
states,2756
sa,2754
va,2754
11,2752
numbers,2751
venezuela,2747
person,2743
au,2741
gt,2734
dead,2731
business,2686
south,2685
long,2682
job,2664
ca,2663
doctors,2643
man,2640
give,2614
recovered,2612
recovery,2610
better,2607
com,2594
plus,2576
media,2571
mais,2560
muertos,2558
around,2556
away,2555
getting,2554
confirmed,2553
30,2541
wear,2532
fallecidos,2532
ne,2512
report,2496
12,2491
zealand,2483
covid_19,2466
control,2462
made,2461
não,2458
17,2451
thanks,2449
quarantine,2448
cdc,2445
weeks,2438
put,2433
hope,2417
house,2396
une,2390
usps,2369
best,2359
years,2356
youtube,2350
yet,2349
así,2344
dos,2341
ce,2340
without,2339
done,2338
updates,2331
50,2331
mass,2323
end,2316
discoteche,2281
ahora,2277
170,2275
medical,2272
national,2266
ve,2264
van,2248
08,2234
méxico,2232
next,2222
american,2221
top,2209
global,2202
check,2201
minister,2199
france,2198
county,2188
thing,2182
free,2180
dans,2176
mail,2167
fight,2159
and,2159
18,2154
qui,2148
tell,2146
medidas,2141
indonesia,2140
already,2135
disease,2134
nothing,2132
de,2124
needs,2123
21,2122
je,2119
domingo,2118
love,2117
city,2116
drrpnishank,2115
sure,2103
toll,2100
god,2087
bien,2086
big,2083
believe,2078
anyone,2074
countries,2066
thank,2065
bakanlığı,2061
enough,2058
positivo,2052
joebiden,2049
change,2045
workers,2039
things,2033
no,2028
working,2021
25,2012
making,2009
far,2004
oh,2004
infections,1996
der,1984
par,1983
dying,1975
watch,1973
positivos,1972
find,1970
democrats,1962
officials,1957
días,1953
active,1948
sir,1947
través,1945
follow,1944
online,1936
truth,1932
situation,1930
vida,1930
und,1921
cause,1920
impact,1916
part,1907
puede,1905
show,1903
office,1902
casi,1902
article,1902
rt,1901
ever,1891
community,1886
travel,1884
australia,1883
population,1883
using,1879
food,1878
others,1877
old,1871
start,1870
science,1868
sur,1863
coming,1859
infected,1858
someone,1855
call,1854
argentina,1853
hours,1849
españa,1844
less,1841
gop,1840
13,1837
casa,1836
eu,1832
trying,1832
taking,1830
measures,1829
cnn,1828
horas,1823
protect,1818
bad,1815
yes,1811
vía,1799
das,1793
mas,1792
fear,1784
everything,1783
masque,1780
kita,1777
16ago,1776
emergency,1765
cas,1762
govt,1761
bill,1759
of,1758
local,1754
hace,1752
wearing,1747
nuevo,1745
important,1742
story,1737
saliva,1733
biden,1732
place,1730
dengan,1721
record,1720
always,1717
hydroxychloroquine,1715
contact,1715
second,1706
ini,1697
symptoms,1695
infection,1691
it,1690
sick,1685
ai,1683
something,1683
la,1682
presidente,1681
pacientes,1679
brasil,1678
po,1675
human,1668
pay,1659
40,1658
safety,1656
russia,1655
sono,1655
system,1651
relief,1641
etc,1639
york,1637
ng,1636
00,1634
um,1632
rusia,1629
used,1628
italia,1619
restrictions,1617
kesehatan,1614
कर,1613
normal,1612
across,1612
service,1611
research,1610
feel,1608
thousands,1607
hacer,1606
personal,1600
anti,1596
party,1594
based,1592
staff,1590
yang,1585
families,1584
likely,1584
england,1574
el,1572
education,1568
coronaviruspandemic,1567
actually,1567
años,1564
hard,1564
voting,1562
full,1558
month,1557
results,1551
continue,1549
worst,1546
economic,1540
parents,1538
cure,1538
canada,1535
related,1535
hit,1535
gracias,1534
het,1530
maybe,1530
menos,1522
florida,1521
lot,1521
left,1517
donald,1515
experts,1515
distancing,1514
korea,1514
mayor,1513
protokol,1510
saying,1509
fda,1506
últimas,1501
political,1500
wrongtrump,1499
true,1497
pcr,1494
shit,1494
pm,1491
link,1490
information,1487
mal,1485
might,1483
ll,1482
anything,1482
increase,1482
including,1481
cuarentena,1479
study,1479
march,1473
immunity,1470
treatment,1468
found,1466
cómo,1464
save,1464
point,1463
aquí,1463
madrid,1463
wrong,1462
twitter,1457
rise,1454
potus,1451
market,1451
pmoindia,1449
close,1448
early,1444
mascarilla,1439
least,1438
order,1436
killed,1434
soon,1430
sars,1428
this,1409
qu,1406
sağlık,1405
caso,1399
play,1391
fall,1387
en,1387
lies,1384
among,1383
calls,1383
taken,1381
doctor,1380
makes,1379
past,1376
200,1374
blame,1373
former,1371
air,1368
vous,1364
ang,1359
ke,1356
wait,1356
pruebas,1355
went,1355
little,1355
cada,1353
all,1351
according,1344
exam,1343
mes,1343
confirmados,1338
remember,1337
despite,1334
thought,1332
registra,1332
recoveries,1330
tüm,1330
jobs,1328
try,1327
sign,1326
on,1326
gets,1326
shows,1325
whole,1325
ist,1324
retweet,1323
breaking,1322
covid__19,1321
kill,1321
is,1319
season,1318
friends,1317
honorygloriadaríovivas,1317
fuck,1315
spike,1314
possible,1312
narendramodi,1308
morales,1308
23,1303
hoax,1302
called,1301
semana,1301
robert,1300
ago,1294
low,1290
fact,1287
return,1286
team,1286
dice,1278
yesterday,1278
parte,1274
dari,1272
worse,1270
share,1267
chinese,1266
game,1265
tan,1265
police,1263
white,1259
karşı,1259
dg_nta,1251
together,1251
fake,1251
talk,1249
nation,1249
homes,1249
almost,1248
pandemi,1246
colombia,1246
madrid16a,1245
millions,1240
bir,1238
hospitals,1237
war,1236
yeniden,1236
san,1236
we,1236
else,1235
dont,1235
mean,1234
level,1229
rest,1228
tras,1227
tener,1227
four,1226
student,1226
deal,1224
highest,1223
living,1222
scientists,1221
contagio,1218
general,1212
zero,1211
members,1209
problem,1209
young,1209
reason,1205
sad,1204
covid19millionaires,1203
governo,1201
hermana,1201
hakları,1200
hcq,1200
mejor,1200
vez,1200
infectious,1200
dies,1199
özlük,1197
united,1197
और,1196
médicos,1195
hrdministry,1195
healthcare,1192
bolsonaro,1192
different,1190
22,1189
source,1189
looking,1188
millones,1183
sundaythoughts,1182
prevent,1180
sundaymorning,1178
instead,1178
women,1178
savaşan,1177
sağlıkçıların,1177
told,1177
wo,1177
chauhan,1177
dios,1175
administration,1175
rules,1175
untuk,1174
probably,1174
sorry,1173
düzenlensin,1173
imza,1173
future,1172
history,1167
uso,1167
dirgahayuindonesia,1166
learn,1165
kampanyaya,1164
teachers,1162
número,1162
three,1161
rates,1160
alle,1160
leaders,1158
you,1157
ça,1155
spreading,1153
info,1153
sosyal,1149
leadership,1149
available,1148
nous,1147
que,1147
failed,1145
avec,1145
60,1143
nicht,1141
seems,1139
italy,1137
federal,1136
पर,1135
hands,1134
set,1133
bu,1132
changetr,1130
power,1130
seen,1130
japan,1130
wave,1123
closed,1123
vaccines,1121
issues,1119
california,1117
africa,1117
able,1113
college,1113
ask,1111
regarding,1110
primer,1110
gates,1109
den,1106
evo,1102
favor,1100
shut,1099
meses,1097
26,1096
ou,1096
common,1096
black,1096
ok,1095
aracılığıyla,1094
list,1090
for,1088
wow,1085
fucking,1083
wants,1083
sont,1083
staysafe,1082
evidence,1082
friend,1082
hear,1081
university,1079
victoria,1079
stupid,1078
especially,1078
uma,1076
2019,1076
vacunación,1073
understand,1072
group,1072
koca,1069
child,1069
falta,1069
started,1068
businesses,1068
negative,1066
persons,1066
atención,1065
bbc,1065
nytimes,1065
pa,1062
co,1062
age,1061
delays,1061
في,1061
brazil,1060
murió,1059
exams,1059
66,1058
op,1058
2021,1058
given,1055
poor,1055
july,1054
small,1054
force,1052
mortes,1052
act,1052
department,1051
become,1049
tweet,1049
idea,1047
nacional,1046
international,1046
aile,1045
ci,1045
çalışma,1044
fahrettin,1040
course,1040
chetan,1039
quedateencasa,1038
heart,1035
caused,1034
existe,1033
después,1032
app,1032
reporting,1030
took,1029
question,1028
single,1025
nuevas,1025
means,1018
nicolasmaduro,1018
mientras,1018
class,1016
nuovi,1015
noticias,1012
hizmetler,1011
cumhurbaşkanlığı,1010
cancer,1007
evitar,1006
ready,1005
recuperados,1004
self,1003
75,1003
nhs,1000
summer,999
happy,991
sigue,990
oms,989
five,988
mental,986
mit,986
run,984
indian,982
visit,982
europe,979
pass,978
makadhimi,978
fin,977
football,977
services,976
vs,974
rapid,972
voters,972
om,972
lol,970
mismo,967
records,967
masiva,963
thread,963
ones,961
company,960
fighting,960
rising,959
current,959
più,959
gov,957
foxnews,956
im,955
ko,955
behind,954
dapat,953
body,952
situación,951
mascarillas,948
that,946
causa,945
cov,945
según,944
letter,944
failure,943
información,943
looks,943
datos,941
sense,940
turn,940
cricketer,940
saturday,938
buy,938
politics,937
nearly,935
higher,934
hi,934
transmission,933
er,933
56,933
treating,932
pls,931
tv,931
todas,931
postal,931
ils,930
line,930
though,928
reporte,925
advice,924
seriously,923
met,923
guys,922
happen,921
join,920
wonder,920
500,920
comes,919
hello,919
head,918
een,918
pueblo,918
covidー19,918
questions,917
dat,916
patient,915
effective,915
diario,914
gone,912
send,911
immune,911
guy,911
nigeria,910
late,909
within,908
killing,907
toda,907
district,907
tally,907
70,907
society,907
leader,906
della,906
vaccin,904
27,903
muere,903
came,900
nba,900
tem,900
trumpvirus,899
interesting,899
following,897
biggest,897
needed,897
putin,896
golf,896
16agosto,896
kamalaharris,895
matter,893
gran,892
por,890
países,889
responsible,888
strategy,888
guess,888
80,888
contagi,888
issue,886
press,886
whitehouse,885
texas,884
june,884
coronavírus,883
absolutely,883
lab,883
campaign,883
primera,882
ardern,882
talking,880
comment,880
lockdowns,879
bolivia,878
listen,877
plasma,876
madre,876
मल,875
nursing,875
45,874
stayhome,872
siempre,872
verdad,872
300,871
blood,870
sarscov2,869
september,869
giving,869
uniraq,868
العام_الدراسي_الجديد,868
التعيين_غايتنا_الالكتروني_مطلبنا,867
novel,866
unicefinarabic,866
النصر,866
reopen,865
