gram,counts
covid 19 cases,4905
covid 19 pandemic,3544
new covid 19,2019
covid 19 vaccine,2004
casos covid 19,1908
due covid 19,1797
positive covid 19,1738
covid 19 deaths,1451
covid19 karşı savaşan,1172
karşı savaşan tüm,1172
hakları yeniden düzenlensin,1171
savaşan tüm sağlıkçıların,1170
tüm sağlıkçıların özlük,1170
sağlıkçıların özlük hakları,1170
özlük hakları yeniden,1170
kampanyaya imza ver,1140
coronavirus covid 19,1101
covid 19 outbreak,1063
covid 19 test,1058
imza ver changetr,1035
ver changetr aracılığıyla,1028
dr fahrettin koca,1013
fahrettin koca covid19,1013
sağlık bakanlığı dr,1011
bakanlığı dr fahrettin,1011
koca covid19 karşı,1011
aile çalışma sosyal,1010
çalışma sosyal hizmetler,1010
sosyal hizmetler bakanlığı,1010
hizmetler bakanlığı sağlık,1010
bakanlığı sağlık bakanlığı,1010
cumhurbaşkanlığı aile çalışma,1008
yeniden düzenlensin kampanyaya,1006
düzenlensin kampanyaya imza,1005
últimas 24 horas,995
died covid 19,995
cases covid 19,928
surakshabeforepariksha surakshabeforepariksha surakshabeforepariksha,918
vacuna covid 19,891
public health england,881
new coronavirus cases,867
uniraq unicefinarabic makadhimi,852
covid 19 crisis,846
amid covid 19,842
covid 19 patients,839
بتويتر التعيين_غايتنا_الالكتروني_مطلبنا العام_الدراسي_الجديد,839
الهلال الاسطورة النصر,836
التعيين_غايتنا_الالكتروني_مطلبنا العام_الدراسي_الجديد الهلال,835
العام_الدراسي_الجديد الهلال الاسطورة,835
الاسطورة النصر covid19,800
da covid 19,795
covid 19 via,779
mematuhi protokol kesehatan,768
covid 19 dirgahayuindonesia,731
covid 19 testing,716
dengan mematuhi protokol,710
pandemi covid 19,709
protokol kesehatan kita,703
kesehatan kita dapat,701
kita dapat memerangi,701
dapat memerangi penjajah,701
memerangi penjajah covid,701
penjajah covid 19,701
treating covid 19,697
use hydroxychloroquine treating,649
covid 19 di,649
hydroxychloroquine treating covid,645
spread covid 19,643
regarding use hydroxychloroquine,631
fauci regarding use,629
الشهادات العليا في,617
العليا في العراق,617
contagios covid 19,616
في العراق يطالبون,613
حملة الشهادات العليا,604
covid 19 coronavirus,595
فرص العمل للجميع,594
للجميع بتويتر التعيين_غايتنا_الالكتروني_مطلبنا,593
open letter fauci,592
بتكافؤ فرص العمل,592
يطالبون بتكافؤ فرص,591
العراق يطالبون بتكافؤ,590
covid 19 death,586
makadhimi حملة الشهادات,581
positivo covid 19,580
pen open letter,579
unicefinarabic makadhimi حملة,579
covid 19 response,573
last 24 hours,571
letter fauci regarding,568
العمل للجميع بتويتر,567
doctors pen open,565
hermana evo morales,561
covid 19 virus,554
pandemia covid 19,548
covid 19 tests,543
16 agosto 2020,538
nuevos casos covid,528
nuevos casos coronavirus,524
jacinda ardern delays,490
covid 19 update,487
covid 19 related,478
covid 19 zero,477
tested positive covid,473
19 zero hedge,472
ce masque esclavagiste,472
masque esclavagiste dont,472
esclavagiste dont monnaiera,472
dont monnaiera si,472
monnaiera si gentiment,472
si gentiment libération,472
gentiment libération par,472
libération par vaccin,472
par vaccin si,472
vaccin si affairiste,472
fight covid 19,470
vacunación masiva rusia,470
tests positive covid,467
covid 19 positive,464
16 08 2020,449
new cases covid,442
covid 19 saliva,434
coronavirus death toll,432
muertes covid 19,425
tests positive coronavirus,425
new covid19 cases,419
ल_ब द_फ स_ब,419
domingo 16 agosto,412
impact covid 19,401
august 16 2020,400
people covid 19,387
noaladiscriminación pandemia coronavirus,383
new york city,380
positivos covid 19,378
amid coronavirus pandemic,376
fauci via gatewaypundit,373
coronavirus live updates,372
port du masque,371
positif covid 19,370
foxnews cnn oann,370
realdonaldtrump foxnews cnn,368
19 saliva test,367
new york times,367
1trenggalek dengan mematuhi,364
170 000 americans,362
tested positive covid19,360
bbc news coronavirus,358
covid 19 relief,357
pacientes covid 19,355
rusia covid 19,354
scheduled mass recovery,354
test covid 19,354
virus covid 19,353
ardern delays election,353
combat spread coronavirus,350
measures taken combat,350
covid 19 restrictions,349
taken combat spread,349
new cases coronavirus,348
15 measures taken,348
170 000 dead,345
update 15 measures,345
masiva rusia covid,345
coronavirus covid19 sarscov2,344
test positive covid,341
mortes covid 19,340
covid 19 situation,339
mail in voting,339
fallecidos covid 19,338
tens thousands lives,337
response covid 19,336
pandemia coronavirus tenemosvalor,336
tested positive coronavirus,334
covid19 sarscov2 forecast,332
ดเส นตายไล เผด,332
covid 19 case,331
population coronavirus covid19,331
covid 19 em,331
covid 19 lockdown,330
saved tens thousands,330
นตายไล เผด จการ,329
covid 19 méxico,328
could saved tens,328
covid19 lost job,327
covid 19 comenzará,327
due covid19 lost,326
hcq could saved,326
thousands lives us,325
new death population,324
death population coronavirus,324
proof hcq could,324
cricketer chetan chauhan,322
lives us coronavirus,322
entertain empower educate,321
empower educate talk,321
0208 090 2121,321
090 2121 hello,321
2121 hello fantasticradio,321
hello fantasticradio co,321
fantasticradio co uk,321
co uk homeofpossibilities,321
uk homeofpossibilities believeyourpossibilities,321
homeofpossibilities believeyourpossibilities buy,319
believeyourpossibilities buy song,319
get covid 19,318
stunning proof hcq,318
000 covid 19,317
covid 19 infections,317
com covid 19,317
educate talk us,315
talk us 0208,315
us 0208 090,315
covid 19 amp,315
new zealand election,312
calls members back,309
spread coronavirus presidentakufoaddospeaksoncoronavirus,306
coronavirus presidentakufoaddospeaksoncoronavirus covid19,304
based covid 19,303
calls post office,303
post office election,302
office election central,300
saliva based covid,293
coronavirus jail fauci,290
covid 19 rapid,288
former indian cricketer,288
10 times infectious,286
india mitega india,286
deliver copy officials,285
coronaviruspandemic covid19india coronavirus,282
coronavirus task force,282
covert id cashless,282
id cashless society,282
dirgahayu republik indonesia,282
mitega india mitega,281
dalle 18 alle,281
от covid 19,280
children steadily increasing,279
presidentakufoaddospeaksoncoronavirus covid19 akufoaddoiscompassionate,279
job pls help,274
us coronavirus jail,274
die covid 19,273
19 rapid testing,270
covid 19 través,270
du covid 19,269
covid 19 cure,269
000 dead americans,268
gnboficialve fabiozavarsep gnbgdjfl,267
emergency use authorization,265
number covid 19,265
covid 19 infection,263
testing deliver copy,262
rapid testing deliver,260
tenemosvalor noaladiscriminación pandemia,260
high school student,258
deaths covid 19,254
former india cricketer,254
us covid 19,253
muertos covid 19,252
19 comenzará mes,252
casos positivos covid,251
legislation calls post,251
usps legislation calls,250
consider usps legislation,249
penyebaran covid 19,248
covid 19 spread,246
reveals fled home,246
members back capitol,245
back capitol hill,245
post covid 19,244
covid 19 venezuela,243
pelosi calls members,243
delays election coronavirus,242
capitol hill consider,242
covid 19 ini,241
covid 19 16ago,241
16ago fanb gnbypuebloleales,241
fanb gnbypuebloleales honorygloriadaríovivas,241
nishikori tests positive,241
election central amid,241
indiafightscorona stayhome staysafe,240
tested covid 19,240
human rights ngos,240
gnbypuebloleales honorygloriadaríovivas gnboficialve,240
honorygloriadaríovivas gnboficialve fabiozavarsep,240
hill consider usps,239
000 americans died,238
central amid coronavirus,238
covid 19 covid19,236
covid19 bot covid19,235
bot covid19 last,235
covid19 last days,235
last days stats,235
covid19india coronavirus indiafightscorona,235
coronavirus indiafightscorona stayhome,235
covid 19 safety,234
minor religion covid,234
religion covid 19,234
gt gt gt,232
covid 19 updates,232
19 death toll,231
authorize covid 19,230
minister chetan chauhan,230
oklahoma state sorority,230
cas covid 19,229
spike covid 19,229
lost job pls,229
pls help secure,229
help secure job,229
sign authorize covid,227
covid 19 data,227
bloco da ludmilla,226
brazilian needs come,226
needs come brazil,226
come brazil carnival,226
brazil carnival coronavirus,226
carnival coronavirus leaves,226
coronavirus leaves participate,226
leaves participate bloco,226
participate bloco da,226
student knowingly went,226
4th worst flu,226
worst flu pandemic,226
covid 19 plan,225
20 nuevas muertes,225
school student knowingly,225
faulty models junk,224
models junk science,224
covid 19 symptoms,223
confirmed covid 19,223
iamcardib read brazilian,223
read brazilian needs,223
ravage economy thanks,223
obat covid 19,222
dies covid 19,222
fabiozavarsep gnbgdjfl nicolasmaduro,219
3rd likely 4th,219
likely 4th worst,219
flu pandemic us,219
pandemic us history,219
jail fauci via,219
please help retweet,218
flu ravage economy,218
coronavirus impact economy,217
prime minister jacinda,217
help retweet comment,217
first flu ravage,217
economy thanks faulty,217
thanks faulty models,217
covid 19 numbers,216
minister jacinda ardern,216
science dr fauci,216
us history first,215
history first flu,215
junk science dr,215
coronavirus live news,214
000 coronavirus deaths,214
sir due covid19,213
past 24 hours,212
infections rising children,212
coronavirus 3rd likely,212
recent covid 19,211
1trenggalek thearieair 1802_kimmi,211
thearieair 1802_kimmi agus_candra_,211
1802_kimmi agus_candra_ wiwikherma,211
agus_candra_ wiwikherma dengan,211
wiwikherma dengan mematuhi,211
elregresodelnecio tiempodeelegir quedateencasa,210
confirmados covid 19,209
total number cases,209
tiempodeelegir quedateencasa 16ago,209
new zealand delays,209
republik indonesia ke,207
secure job one,207
job one recommendation,207
one recommendation change,207
recommendation change whole,207
change whole life,207
postal service vote,206
covid 19 país,205
ahsiia 10 10,205
new cases confirmed,204
making ends meet,204
retweet comment ahsiia,204
comment ahsiia 10,204
10 10 video,204
10 video friend,204
covid 19 would,203
test positive coronavirus,203
contagio covid 19,203
spent 66 million,203
padre numa molina,203
oklahoma high school,203
democrats using coronavirus,202
says covid 19,201
using coronavirus crisis,201
billions making ends,201
ends meet pandemic,200
crisis political weapon,200
na po sa,200
making billions making,200
recall house postal,200
house postal service,200
facility treated 38,199
treated 38 patients,199
coronavirus crisis political,199
chetan chauhan passes,199
pelosi recall house,199
meet pandemic split,198
split us economy,198
death covid 19,197
children cdc says,197
pandemic split us,197
robert trump died,196
coronavirus facility treated,196
stop oppression minor,196
oppression minor religion,196
service vote democrats,196
vote democrats press,196
16 agustus 2020,195
nuevos casos positivos,195
coronavirus public health,195
chicago spent 66,195
political weapon video,195
hello po konting,195
po konting tulong,195
konting tulong po,195
tulong po sana,195
po sana kahit,195
sana kahit konting,195
kahit konting barya,195
konting barya po,195
barya po sobrang,195
po sobrang laking,195
sobrang laking tulong,195
laking tulong na,195
tulong na po,195
po sa magulang,195
sa magulang ko,195
magulang ko godbless,195
ko godbless po,195
godbless po stay,195
po stay safe,195
stay safe kahit,195
safe kahit retweet,195
kahit retweet lang,195
retweet lang po,195
lang po sobra,195
po sobra kong,195
sobra kong appreciated,195
kong appreciated gcash,195
appreciated gcash number,195
gcash number 09151198529,195
us economy two,195
chauhan passes away,195
democrats press dejoy,194
covid 19 real,193
carlson democrats using,192
another covid 19,192
puy du fou,191
covid 19 yang,191
tucker carlson democrats,191
homeless many feared,191
kei nishikori tests,191
record vacancies lower,191
vacancies lower rent,191
lower rent prices,191
leaders human rights,190
chetan chauhan dies,190
press dejoy testify,190
unproven covid 19,190
devastated homeless many,189
faces record vacancies,189
covid 19 first,188
coronavirus devastated homeless,188
americans died covid19,187
increase covid 19,187
000 americans dead,187
primer lote vacuna,187
covid 19 vía,187
new zealand prime,187
dari covid 19,186
25 89 682,186
infected covid 19,186
zealand prime minister,186
chiuse tutta italia,185
york city faces,185
city faces record,184
knowingly went class,184
cure covid 19,183
gmt coronavirus coronavirusupdate,183
coronavirus coronavirusupdate covid19,183
coronavirusupdate covid19 coronaviruspandemic,183
rising children cdc,183
went class coronavirus,183
dying covid 19,182
new saliva based,182
170 000 coronavirus,182
discoteche chiuse tutta,182
rent prices resident,182
prices resident exodus,182
170 000 people,181
state sorority house,181
covid 19 treatment,180
combat covid 19,180
उत तर रद,180
resident exodus coronavirus,180
omotola jalade ekeinde,179
fled home tell,179
2020 08 16,179
19 cure promoted,179
new zealand pm,178
zealand election delayed,178
exodus coronavirus pandemic,178
class coronavirus officials,178
amid recent covid,178
trump eyes unproven,178
eyes unproven covid,178
update infections rising,177
like covid 19,176
home tell truth,176
pruebas covid 19,176
daily covid 19,176
covid 19 impact,175
despite covid 19,175
indonesia ke 75,175
covid 19 mundo,175
coronavirus officials say,175
16 august 2020,174
case fatality rate,174
covid 19 protocols,174
covid 19 news,174
vacunación masiva coronavirus,174
covid 19 fatality,174
covid 19 program,174
time covid 19,173
covid 19 covid,173
casos confirmados covid,173
five biggest coronavirus,173
biggest coronavirus myths,173
19 test could,173
since covid 19,172
single day spike,172
fear mongering propaganda,172
marcmillervm gcindigenous miller,172
19 program support,172
program support indigenous,172
support indigenous peoples,172
indigenous peoples montreal,172
peoples montreal qc,172
coronavirus update infections,172
election coronavirus fears,172
covid 19 dan,171
vacuna rusa covid,171
rusa covid 19,171
coronavirus myths busted,171
coronavirus disease 2019,170
declared emergency sindh,170
emergency sindh epicenter,170
sindh epicenter covid19,170
19 16ago fanb,170
desperate family survivor,170
family survivor child,170
survivor child abuse,170
child abuse rape,170
abuse rape care,170
rape care no,170
care no one,170
no one turn,170
one turn help,170
turn help sold,170
help sold van,170
sold van corona,170
van corona virus,170
corona virus lost,170
virus lost work,170
lost work coronavirus,170
work coronavirus lost,170
coronavirus lost home,170
lost home beaten,170
home beaten odds,170
beaten odds cancer,170
odds cancer help,170
nuevas muertes coronavirus,169
know covid 19,169
gos declared emergency,169
look covid 19,169
exposing fear mongering,169
mongering propaganda outright,169
propaganda outright lies,169
outright lies plaguing,169
recovered covid 19,168
covid 19 funds,168
combatir covid 19,168
lies plaguing world,168
cases trend12 aug,168
covid 19 concerns,167
द_फ स_ब ल_ब,167
स_ब ल_ब द_फ,167
covid 19 hoax,166
aajtak news24tvchannel zeenews,166
myths busted exposing,166
busted exposing fear,166
sa covid 19,165
66 million coronavirus,165
call south korea,165
scientist reveals fled,164
rights ngos call,164
ngos call south,164
south korea stop,164
korea stop oppression,164
propagación covid 19,163
covid 19 plasma,163
coronavirus il governo,163
000 people died,162
million coronavirus facility,162
news24tvchannel zeenews cnnnews18,162
dio positivo coronavirus,162
delayed four weeks,162
japan economy shrank,162
covid 19 still,161
zealand jacinda ardern,161
226 nuevos casos,160
covid 19 spike,160
india cricketer chetan,160
election covid 19,160
health england to,160
primer trimestre 2021,160
vacunas covid 19,159
covid19 positive cases,159
mypillow ceo axios,159
handling covid 19,158
basis fight covid19,158
usa northamerica cases,158
new zealand jacinda,158
election delayed four,158
56 mil 757,158
coronavirus scientist reveals,157
2019 covid 19,157
world health organization,157
postpone jee neet,157
joined contract basis,157
contract basis fight,157
england to replaced,157
dr fauci via,157
million covid 19,156
yale covid 19,156
kasus covid 19,156
vacina covid 19,156
covid 19 could,156
daily cases increase,156
rapid covid 19,156
469 nuevos casos,156
dr anthony fauci,155
19 cases reported,154
president donald trump,154
school district cancels,154
four weeks amid,154
district cancels classes,153
school covid 19,153
reported today utc,153
today utc time,153
38 patients total,152
toronto strip club,152
international leaders human,152
news new zealand,151
india covid 19,151
tackle covid 19,151
síntomas covid 19,151
south korea warns,150
hermana mayor evo,150
miners 2012 scientists,149
makes masks mandatory,149
16 08 20,148
chinese miners 2012,148
market news source,148
19 covid 19,148
dr scott atlas,148
strain 10 times,148
coronavirus cases rise,147
ekeinde tests positive,147
sign petition via,147
regularise doctors joined,147
fight covid19 regularisecovid19doctors,147
mayor evo morales,147
27 april june,147
fda emergency use,146
raise voice regularise,146
voice regularise doctors,146
doctors joined contract,146
regularisecovid19doctors bbhuttozardari bakhtawarbz,146
genocidio rebrotetimo noalconfinamiento,146
risk covid 19,145
first covid 19,145
tests covid 19,145
19 first appeared,144
bbhuttozardari bakhtawarbz aseefabz,144
protect post office,144
iamcardib iamcardib read,144
closes nightclubs due,144
li meng yan,143
ultime 24 ore,143
teamsosindia theniteshsingh himanshu_irl,143
crisis covid 19,143
bakhtawarbz aseefabz saeedghani12,143
rebrotetimo noalconfinamiento noalnuevoordenmundial,143
noalconfinamiento noalnuevoordenmundial noalbozal,143
noalavacuna políticosaprisión sanitariosasesinos,143
políticosaprisión sanitariosasesinos periodistascobardes,143
nurses doctors hospitals,143
safe covid 19,142
covid 19 trump,142
vaksin covid 19,142
aseefabz saeedghani12 mediacellppp,142
mediacellppp murtazawahab1 syedmuradalippp,142
coronatimo coronafarsa genocidio,142
coronafarsa genocidio rebrotetimo,142
votes covid 19,142
19 plan education,142
plan education rural,142
education rural voters,142
rural voters protect,142
voters protect post,142
post office suburban,142
office suburban voters,142
suburban voters pets,142
voters pets veterans,142
pets veterans nurses,142
veterans nurses doctors,142
doctors hospitals economy,142
hospitals economy environment,142
economy environment social,142
environment social security,142
social security public,142
security public health,142
public health women,142
health women voters,142
italy makes masks,142
covid 19 últimas,141
controlled chicago spent,141
19 plasma therapy,141
plasma therapy resources,141
details teamsosindia theniteshsingh,141
weapon video via,141
au covid 19,141
saeedghani12 mediacellppp murtazawahab1,141
19 related complications,141
covid 19 get,140
covid 19 vaccines,140
nelle ultime 24,140
noalnuevoordenmundial noalbozal noalamascarillaobligatoria,140
noalbozal noalamascarillaobligatoria noalavacuna,140
noalamascarillaobligatoria noalavacuna políticosaprisión,140
updates cdc says,140
dilip kumar brothers,140
fatality rates look,140
casos positivos coronavirus,139
scrap public health,139
covid 19 even,139
please help us,139
postpone neet jee,139
masiva covid 19,139
chetan chauhan died,139
covid19 170k dead,139
honorygloriadariovivas elregresodelnecio tiempodeelegir,139
shrank annual rate,139
people died covid,138
democrat controlled chicago,138
covid 19 tally,138
check bio details,138
bio details teamsosindia,138
covid 19 like,138
covid19 raise voice,138
covid19 regularisecovid19doctors bbhuttozardari,138
covid19 covidhoax borregos,138
worst power shortage,138
19 fatality rates,138
tied trump covid19,138
trump covid19 170k,138
economy shrank annual,138
think covid 19,137
18 62 258,137
saliva based coronavirus,137
total covid 19,137
nollywood actress omotola,137
vaccine covid 19,137
disease 2019 covid,137
nuevos casos covid19,137
epicenter covid19 raise,137
coronavirus strain 10,137
covidhoax borregos covidianos,137
vacunación masiva covid,137
sunday shade dopeydon,137
shade dopeydon racially,137
dopeydon racially charged,137
racially charged campaign,137
charged campaign crippling,137
campaign crippling usps,137
crippling usps removed,137
sorters intimidated women,137
intimidated women has,137
women has give,137
has give dna,137
give dna rape,137
dna rape case,137
rape case senate,137
case senate intel,137
senate intel informs,137
intel informs barr,137
informs barr alleged,137
people tied trump,137
170k dead 6m,137
dead 6m infected,137
6m infected unmaga,137
infected unmaga humptytrumpty,137
bidenschoolstrump bidenschoolstrump bidenschoolstrump,137
covid 19 recovered,136
pasien covid 19,136
video via gatewaypundit,136
korea warns another,136
california worst power,136
usps removed 641,136
removed 641 sorters,136
641 sorters intimidated,136
nuevos covid 19,135
live news new,135
2012 scientists say,135
case covid 19,135
day covid 19,135
rates look people,135
look people survive,135
test could fast,135
covid 19 brasil,134
replace public health,134
covid 19 flu,134
lurdsws iamcardib iamcardib,134
trump covid 19,133
anti mask protest,133
penanganan covid 19,133
based coronavirus test,133
nuevo récord diario,133
test used nba,133
curada da covid,133
outbreak tied church,133
people survive entirely,133
survive entirely recover,133
fall flu season,133
election four weeks,133
cure promoted mypillow,133
potential covid 19,132
specialist pandemic unit,132
bikinihaul tryon bikini,132
style bodycare holiday,132
bodycare holiday vacation,132
holiday vacation beach,132
vacation beach model,132
beach model swimsuit,132
model swimsuit summer,132
swimsuit summer covid19,132
kids back school,132
19 outbreak tied,132
cases children steadily,132
could fast cheap,132
cheap game changer,132
check bikinihaul tryon,131
tryon bikini bhbodytypem,131
bikini bhbodytypem style,131
bhbodytypem style bodycare,131
getting covid 19,131
new cases covid19,131
contagiado covid 19,131
warns another covid,131
fast cheap game,131
death toll hits,130
health england specialist,130
मल मन आए,130
positive coronavirus cases,130
per 100 000,130
covid 19 poor,130
guardemos minuto silencio,130
secretary replace public,129
england specialist pandemic,129
time national crisis,129
sanitariosasesinos periodistascobardes covid_19,129
periodistascobardes covid_19 covid19,129
covid_19 covid19 covidhoax,129
zealand delays election,129
promoted mypillow ceo,129
dead covid 19,128
cases 944 deaths,128
deaths per million,128
health secretary replace,128
covid 19 rates,128
new confirmed cases,128
contre covid 19,128
russian covid 19,128
pm jacinda ardern,128
national crisis cumm,128
crisis cumm ads,128
cumm ads suggests,128
ads suggests limiting,128
suggests limiting person,128
limiting person person,128
person person contact,128
person contact coronavirus,128
contact coronavirus beaten,128
coronavirus beaten play,128
beaten play safe,128
play safe play,128
safe play online,128
due spike covid,128
hoy 12 00,128
amp covid 19,127
il covid 19,127
19 vaccine trials,127
00 guardemos minuto,127
italy closes nightclubs,127
saglikbakanligi drfahrettinkoca kampanyaya,127
drfahrettinkoca kampanyaya imza,127
saliva test used,126
12 00 guardemos,126
mandatory closes nightclubs,126
nightclubs due spike,126
covid 19 patient,125
got covid 19,125
receives fda emergency,125
nuevo punto débil,125
mil casos covid,125
fighting covid 19,125
ten african innovations,125
batalla covid 19,125
signs collective mourning,125
san diego beaches,125
diego beaches packed,125
masks mandatory closes,125
due coronavirus pandemic,124
petition via change,124
african innovations help,124
innovations help tackle,124
covid 19 times,124
ri ke 75,124
comenzará vacunación masiva,124
beaches packed coronavirus,124
coronavirus appetite grows,123
corona covid 19,123
covid 19 16,123
19 safety measures,123
dio positivo covid,123
19 cases surge,123
help tackle covid,123
testing positive covid,123
questions covid 19,123
550 people covid,123
packed coronavirus heatwave,123
covid 19 podría,122
pandemic unit says,122
contract covid 19,122
active covid 19,122
covid 19 na,122
récord diario casos,122
test receives fda,122
exposed 550 people,122
coronavirus hermana evo,122
appetite grows home,121
grows home working,121
home working local,121
casos nuevos covid,121
covid 19 economic,121
covid 19 outbreaks,121
covid 19 cluster,121
see covid 19,121
may exposed 550,121
april june due,121
working local lockdowns,120
unit says report,120
covid 19 hit,120
rates children steadily,120
affected covid 19,120
covid 19 hospital,120
collective mourning us,120
evo morales coronavirus,120
170 000 ahead,120
1trenggalek thearieair dengan,120
thearieair dengan mematuhi,120
covid 19 daily,119
lote vacuna sputnik,119
covid 19 stimulus,119
coronavirus health secretary,119
get tested covid,119
zealand pm jacinda,119
twindemic health experts,119
health experts push,119
experts push urgently,119
hits 170 000,119
take covid 19,118
yale rapid covid,118
saliva test receives,118
da positivo covid,118
fearing twindemic health,118
covid 19 may,117
jalade ekeinde tests,117
