coronavirus,304259
covid,246165
19,233083
covid19,180498
amp,44148
people,42593
new,41172
pandemic,38675
nan,36222
cases,35865
via,32334
us,29453
deaths,27876
trump,27572
news,25680
virus,23050
health,22798
like,22532
lockdown,22131
000,21984
one,21920
may,21212
casos,20118
time,19665
get,19589
2020,18854
realdonaldtrump,18606
crisis,18565
world,17366
death,16912
china,16574
day,16530
would,15796
help,15000
si,14965
need,14620
di,14543
home,14445
know,14295
government,14051
da,13805
today,13742
could,13294
due,13142
see,13032
many,12941
100,12791
still,12784
go,12763
work,12632
total,12609
state,12476
pandemia,12354
26,12323
back,12203
test,12173
patients,11891
even,11876
vaccine,11771
et,11702
cummings,11670
says,11621
read,11617
good,11458
live,11458
first,11249
please,11156
na,11154
going,11055
positive,11055
care,11011
take,10939
social,10827
india,10524
10,10504
il,10370
think,10349
testing,10336
per,10294
re,10253
covid_19,10193
uk,10171
country,10146
corona,10103
des,9973
hospital,9910
also,9694
public,9691
make,9685
response,9478
the,9475
said,9281
du,9241
well,9218
em,9216
die,9197
right,9115
support,9102
want,9086
say,9078
mask,9041
way,8905
great,8780
data,8766
post,8541
states,8512
spread,8467
business,8386
masks,8361
let,8306
days,8243
number,8174
24,8157
must,8113
face,8073
latest,8067
year,8046
salud,8045
com,7970
stay,7944
workers,7923
usa,7871
look,7857
much,7834
media,7783
million,7703
last,7668
update,7660
safe,7639
americans,7603
gobierno,7537
really,7532
est,7528
times,7501
daily,7482
keep,7407
amid,7393
president,7376
rate,7336
two,7324
stop,7304
global,7286
vía,7211
pour,7205
died,7155
since,7141
25,7132
risk,7118
20,7031
impact,7014
outbreak,6835
week,6785
life,6763
open,6762
plan,6656
economy,6583
fight,6573
family,6519
país,6479
não,6457
got,6399
article,6390
america,6310
another,6286
man,6283
ser,6283
gt,6266
come,6262
personas,6254
cuarentena,6232
free,6220
brasil,6189
30,6184
confirmed,6151
every,6148
tests,6133
made,6128
online,6115
long,6107
lives,6071
homes,6068
video,6062
tested,6015
de,5991
everyone,5925
real,5921
dan,5906
au,5881
use,5847
mais,5841
next,5835
updates,5830
dos,5817
dr,5796
mil,5778
second,5727
never,5713
hydroxychloroquine,5709
youtube,5707
nuevos,5704
case,5694
working,5694
months,5682
reported,5679
to,5677
recovery,5672
around,5650
hoy,5640
hope,5630
watch,5627
better,5622
getting,5609
non,5609
15,5572
toll,5570
best,5564
nursing,5508
mundo,5501
ve,5489
check,5487
without,5452
report,5354
une,5259
11,5237
thanks,5235
in,5225
gente,5221
quarantine,5213
medical,5210
thank,5185
covid__19,5169
economic,5160
normal,5156
protect,5125
study,5123
human,5119
end,5118
muertes,5116
12,5103
pm,5076
done,5034
cdc,5021
york,5007
thing,5004
restrictions,4997
distancing,4978
safety,4955
story,4954
contagios,4937
county,4931
countries,4929
top,4923
part,4918
find,4908
years,4907
food,4879
travel,4878
ca,4860
dominic,4855
ahora,4839
numbers,4797
sur,4778
future,4773
symptoms,4757
big,4752
yet,4740
join,4704
city,4703
high,4687
community,4673
money,4671
dead,4671
put,4655
reports,4650
pas,4650
días,4645
contact,4641
businesses,4639
children,4619
believe,4601
job,4576
rules,4568
weeks,4565
far,4557
call,4552
flu,4550
local,4546
june,4544
eu,4534
national,4492
already,4478
reopen,4462
medidas,4450
research,4450
solo,4440
give,4438
important,4437
minister,4435
mayo,4419
information,4414
person,4414
ever,4412
show,4395
día,4378
school,4366
pacientes,4363
disease,4358
um,4335
others,4327
share,4326
va,4321
memorial,4307
14,4305
things,4297
love,4277
team,4275
taking,4270
muertos,4258
anyone,4257
oms,4256
away,4253
old,4250
venezuela,4231
making,4230
covidー19,4190
sa,4188
gov,4183
50,4173
situation,4171
follow,4164
full,4157
start,4147
sure,4142
fallecidos,4136
05,4135
staff,4129
and,4110
control,4109
dans,4096
mas,4087
bbc,4079
el,4076
needs,4071
infected,4064
yes,4060
coronavírus,4052
hit,4036
change,4033
wear,4033
reopening,4028
méxico,4022
la,4009
market,4004
govt,3979
might,3977
bad,3976
plus,3972
continue,3964
nothing,3960
van,3951
drug,3948
app,3947
webinar,3943
breaking,3942
पर,3935
twitter,3922
using,3916
así,3905
someone,3903
visit,3896
sick,3896
no,3880
god,3879
together,3866
american,3851
tell,3842
march,3837
emergency,3834
place,3823
learn,3816
something,3807
wearing,3791
recovered,3782
qui,3781
trial,3767
across,3755
कर,3739
treatment,3738
lost,3735
brazil,3733
link,3717
tuesday,3706
españa,3696
casa,3695
coming,3693
system,3689
healthcare,3686
science,3684
yang,3684
low,3682
population,3651
wave,3648
lot,3642
cómo,3633
industry,3629
rt,3613
order,3609
students,3607
wuhan,3583
pay,3579
chinese,3577
house,3575
blog,3574
bill,3574
less,3556
bien,3555
00,3536
warns,3513
used,3509
behind,3509
south,3508
including,3494
ne,3490
africa,3478
it,3472
trying,3471
point,3468
caso,3467
australia,3466
nuevo,3466
related,3464
infection,3458
looking,3455
of,3441
par,3428
wrong,3420
war,3408
experts,3406
canada,3397
der,3395
en,3388
personal,3379
ce,3370
puede,3351
das,3349
enough,3341
18,3338
measures,3336
menos,3325
leaders,3325
oh,3323
soon,3304
hard,3293
police,3288
ll,3281
presidente,3266
hospitals,3266
hace,3249
return,3247
summer,3231
families,3226
stayhome,3225
service,3221
thousands,3212
27,3210
confirmados,3203
questions,3199
small,3191
cuomo,3189
despite,3189
schools,3186
cnn,3186
johnson,3186
23,3182
makes,3180
month,3169
doctors,3164
che,3155
always,3151
services,3139
weekend,3137
drive,3136
actually,3124
ini,3123
dying,3122
early,3119
governor,3095
everything,3095
quedateencasa,3094
plans,3091
air,3079
hours,3072
hacer,3068
self,3064
60,3061
cause,3056
increase,3056
shows,3049
possible,3043
feel,3041
relief,3041
biden,3027
virtual,3024
least,3018
found,3009
different,3006
trials,2995
seen,2989
truth,2983
saying,2980
info,2971
40,2970
caused,2969
car,2966
und,2966
party,2964
white,2962
available,2961
ai,2960
argentina,2955
federal,2953
based,2949
uma,2947
chile,2940
shit,2940
likely,2937
fact,2936
coronaviruspandemic,2936
move,2922
ver,2920
true,2920
failed,2919
je,2913
anything,2907
killed,2904
borisjohnson,2904
women,2895
thought,2894
mayor,2885
we,2875
little,2849
tras,2846
interesting,2846
question,2842
número,2838
fear,2837
infections,2836
anti,2822
etc,2822
porn,2821
france,2810
rise,2805
this,2805
education,2804
digital,2803
13,2789
tem,2786
essential,2783
cada,2773
maybe,2765
2019,2762
vez,2758
current,2756
according,2751
kids,2750
employees,2749
society,2744
else,2744
boris,2738
company,2732
talk,2730
tweet,2729
aquí,2729
positivos,2727
21,2725
contagio,2721
16,2719
group,2714
28,2714
past,2711
jobs,2710
told,2706
left,2706
guidelines,2705
companies,2703
united,2699
financial,2696
mortes,2694
three,2694
pruebas,2690
avec,2686
datos,2684
april,2682
called,2680
you,2680
among,2674
closed,2672
fake,2662
term,2661
sector,2656
child,2644
office,2642
ask,2640
millones,2639
black,2638
vida,2637
officials,2636
for,2635
que,2629
almost,2629
ago,2628
ways,2621
highest,2619
law,2616
mean,2615
leadership,2614
save,2613
worse,2611
power,2607
lies,2604
mental,2603
press,2600
given,2598
horas,2589
remember,2588
yg,2587
vote,2584
become,2572
doctor,2571
japan,2571
california,2566
positivo,2565
gop,2564
higher,2555
stock,2550
affected,2548
concerns,2540
needed,2536
provide,2532
wife,2528
political,2527
seems,2526
mark,2526
on,2525
democrats,2523
whole,2523
nacional,2522
ou,2518
donald,2518
hear,2517
nation,2515
sars,2513
peak,2511
friends,2507
meses,2507
reason,2503
17,2501
understand,2495
रह,2495
able,2491
vacuna,2473
looks,2471
500,2463
gracias,2462
close,2462
members,2453
maharashtra,2451
ready,2447
following,2447
set,2444
issues,2427
worst,2427
general,2424
action,2414
went,2411
act,2409
información,2407
tv,2400
fuck,2399
advice,2388
key,2382
bolsonaro,2374
line,2370
listen,2370
lockdowns,2369
woman,2361
kill,2361
residents,2344
try,2342
taken,2338
tracing,2330
hands,2327
ppe,2326
stupid,2326
handling,2321
spreading,2320
forward,2318
nigeria,2318
active,2317
wait,2315
play,2313
leave,2309
después,2304
situación,2304
parents,2294
young,2289
casi,2287
nueva,2285
guidance,2279
hi,2278
trabajo,2276
mejor,2274
millions,2269
crise,2263
fall,2258
gets,2256
yesterday,2254
cure,2254
took,2243
sign,2240
untuk,2238
vous,2238
dice,2236
nearly,2232
living,2230
heart,2230
critical,2226
opening,2225
fund,2225
means,2224
prevent,2216
wonder,2214
instead,2210
22,2210
evitar,2210
is,2208
problem,2205
años,2202
vulnerable,2201
europe,2200
course,2200
communities,2198
zero,2198
ao,2195
frente,2195
ok,2194
patient,2193
miles,2191
dia,2184
staysafe,2183
wants,2180
access,2178
deal,2177
29,2171
और,2166
results,2165
citizens,2162
especially,2162
nhs,2162
special,2161
morning,2159
tomorrow,2158
het,2151
policy,2144
pra,2141
clear,2127
200,2127
wo,2125
parte,2121
mal,2121
international,2120
register,2118
buy,2117
areas,2110
florida,2109
gates,2109
países,2104
idea,2103
45,2103
pass,2102
नह,2101
issue,2096
hand,2092
ng,2085
started,2083
fucking,2083
noticias,2082
demand,2081
age,2080
médicos,2080
primera,2080
blame,2078
shut,2076
colombia,2076
security,2072
london,2070
co,2067
rights,2066
official,2064
evidence,2062
sad,2060
potus,2057
director,2057
efforts,2056
helping,2056
north,2055
level,2052
campaign,2052
sports,2050
vs,2050
happen,2047
rule,2044
lol,2041
monday,2038
por,2031
website,2031
increased,2031
list,2030
season,2026
leader,2026
lie,2025
isolation,2023
civil,2023
politics,2017
sense,2015
sir,2013
though,2012
clinical,2010
qu,2009
quédateencasa,2007
survey,2003
continues,2003
se,1993
rest,1992
nous,1992
announced,1987
poor,1985
cas,1984
70,1980
31,1980
front,1979
scientists,1975
healthy,1972
talking,1969
suffering,1964
major,1963
all,1963
along,1961
university,1959
trust,1958
thread,1957
contre,1955
discuss,1952
department,1951
click,1947
challenges,1945
ke,1941
technology,1940
meaning,1936
semana,1931
center,1930
event,1927
99,1927
responsible,1924
area,1924
date,1918
mother,1909
tan,1908
events,1906
chance,1905
uso,1899
probably,1896
immunity,1896
congress,1893
run,1891
source,1890
huge,1890
nygovcuomo,1889
allowed,1887
result,1885
novel,1883
ones,1883
wow,1879
todas,1877
half,1876
obama,1876
focus,1875
fighting,1874
atención,1872
comment,1870
comes,1869
resources,1868
mr,1866
já,1864
gone,1864
fase,1862
protection,1862
reporting,1861
lead,1861
happy,1856
came,1854
hold,1850
dangerous,1848
potential,1848
analysis,1846
ny,1846
common,1845
90,1841
toda,1835
difficult,1834
outside,1833
serious,1832
cover,1826
history,1824
tener,1821
russia,1820
deadly,1820
sont,1819
kita,1817
mind,1816
300,1813
learning,1813
red,1812
tips,1810
program,1808
blood,1808
finally,1806
falta,1802
details,1802
strategy,1798
joebiden,1796
four,1795
threat,1794
cost,1794
facebook,1793
primer,1792
period,1790
killing,1790
goes,1790
facilities,1789
mass,1789
that,1789
matter,1787
nytimes,1786
elderly,1785
dengan,1784
distance,1782
importante,1781
towards,1781
name,1781
tiempos,1780
sistema,1779
lying,1777
hey,1776
infectados,1775
san,1775
mundial,1772
reality,1771
são,1769
gon,1765
longer,1765
socialdistancing,1763
chief,1763
vamos,1762
contagiados,1761
italia,1761
cuba,1761
water,1759
600,1758
force,1757
riesgo,1756
single,1756
phase,1753
80,1751
sigue,1751
un,1751
experience,1750
según,1746
opportunity,1744
latam,1744
military,1742
vai,1742
víctimas,1741
michigan,1741
count,1739
indonesia,1739
worth,1738
reuters,1737
effects,1736
tiempo,1735
últimas,1734
italy,1734
momento,1732
washington,1732
men,1729
favor,1728
dari,1726
church,1725
informe,1719
thinking,1718
spike,1718
