gram,counts
covid 19 pandemic,9184
covid 19 cases,5925
due covid 19,3398
covid 19 patients,3310
covid 19 deaths,3300
covid 19 crisis,3146
casos covid 19,3140
coronavirus covid 19,2568
covid 19 vaccine,2347
new covid 19,2332
amid covid 19,2296
positive covid 19,2059
covid 19 via,1949
da covid 19,1825
bbc news coronavirus,1814
covid 19 death,1703
covid 19 outbreak,1697
pandemia covid 19,1563
covid 19 di,1557
covid 19 testing,1487
coronavirus death toll,1486
impact covid 19,1474
covid 19 response,1464
covid 19 lockdown,1379
new coronavirus cases,1345
fight covid 19,1312
covid 19 restrictions,1287
cases covid 19,1253
may 26 2020,1237
post covid 19,1197
new york times,1173
covid 19 coronavirus,1166
response covid 19,1150
últimas 24 horas,1132
amid coronavirus pandemic,1041
covid 19 virus,1033
memorial day weekend,1030
like covid 19,1016
covid 19 update,997
covid 19 test,985
died covid 19,960
spread covid 19,950
covid 19 em,939
long term care,923
covid 19 vía,892
pandemi covid 19,890
du covid 19,880
100 000 dead,869
rfid microchip mark,854
microchip mark beast,854
crisis covid 19,845
covid 19 impact,825
contagios covid 19,822
100 000 americans,811
covid 19 positive,783
warns second peak,782
com covid 19,781
covid 19 relief,781
world health organization,776
coronavirus tip iceberg,766
pacientes covid 19,765
nuevos casos coronavirus,758
positif covid 19,745
nuevos casos covid,745
19 death toll,742
mortes covid 19,732
penyebaran covid 19,730
muertes covid 19,724
last 24 hours,720
deaths covid 19,717
26 05 2020,714
100 000 deaths,707
confirms remarkably low,707
death rate media,704
cdc confirms remarkably,692
coronavirus live updates,691
tested positive covid,675
covid 19 treatment,667
increased suffering death,660
meaning behind calculating,658
caused increased suffering,658
covid 19 related,657
protect health workers,657
hidden meaning behind,653
pandemic like covid,651
vacuna covid 19,648
killed rule designed,648
test positive covid,645
team killed rule,645
covid 19 situation,643
positivo covid 19,639
trump team killed,637
designed protect health,631
rule designed protect,630
health workers pandemic,628
covid 19 infection,627
workers pandemic like,627
covid 19 tests,620
march caused increased,608
covid 19 data,601
must read article,597
gt gt gt,595
cashless society know,585
covid 19 amp,583
sports events march,577
tested positive coronavirus,574
events march caused,574
patients nursing homes,573
covid 19 case,572
visit dying mother,572
get covid 19,571
handling covid 19,571
coronavirus sports events,560
covid 19 symptoms,559
martes 26 mayo,549
covid 19 may,547
due coronavirus pandemic,542
nears 100 000,541
number covid 19,532
positivos covid 19,532
virus covid 19,526
covid 19 नह,525
severe covid 19,524
19 नह पर,524
उनक पम मश,524
गरम आएग उनक,524
आएग उनक पर,524
china bat woman,523
पम मश गरम,523
मश गरम आएग,523
नह पर अन,522
पर अन लगन,522
york stock exchange,522
यक covid 19,521
new york stock,521
cuarentena coronavirus covid19,520
अन लगन उनक,520
लगन उनक पम,520
covid 19 recovery,518
56 nuevos casos,516
25 mayo 2020,514
000 covid 19,505
confirmed covid 19,499
michigan gov whitmer,498
26 mei 2020,496
26 mayo 2020,492
उनक पर generalpromotiontompstudents,491
death toll nears,490
covid 19 brasil,487
stay at home,486
difficult time must,485
time must safe,485
order family express,485
family express test,485
express test covid19,485
test covid19 price,485
covid19 price 19,485
price 19 99buy,485
test positive coronavirus,478
coronavirus death rate,474
new cases covid,468
covid 19 infections,467
covid 19 ini,460
coronavirus dominic cummings,454
time covid 19,452
fallecidos covid 19,451
memorial day lockdown,451
covid 19 mundo,450
caught memorial day,450
day lockdown controversy,450
dominic cummings lockdown,449
lockdown controversy husband,449
wanted pass along,448
second peak areas,447
husband reported boat,447
muertos covid 19,446
hydroxychloroquine covid 19,445
controversy husband reported,445
toll nears 100,444
reported boat request,443
new cases covid19,441
whitmer caught memorial,441
gov whitmer caught,440
covid 19 país,437
people covid 19,437
second wave coronavirus,436
behind calculating 666,435
mark beast hidden,435
beast hidden meaning,435
contre covid 19,433
towards cashless society,431
home covid 19,429
update covid 19,427
dying mother due,426
resigns dominic cummings,425
new york city,421
proof rfid microchip,419
us covid 19,414
penanganan covid 19,413
casos positivos covid,413
confirmados covid 19,407
fight together coronavirus,406
coronavirus covid19 sarscov2,405
together coronavirus difficult,405
coronavirus difficult time,405
must safe order,405
safe order family,405
frente covid 19,404
10 días luto,404
covid 19 world,397
100 000 people,395
combate covid 19,393
mark rutte visit,392
rutte visit dying,392
warns coronavirus tip,392
first time since,391
covid 19 venezuela,390
cases new deaths,389
contact tracing app,389
low death rate,389
new covid19 cases,387
covid 19 spread,382
000 dead americans,381
contagio covid 19,379
covid 19 méxico,379
population coronavirus covid19,374
covid19 sarscov2 forecast,374
crise du coronavirus,374
26 may 2020,373
tuesday may 26,372
covid 19 na,371
low coronavirus death,371
coronavirus pandemic via,369
casos confirmados covid,366
die covid 19,365
death population coronavirus,365
despite covid 19,364
от covid 19,363
areas covid 19,362
new death population,362
latest covid 19,362
test covid 19,360
mother due covid,359
caso covid 19,359
covid 19 could,358
remarkably low death,357
ignore covid 19,357
covid 19 updates,356
covid 19 victimhood,356
pm mark rutte,354
clear face masks,351
covid 19 declining,350
remarkably low coronavirus,349
covid 19 realities,349
treatment covid 19,348
rate media chooses,348
infected covid 19,347
media chooses ignore,347
peak areas covid,345
dying covid 19,345
president donald trump,343
chooses ignore covid,342
minister resigns dominic,342
dutch pm mark,341
19 death rate,340
covid 19 drug,339
2008 financial crisis,339
coronavirus call clear,338
call clear face,338
covid 19 news,338
total confirmed cases,338
tested covid 19,336
trump covid 19,335
vaccine trials begin,334
new cases coronavirus,334
recovery coronavirus crisis,334
failed making coronavirus,332
coronavirus disease 2019,332
whines covid 19,332
coronavirus vaccine candidate,330
trump whines covid,330
human capital stock,329
affected covid 19,329
may 25 2020,329
19 victimhood campaign,329
coronavirus recession shares,329
recession shares traits,329
coronavirus cases rise,326
de covid 19,326
victimhood campaign flails,325
confirmed cases covid19,323
nearly 100 000,322
past 24 hours,322
making coronavirus projections,321
epoch times app,321
covid 19 covid19,320
días luto oficial,320
green recovery coronavirus,320
admits we failed,319
tests positive covid,319
trials coronavirus vaccine,319
new deaths today,319
covid 19 patient,318
we failed making,317
immediate second peak,315
covid 19 victims,315
anti viral drug,315
uk coronavirus live,315
take covid 19,313
treat covid 19,312
labels trump tweets,310
times app see,309
coverage daily updates,308
society know bible,306
trials begin australia,306
tested positive covid19,306
lives daily talk,305
0208 90 2121,305
90 2121 hello,305
2121 hello fantasticradio,305
hello fantasticradio co,305
fantasticradio co uk,305
co uk fantasticradiouk,305
uk fantasticradiouk homeofpossibilities,305
fantasticradiouk homeofpossibilities believeyourpossibilities,305
homeofpossibilities believeyourpossibilities stayhomesafelives,305
believeyourpossibilities stayhomesafelives buy,305
stayhomesafelives buy song,305
au covid 19,305
app see exclusive,305
tiempos covid 19,303
deaths today raising,303
twitter labels trump,303
know covid 19,302
cuomo admits we,301
uk covid 19,301
exclusive coronavirus coverage,300
covid 19 et,300
000 americans died,300
adding value lives,299
value lives daily,299
daily talk us,299
talk us 0208,299
us 0208 90,299
world health leaders,297
2019 covid 19,295
coronavirus coverage daily,294
mencegah penyebaran covid,293
human vaccine trials,293
health leaders urge,293
potentially misleading first,293
misleading first time,293
face masks the,292
urge green recovery,292
daily covid 19,291
tweets potentially misleading,291
masks the norm,290
pruebas covid 19,290
leaders urge green,289
see exclusive coronavirus,288
covid 19 emergency,288
fighting covid 19,287
southern hemisphere first,287
term care facilities,286
lunes 25 mayo,285
term care homes,285
hemisphere first human,285
viral drug remdesivir,285
trump tweets potentially,285
raising country total,284
first covid 19,282
covid 19 contact,281
covid 19 covid,281
casos confirmados coronavirus,281
pasien covid 19,281
cummings lockdown trip,281
rate covid 19,280
coronavirus sars cov,280
covid 19 southern,280
19 di wilayah,280
risk covid 19,279
society know jesus,279
portada new york,279
first human vaccine,279
case covid 19,278
amidst covid 19,277
since covid 19,277
trials covid 19,277
covid 19 toll,276
name covid 19,276
although coronavirus recession,276
shares traits 2008,276
traits 2008 financial,276
financial crisis recessions,276
crisis recessions rate,276
recessions rate sustainability,276
rate sustainability recovery,276
sustainability recovery could,276
recovery could quite,276
could quite different,276
quite different cycle,276
casos positivos coronavirus,275
2020 05 26,275
statutory sick pay,274
today raising country,273
covid19 positive cases,273
total number cases,273
covid 19 yang,272
covid 19 shutdown,271
covid 19 new,271
confirmed deaths go,270
19 southern hemisphere,270
25 05 2020,269
desa tangguh semeru,269
news covid 19,268
confirmed coronavirus cases,268
bbc news mundo,268
kasus covid 19,268
horowitz cdc confirms,268
dies covid 19,267
bat woman warns,267
near 100 000,266
covid 19 guidelines,266
unfair trump whines,266
100 000 covid,265
live export ship,265
patients critical condition,263
disease 2019 covid,263
covid 19 safety,262
coronavirus via youtube,262
covid 19 would,262
possible covid 19,262
related covid 19,261
people died today,261
impacted covid 19,260
coronavirus new york,260
begin australia coronavirus,260
coronavirus please visit,260
mil víctimas covid19,259
free covid 19,258
public health emergency,257
times lista mil,257
lista mil víctimas,257
víctimas covid19 titular,257
covid19 titular pérdida,257
titular pérdida incalculable,257
please visit comment,257
visit comment share,257
comment share article,257
share article help,257
article help others,257
100 000 coronavirus,256
ministério da saúde,256
amid coronavirus crisis,256
diez días luto,256
dos estilos prensa,256
york times lista,256
diarios españoles publicidad,256
españoles publicidad gobierno,256
publicidad gobierno mensaje,256
gobierno mensaje festivo,256
mensaje festivo salimos,256
festivo salimos fuertes,256
potential covid 19,255
wave covid 19,255
india covid 19,255
estilos prensa portada,255
prensa portada new,255
pérdida incalculable diarios,255
incalculable diarios españoles,255
pela covid 19,254
total covid 19,254
trading floor reopens,254
six week low,254
2020 trends marketresearch,254
trends marketresearch latestnews,254
death toll tops,253
impacts covid 19,253
already facing crisis,253
facing crisis gets,253
covid 19 numbers,252
covid 19 health,252
medidas covid 19,252
social distancing rules,252
crisis gets coronavirus,251
deaths near 100,250
news coronavirus sports,250
effects covid 19,249
000 people died,249
new cases confirmed,249
suspend bill rights,249
lucha covid 19,249
health care workers,248
second peak coronavirus,248
bancarrota ee uu,248
nuevanormalidad gatell 26demayo,248
help covid 19,247
quedateencasa nuevanormalidad gatell,247
71 105 casos,246
ao covid 19,245
19 contact tracing,245
sa covid 19,245
stock exchange trading,245
british airways without,245
airways without beating,245
without beating heart,245
ba right thing,245
stop permanent cuts,245
permanent cuts name,245
cuts name covid,245
42 000 loyal,245
babetrayal handbacktheflag bastopredundancies,245
gatell 26demayo quemásquisiera,245
due safety concerns,244
tip iceberg chinese,244
beating heart corporate,244
heart corporate greed,244
corporate greed breaking,244
greed breaking 42,244
breaking 42 000,244
000 loyal employee,244
loyal employee hearts,244
employee hearts ba,244
hearts ba right,244
right thing hand,244
thing hand back,244
flag stop permanent,244
covid 19 babetrayal,244
hand back flag,244
trial hydroxychloroquine covid,243
even covid 19,243
covid 19 fight,243
iceberg chinese researcher,243
back flag stop,243
19 babetrayal handbacktheflag,243
says covid 19,242
using covid 19,242
000 coronavirus deaths,241
tests positive coronavirus,241
dalam mencegah penyebaran,241
nyse trading floor,241
71 mil 105,240
deaths go updates,240
coronavirus cases new,240
spike covid 19,238
covid 19 hospital,238
go back work,238
chinese researcher cautions,238
exchange trading floor,238
patients covid 19,237
26 05 20,236
at home order,235
death toll rises,235
realities zero hedge,235
_स _सव ल_कर,235
tangguh semeru inovasi,235
semeru inovasi kapolda,235
inovasi kapolda jatim,235
kapolda jatim dalam,235
jatim dalam mencegah,235
covid 19 still,234
19 realities zero,234
sign petition via,233
जप _स _सव,233
di wilayah jawa,233
amp covid 19,232
work covid 19,231
next covid 19,231
covid 19 tally,231
people tested positive,230
use covid 19,230
gov andrew cuomo,230
2020 covid 19,230
designed infect humans,229
humans covid 19,229
informe guardia civil,229
covid 19 epidemic,228
world covid 19,228
wake covid 19,228
causa covid 19,227
000 americans dead,227
caused covid 19,227
response coronavirus pandemic,226
covid 19 risk,226
229 new cases,225
26 mai 2020,225
wilayah jawa timur,225
9th circuit judges,224
judges suspend bill,223
coronavirus covid19 coronavirusoutbreak,223
pass along article,223
along article believe,223
article believe everyone,223
believe everyone read,223
everyone read rfid,223
read rfid microchip,223
mark beast meaning,223
beast meaning behind,223
calculating 666 revealed,223
pass along absolute,223
along absolute proof,223
absolute proof rfid,223
behind calculating number,223
said covid 19,223
19 pandemic buy,223
click link buy,223
circuit judges suspend,222
ever wondered meaning,222
wondered meaning behind,222
meaning behind 666,222
behind 666 wonder,222
666 wonder must,222
wonder must read,222
covid 19 antibody,222
best way entertain,222
way entertain home,222
entertain home covid,222
pandemic buy pair,222
buy pair sharp,222
pair sharp pruning,222
sharp pruning shears,222
pruning shears tidy,222
shears tidy gardenyour,222
tidy gardenyour choice,222
gardenyour choice support,222
choice support usplease,222
support usplease click,222
usplease click link,222
covid 19 dengan,221
105 casos confirmados,221
dead americans trump,221
brote covid 19,221
think covid 19,221
read interesting article,221
current covid 19,221
nuevos casos positivos,220
updates covid19 coronavirus,220
víctimas covid 19,220
covid 19 covert,219
centuries people wondered,219
people wondered mystery,219
wondered mystery behind,219
mystery behind number,219
behind number god,219
number god holy,219
god holy spirit,219
holy spirit revealed,219
spirit revealed truth,219
revealed truth must,219
truth must read,219
hope re staying,219
bill rights coronavirus,218
re staying safe,218
staying safe times,218
safe times also,218
times also hope,218
also hope ll,218
hope ll read,218
ll read interesting,218
interesting article concerning,218
article concerning hidden,218
concerning hidden meaning,218
meaning behind counting,218
behind counting fascinating,218
counting fascinating everyone,218
fascinating everyone read,218
vaccine covid 19,217
impacto covid 19,217
global covid 19,217
please take time,217
19 covert id,216
covert id heading,216
id heading towards,216
heading towards future,216
towards future cashless,216
future cashless society,216
trump watch covid,216
go updates covid19,216
know bible spoke,215
clinton 9th circuit,215
result covid 19,215
americans trump watch,215
die every year,215
interesting article read,214
stay home stay,214
nursing home deaths,213
rights coronavirus cured,213
number 666 hidden,213
666 hidden meaning,213
hidden meaning finally,213
meaning finally revealed,213
usa northamerica cases,213
covid 19 global,213
news coronavirus covid19,213
covid 19 canada,213
symptoms covid 19,213
masks social distance,213
obama clinton 9th,212
deaths per million,212
hope ve great,212
ve great day,212
great day want,212
day want share,212
want share interesting,212
share interesting article,212
article read concerning,212
read concerning rfid,212
concerning rfid microchip,212
calculating 666 fascinating,212
wabah covid 19,212
death covid 19,212
covid 19 statistics,212
dominic cummings coronavirus,212
covid 19 legislation,212
mardi 26 mai,211
like designed infect,211
take time read,211
updates covid 19,211
covid 19 au,210
coronavirus second wave,210
combatir covid 19,209
trial coronavirus vaccine,208
americans died coronavirus,208
beat covid 19,208
coronavirus future office,208
researcher warns coronavirus,207
disease covid 19,207
covid 19 españa,207
dona plasma investigación,207
trials hydroxychloroquine safety,206
100 000 lives,206
bill gates backed,206
combat covid 19,206
hopes coronavirus vaccine,205
finally revealed coronavirus,205
coronavirus affect eyesight,205
killed 100 000,205
19 public health,205
hydroxychloroquine safety fears,204
infection fatality rate,204
finally revealed covid19,204
coronavirus live minister,204
live minister resigns,204
infectados covid 19,203
covid 19 cell,203
cell culture theory,203
public health preparedness,203
health preparedness calling,203
treating covid 19,202
infect humans covid,202
culture theory gains,202
theory gains steam,202
coronavirus live news,202
coronavirus covid19 pandemic,202
58 million humans,202
million humans die,202
humans die every,202
every year including,202
infective tb million,202
tb million flu,202
million flu million,202
flu million pollution,202
hysterics masks social,202
social distance lockdown,202
want prepare apply,202
nuevo orden mundial,201
recovered covid 19,201
19 cell culture,201
19 via youtube,201
year including million,201
including million highly,201
million highly infective,201
highly infective tb,201
million pollution that,201
pollution that makes,201
that makes coronavirus,201
makes coronavirus pathetic,201
coronavirus pathetic hysterics,201
pathetic hysterics masks,201
distance lockdown insane,201
lockdown insane form,201
insane form terrorism,201
covid 19 cure,200
covid 19 dan,200
the covid 19,200
know jesus spoke,199
data cover ups,199
contagiados covid 19,199
recovery covid 19,199
covid 19 nedeniyle,199
andrea bocelli coronavirus,199
first time smartnews,199
covid 19 lockdowns,198
dominic cummings say,198
positive cases reported,198
reveals gene role,198
gene role dementia,198
role dementia severe,198
drug covid 19,197
criticism covid 19,197
19 data cover,197
cummings say predicted,197
world war ii,196
covid 19 research,196
bat woman researcher,196
time read pass,196
read pass friends,196
pass friends family,196
friends family proof,196
family proof rfid,196
mark beast mysterious,196
beast mysterious meaning,196
mysterious meaning behind,196
meaning behind finally,196
behind finally revealed,196
million covid 19,196
hit covid 19,196
non essential shops,196
19 positive cases,196
luto oficial víctimas,196
woman researcher warns,195
cure covid 19,195
covid 19 hoax,195
covid 19 en,195
help slow spread,195
tras covid 19,195
deaths last 24,195
linked covid 19,194
states face criticism,194
woman warns coronavirus,194
pandemic news coronavirus,194
dementia severe covid,194
covid 19 est,193
terdampak covid 19,193
death toll passes,193
uk authorises anti,193
authorises anti viral,193
600 nuevos casos,193
man made disaster,192
evitar propagación covid19,192
coronavirus contact tracing,192
global pandemic news,192
el covid 19,192
covid 19 drives,192
research reveals gene,192
floor reopens coronavirus,192
19 covid 19,191
social distancing measures,191
new cases new,191
ng covid 19,191
of covid 19,191
report covid 19,190
infectious 11 days,190
grande américa latina,190
face covid 19,189
aerolínea latam declara,189
nuevos casos covid19,188
face criticism covid,188
number coronavirus cases,188
mantener medidas covid,188
at home orders,188
boris johnson coronavirus,187
fight coronavirus brazil,187
article amp reuters,186
halts trials hydroxychloroquine,186
truth states face,186
people died coronavirus,186
coronavirus deadliest democrats,186
testing covid 19,186
covid 19 personal,186
county covid 19,186
letalidad covid 19,186
मल मन आए,186
१६ यक covid,186
cases top million,185
covid19 recovery rate,185
coronavirus dona plasma,185
coronavirus halts trials,184
covid 19 transmission,184
il covid 19,184
coronavirus task force,184
new covid19 positive,184
million face masks,184
raises 80m covid,184
80m covid 19,184
generals fight coronavirus,184
looking truth states,183
coronavirus últimas 24,183
trial covid 19,183
propagación covid 19,183
official covid 19,183
19 di indonesia,183
home stay safe,183
cummings lockdown trips,183
scandit raises 80m,183
coronavirus uk authorises,183
brought generals fight,183
19 drives demand,182
brazil losing battle,182
10 million face,182
please help us,181
wash hands often,181
sign share petition,181
covid 19 grave,181
emergency food plan,181
drives demand contactless,181
bolsonaro brought generals,181
coronavirus brazil losing,181
pandémie covid 19,180
say covid 19,180
updated may 26,180
covid19 โคว ด19,180
crise du covid,180
slow spread covid19,180
di tengah pandemi,180
wuhan tested million,180
face masks coronavirus,180
coronavirus emergency food,180
british civil service,180
por covid 19,180
points hopes coronavirus,179
covid 19 outbreaks,179
โคว ด19 covid19,179
cummings quarantined symptoms,179
quarantined symptoms british,179
symptoms british civil,179
civil service attempted,179
produce 10 million,179
hospitals got billions,178
bringing total confirmed,178
great time build,178
job covid 19,178
covid 19 changed,178
million coronavirus tests,178
prepararnos segunda ola,178
introduce coronavirus emergency,178
johnson coronavirus dominic,178
dominic cummings quarantined,178
service attempted power,178
attempted power grab,178
bame people fined,178
stay home much,177
trading floor reopen,177
government introduce coronavirus,177
white population coronavirus,177
organización mundial salud,176
covid 19 não,176
000 lives lost,176
drug touted trump,176
realdonaldtrump 100 000,176
tratar covid 19,176
covid 19 economic,176
deadliest democrats live,176
tell government introduce,176
food plan sign,176
covid 19 times,175
future college online,175
news times india,175
plan sign share,175
coronavirus regulations 2020,175
demand contactless deliveries,175
people fined white,175
fined white population,175
19 vaccine trials,174
protect us coronavirus,174
casos positivos covid19,174
read article covid19,174
survive coronavirus starvation,174
penularan covid 19,174
death rate world,174
boris johnson approval,174
form terrorism pharma,174
terrorism pharma industry,174
pharma industry debtpushers,174
read article coronavirus,173
covid 19 china,173
daily coronavirus death,173
corona covid 19,173
на covid 19,173
covid 19 real,173
phase clinical trial,173
lives covid 19,173
government covid 19,173
review lockdown fines,173
wealthiest hospitals got,172
halts hydroxychloroquine trial,172
trump failed protect,172
covid 19 social,172
covid 19 free,172
19 pandemic via,172
covid 19 tras,172
primera vez historia,172
stand us tell,172
us tell government,172
coronavirus tests days,172
reopens coronavirus shutdown,172
19 patients nursing,171
let us know,171
suspected covid 19,171
people recovered disease,171
