gram,counts
covid 19,141261
19 cases,6030
coronavirus pandemic,5025
coronavirus cases,4885
coronavirus covid19,4540
tested positive,4204
new cases,4067
tests positive,4000
amit shah,3956
positive covid,3940
19 pandemic,3891
positive coronavirus,3708
covid19 coronavirus,3495
reducereimburse reducenittuitionfees,3119
19 vaccine,3012
home minister,2898
hrdministry drrpnishank,2744
drrpnishank pmoindia,2657
white house,2498
get well,2459
well soon,2392
nuevos casos,2369
state disaster,2301
covid_19 coronavirus,2192
casos covid,2148
coronavirus deaths,2128
coronavirus vaccine,2104
mhrd covid19,2101
death toll,2070
new covid,2068
speedy recovery,2062
reducenittuitionfees mhrd,1999
due covid,1985
via youtube,1984
casos coronavirus,1978
wear mask,1892
social distancing,1863
deborah birx,1837
new coronavirus,1821
coronavirus covid,1790
new york,1742
public health,1717
covid19 cases,1675
positive covid19,1646
stay home,1642
new phase,1640
test positive,1634
coronavirus covid_19,1611
19 deaths,1568
19 patients,1564
play button,1529
covid19 pandemic,1525
minister amit,1523
coronavirus relief,1497
due covid19,1491
24 horas,1488
donald trump,1487
silver play,1472
dr fauci,1465
coronavirus outbreak,1450
dr birx,1439
due coronavirus,1429
bbc news,1356
south africa,1328
coronavirus restrictions,1325
news coronavirus,1325
19 test,1315
gon na,1300
shah tests,1289
19 crisis,1280
united states,1246
declares state,1239
nitians hrdministry,1214
wear masks,1199
24 hours,1186
19 via,1183
pmoindia reducereimburse,1169
victoria declares,1161
pragnews dy365,1156
últimas 24,1151
coronavirus lockdown,1146
sars cov,1125
pandemia coronavirus,1123
august 2020,1115
online classes,1113
cases covid,1104
19 positive,1104
cases deaths,1099
wearing mask,1085
house coronavirus,1076
confirmed cases,1075
casos positivos,1074
issues regarding,1067
aajtak indiatv,1065
nursing homes,1064
amitabh bachchan,1064
reducenittuitionfees due,1062
admitted hospital,1060
zeenewsenglish bbcindia,1055
stay safe,1053
regarding reducereimburse,1051
indiatv zeenewsenglish,1049
phase coronavirus,1045
extraordinarily widespread,1040
hefty internet,1039
concrete measures,1037
request nits,1037
casos confirmados,1034
washington post,1034
urge aajtak,1034
drrpnishank rashtrapatibhvn,1033
measures hrdministry,1033
bbcindia pragnews,1030
lack concrete,1029
vain lack,1027
vacuna covid,1022
assurances vain,1017
via gatewaypundit,1016
reducereimburse covid19,1012
many people,1000
000 americans,991
union home,982
long term,976
19 outbreak,974
spread covid,973
bill gates,966
clinical trials,964
classes demands,964
demands hefty,963
pmoindia mhrd,962
request drrpnishank,960
dy365 help,958
100 000,957
pac 12,956
19 testing,953
reimburse part,951
reopening schools,949
novel coronavirus,948
coronavirus via,947
02 08,947
active cases,945
live updates,944
second wave,944
nits reimburse,944
part mess,943
hong kong,940
mess excess,934
birx warns,934
excess cover,931
new deaths,928
amid covid,928
covid_19 covid19,924
looks like,923
corona virus,922
150 000,921
help us,920
death rate,920
pay full,914
amid coronavirus,907
task force,907
federal government,902
council nits,889
19 di,884
advise council,884
expenseswe request,884
nitians pay,883
internet expenseswe,883
birx says,883
tuition fee,878
full tuition,878
coronavirus live,877
soon sir,877
semester conducted,873
covid19verbal assurances,870
big pharma,869
positive cases,866
rashtrapatibhvn advise,865
200 000,862
20 000,861
due covid19verbal,861
nits reducenittuitionfees,857
fee amount,854
justified request,854
19 vaccines,850
19 death,846
cases coronavirus,843
section 32,838
nit act,838
act 2007,837
32 nit,834
coronavirus death,832
500 000,829
people died,827
covid19 covid_19,826
pandemia covid,824
health care,822
reducenittuitionfees section,820
total cases,814
whole semester,800
2007 reducereimburse,796
tener gusto,794
trump administration,791
dr deborah,790
spread coronavirus,784
coronavirus update,782
back school,779
blue states,776
minister amitshah,776
take covid,764
62500is justified,762
coronavirus testing,761
coronavirus espero,761
year old,759
go back,752
died covid,750
gt gt,747
india mitega,747
amount 62500is,745
president trump,742
19 response,739
19 tests,734
coronavirus crisis,731
reducenittuitionfees reducereimburse,729
08 2020,719
spread covid19,717
widespread cases,717
good news,713
wearing masks,712
amitshah coronavirus,708
nancy pelosi,707
19 coronavirus,704
000 people,703
york times,702
around world,698
covid19 positive,697
agosto 2020,689
acabo enterar,689
coronavirus response,688
help usraise,688
every day,686
usraise issues,685
enterar tener,672
da covid,670
contagios covid,667
000 covid,667
muertes covid,663
fake news,663
arizona superintendent,663
reopen schools,662
half million,662
du coronavirus,662
cover internetexpenses,657
internetexpenses nitians,656
casos nuevos,655
fight covid,655
mitega india,655
coronavirus updates,655
safely reopening,648
face masks,647
first line,646
covid19 deaths,636
coronavirus adviser,636
get covid,635
doug pederson,635
cases reported,634
superintendent safely,633
it fantasy,631
protokol kesehatan,630
persuade americans,630
coronavirus argentina,628
pandemia covid19,625
holding clinical,625
muertes coronavirus,624
19 virus,624
die covid,623
save lives,622
last 24,622
americans take,622
अस पत,618
take care,617
schools it,617
best persuade,617
people die,616
coronavirus infections,612
sorry fantasy,611
conducted onlinebut,609
onlinebut nitians,609
trials best,608
américa latina,605
government yale,600
contact tracing,599
anthony fauci,598
total number,598
casos covid19,597
young people,596
yale holding,595
liability claims,588
19 lockdown,588
ministerio salud,587
vaccine liability,586
died covid19,586
major incident,582
pandemic widespread,581
positivo covid,578
get sick,577
first time,576
mental health,576
amitshah tested,575
vacuna coronavirus,570
line covid,570
coronavirus victoria,570
social media,569
relief bill,567
deaths covid,567
response covid,566
australia victoria,564
karnataka cm,564
new covid19,563
boris johnson,563
cdc director,562
discharged hospital,562
people dying,561
months ago,559
fantasy washington,559
19 case,557
last week,555
care homes,555
positif covid,551
stop spread,550
us coronavirus,548
warns us,544
health officials,542
000 deaths,541
herd immunity,539
one day,536
coronavirus task,535
get tested,535
testing positive,533
open schools,533
healthcare workers,529
get coronavirus,529
american people,529
health department,524
amitshah ji,524
pandemi covid,523
internet expenses,522
nuevos contagios,518
pelosi says,517
says covid,516
wish speedy,516
us open,514
test results,513
in new,511
amitshah tests,511
positivos covid,510
pacientes covid,507
sintoma coronavirus,506
negative covid,506
coronavirus outbreaks,505
19 update,503
infected covid,503
corona covid19,501
contagios coronavirus,501
gusto sintoma,499
monetary incentive,499
debate begins,499
tests covid,498
covid19 vaccine,494
health ministry,492
000 dead,490
schools safely,490
tested negative,488
us in,488
single day,487
face mask,485
says confidence,485
in person,484
19 relief,479
per day,476
fatality rate,475
coronavirus positive,475
india covid,474
latin america,474
cases rise,473
covid19 patients,470
could die,470
make sure,469
hospitals monetary,469
covid coronavirus,467
coronavirus india,466
jeff gregorich,464
cruise ship,463
10 000,463
casos activos,461
get back,461
fight coronavirus,458
coronavirus disease,457
wash hands,455
coronavirus patients,455
sign petition,455
unemployment benefits,454
coronavirus infected,453
toque queda,453
coronavirus infection,452
671 new,452
trying reopen,449
2020 08,448
china virus,448
two weeks,447
truth covid,447
begins first,447
global pandemic,446
shah tested,446
coronavirus new,445
sa mga,444
state health,444
people lives,443
covid19 sarscov2,443
cases covid19,442
pharma exempt,441
exempt covid,441
19 infections,441
19 surge,440
spike cases,440
widespread us,438
look like,437
superintendent trying,437
covid19 corona,436
espero gusta,436
economy trump,436
gregorich superintendent,436
19 restrictions,435
via nytimes,435
avoid second,435
no confidence,434
please help,432
common cold,431
reuniones sociales,431
coronavirus corona,431
19 extraordinarily,431
fantasy jeff,430
people get,427
incident declared,427
daily cases,426
breaking news,425
trump coronavirus,425
people like,424
000 casos,424
states covid19,424
coronavirus concerns,423
new post,423
covid19 covid,423
greater manchester,422
red flags,421
told stay,421
vaccines via,421
family members,420
deaths per,420
flags soar,419
rani varun,419
summer camp,418
prime minister,418
health workers,416
19 amp,415
covid cases,415
kamal rani,415
bs yediyurappa,415
tamil nadu,414
soar big,413
high school,413
nick kyrgios,413
impact covid,412
na lang,412
mil casos,412
tested covid,412
mortality rate,412
over 50s,411
daily thanks,410
total deaths,410
painful truth,410
trump blame,410
mortes covid,409
covid19 amp,408
covid economy,408
post covid,407
loved ones,407
come back,406
deaths reported,406
of the,404
sounds like,403
cases confirmed,403
air pollution,403
virus covid,402
adviser deborah,402
covid19india coronavirus,401
bollywood star,401
stayhome staysafe,400
abc news,400
nuovi casi,400
button na,398
top white,398
could told,396
fight covid19,395
million people,395
zero hedge,394
americans died,394
god bless,394
last days,393
covid19 lockdown,393
petition via,392
nationwide lockdown,392
wishing speedy,392
confidence top,391
new death,390
50s could,390
americans could,389
schools reopen,388
du covid,388
wan na,388
positivo coronavirus,387
high risk,386
died coronavirus,386
disaster spike,386
spread virus,385
need know,385
school reopening,385
000 cases,384
go away,383
common sense,382
every single,382
us raise,382
handling coronavirus,381
would like,381
recovery rate,380
200 mil,380
herman cain,379
clean air,379
fauci wrong,378
covid covid19,378
in the,378
announces no,378
death rates,377
raise issues,377
expenses nitians,377
course via,377
midst covid,376
home avoid,376
new normal,374
coronavirus thousands,374
social distance,374
tropical storm,373
19 spread,372
cabinet minister,372
protection coronavirus,372
pelosi announces,372
coach doug,372
19 concerns,370
cover internet,370
crisis coronavirus,369
care workers,369
pls help,369
death count,368
fox news,368
number cases,368
esten bien,367
confidence white,367
ng mga,366
human rights,366
top story,365
all out,365
via googlenews,364
victoria australia,363
video via,363
reverse course,363
immune system,362
must read,362
coronavirus media,362
crisis re,362
air protections,362
via nrdc,362
pandemic covid19,361
flu vaccine,361
coronavirus tests,360
out assault,360
issue urge,360
coronavirus news,359
number covid,359
joe biden,359
second nationwide,359
re refusing,359
department health,358
il coronavirus,358
critical air,358
pollution issue,358
coronavirus spread,357
assault clean,357
republican convention,356
000 muertos,356
lost job,356
protections midst,356
refusing act,356
act critical,356
urge reverse,356
back work,355
dies covid,355
waging all,355
vaccine candidate,354
19 em,354
india news,354
19 situation,353
coronavirus millions,353
epa waging,353
lives lost,352
02 2020,352
virus covid19,351
uk government,351
trump epa,351
first day,350
whole life,350
millions over,350
players pac,350
amitshah covid19,349
reported today,348
scientists study,348
corona coronavirus,347
small businesses,347
infected coronavirus,347
coronavirus amitshah,347
realdonaldtrump trump,346
america coronavirus,346
08 02,346
cases amp,345
reducereimburse mhrd,345
uttar pradesh,344
got ta,344
says coronavirus,343
coronavirus coronavirus,343
overcount coronavirus,343
covid19 virus,342
muertos coronavirus,342
incentive overcount,342
job pls,342
confirmed covid,340
mota bhai,340
domingo agosto,338
trump election,338
media barred,337
qu il,336
seems like,335
ang mga,335
live news,334
let us,334
50 000,334
tell us,333
trump covid,333
est pas,333
days cdc,333
secure job,333
storm isaias,333
latest news,330
people need,330
19 infection,330
us covid,330
experts say,330
place go,328
care home,328
acknowledges hospitals,328
ईश वर,328
people protection,328
across country,327
coronavirus hit,327
het coronavirus,327
deaths covid19,326
mask wearing,326
defund police,326
nouveaux cas,326
population coronavirus,325
sir due,325
virus cases,324
media banned,324
barred trump,323
one recommendation,323
banned republican,321
covid19 test,321
19 related,321
election nomination,321
13 new,321
coronaviruspandemic covid19india,320
000 new,320
since march,320
convention due,320
get covid19,320
covid19 crisis,320
director acknowledges,320
the coronavirus,318
world news,317
unemployment system,317
johns hopkins,317
forecast shows,317
chief minister,316
nuevas muertes,316
slow spread,316
sarscov2 forecast,316
going back,314
covid19 bot,313
nuevo coronavirus,313
coronavirus trump,313
interior minister,313
pederson tests,313
want see,312
positivos coronavirus,312
000 coronavirus,312
bringing total,312
19 treatment,312
patients nursing,311
na ang,311
like coronavirus,311
vaccine race,311
jared kushner,311
co founder,311
even though,310
million mark,310
yediyurappa tests,310
first covid,309
death population,308
trump gop,306
left place,305
broken unemployment,305
17 lakh,305
mink farms,304
bucks left,303
pandemic broken,303
banwarilal purohit,303
side effects,302
opening schools,302
die coronavirus,302
opt season,302
14 days,301
go pandemic,301
upending people,301
concerns covid,301
declared greater,301
evidence suggests,300
young children,300
penyebaran covid,300
years ago,300
nadu governor,300
system upending,299
19 impact,299
19 data,299
covid19 testing,298
football players,298
americans dead,297
coronavirus test,297
agustus 2020,297
covid19 admitted,297
cure covid,296
co uk,296
síntoma coronavirus,296
disaster declared,296
response coronavirus,295
australia coronavirus,295
cases pass,294
right thing,294
people still,294
per capita,293
19 symptoms,292
justice peace,292
ten bucks,291
health crisis,291
muertos covid,291
long time,291
du masque,291
coronavirus threat,291
cases surge,290
market news,290
minister kamal,290
feel like,289
cases increase,289
march chicago,289
cause covid,288
trump amp,288
gop bill,288
tested coronavirus,288
crise du,288
conducted online,288
infected die,287
please read,286
back normal,286
nursing home,285
covid19 lost,285
chicago chanting,285
claims zero,284
opt out,284
ka na,284
aug 2020,284
cover up,284
august 02,284
game plan,284
158k dead,284
leftists march,284
peace defund,284
talk us,283
com covid,283
stage four,283
via change,283
testing negative,283
coronavirus hospitalised,283
thousands leftists,283
covid deaths,282
infected covid19,282
sa covid,282
amamantar bebé,282
weeks ago,281
people covid,281
port du,281
infected trump,281
chanting justice,281
18 million,280
die covid19,280
entertain empower,280
empower educate,280
educate talk,280
0208 090,280
090 2121,280
2121 hello,280
hello fantasticradio,280
fantasticradio co,280
uk fantasticradiouk,280
fantasticradiouk homeofpossibilities,280
homeofpossibilities believeyourpossibilities,280
believeyourpossibilities stayhomesafelives,280
buy song,280
caso sospechoso,280
rest world,280
allow coronavirus,280
urgent medical,280
putin bounty,280
july 2020,279
health amp,279
stayhomesafelives buy,279
000 000,279
police video,279
2ago fanb,279
reducenittuitionfees reducenittuitionfees,279
cases today,278
one thing,277
americans die,277
number deaths,277
covid19 last,276
us 0208,276
sars coronavirus,276
great job,276
aged care,275
trump says,275
treatment covid,275
coronavirus epidemic,275
good luck,275
bachchan discharged,275
weekend recap,275
another unscheduled,275
plan allow,275
8m infected,275
study coronavirus,274
tests negative,274
unscheduled visit,274
visit walterreed,274
talk pelosi,274
pelosi unemployment,274
tens thousands,273
recap dopeydon,273
dopeydon another,273
walterreed urgent,273
medical issuestill,273
issuestill denying,273
denying putin,273
bounty soldierslied,273
soldierslied talk,273
unemployment game,273
die blue,273
covid19 158k,273
dead 8m,273
makes sense,272
head coach,272
relief package,272
via yahoonews,271
children spread,270
cases india,269
right wing,269
dio positivo,269
covid19 covidー19,268
154 000,268
via forbes,268
job one,268
relief negotiations,268
many americans,267
coronavirus indiafightscorona,266
world largest,266
protest coronavirus,266
000 muertes,266
na tayo,266
threat rises,266
19 outbreaks,266
help secure,266
12 say,266
say opt,266
vacunación masiva,265
rises across,265
season concerns,265
cases 18,264
coronavirus stimulus,264
contagios covid19,264
help people,264
india interior,264
inflate coronavirus,263
orange county,263
narendramodi pmoindia,263
mass vaccination,262
nuevo récord,262
gusto síntoma,262
health system,262
know covid,262
change whole,262
congratulations philippines,262
cdc says,261
rise covid,261
novos casos,261
south korea,261
live update,261
recommendation change,261
du covid19,260
russia plans,260
coronavirus hoax,260
schools open,260
flu shot,260
big coronavirus,260
youth group,260
last year,259
world health,259
contre coronavirus,259
19 méxico,259
spend big,259
student tests,258
spreading covid,258
prevent spread,258
cases top,258
get rid,257
47 mil,257
ng covid,257
covid19 response,257
daily coronavirus,257
speaker pelosi,257
thousands march,257
military lab,257
political influence,257
health minister,256
next year,256
पत भर,256
government response,256
please take,255
19 covid19,255
pruebas covid,255
lockdown measures,255
19 next,255
founder dies,255
11 470,255
largest vaccine,254
155 000,254
evitar propagación,254
thousands protest,254
well done,254
everyone else,253
outbreaks among,253
mass produce,252
wave coronavirus,252
berlin coronavirus,252
total confirmed,252
19 list,252
next week,252
indiafightscorona stayhome,251
pruebas clínicas,251
new zealand,251
doctors nurses,251
trump youth,251
scientists worry,251
kids back,250
cases sunday,250
19 co,250
trump supporter,249
19 través,249
times india,248
epidemic new,248
eagles coach,248
per million,247
deadly virus,247
post covid19,247
tweets mocking,247
gnbypuebloprotegido atenciónysaludparatodos,247
coronavirus impact,246
coronavirus south,246
