gram,counts
covid 19 cases,6011
covid 19 pandemic,3889
positive covid 19,3684
covid 19 vaccine,3001
hrdministry drrpnishank pmoindia,2564
get well soon,2296
casos covid 19,2039
new covid 19,1953
reducereimburse reducenittuitionfees mhrd,1943
due covid 19,1872
reducenittuitionfees mhrd covid19,1809
covid 19 patients,1562
covid 19 deaths,1528
tests positive covid,1511
minister amit shah,1502
tested positive coronavirus,1472
silver play button,1436
home minister amit,1393
tests positive coronavirus,1348
covid 19 test,1291
coronavirus covid 19,1281
covid 19 crisis,1277
amit shah tests,1262
nitians hrdministry drrpnishank,1209
covid 19 via,1181
drrpnishank pmoindia reducereimburse,1163
declares state disaster,1159
pmoindia reducereimburse reducenittuitionfees,1157
últimas 24 horas,1109
covid 19 positive,1100
new coronavirus cases,1086
cases covid 19,1061
reducereimburse reducenittuitionfees due,1053
white house coronavirus,1052
issues regarding reducereimburse,1050
regarding reducereimburse reducenittuitionfees,1049
aajtak indiatv zeenewsenglish,1046
concrete measures hrdministry,1029
lack concrete measures,1027
measures hrdministry drrpnishank,1027
indiatv zeenewsenglish bbcindia,1024
vain lack concrete,1023
bbcindia pragnews dy365,1010
assurances vain lack,1010
urge aajtak indiatv,1007
zeenewsenglish bbcindia pragnews,995
tested positive covid,992
vacuna covid 19,986
shah tests positive,980
covid 19 outbreak,974
union home minister,963
classes demands hefty,963
demands hefty internet,962
drrpnishank pmoindia mhrd,954
victoria declares state,953
online classes demands,952
pragnews dy365 help,951
request nits reimburse,944
nits reimburse part,943
reimburse part mess,943
covid 19 testing,938
mess excess cover,930
part mess excess,929
amid covid 19,913
request drrpnishank rashtrapatibhvn,907
covid 19 di,883
internet expenseswe request,883
hefty internet expenseswe,882
spread covid 19,881
nitians pay full,880
advise council nits,876
expenseswe request nits,876
pay full tuition,870
full tuition fee,864
drrpnishank rashtrapatibhvn advise,863
covid19verbal assurances vain,863
rashtrapatibhvn advise council,862
due covid19verbal assurances,861
well soon sir,859
reducenittuitionfees due covid19verbal,859
justified request drrpnishank,854
council nits reducenittuitionfees,854
phase coronavirus pandemic,852
covid 19 vaccines,849
new phase coronavirus,842
covid 19 death,839
nit act 2007,835
32 nit act,831
tuition fee amount,828
section 32 nit,826
reducenittuitionfees section 32,820
nits reducenittuitionfees section,803
pandemia covid 19,794
bbc news coronavirus,790
act 2007 reducereimburse,789
whole semester conducted,785
dr deborah birx,779
2007 reducereimburse covid19,776
62500is justified request,746
amount 62500is justified,743
fee amount 62500is,742
home minister amitshah,739
covid 19 response,737
take covid 19,735
covid 19 tests,729
new york times,702
tested positive covid19,700
covid 19 coronavirus,684
help usraise issues,684
usraise issues regarding,684
acabo enterar tener,671
tests positive covid19,664
enterar tener gusto,660
cover internetexpenses nitians,656
internetexpenses nitians hrdministry,656
india mitega india,655
died covid 19,652
contagios covid 19,651
mitega india mitega,649
safely reopening schools,645
test positive covid,644
da covid 19,642
superintendent safely reopening,633
muertes covid 19,631
house coronavirus adviser,627
arizona superintendent safely,626
holding clinical trials,625
000 covid 19,624
covid 19 virus,622
reopening schools it,617
schools it fantasy,616
best persuade americans,612
dy365 help usraise,609
conducted onlinebut nitians,608
onlinebut nitians pay,605
clinical trials best,605
trials best persuade,605
persuade americans take,603
semester conducted onlinebut,600
yale holding clinical,594
covid 19 lockdown,588
government yale holding,587
fight covid 19,578
federal government yale,578
coronavirus pandemic widespread,573
excess cover internetexpenses,571
pandemic widespread cases,570
vaccine liability claims,569
line covid 19,564
it fantasy washington,557
covid 19 case,556
americans take covid,552
fantasy washington post,551
first line covid,549
positivo covid 19,546
response covid 19,540
nuevos casos coronavirus,536
positif covid 19,535
die covid 19,530
coronavirus task force,527
nuevos casos covid,525
last 24 hours,521
birx warns us,517
pandemi covid 19,510
wish speedy recovery,506
deaths covid 19,503
covid 19 update,500
positivos covid 19,500
says covid 19,500
gusto sintoma coronavirus,497
in new phase,495
tener gusto sintoma,493
pacientes covid 19,491
test positive coronavirus,491
get covid 19,490
negative covid 19,485
02 08 2020,482
sintoma coronavirus espero,482
us in new,482
warns us in,480
covid 19 relief,478
infected covid 19,476
hospitals monetary incentive,468
pelosi says confidence,462
coronavirus death toll,451
coronavirus live updates,447
tests covid 19,446
begins first line,442
exempt covid 19,440
covid 19 surge,440
covid 19 infections,440
reopen schools safely,440
big pharma exempt,438
debate begins first,438
trying reopen schools,437
extraordinarily widespread us,436
covid 19 restrictions,435
jeff gregorich superintendent,435
superintendent trying reopen,435
19 vaccine liability,433
covid 19 extraordinarily,431
19 extraordinarily widespread,431
pharma exempt covid,430
coronavirus victoria declares,430
amit shah tested,430
fantasy jeff gregorich,430
gregorich superintendent trying,425
sorry fantasy jeff,424
major incident declared,423
coronavirus espero gusta,421
deborah birx says,420
19 vaccines via,417
flags soar big,413
soar big pharma,413
vaccines via gatewaypundit,413
new cases covid,412
covid 19 amp,409
told stay home,409
red flags soar,408
coronavirus relief bill,400
painful truth covid,398
top white house,398
impact covid 19,397
truth covid economy,397
adviser deborah birx,395
amitshah tests positive,394
india covid 19,392
covid economy trump,391
economy trump blame,390
confidence top white,389
sign petition via,387
coronavirus adviser deborah,387
state disaster spike,385
could told stay,383
help us raise,380
announces no confidence,378
no confidence top,378
new cases coronavirus,377
midst covid 19,376
mortes covid 19,376
wishing speedy recovery,376
expenses nitians hrdministry,375
disaster spike cases,374
us raise issues,374
50s could told,373
raise issues regarding,373
virus covid 19,372
stay home avoid,371
covid 19 concerns,370
birx says covid,369
amid coronavirus pandemic,367
confidence white house,367
cover internet expenses,366
covid 19 spread,365
americans could die,365
amitshah tested positive,365
coach doug pederson,365
internet expenses nitians,363
clean air protections,362
all out assault,360
reverse course via,359
course via nrdc,359
pelosi announces no,359
excess cover internet,358
critical air pollution,358
air pollution issue,358
pollution issue urge,358
assault clean air,357
out assault clean,356
air protections midst,356
refusing act critical,356
issue urge reverse,356
urge reverse course,356
over 50s could,355
000 americans could,355
waging all out,355
crisis re refusing,355
re refusing act,355
19 crisis re,354
protections midst covid,354
act critical air,354
covid 19 em,353
covid 19 situation,353
avoid second nationwide,353
casos positivos covid,352
epa waging all,352
home avoid second,351
post covid 19,350
millions over 50s,350
players pac 12,350
second nationwide lockdown,349
dy365 help us,349
play button na,347
trump epa waging,346
coronavirus covid19 sarscov2,341
shah tested positive,340
monetary incentive overcount,339
state health department,339
dies covid 19,338
du covid 19,337
overcount coronavirus deaths,337
incentive overcount coronavirus,335
minister amitshah tests,335
due coronavirus restrictions,332
job pls help,332
number covid 19,331
covid 19 infection,329
tested covid 19,328
confirmed covid 19,326
australia victoria declares,326
people protection coronavirus,325
new covid19 cases,324
video via gatewaypundit,324
media barred trump,322
barred trump election,322
coronavirus media barred,321
covid 19 related,320
acknowledges hospitals monetary,320
director acknowledges hospitals,319
banned republican convention,318
trump election nomination,318
coronavirus millions over,317
population coronavirus covid19,315
covid19 sarscov2 forecast,315
cdc director acknowledges,315
convention due coronavirus,313
pederson tests positive,313
says confidence white,312
coronaviruspandemic covid19india coronavirus,309
republican convention due,309
covid 19 treatment,309
reducenittuitionfees reducereimburse mhrd,308
new death population,307
death population coronavirus,307
media banned republican,306
trump covid 19,306
left place go,304
patients nursing homes,304
broken unemployment system,303
bucks left place,300
pandemic broken unemployment,300
first covid 19,300
declared greater manchester,300
unemployment system upending,299
covid 19 impact,299
system upending people,298
incident declared greater,298
concerns covid 19,297
covid 19 data,296
place go pandemic,295
tamil nadu governor,295
yediyurappa tests positive,295
go pandemic broken,294
doug pederson tests,294
positive covid19 admitted,293
covid 19 symptoms,291
minister kamal rani,290
ten bucks left,289
penyebaran covid 19,289
march chicago chanting,285
cause covid 19,284
justice peace defund,284
peace defund police,284
kamal rani varun,283
covid19 admitted hospital,283
thousands leftists march,283
leftists march chicago,283
upending people lives,282
liability claims zero,281
chicago chanting justice,281
chanting justice peace,281
claims zero hedge,280
entertain empower educate,280
empower educate talk,280
0208 090 2121,280
090 2121 hello,280
2121 hello fantasticradio,280
hello fantasticradio co,280
fantasticradio co uk,280
co uk fantasticradiouk,280
uk fantasticradiouk homeofpossibilities,280
fantasticradiouk homeofpossibilities believeyourpossibilities,280
homeofpossibilities believeyourpossibilities stayhomesafelives,280
coronavirus vaccine race,280
believeyourpossibilities stayhomesafelives buy,279
stayhomesafelives buy song,279
positive coronavirus hospitalised,278
defund police video,278
us covid 19,277
coronavirus thousands leftists,277
educate talk us,276
talk us 0208,276
us 0208 090,276
blue states covid19,276
another unscheduled visit,274
state disaster declared,273
weekend recap dopeydon,273
recap dopeydon another,273
dopeydon another unscheduled,273
unscheduled visit walterreed,273
visit walterreed urgent,273
walterreed urgent medical,273
urgent medical issuestill,273
medical issuestill denying,273
issuestill denying putin,273
denying putin bounty,273
putin bounty soldierslied,273
bounty soldierslied talk,273
soldierslied talk pelosi,273
talk pelosi unemployment,273
pelosi unemployment game,273
unemployment game plan,273
game plan allow,273
plan allow coronavirus,273
allow coronavirus infected,273
coronavirus infected die,273
infected die blue,273
die blue states,273
states covid19 158k,273
covid19 158k dead,273
158k dead 8m,273
dead 8m infected,273
8m infected trump,273
tropical storm isaias,272
anthony fauci wrong,270
petition via change,269
semester conducted online,269
19 vaccine candidate,268
due covid19 lost,268
covid19 lost job,268
com covid 19,267
muertos covid 19,266
august 02 2020,266
lost job pls,266
pls help secure,266
help secure job,266
pac 12 say,266
port du masque,265
covid_19 coronavirus covid19,265
threat rises across,265
covid 19 outbreaks,265
say opt season,264
opt season concerns,264
2020 08 02,263
india interior minister,263
cure covid 19,261
gusto síntoma coronavirus,261
new cases confirmed,261
secure job one,261
job one recommendation,261
one recommendation change,261
recommendation change whole,261
change whole life,261
12 say opt,260
covid 19 méxico,259
treatment covid 19,259
season concerns covid,259
671 new cases,258
health care workers,257
student tests positive,256
अस पत भर,255
covid 19 next,255
crise du coronavirus,254
co founder dies,254
coronavirus threat rises,253
people covid 19,252
covid 19 list,251
trump youth group,251
world largest vaccine,250
pruebas covid 19,250
covid 19 co,250
spend big coronavirus,250
covid 19 través,249
big coronavirus relief,249
sir due covid19,248
gt gt gt,247
indiafightscorona stayhome staysafe,246
rise covid 19,246
reducenittuitionfees reducenittuitionfees reducenittuitionfees,245
tweets mocking covid,244
mocking covid 19,244
epidemic new phase,244
tener gusto síntoma,243
covid 19 recovery,243
begins deleting tweets,243
deleting tweets mocking,243
fanb gnbypuebloprotegido atenciónysaludparatodos,243
19 death toll,242
2ago fanb gnbypuebloprotegido,242
coronavirus vaccine project,242
reducereimburse mhrd covid19,242
could die covid,240
19 co founder,240
youth group begins,239
group begins deleting,239
founder dies virus,239
covid19 last days,238
worry political influence,238
covid19india coronavirus indiafightscorona,237
largest vaccine maker,237
unproven covid 19,237
house coronavirus task,237
coronavirus adviser birx,237
covid 19 covid19,236
covid19 bot covid19,235
bot covid19 last,235
last days stats,235
coronavirus indiafightscorona stayhome,235
governor banwarilal purohit,235
fauci wrong cause,234
síntoma coronavirus espero,234
scientists worry political,234
political influence coronavirus,234
influence coronavirus vaccine,234
nuevos casos positivos,233
covid 19 victims,233
health department corrects,233
department corrects death,233
corrects death toll,233
school reopens coronavirus,232
mistakenly attributing 225,232
attributing 225 deaths,232
225 deaths covid,232
claims anthony fauci,231
wrong cause covid,231
know covid 19,231
amit shah ji,231
death toll mistakenly,231
reopens coronavirus creeps,230
toll mistakenly attributing,230
iran cover up,229
mass produce unproven,228
star amitabh bachchan,228
children spread covid,227
kasus covid 19,227
coronavirus south africa,227
outbreaks among minks,227
vaccine maker mass,226
maker mass produce,226
billionaires bet big,226
bollywood star amitabh,226
produce unproven covid,225
update covid 19,225
covid 19 país,225
ng covid 19,224
mencegah covid 19,224
texas state health,224
karnataka cm bs,224
indian billionaires bet,223
laisser jeunes contaminer,223
13 new cases,223
amitabh bachchan discharged,223
news covid 19,222
well soon amitshah,222
coronavirus major incident,222
suggests young children,221
américa latina caribe,221
pass half million,221
half million mark,221
curb covid 19,221
sa covid 19,221
pac 12 football,221
dr anthony fauci,220
covid 19 surges,220
new phase pandemic,220
covid 19 one,219
young children spread,219
big head start,219
assume monster everywhere,219
amamantar bebé protege,219
cm bs yediyurappa,219
coronavirus live news,218
trump claims anthony,218
covid 19 hoax,218
cases pass half,218
coronavirus outbreaks among,217
first day school,216
coronavirus disease 2019,216
evidence suggests young,216
bet big head,216
head start coronavirus,216
au covid 19,215
start coronavirus vaccine,215
covid 19 hospital,215
new evidence suggests,214
deaths revealed data,214
spreading covid 19,213
उत तर रद,213
blame robert reich,213
reducenittuitionfees reducereimburse covid19,213
police video via,213
covid 19 would,212
revealed data leak,212
covid 19 patient,210
pasien covid 19,210
trump blame robert,210
eagles coach doug,210
scientists study coronavirus,209
study coronavirus outbreaks,209
donald trump claims,208
state disaster melbourne,207
n25 000 covid,207
coronavirus extraordinarily widespread,207
covid 19 efficiently,206
kids back school,206
12 football players,206
thousands march berlin,205
testing covid 19,204
like covid 19,204
reuniones sociales país,204
global covid 19,203
handling covid 19,203
daily cases increase,203
rises across assume,203
across assume monster,203
jeunes contaminer eux,203
double trump toil,203
covid 19 created,203
jobless benefits expire,202
government response covid,202
risky may safer,202
may safer think,202
covid 19 still,201
covid 19 news,201
reported today utc,201
today utc time,201
rani varun dies,201
coronavirus relief negotiations,201
coronavirus iran cover,201
19 efficiently adults,200
surges jobless benefits,200
mass covid 19,200
disaster sets curfew,200
20 000 americans,200
double double trump,199
trump toil trouble,198
subway risky may,198
reducenittuitionfees due covid19,198
club covid 19,196
19 surges jobless,196
pray speedy recovery,196
karnataka chief minister,196
hospitalised covid 19,195
dr birx warns,195
least 40 infected,195
penanganan covid 19,194
fallecidos covid 19,194
family members die,194
coronatimo coronafarsa genocidio,194
coronafarsa genocidio rebrotetimo,194
genocidio rebrotetimo noalconfinamiento,194
rebrotetimo noalconfinamiento noalnuevoordenmundial,194
noalconfinamiento noalnuevoordenmundial noalbozal,194
noalavacuna políticosaprisión sanitariosasesinos,194
políticosaprisión sanitariosasesinos periodistascobardes,194
coronavirus epidemic new,194
cover up deaths,194
lengthy coronavirus pandemic,193
treating covid 19,193
covid 19 mundo,193
among minks europe,193
sanitariosasesinos periodistascobardes covid_19,193
up deaths revealed,193
2019 covid 19,192
covid 19 vía,192
covid 19 norway,192
trumphasnoplan trumphasnoplan trumphasnoplan,192
coronavirus new york,191
covid 19 updates,191
vacina covid 19,190
covid 19 venezuela,190
homes covid 19,190
victoria declares disaster,190
bebé protege covid19,190
19 via youtube,189
nursing homes covid,189
latest covid 19,189
confirmed coronavirus cases,188
golf club covid,188
recovered covid 19,188
orange county florida,188
speedy recovery sir,188
noalnuevoordenmundial noalbozal noalamascarillaobligatoria,188
noalbozal noalamascarillaobligatoria noalavacuna,188
noalamascarillaobligatoria noalavacuna políticosaprisión,188
republican national convention,187
heads golf club,187
patuhi protokol kesehatan,187
obat covid 19,187
effective covid 19,187
sets curfew curb,187
nadu governor banwarilal,187
confirmados covid 19,186
releases came republican,186
came republican county,186
republican county sheriff,186
county sheriff barnes,186
sheriff barnes amp,186
barnes amp strong,186
amp strong trump,186
strong trump supporter,186
trump supporter randomly,186
supporter randomly released,186
randomly released 10s,186
released 10s 1000s,186
10s 1000s prisoners,186
covid 19 ini,185
covid 19 numbers,185
150 000 americans,185
minister tests positive,185
county florida releases,185
florida releases came,185
next 21 days,185
uk government response,185
40 infected covid,185
crosses 17 lakh,184
korea covid 19,184
best coronavirus responses,184
vaccination campaign october,182
toque queda melbourne,182
declares disaster sets,182
untuk mencegah covid,182
entered new phase,182
atenciónysaludparatodos diosdadopalantevenceremos tiempodeelegir,182
diosdadopalantevenceremos tiempodeelegir 02ago,182
harmed uk government,182
crisis says top,182
cdc ensemble forecast,181
president donald trump,181
recovers covid 19,181
countries best coronavirus,180
united nations high,179
nations high commissioner,179
high commissioner human,179
commissioner human rights,179
says top scientist,179
norway cruises amid,179
19 crisis says,179
past 24 hours,178
covid 19 sa,178
trump heads golf,178
office united nations,178
human rights justice,178
justice shincheonji church,178
shincheonji church korea,178
church korea covid,178
covidhoax borregos covidianos,178
disease 2019 covid,177
casos confirmados covid,177
georgia summer camp,177
covid 19 real,177
dari covid 19,177
contagiados covid 19,177
rights justice shincheonji,177
vetoes gop bill,177
covid19 covidhoax borregos,177
inovasi warga wonocolo,177
wonosari surabaya untuk,177
surabaya untuk mencegah,177
coronavirus responses common,177
treat covid 19,176
contagio covid 19,176
total confirmed cases,176
amp covid 19,176
state disaster victoria,176
warga wonocolo jemur,176
wonocolo jemur wonosari,176
jemur wonosari surabaya,176
common women leaders,176
16 nuevas muertes,176
secrecy harmed uk,176
surge covid 19,175
covid 19 transmission,175
000 americans dead,175
19 cases deaths,175
total covid 19,175
contre covid 19,175
countries around world,175
bs yediyurappa tests,175
17 lakh mark,174
protect nursing homes,174
amitabh bachchan recovers,174
19 norway cruises,174
russia plans mass,173
covid 19 últimas,173
covid 19 fatality,173
covid 19 flu,173
reducereimburse covid19 mhrd,173
cruises amid scramble,173
scramble trace passengers,173
entering different phase,173
long term care,172
parents covid 19,172
coronavirus hospitalised tweets,172
amid scramble trace,172
cases trend29 jul,172
reconsigap relawankemdikbud siapadaptasi,171
curing covid 19,171
gop bill aiming,171
responses common women,171
next 20 days,171
us entering different,171
day covid 19,170
governor vetoes gop,170
test covid 19,169
inhibitor sars coronavirus,169
death rates going,169
bill aiming protect,169
ensemble forecast shows,169
coronavirus hit florida,169
indiana student tests,168
potent inhibitor sars,168
coronavirus impact economy,168
audited death rates,168
mortality reporting msm,168
dem governor vetoes,168
aiming protect nursing,168
banwarilal purohit tests,168
swatantra dev singh,168
for covid 19,168
privacy search engine,167
adaptasi kebiasaan baru,167
overstated needs audited,167
needs audited death,167
reporting msm related,167
congress spend big,167
world health organization,166
risk covid 19,166
от covid 19,166
coronavirus overstated needs,166
msm related coronavirus,166
related coronavirus overstated,166
protest covid 19,165
eagles head coach,165
pandemia coronavirus larga,164
contracting covid 19,164
defeating covid 19,164
pela covid 19,164
pelosi accuses trump,164
week shutdown says,164
47 mil 746,164
south africa coronavirus,163
team hong kong,163
realjameswoods orange county,163
அம சர அம,163
hospitalised tweets amit,163
covid 19 covid,162
covid 19 hit,162
henry ford health,162
covid 19 dan,162
the covid 19,162
curfew curb covid,162
cluster linked aberdeen,162
tweets amit shah,162
shutdown says congress,162
says congress spend,162
school indiana student,161
domingo agosto 2020,161
covid 19 india,161
000 casos coronavirus,161
victims sign petition,161
since covid 19,161
conducted online but,161
bar 13 new,161
bachchan discharged hospital,161
mass vaccination campaign,160
definición caso sospechoso,160
stop covid 19,160
19 fatality rate,160
19 victims sign,160
task force coordinator,160
21 days cdc,160
linked aberdeen bar,160
aberdeen bar 13,160
fed kashkari suggests,160
time covid 19,159
sars coronavirus infection,159
article amp reuters,159
zapier app checkout,159
held private without,159
covid 19 us,158
covid 19 brasil,158
cases 24 hours,158
due coronavirus pandemic,158
casos positivos coronavirus,158
covid 19 spikes,158
caso covid 19,158
covid 19 stimulus,158
உள அம சர,158
protege covid19 lactanciamaternasí,158
white house experts,158
catch covid 19,157
south africa virus,157
dying covid 19,157
want see must,157
see must zapier,157
must zapier app,157
app checkout sale,157
checkout sale 90,157
sale 90 curing,157
90 curing covid,157
think covid 19,157
online but nitians,157
coronainfoch covid19 corona,156
loses parents covid,156
covid 19 tally,156
covid 19 care,156
purohit tests positive,156
but nitians pay,156
hefty internet expenses,156
amit shah admitted,156
africa virus cases,155
covid 19 dengan,155
covid 19 world,155
covid 19 new,155
protest coronavirus restrictions,155
getting covid 19,155
763 nuevos casos,155
copy paste link,154
ford health system,154
key defeating covid,154
mil mortes covid,154
affected covid 19,154
fighting covid 19,154
state disaster locking,154
disaster locking millions,154
locking millions melbourne,154
20 days cdc,154
plans mass vaccination,153
paste link privacy,153
link privacy search,153
chloroquine potent inhibitor,153
covid 19 already,153
deaths last 24,153
covid 19 could,153
got covid 19,153
speedy recovery amitshah,153
of covid 19,153
schools ready september,153
19 000 americans,153
virus cases pass,152
hydroxychloroquine cut death,152
home covid 19,152
covid cluster linked,152
coronavirus testing czar,152
day school indiana,151
2020 covid 19,151
amitabh bachchan tests,151
covid 19 plasma,150
called covid 19,150
life covid 19,150
fatality rate lowest,150
rate lowest since,150
since first lockdown,150
latin america coronavirus,150
covid 19 enemy,150
days cdc composite,150
cdc composite forecast,150
head coach doug,150
stage coronavirus lockdown,149
coronavirus infection spread,149
lowest since first,149
covid 19 days,149
could die next,149
suggests week shutdown,149
phase coronavirus outbreak,149
second wave coronavirus,148
norwegian cruise ship,148
private without reporters,148
usa northamerica cases,148
storm isaias nears,148
india home minister,148
positive get well,148
nancy pelosi criticises,148
different phase coronavirus,148
help slow spread,147
slow spread covid19,147
covid 19 spreading,147
covid 19 protocols,147
go back school,147
19 cases reported,147
us open coronavirus,147
curfew covid 19,147
trump held private,147
19 next 21,147
coronavirus schools ready,147
pelosi criticises deborah,147
19 últimas 24,146
africa coronavirus cases,146
covid 19 2ago,146
australia declares state,146
speaker nancy pelosi,146
coronavirus nancy pelosi,146
tests coronavirus positive,146
shah tests covid,146
tested coronavirus positive,146
gnbypuebloprotegido atenciónysaludparatodos gnbgdjfl,146
atenciónysaludparatodos gnbgdjfl fabiozavarsep,146
mhrd covid19 aajtak,146
kashkari suggests week,146
