gram,counts
covid 19 pandemic,9170
covid 19 cases,5017
href rel nofollow,4530
true href rel,4447
covid 19 crisis,4360
rel nofollow twitter,3781
coronavirus covid 19,3207
due covid 19,3082
covid 19 patients,2917
nofollow twitter web,2700
covid 19 deaths,2403
amid covid 19,2329
covid 19 lockdown,2269
twitter web app,2268
covid 19 via,2059
casos covid 19,1854
covid 19 outbreak,1848
positive covid 19,1821
bbc news coronavirus,1805
fight covid 19,1772
covid 19 testing,1710
new covid 19,1633
covid 19 vaccine,1632
covid 19 response,1632
sign petition via,1463
covid 19 death,1462
pandemia covid 19,1366
covid 19 di,1359
covid 19 virus,1332
cases covid 19,1307
da covid 19,1300
impact covid 19,1289
new coronavirus cases,1259
petition via change,1255
covid 19 relief,1252
covid 19 coronavirus,1212
pandemi covid 19,1211
du covid 19,1183
stay at home,1137
april 30 2020,1046
amid coronavirus pandemic,1023
30 april 2020,1009
covid 19 update,995
new york times,968
coronavirus death toll,964
spread covid 19,957
response covid 19,929
covid 19 sign,873
post covid 19,871
nofollow twitter android,867
died covid 19,859
19 sign petition,854
crisis covid 19,846
toryboypierce covid19 matthancock,828
covid 19 vía,805
30 04 2020,796
covid 19 test,793
covid 19 tests,792
coronavirus task force,784
prices covid 19,775
subscribers payment break,768
give subscribers payment,767
break decrease prices,766
decrease prices covid,766
payment break decrease,766
dstv give subscribers,764
últimas 24 horas,758
dstv dstv give,756
coronavirus live updates,722
virus covid 19,711
gt gt gt,703
positif covid 19,700
new york city,682
seen evidence coronavirus,673
covid 19 epicenter,672
covid 19 treatment,658
covid 19 related,652
beaches state parks,649
covid 19 em,643
test positive coronavirus,641
19 epicenter doubt,640
says seen evidence,636
trump says seen,632
directors covid 19,630
covid 19 positive,630
funeral directors covid,628
epicenter doubt legitimacy,621
russian prime minister,618
tested positive covid,613
due coronavirus pandemic,611
tested positive coronavirus,609
uk past peak,608
covid 19 amp,606
number covid 19,603
covid 19 impact,597
com covid 19,596
positivo covid 19,593
30 abril 2020,576
pacientes covid 19,575
amid coronavirus crisis,562
covid 19 situation,561
new cases coronavirus,559
covid 19 spread,555
manmade genetically modified,549
tests positive coronavirus,538
at home order,533
confirmed covid 19,532
deaths covid 19,528
covid 19 case,526
evidence coronavirus originated,518
penyebaran covid 19,517
covid 19 patient,517
covid 19 restrictions,512
19 death toll,502
000 covid 19,501
covid 19 fight,500
contre covid 19,496
health care workers,494
last 24 hours,485
president donald trump,484
time covid 19,481
social distancing guidelines,477
covid 19 ini,474
lose re election,471
die covid 19,470
fighting covid 19,470
close california beaches,468
nuevos casos coronavirus,466
coronavirus death data,464
first time since,460
past peak coronavirus,455
au covid 19,450
stay home order,447
great success story,447
free coronavirus testing,443
releasing coronavirus death,442
california beaches state,440
terdampak covid 19,439
trump says china,439
us covid 19,435
twitter web client,435
boris johnson says,434
world health organization,434
get covid 19,433
covid 19 covid19,431
state parks coronavirus,430
every trump supporter,425
originated chinese lab,424
know covid 19,421
di tengah pandemi,420
covid 19 may,419
epoch times app,415
60 000 dead,414
exclusive coronavirus coverage,413
parks coronavirus memo,412
times app see,411
muertes covid 19,411
affected covid 19,411
app see exclusive,411
see exclusive coronavirus,411
coverage daily updates,410
newsom close california,410
coronavirus coverage daily,410
mortes covid 19,410
covid 19 drug,409
coronavirus trump says,409
at home orders,408
seen evidence suggesting,406
evidence suggesting coronavirus,406
new cases covid19,405
suggesting coronavirus emerged,404
china wants lose,402
shelter in place,401
wants lose re,401
wuhan lab compares,401
breaking funeral directors,398
covid 19 infection,397
go back work,395
coronavirus emerged wuhan,394
develop covid 19,393
emerged wuhan lab,393
says uk past,391
cure covid 19,389
accident wuhan lab,389
lab compares pr,388
says china wants,387
us intel community,384
compares pr agency,384
penanganan covid 19,383
south korea reports,382
medical examiners releasing,380
60 000 americans,380
tests positive covid,379
covid 19 could,377
contagios covid 19,377
free covid 19,377
using covid 19,373
new cases covid,371
johnson says uk,370
long term care,370
covid 19 infections,369
jueves 30 abril,369
boss confirms investigation,368
covid 19 news,367
frente covid 19,367
covid 19 et,367
treatment covid 19,367
stay home stay,363
intel boss confirms,361
says covid 19,361
treating covid 19,360
claiming seen evidence,359
case covid 19,359
coronavirus originated chinese,358
farmers amid covid,357
new jersey professor,356
peak coronavirus outbreak,355
result accident wuhan,354
beginning covid 19,352
recovered covid 19,351
first covid 19,349
positivos covid 19,349
potential covid 19,346
update covid 19,346
dies covid 19,345
test covid 19,342
covid 19 emergency,342
intel community claiming,342
contradicts us intel,341
community claiming seen,340
people covid 19,340
dying covid 19,340
204 new cases,340
covid 19 world,339
на covid 19,338
covid 19 symptoms,338
mishustin tests positive,338
covid 19 solutions,337
news covid 19,337
crise du coronavirus,336
coronavirus disease 2019,336
cases covid19 reported,335
vacuna covid 19,335
dr anthony fauci,334
trump contradicts us,333
prime minister mikhail,332
test positive covid,332
nuevos casos covid,331
covid 19 brasil,331
outbreak result accident,331
end lockdown beginning,330
minister mikhail mishustin,329
covid 19 méxico,327
exportan test pcr,325
pcr covid 19,325
nacionales exportan test,324
covid 19 aid,323
covid 19 recovery,323
latest covid 19,323
despite covid 19,322
โคว ด19 covid19,320
confirmados covid 19,320
home stay safe,320
tested positive covid19,320
test pcr covid,319
tested covid 19,319
coronavirus president trump,318
coronavirus outbreak result,317
2019 covid 19,316
article amp reuters,316
covid 19 compran,316
empresas nacionales exportan,315
league world series,315
little league world,314
launch virtual hackathon,314
whether coronavirus outbreak,312
wabah covid 19,311
30 million unemployed,311
uk covid 19,311
doubt legitimacy deaths,309
covid 19 contact,309
highest coronavirus death,309
lockdown beginning covid,309
19 compran españa,308
china covid 19,308
19 via youtube,307
confirms investigation whether,307
since covid 19,307
offer free coronavirus,305
legitimacy deaths attributed,304
lucha covid 19,303
treat covid 19,303
covid 19 data,302
examiners releasing coronavirus,302
bbc news mundo,299
covid 19 updates,299
wuhan shows world,298
thursday april 30,298
coronavirus testing residents,298
total cases deaths,298
patients covid 19,296
shows world end,295
dr fauci backed,294
confirmed cases covid19,293
infected covid 19,293
world end lockdown,293
investigation whether coronavirus,292
deaths attributed pandemic,292
related covid 19,289
amp covid 19,289
doubt legitimacy via,289
demand fossil fuels,288
casos confirmados covid,287
selamat hari buruh,287
coronavirus new york,287
covid 19 us,287
covid 19 país,286
battle covid 19,286
2020 04 30,286
hackathon develop covid,284
nasa partners launch,284
cases deaths coronavirus,284
nhs staff coronavirus,284
partners launch virtual,284
virtual hackathon develop,284
news coronavirus covid19,283
covid 19 na,283
legitimacy via youtube,283
covid19 โคว ด19,281
many us nurses,281
told look ppe,280
us nurses work,279
coronavirus many us,279
trump coronavirus response,278
wipe demand fossil,275
support covid 19,274
slow spread covid19,274
deaths per million,273
could early results,273
coronavirus inquests told,272
michigan gov whitmer,272
look ppe shortages,272
inquests told look,271
miguel ángel osorio,271
19 contact tracing,271
handling covid 19,271
current covid 19,271
staff coronavirus inquests,271
crisis wipe demand,270
prior jorge babu,269
suho bizbizeyeteriz covid,269
lindell made pillow,269
jorge babu manu,269
babu manu foraprior,269
foraprior david mike,269
trump suho bizbizeyeteriz,269
mike lindell made,269
cdtv covid_19 prior,269
million covid 19,269
manu foraprior david,269
covid_19 prior jorge,269
covid cdtv covid_19,269
remdesivir covid 19,269
david mike lindell,269
world covid 19,268
like covid 19,268
causa covid 19,267
ángel osorio chong,267
muertos covid 19,267
combat covid 19,266
personal protective equipment,266
help slow spread,264
covid 19 task,264
second wave coronavirus,263
sent ppe china,263
prime minister shinzo,263
minister shinzo abe,263
high unemployment amp,262
cut pandemic team,262
china jan feb,262
time high unemployment,262
people infected coronavirus,262
combatir covid 19,261
team sent ppe,261
trump cut pandemic,261
caused time high,261
incompetence caused time,261
cases country today,261
golfed times rallies,261
global covid 19,261
debt economy crash,261
economy crash highest,261
times cases country,261
amp federal debt,261
trump incompetence caused,261
ppe china jan,261
times rallies trump,261
rallies trump incompetence,261
jan feb golfed,261
feb golfed times,261
unemployment amp federal,261
federal debt economy,261
response coronavirus pandemic,261
pandemic team sent,261
crash highest coronavirus,261
covid19 positive cases,260
pour lutter contre,260
19 crisis wipe,259
casos positivos covid,259
new domestic coronavirus,259
coronavirus outbreak every,258
rate covid 19,258
fossil fuels says,258
blame coronavirus outbreak,258
assigns blame coronavirus,258
professor assigns blame,257
coronavirus state emergency,257
results june july,256
vaccine oxford university,256
disease 2019 covid,256
30 million americans,256
number people infected,256
60 000 deaths,255
early results june,255
end covid 19,255
impacted covid 19,255
white house coronavirus,255
outbreak every trump,254
30 04 20,254
caso covid 19,254
coronavirus pandemic via,254
oxford university could,254
tiempos covid 19,254
trump covid 19,254
april 29 2020,253
potential vaccine oxford,253
last update 2020,253
help covid 19,253
coronavirus potential vaccine,253
pandemic news coronavirus,253
combate covid 19,253
university could early,252
coronavirus contact tracing,252
fuels says iea,251
covid 19 victims,251
even covid 19,251
covid 19 hits,251
new covid19 cases,251
jersey professor assigns,251
impacts covid 19,251
coronavirus stay at,250
total number cases,250
june july coronavirus,250
pasien covid 19,250
19 task force,249
coronavirus boris johnson,249
wake covid 19,248
happy 100th birthday,248
korea reports new,247
use covid 19,246
global pandemic news,246
primer ministro ruso,246
impacto covid 19,245
dos nuevos casos,243
covid 19 really,242
pruebas covid 19,240
domestic coronavirus cases,240
da positivo covid,240
coronavirus man made,240
síntomas covid 19,239
get back work,239
covid 19 quarantine,238
covid 19 numbers,238
past 24 hours,238
amidst covid 19,237
19 solutions via,237
covid 19 new,237
florida medical examiners,237
covid 19 help,237
196 new cases,236
pandemic covid 19,236
russian pm mishustin,236
controversial wuhan lab,235
rel nofollow tweetdeck,235
covid 19 would,235
90 2121 hello,233
homeofpossibilities believeyourpossibilities stayhomesafelives,233
believeyourpossibilities stayhomesafelives buy,233
2121 hello fantasticradio,233
lives daily talk,233
co uk fantasticradiouk,233
originated wuhan lab,233
uk fantasticradiouk homeofpossibilities,233
stayhomesafelives buy song,233
covid 19 shutdown,233
brooklyn funeral home,233
corona covid 19,233
fantasticradio co uk,233
hello fantasticradio co,233
0208 90 2121,233
fantasticradiouk homeofpossibilities believeyourpossibilities,233
risk covid 19,232
infected coronavirus japan,231
response coronavirus outbreak,231
high risk sex,231
cases new deaths,231
coronavirus sars cov,231
contagio covid 19,230
supposed get billion,230
covid 19 não,230
billion covid 19,230
tengah pandemi covid,229
total confirmed cases,229
risk sex offenders,229
effects covid 19,228
covid 19 hospital,228
covid 19 mundo,227
us 0208 90,227
covid 19 dengan,227
talk us 0208,227
man made genetically,227
fallecidos covid 19,227
daily talk us,227
value lives daily,227
adding value lives,227
total covid 19,227
recoveries reported worldwide,227
made genetically modified,226
sa covid 19,225
one million recoveries,225
death toll rises,225
dapur umum covid,224
solutions via nasa,224
city offer free,224
declaration another month,224
amp stay safe,224
million recoveries reported,223
crise du covid19,223
evidence coronavirus came,223
extends coronavirus state,223
emergency declaration another,222
self reporting symptoms,221
000 americans dead,221
possible coronavirus treatment,221
port du masque,221
fake covid 19,221
cases sooner self,220
gov whitmer extends,220
work covid 19,220
sooner self reporting,220
identify risk cases,220
risk cases sooner,220
spread covid19 identify,219
the covid 19,219
dr raghuram rajan,219
daily even feel,219
another month takes,219
jeudi 30 avril,219
reporting symptoms daily,219
covid19 identify risk,219
even feel well,219
symptoms daily even,219
covid 19 research,218
feel well download,218
front line workers,218
say covid 19,218
coronavirus originated wuhan,218
17 986 crore,217
captain tom moore,217
signed petition calling,217
well download app,217
month takes swipe,216
986 crore transferred,216
result covid 19,216
crore transferred farmers,216
fauci backed controversial,216
backed controversial wuhan,215
transferred farmers amid,215
covid 19 yang,215
coronavirus one million,214
coronavirus via youtube,214
000 tests day,214
state emergency declaration,213
confirmed coronavirus cases,213
positive cases reported,213
punish china coronavirus,213
storm state capitol,212
protesters storm state,212
reported worldwide coronavirus,212
000 people died,212
whitmer extends coronavirus,212
update 2020 04,212
covid 19 covid,211
death toll passes,211
fight coronavirus rules,210
stayhome staysafe covid19,210
vaccine covid 19,210
via namo app,210
death covid 19,210
men rifles yelling,210
coronavirus rules men,210
risky coronavirus research,210
capitol fight coronavirus,209
covid 19 free,209
state capitol fight,209
in place orders,209
rifles yelling us,209
need know covid,209
19 lockdown agriculture,208
world series canceled,208
dollars risky coronavirus,208
rules men rifles,208
caused covid 19,207
time since february,207
think covid 19,207
million americans filed,207
wuhan lab millions,207
millions dollars risky,206
new deaths today,206
lockdown agriculture minister,206
people tested positive,205
contact tracing app,205
rs 17 986,205
casos positivos coronavirus,205
uk response coronavirus,205
il covid 19,205
000 americans died,205
lawan covid 19,205
lab millions dollars,204
get latest covid19,204
michigan protesters storm,204
confirmed cases covid,203
covid 19 30,203
kasus covid 19,203
house coronavirus task,203
covid 19 drive,203
ne sont pas,202
workers covid 19,202
let us know,201
dampak covid 19,200
covid 19 cure,200
stay indoors amp,200
disease covid 19,200
latest covid19 stats,199
please help us,199
covid 19 business,199
france offers subsidy,199
indoors amp stay,199
cases first time,199
takes swipe gop,199
outbreak covid 19,199
covid 19 corona,199
pasien positif covid,199
death data report,199
covid 19 briefing,198
casos confirmados coronavirus,198
scientists caution reopening,198
covid 19 hoax,198
29 04 2020,198
first major city,197
ministério da saúde,197
public inquiry uk,197
caution reopening schools,197
30 avril 2020,197
inquiry uk response,197
retaliatory actions china,196
covid 19 people,196
abc news via,196
covid 19 battle,196
manuel lópez obrador,196
family location stay,195
day covid 19,195
location stay indoors,195
new cases confirmed,195
attributed pandemic video,194
strikes funeral directors,194
petition calling public,194
calling public inquiry,194
coronavirus outbreak sign,194
keefe strikes funeral,194
stay safe indiasmile,193
covid 19 disease,193
deaths today raising,193
check family location,193
covid 19 est,192
officials said press,192
2020 covid 19,192
news mundo coronavirus,192
emergency covid 19,192
testing covid 19,192
covid19 stats check,192
bodies found trucks,192
coronavirus south korea,192
of covid 19,192
crafting retaliatory actions,192
home covid 19,192
stats check family,192
andrés manuel lópez,192
rel nofollow hootsuite,191
severe covid 19,191
nearest covid19 case,191
nofollow hootsuite inc,191
raising country total,191
coronavirus scientists caution,191
stay home orders,190
said press spies,190
sign via march_change,190
outbreak sign via,190
19 pandemic via,190
state covid 19,190
ce est pas,190
25 year old,189
rashes may signs,189
officials crafting retaliatory,189
covid19 case location,189
new domestic cases,188
india covid 19,188
trump says evidence,188
prime minister tests,188
covid 19 epidemic,187
covid 19 dan,187
regarding covid 19,187
от covid 19,187
face au coronavirus,187
death data state,186
19 mil 224,186
covid 19 social,186
coronavirus covid19 pandemic,185
confirmed deaths go,185
state made stop,185
minister tests positive,185
press spies link,185
spies link virus,185
news coronavirus trump,185
data state made,185
today raising country,185
actions china coronavirus,185
per covid 19,184
download epoch times,184
dr rashid buttar,184
threatens legal action,184
000 dead americans,184
224 casos confirmados,184
offers subsidy tempt,184
coronavirus disease covid,183
lee findings trump,183
lee this article,183
trump officials said,183
coronavirus france offers,183
congressional members received,183
dr lee findings,183
brandy lee this,183
tras ser hospitalizado,183
findings trump knows,183
received dr lee,183
tempt lockdown cyclists,183
dr brandy lee,183
stop corona virus,183
members received dr,183
subsidy tempt lockdown,182
operation warp speed,182
covid 19 one,182
coronavirus vaccines graphical,182
china coronavirus outbreak,181
chong da positivo,181
da positivo coronavirus,181
care covid 19,181
19 224 casos,180
covid 19 india,180
immunity covid 19,180
watchdog threatens legal,180
nearly 900 workers,180
race coronavirus vaccines,180
around covid 19,180
30 days 100,180
dra eunara negri,179
no deaths the,179
100 citizens stop,179
55 22 981565421do,179
the economy normal,179
economy normal 30,179
see dra eunara,179
days 100 citizens,179
days cure see,179
covid 19 lockdowns,179
law home prison,179
na covid 19,179
discovered cure coronavirus,179
30 days cure,179
prison 30 days,179
eunara negri discovered,179
corona virus no,179
deaths the economy,179
normal 30 days,179
home prison 30,179
ao covid 19,179
negri discovered cure,179
cure see dra,179
citizens stop corona,179
virus no deaths,179
22 981565421do brain,179
legal action holiday,178
de covid 19,178
link virus wuhan,178
osorio chong da,178
covid 19 health,178
new york state,178
major us city,178
covid 19 global,177
vaccines graphical guide,177
deaths go updates,177
100 000 tests,177
action holiday refunds,177
छत _ह _भ,177
covid 19 stimulus,176
new cases reported,176
coronavirus response via,176
óscar chávez tras,176
covid 19 hotspot,176
virus wuhan labs,176
covid 19 fund,176
data covid 19,176
passes 60 000,176
people died coronavirus,175
vaccine really take,175
jptu jabatanpenerangan covid19,174
would also free,174
new york funeral,174
tengah pandemi covid19,174
coronavirus social distancing,173
effective antivirals covid,173
food supply chain,173
19 di indonesia,173
contagiados covid 19,173
year old man,172
coronavirus covid19 sarscov2,172
tyson meat plant,172
chq hydroxychloroquine hcq,172
per million population,172
propagación covid 19,172
coronavirus watchdog threatens,172
head coronavirus task,172
coronavirus manmade still,171
hydroxychloroquine hcq effective,171
hcq effective antivirals,171
trump handling coronavirus,171
100 000 crew,171
covid 19 hit,171
plans punish china,171
sobrevivir contingencia coronavirus,171
gov gavin newsom,171
pobres cómo sobrevivir,170
also free housing,170
thursday 30 april,170
cómo sobrevivir contingencia,170
emergencia covid 19,170
30 million people,170
hospitalizado síntomas coronavirus,170
apoyo pobres cómo,170
message covid 19,170
covid 19 exposure,169
social distancing measures,169
symptoms covid 19,169
manmade still studying,169
stop spread coronavirus,169
may signs coronavirus,169
programas apoyo pobres,169
still studying lab,168
coronavirus live news,168
york funeral home,168
china coronavirus president,168
implementado programas apoyo,168
covid 19 cause,168
ng covid 19,167
feel free take,167
may take longer,167
draws plans punish,167
others exactly like,167
29 april 2020,167
covid 19 au,167
19 covid 19,167
frostbite toes rashes,167
long vaccine really,167
covid 19 doctor,167
crise du covid,166
calls reopening coronavirus,166
nuevos casos positivos,166
early covid 19,166
god help us,166
weak would also,166
kill old weak,166
covid 19 still,166
coronavirus kill old,166
reopening coronavirus kill,166
studying lab theory,166
lópez obrador implementado,166
pela covid 19,166
old weak would,166
result covid19 coronavirus,166
méxicoconhambre andrés manuel,165
signs coronavirus infection,165
obrador implementado programas,165
chávez tras ser,165
evidence covid 19,165
daily covid 19,165
happening others exactly,164
coronavirus cases new,164
coronavirus mutates spreads,164
look dashboard report,164
toes rashes may,164
need help paying,164
survey see measure,164
900 workers tyson,164
take survey see,164
alone look dashboard,164
mentalhealth depression result,164
face covid 19,164
whats happening others,164
anxiety mentalhealth depression,164
president trump fumes,164
exactly like feel,164
families need help,164
like feel free,164
dashboard report whats,164
report whats happening,164
ministro da saúde,164
covid19 coronavirus youre,164
top story coronavirus,164
see measure others,164
coronavirus youre alone,164
youre alone look,164
depression result covid19,164
free take survey,164
medical examiners withhold,163
updates covid19 coronavirus,163
video via gatewaypundit,163
came chinese lab,163
amid coronavirus outbreak,163
confirmed covid19 cases,163
today covid 19,163
covid 19 creado,163
covid 19 going,163
death toll far,163
covid 19 infected,163
fauci gates amp,163
au premier trimestre,162
showing signs anxiety,162
signs anxiety mentalhealth,162
accuses fauci gates,161
buttar accuses fauci,161
number coronavirus cases,161
new post coronavirus,161
inside story uk,161
far higher reported,161
diagnosed covid 19,160
coronavirus vaccine could,160
ogun4 fct4 akwa,160
state medical examiners,160
meat packing plants,160
covid 19 antibody,160
borno7 edo6 rivers6,160
bebé 16 días,160
official calls reopening,160
realdonaldtrump trump cut,160
sokoto7 borno7 edo6,160
toll passes 60,160
gombe9 bauchi9 sokoto7,160
bauchi9 sokoto7 borno7,160
paying covid 19,160
lagos12 gombe9 bauchi9,160
rivers6 ogun4 fct4,160
edo6 rivers6 ogun4,160
go updates covid19,159
covid self_portrait covid19,159
covid 19 real,159
pillow letslovesuho trump,159
60 000 people,159
letslovesuho trump suho,159
nuevas muertes coronavirus,159
kano45 lagos12 gombe9,159
corona coronavirus covid19,159
pm mishustin tests,159
bizbizeyeteriz covid self_portrait,159
made pillow letslovesuho,159
survive covid 19,159
update april 30,159
ser hospitalizado síntomas,159
claims seen evidence,158
news via abc,158
tests covid 19,158
km away get,158
menerapkan protokol kesehatan,158
prevención covid 19,158
california official calls,158
trump administration draws,158
in person voting,158
covid 19 burials,157
gates amp media,157
russia prime minister,157
chinese communist party,157
