gram,counts
covid 19,166262
coronavirus cases,13933
suicideawareness byeivanka,10568
byeivanka covid19,10566
19 cases,10240
coronavirus covid19,6278
new cases,6264
coronavirus pandemic,5659
wear mask,5490
covid19 coronavirus,4940
19 pandemic,4714
new coronavirus,4234
new covid,3728
covid19 cases,3456
nuevos casos,3264
social distancing,3123
positive covid,3027
casos covid,3014
tested positive,2916
wearing mask,2836
positive coronavirus,2805
new normal,2805
new york,2633
wear masks,2588
due coronavirus,2559
stay home,2527
covid19 pandemic,2512
single day,2475
casos coronavirus,2422
tests positive,2415
19 di,2356
due covid,2330
penanganan covid,2267
polrikawaladaptasibaru dengan,2139
coronavirus covid,2134
donald trump,2131
upaya polrikawaladaptasibaru,2117
one day,2079
white house,2032
via youtube,2009
24 horas,1951
public health,1899
united states,1896
gon na,1839
death toll,1805
confirmed cases,1745
wearing masks,1721
gugus tugas,1720
500 000,1691
protokol kesehatan,1690
casos confirmados,1673
cases covid,1622
19 deaths,1618
migrant children,1612
task force,1591
bbc news,1589
test positive,1577
casos positivos,1531
due covid19,1518
24 hours,1515
19 patients,1511
face masks,1501
nursing homes,1487
june 27,1473
many people,1429
live updates,1424
dengan gugus,1424
tugas penanganan,1418
19 vaccine,1413
intensif dengan,1405
últimas 24,1402
news coronavirus,1392
dengan melakukan,1391
19 crisis,1390
19 testing,1388
melakukan koordinasi,1382
death rate,1381
koordinasi intensif,1381
judge orders,1370
detention centers,1344
coronavirus deaths,1335
trump coronavirus,1330
corona virus,1316
cases surge,1311
di daerah,1307
pandemia coronavirus,1294
000 new,1290
positive cases,1268
cases coronavirus,1253
trump administration,1245
new covid19,1245
19 virus,1228
coronavirus outbreak,1219
second wave,1212
people died,1203
27 06,1196
maklumat kapolri,1179
amid covid,1176
active cases,1160
health care,1155
family detention,1147
face mask,1144
spread coronavirus,1133
spread covid19,1130
stay safe,1126
da covid,1125
125 000,1119
spread covid,1117
new deaths,1115
coronavirus live,1112
amid coronavirus,1108
cases covid19,1107
fight covid,1100
bill gates,1097
positivo coronavirus,1094
gt gt,1087
pencabutan maklumat,1086
coronavirus infections,1085
19 via,1081
coronavirus crisis,1077
06 2020,1072
pandemia covid,1066
mendukung kebijakan,1052
27 2020,1047
coronavirus via,1045
looks like,1040
lives matter,1039
novel coronavirus,1039
contact tracing,1025
000 americans,1022
cases rise,1021
penyebaran covid,1010
mike pence,1003
joe biden,1003
lintas sektoral,1003
26 junio,1002
19 test,996
young people,996
texas florida,992
coronavirus spread,991
coronavirus lockdown,989
sars cov,989
dio positivo,985
million people,983
measures protect,982
27 junio,981
40 000,967
cases reported,967
protect trump,961
realdonaldtrump foxnews,960
black lives,958
kerjasama lintas,952
coronavirus scale,949
day record,946
masyarakat akan,943
foxnews seanhannity,942
pendisiplinan masyarakat,940
melaksanakan pengawasan,940
akan protokol,939
seeks move,938
total cases,937
cases one,933
10 000,932
total number,932
health officials,930
seanhannity cnn,922
coronavirus argentina,920
president trump,916
virus corona,915
covid19 deaths,911
even seeks,909
scale even,908
around world,907
june 2020,907
19 tests,901
coronavirus surge,898
19 infections,898
coronavirus update,896
year old,891
casos covid19,890
000 people,878
pencegahan penyebaran,874
covid19 covid_19,873
us coronavirus,869
surge coronavirus,869
coronavirus covid_19,865
junio 2020,862
19 response,859
fake news,858
19 relief,858
help us,856
wash hands,855
last 24,850
19 coronavirus,847
good news,844
june 26,842
carlos bilardo,842
coronavirus task,841
march 2019,839
long term,837
get covid,837
casos nuevos,835
upaya pencegahan,827
19 outbreak,822
tulsa rally,820
positivo covid,815
make sure,815
10 million,815
contagios coronavirus,815
dalam upaya,815
19 death,813
cases spike,812
number cases,812
pandemia covid19,810
federal judge,810
every day,807
next week,807
sektoral dalam,805
health insurance,804
judge rules,795
positive covid19,792
first time,790
campaign events,788
york times,788
record new,787
go back,787
coronavirus death,781
florida arizona,781
fox news,776
highest number,772
19 positive,765
must released,764
go away,763
coronavirus vaccine,763
meningkatkan kerjasama,762
000 000,760
covid_19 coronavirus,759
dalam rangka,758
pencegahan covid19,758
dengan meningkatkan,756
cases hit,753
number coronavirus,752
000 deaths,750
coronavirus updates,743
get coronavirus,740
bilardo coronavirus,738
ee uu,734
florida texas,733
covid19 covid,730
new record,729
people dying,728
coronavirus spike,726
covid19 corona,722
american people,721
number covid,712
via nytimes,708
immune system,707
120 000,705
sign petition,704
save lives,703
release migrant,702
100 000,700
kesehatan polrikawaladaptasibaru,698
get tested,696
19 spread,696
new post,690
released due,690
fact check,689
covid19 patients,687
fight covid19,680
cases india,672
coronavirus us,671
trump campaign,669
wan na,669
centers must,669
american soldiers,668
rules migrant,666
government family,666
realdonaldtrump trump,665
fanb gnbcentinelasdelapatria,663
covid coronavirus,662
social distance,662
breathing problem,658
gnbcentinelasdelapatria periodismoemancipador,658
died covid,657
000 cases,653
peter okoye,652
children government,651
impact covid,650
นจ งท,650
120 million,645
would like,639
cases deaths,638
pandemi covid,635
covid cases,633
people die,632
florida coronavirus,632
baru new,632
27jun fanb,624
normal dengan,623
000 dead,622
last week,620
at home,620
covid19 dan,618
coronavirus response,616
contagios covid,616
herd immunity,614
post covid,614
number new,613
pengawasan dan,613
adaptasi baru,613
covid19 positive,609
tonyxtwo realdonaldtrump,609
rangka mendukung,608
please help,605
งท กเขาว,605
mortality rate,603
kapolri dalam,603
coronavirus testing,602
ministerio salud,601
via gatewaypundit,600
4th july,600
covid19 amp,599
kebijakan adaptasi,599
cases today,596
dan pendisiplinan,590
26 2020,588
another record,588
du coronavirus,588
vacina covid,588
health problems,586
stop spread,582
cabut maklumat,581
nursing home,580
kapolri cabut,578
sábado 27,577
19 update,576
mask wearing,576
global pandemic,575
dr fauci,575
americans died,574
normal kapolri,574
caused covid,570
小池百合子 オリンピックは中止,570
release children,569
19 surge,568
trump tulsa,568
19 case,567
people like,566
オリンピックは中止 山本太郎,565
山本太郎 2024に延期,565
2024に延期 小野泰輔いまだ決断できない,565
coronavirus uk,564
daily coronavirus,563
get sick,563
cases rising,561
stay at,561
americans dead,560
testing positive,560
19 polrikawaladaptasibaru,559
boris johnson,555
mental health,554
19 em,553
dan melaksanakan,553
amp pendisiplinan,553
pengawasan amp,552
total deaths,550
orders release,550
maklumat penanganan,550
covid covid19,548
kerjasama dengan,548
dengan unsur,548
nuevos contagios,547
post covid19,547
polri kerjasama,547
unsur terkait,547
terkait demi,547
demi pencegahan,547
45 000,546
pandemic covid19,545
common sense,545
per day,544
weeks ago,544
months ago,542
need know,541
covid19 lockdown,540
health ministry,540
people wear,540
loved ones,539
positivos covid,538
pandemic situation,537
close beaches,537
highest single,536
record breaking,534
look like,534
pre existing,533
via nbcnews,532
us covid,532
confirmed covid,531
social media,531
high risk,530
19 lockdown,530
bilardo dio,528
coronavirus florida,525
confirmed coronavirus,525
whitehouse realdonaldtrump,524
slow spread,524
kebijakan pemerintah,524
people get,523
two weeks,522
covid19 crisis,521
problems caused,518
day increase,518
casos activos,517
vice president,517
golf course,517
coronavirus disease,516
died coronavirus,516
died covid19,513
washington post,513
contracting covid,513
000 coronavirus,512
new death,509
corona covid19,509
arizona florida,509
covid19 testing,508
coronavirus corona,503
000 covid,501
mengenai covid,501
south africa,499
kapolri mengenai,499
daily cases,498
cases day,497
covid19 sarscov2,496
coronainfoch covid19,496
video via,495
orders ice,494
spike coronavirus,493
pence postpones,493
serious problem,491
like coronavirus,491
record high,491
seems like,490
response coronavirus,490
2020 06,489
new daily,488
mil casos,488
cases florida,488
children held,487
fight coronavirus,486
humas polri,486
fatality rate,485
kadiv humas,485
daily updates,484
nouveaux cas,483
coronavirus patients,482
even though,481
muertes covid,481
virus covid19,481
increase coronavirus,481
new infections,479
immigrant children,477
breaking news,473
585 new,473
19 amp,472
19 situation,472
nearly 000,471
recovery rate,471
record daily,470
irjen pol,469
got ta,468
across country,467
hrdministry drrpnishank,467
muertes coronavirus,466
cases via,466
million americans,465
argo yuwono,464
coronavirus coverage,463
daily record,462
globalgoalunite concert,460
100 días,459
polri irjen,459
daily thanks,458
great job,458
every single,458
prabowo argo,457
trump pence,455
people covid,455
infected covid,455
antibody tests,455
pol raden,455
tested covid,454
get covid19,454
response covid,454
department health,454
real men,454
raden prabowo,454
half million,452
india coronavirus,452
menyampaikan pencabutan,449
epoch times,448
sets new,448
marzo 2019,447
gopchairwoman realdonaldtrump,447
men wear,447
pemerintah indonesia,447
take care,446
new confirmed,445
reported today,444
feesrelief bitmesra,444
novos casos,443
27 june,443
penyebaran covid19,443
get back,442
26 06,442
home order,442
keep safe,442
times app,439
coronavirus symptoms,439
wear face,439
johns hopkins,439
children covid,439
spread virus,438
new jersey,438
positif covid,438
many health,437
via googlenews,436
well done,436
aumento casos,435
covid19 covidiots,435
wife daughter,435
exclusive coronavirus,434
days ago,434
miami dade,434
hit new,433
da saúde,433
virus covid,433
งจากหมด covid,433
beginning understand,432
yuwono menyampaikan,432
feel like,431
understand many,431
beaches july,431
หล งจากหมด,431
sees record,430
coronavirus test,429
traitortrump trumptreason,428
127 000,427
matter protests,426
sounds like,426
coronavirus fears,425
deaths covid,425
population coronavirus,424
cases single,424
45 300,423
crisis coronavirus,422
getting covid,421
deaths covid19,420
coronavirus india,420
greg abbott,419
spike covid,418
19 infection,418
pacientes covid,417
covid19 virus,417
travel restrictions,416
covid_19 covid19,416
19 numbers,415
di tengah,415
25 779,414
showing coronavirus,414
daily new,414
last days,414
family members,412
dengan tetap,412
signed petition,411
06 27,411
कर रह,410
lakh cases,410
scientists beginning,409
armed forces,408
18 552,407
covid19 test,405
since march,404
buenos aires,403
right thing,403
sarscov2 forecast,402
dead americans,402
flattened curve,402
latest news,402
coronavirus news,402
coronavirus even,402
people infected,402
coronavirus case,401
19 covid19,401
tell us,399
people still,399
covid19 vaccine,399
trump amp,399
25 mil,398
app see,397
see exclusive,397
coverage daily,397
prevent spread,397
tetap melaksanakan,397
cases confirmed,396
numbers showing,396
prime minister,396
untuk mendukung,396
300 new,396
private golf,396
death population,395
hot spot,395
muertos coronavirus,395
black people,395
data shows,395
indonesia terkait,395
com covid,394
14 days,394
19 real,394
much better,394
new numbers,393
abc news,393
health department,393
spread intrude,391
coronavirus face,391
ice free,391
208 392,390
executive order,389
die covid,389
get rid,389
kill us,388
rapid surge,388
supreme court,387
day spike,386
216 nuevos,386
il coronavirus,385
people need,385
thank god,385
du covid,385
pence cancels,385
trump said,384
george floyd,384
เขาเลยตะโกนตอบกล บมาว,383
intrude white,382
cases total,382
day new,382
let us,381
killing americans,381
in the,381
deaths reported,380
death rates,380
dying covid,380
roll back,380
two months,379
founder reopen,379
nuevo coronavirus,378
27 juni,378
groboganpolres pencabutan,378
covid19 polrikawaladaptasibarukami,378
polrikawaladaptasibarukami siap,378
damn mask,377
july weekend,377
record number,376
19 treatment,376
world news,376
us battles,376
realdonaldtrump vp,375
coronavirus infection,375
000 casos,374
house denial,374
health experts,374
cases new,374
via mailonline,374
detained immigrant,374
free detained,373
visits private,373
battles rapid,373
test results,372
10 times,372
world leaders,372
juni 2020,372
get infected,371
us serious,371
infected coronavirus,370
dead coronavirus,370
anthony fauci,369
american lives,369
rally tests,369
us covid19,368
19 covid,367
bertujuan untuk,367
americans dying,365
surge covid,365
stayhome staysafe,365
trump rally,365
corona coronavirus,365
penerapan new,365
going viral,363
the coronavirus,363
covid19 outbreak,362
small businesses,362
join us,362
200 000,362
covid19 usa,362
killing people,362
could lose,362
personal protection,362
chinese virus,362
anuncia parceria,362
access covid,361
protect others,361
postpones florida,361
lose health,359
trump visits,359
post coronavirus,358
392 casos,357
officials coronavirus,357
response covid19,357
course us,357
bringing total,356
people covid19,356
people coronavirus,356
americans die,355
re opening,354
ron desantis,354
carlos salvador,354
california officials,353
pandemic via,353
all time,352
coronavirus concerns,352
people tested,352
tengah pandemi,352
india news,351
19 survivors,351
covid19 feesrelief,351
good job,350
die coronavirus,350
positivos coronavirus,350
cases amp,350
lakh lakh,350
absolutely destroys,349
destroys california,349
mask public,349
equal access,349
low covid,347
20 000,347
july due,347
de covid,347
cases increase,346
journalist absolutely,346
masks video,346
2020 covid,345
coronavirus coronavirus,345
lakh mark,345
children coronavirus,345
nuevas muertes,344
trump wins,344
repeal obamacare,344
downplays pandemic,344
demands personal,344
coronavirus impact,343
cure coronavirus,343
cure covid19,343
pandemic report,343
time high,342
viral journalist,342
critical condition,342
19 spikes,342
federal government,342
one thing,342
test covid,342
of the,342
américa latina,341
climate change,340
infection rate,340
going get,340
trump demands,340
protection contracting,340
da positivo,339
study shows,339
contagio coronavirus,339
chris hayes,339
back normal,339
100 millones,339
presssec realdonaldtrump,338
like covid19,338
high school,338
good thing,338
jun 27,338
684 new,338
day day,338
handling coronavirus,337
good luck,337
like covid,336
covid deaths,336
article amp,336
last night,336
testing sites,335
coronavirus spikes,334
petition calling,334
handling covid,334
without mask,334
salud pública,333
younger people,333
salvador bilardo,333
19 downplays,333
health crisis,332
co founder,332
terkait penerapan,332
wearing face,331
viernes 26,331
coronavirus tests,331
covid19 wearamask,331
coronavirus numbers,331
need help,331
fear mongering,331
reported highest,330
bitmesra studentlivesmatter,330
re going,329
récord diario,329
south west,328
florida covid,328
wearamask covid19,328
insurance trump,328
contracted coronavirus,327
anyone else,327
19 brasil,326
via yahoonews,326
covid19 coronaviruspandemic,326
residents stay,326
rest world,326
rosy picture,325
wear damn,325
cases per,325
cases us,325
amp reuters,325
miami close,325
wins bid,325
19 still,324
florida reports,324
survivors could,324
getting worse,323
care workers,322
million covid,322
number covid19,322
bid repeal,322
problem says,321
people getting,321
mencegah penyebaran,321
du covid19,321
coronavirus control,320
simple explanation,320
19 hoax,320
vietnam saved,320
dc mayor,320
everyone else,319
british pilot,319
south carolina,319
self quarantine,319
tre45on tre45on,319
deaths coronavirus,318
kept clean,318
next year,318
let go,317
situation worsens,317
deceptively rosy,317
died today,317
patient 91,317
face coverings,317
guerra mundial,317
mask covid19,316
dying coronavirus,316
die covid19,316
saved british,316
cases nearly,316
corona bertujuan,316
number confirmed,315
clean covid,315
home 4th,315
getting sick,315
whole world,315
19 related,315
masks social,314
people recovered,314
30 000,314
per million,314
untuk mencegah,314
ministério da,313
three months,313
covid19 response,313
live news,313
19 like,313
pilot kept,313
us soldiers,313
people dead,313
vacuna covid,312
back work,312
says fauci,312
european holidays,312
rest us,311
paints deceptively,311
reopening plans,311
co uk,311
disease 2019,311
2nd wave,311
coronavirus trump,311
kesehatan untuk,311
coronavirus restrictions,310
first place,310
coronavirus would,310
every time,310
19 healthcare,310
pence paints,309
states reported,309
qu il,309
curve simple,308
19 restrictions,308
uk open,308
open european,308
期日前投票に行きましょう 都民より五輪が大事,308
都民より五輪が大事 小池百合子,308
long time,308
despite coronavirus,307
deaths per,307
91 vietnam,307
126 000,307
contagios covid19,306
talk us,306
come back,306
reopenings coronavirus,306
restrictions ease,306
protests ok,305
must release,305
de la,305
positivo covid19,304
19 นเจอ,304
19 impact,303
virus cases,303
coronavirus may,303
19 data,303
10 days,303
coronavirus aid,303
increase covid,302
cases state,302
coronavirus black,302
breaking 45,302
check pandemic,301
fallecidos covid,301
uk coronavirus,301
please wear,301
en el,301
tens thousands,300
19 sheet,300
holidays july,300
rise covid,300
masks public,299
events amid,299
número casos,299
found march,299
please take,298
inside body,298
neet jee,298
know covid,297
fauci says,297
dick cheney,297
us sets,297
test kits,297
government must,297
cases 24,297
कर मच,297
last year,296
san francisco,296
empower educate,296
fin semana,296
au coronavirus,296
entertain empower,295
educate talk,295
0208 090,295
090 2121,295
2121 hello,295
hello fantasticradio,295
fantasticradio co,295
uk fantasticradiouk,295
fantasticradiouk homeofpossibilities,295
homeofpossibilities believeyourpossibilities,295
believeyourpossibilities stayhomesafelives,295
buy song,295
stayhomesafelives buy,294
million coronavirus,294
cases last,294
wall street,293
testing kits,293
people think,293
positive tests,293
cada vez,292
home orders,292
people take,291
us 0208,291
sewage sample,291
estudio científico,291
