gram,counts
covid 19,164463
19 pandemic,6930
19 cases,5935
coronavirus pandemic,5239
coronavirus covid19,4806
coronavirus cases,4134
new cases,3748
19 vaccine,3667
covid19 coronavirus,3582
untuk masyarakat,3340
kurang mampu,3211
masyarakat kurang,3189
19 baksospolrihut75ri,3159
covid19 pandemic,2906
ke 75,2803
terdampak covid,2731
nuevos casos,2626
ri ke,2614
pandemi covid,2583
new covid,2553
due covid,2525
coronavirus vaccine,2524
casos covid,2518
75 polri,2472
salurkan bansos,2471
bansos untuk,2449
dirgahayu ri,2447
public health,2379
mampu terdampak,2368
polri serentak,2366
serentak salurkan,2366
sambut dirgahayu,2365
1trenggalek thearieair,2354
thearieair tjhinfar21,2272
positive covid,2198
19 deaths,2057
1802_kimmi kianinara1,2052
casos coronavirus,2043
kianinara1 wiwikherma,2033
wiwikherma sambut,2027
tjhinfar21 _mylove_u,2015
_mylove_u 1802_kimmi,2015
new coronavirus,1931
24 horas,1893
new york,1866
tested positive,1856
social distancing,1745
coronavirus covid,1689
19 agosto,1677
covid19 cases,1671
death toll,1659
19 testing,1656
di tengah,1550
vacuna covid,1522
coronavirus deaths,1519
due covid19,1501
united states,1489
tengah pandemi,1455
donald trump,1433
casos positivos,1421
in person,1391
covid_19 coronavirus,1387
últimas 24,1363
19 crisis,1346
24 hours,1331
via youtube,1324
19 via,1312
covid_19 covid19,1311
wear mask,1298
coronavirus outbreak,1295
19 patients,1287
19 2020,1279
cases covid,1273
positivo covid,1268
10 000,1265
active cases,1261
new zealand,1206
due coronavirus,1205
da covid,1189
19 08,1188
positivo coronavirus,1185
bill gates,1168
positive coronavirus,1163
amid covid,1151
19 test,1131
august 19,1126
covid19 covid_19,1121
long term,1121
170 000,1117
gt gt,1106
pandemia covid,1093
news coronavirus,1089
dio positivo,1083
sars cov,1077
pandemia coronavirus,1061
pandemia covid19,1056
test positive,1056
mental health,1055
aug 19,1052
protokol kesehatan,1048
nursing homes,1044
herd immunity,1031
white house,1031
notre dame,1030
casos confirmados,1008
spread covid,996
coronavirus response,994
19 ini,989
gon na,986
live updates,982
impact covid,962
confirmed cases,959
19 outbreak,939
help us,939
novel coronavirus,938
08 2020,937
19 response,931
new deaths,925
meringankan beban,917
amid coronavirus,916
bantuan sosial,910
bbc news,897
coronavirus covid_19,890
face masks,886
many people,886
vacuna coronavirus,885
covid19 vaccine,883
coronavirus crisis,875
corona virus,874
19 coronavirus,873
young people,867
19 di,866
beban masyarakat,864
dapat meringankan,856
response coronavirus,847
stay safe,847
000 deaths,844
year old,838
diharapkan dapat,838
disalurkan untuk,838
fight covid,831
masyarakat di,815
spread covid19,814
contact tracing,810
south korea,802
health care,797
agosto 2020,791
spread coronavirus,789
akan disalurkan,789
sosial tersebut,789
19 update,786
mampu dan,784
died covid,783
dan diharapkan,781
around world,779
ini baksospolrihut75ri,774
tests positive,773
contagios covid,763
join us,754
positive cases,751
person classes,748
covid19 lockdown,745
tersebut akan,744
20 000,736
ensayos clínicos,734
19 treatment,732
19 death,730
000 americans,724
blood plasma,722
new covid19,718
casos nuevos,712
coronavirus lockdown,711
august 2020,710
people died,708
coronavirus update,707
000 people,706
positivos covid,702
prime minister,698
casos covid19,697
last 24,693
100 000,693
total cases,692
coronavirus argentina,671
get coronavirus,669
19 tests,669
wear masks,665
second wave,665
go back,664
coronavirus amp,663
covid19 covid,661
covid19 sarscov2,661
looks like,660
coronavirus via,657
post covid,654
cases reported,653
anderson cooper,650
nuevos contagios,646
back school,645
response covid,643
good news,635
please help,632
stay home,630
face mask,630
president trump,629
every day,626
new post,624
contagios coronavirus,622
wearing mask,618
coronavirus relief,614
social media,612
coronavirus testing,612
save lives,610
cases coronavirus,607
19 restrictions,606
covid19 crisis,599
du coronavirus,597
make sure,595
total number,595
19 lockdown,594
pacientes covid,592
free covid,592
health officials,590
death rate,589
health department,588
task force,584
du masque,582
last week,582
south africa,581
19 infections,577
covid19 deaths,576
casos activos,571
new death,571
19 virus,570
corona covid19,570
lost job,568
york times,565
nuovi casi,565
ministerio salud,558
first time,553
wearing masks,551
coronavirus live,549
cases deaths,549
000 dead,548
fight covid19,546
new normal,544
19 em,542
19 impact,537
need know,535
global pandemic,533
trump coronavirus,528
scott morrison,528
port du,526
est pas,525
nouveaux cas,524
single day,524
fake news,522
vaccine mandatory,521
common cold,520
test results,520
population coronavirus,515
stock market,510
coronavirus test,510
kasih kepada,508
get tested,505
potential covid,502
positivos coronavirus,502
com covid,502
sarscov2 forecast,501
sharon stone,500
19 relief,499
du covid,499
deaths reported,498
americans embarrassed,497
mypillow ceo,494
aged care,494
americans died,491
death population,491
19 amp,490
get covid,489
kepada sesama,489
corona coronavirus,488
22 millones,488
pool party,487
coronavirus corona,486
covid coronavirus,485
50 000,484
patrici15767099 realdonaldtrump,484
19 positive,483
long haulers,483
sesama di,483
berbagi kasih,483
deaths yesterday,480
coronavirus uk,478
coronavirus disease,475
health minister,475
muertes coronavirus,474
post covid19,473
two weeks,469
joe biden,469
19 case,469
cases covid19,469
nuevo coronavirus,468
deaths coronavirus,467
eduardo feinmann,465
get back,463
19 hospital,461
covid19 amp,460
papa francisco,459
19 august,457
coronavirus death,455
health workers,455
last year,454
stop spread,453
motorcycle rally,452
miércoles 19,451
19 may,450
positive covid19,450
soberana 01,449
deyna castellanos,448
handling coronavirus,447
top story,444
clinical trials,443
bill clinton,442
impact covid19,441
19 related,441
months ago,440
coronavirus españa,440
2020 08,439
covid19 corona,438
sturgis motorcycle,438
covid19 patients,437
cases per,437
19 news,437
muertes covid,434
per capita,434
qu il,433
64 531,432
positivity rate,432
cnn poll,431
positif covid,426
via yahoo,426
19 vaccines,425
high school,425
slow spread,424
du covid19,420
school year,419
covid covid19,419
18 agosto,416
frente coronavirus,416
coronavirus updates,415
didier raoult,415
covid19 testing,414
vacuna covid19,412
across country,412
trump administration,411
coronavirus patients,410
coronavirus case,409
need help,408
back work,406
india mitega,406
small businesses,405
cases since,405
nursing home,404
related deaths,404
would like,404
dr fauci,403
crisis coronavirus,403
deaths covid,402
flu season,402
penyebaran covid,401
covid19 response,401
one day,401
says coronavirus,401
effects covid,400
il coronavirus,400
nuevas muertes,399
het coronavirus,399
pandemic covid19,398
since march,397
go away,397
active covid,396
people get,396
climate change,395
per day,393
department health,390
19 través,390
coronavirus tests,389
handled coronavirus,387
people die,387
last days,385
000 covid,385
coronavirus infections,385
johns hopkins,384
cause death,384
frente covid,382
cold flu,381
rodríguez larreta,380
led countries,378
cases confirmed,377
health amp,376
wash hands,375
towns within,375
candidato vacunal,374
save us,374
co uk,373
19 segera,373
virus covid,371
positivo covid19,369
study finds,369
look like,367
loved ones,367
coronavirus news,367
segera berakhir,367
vacina covid,366
us coronavirus,365
says covid,365
000 coronavirus,365
quality education,365
humanitarian day,364
contagios covid19,364
hong kong,364
covid19 covidー19,363
mil casos,363
19 situation,362
prevent spread,362
halit oflaz,361
fundthefrontlines fundpublicschools,361
health ministry,360
despite covid,360
mitega india,360
personal salud,359
08 19,358
stayhome staysafe,358
died coronavirus,356
matt hancock,356
lockdown coping,356
coping tips,356
tips suggestions,356
suggestions others,356
new study,354
post office,353
increase covid,353
died covid19,352
19 spread,352
dieron positivo,351
poll americans,351
fundeducation fundthefrontlines,351
wear face,350
wuhan china,350
coronavirus través,350
da positivo,349
testing positive,349
watch live,349
us response,349
andrew cuomo,348
response covid19,348
high risk,348
equity education,348
19 covid19,347
talk us,346
pandemic coronavirus,346
in the,346
edutwitter covid19,346
fundpublicschools equity,346
click link,345
million people,345
education edutwitter,345
entertain empower,344
empower educate,344
educate talk,344
0208 090,344
090 2121,344
2121 hello,344
hello fantasticradio,344
fantasticradio co,344
uk homeofpossibilities,344
homeofpossibilities believeyourpossibilities,344
buy song,344
19 20,344
countries handled,344
country covid,343
people need,343
believeyourpossibilities buy,343
world humanitarian,343
08 20,342
salud pública,342
19 data,341
covid19 test,341
wan na,341
27 67,340
çumra belediye,339
semoga pandemi,339
dan semoga,339
us 0208,337
172 000,337
live news,335
immune system,334
dalam rangka,334
โคว ด19,333
next week,333
number cases,333
kepada seluruh,333
tested covid,332
pm et,332
covid cases,331
mortes covid,331
pendisiplinan protokol,330
yesterday spain,330
health england,329
anggota polri,329
14 days,327
lost jobs,326
fight coronavirus,325
spread virus,325
distancing rules,325
linked covid,325
polri dan,325
covid19india coronavirus,324
whitehouse realdonaldtrump,324
august 18,324
contagio covid,324
última hora,324
seluruh anggota,322
kesehatan melului,320
melului polriwajibpakaimasker,320
polriwajibpakaimasker kepada,320
surpasses 10,319
cases country,318
market 2020,317
people covid,317
people dying,317
medidas prevención,317
take care,316
pcr test,316
door door,316
world health,314
number covid,313
covid deaths,313
cure covid,312
even though,312
cases rise,311
update covid,311
pope francis,311
fallecidos covid,310
high quality,310
daily thanks,309
small business,308
dead americans,307
since covid,307
24france 17japan,307
17japan 16canada,307
16canada 13uk,307
13uk 12germany,307
19 outbreaks,306
know covid,306
agustus 2020,306
health authorities,306
nuevos positivos,306
amp 500,305
hid coronavirus,305
florida surpasses,305
coronaviruspandemic covid19india,303
deaths covid19,303
god help,303
total deaths,302
fox news,302
test covid,301
reported today,301
spain 24france,301
confirmed covid,300
going door,300
2020 covid,299
flu shot,299
9united states,299
covid19 bot,298
extend coronavirus,298
front line,298
social distance,298
12germany 9united,298
north carolina,297
american people,297
next year,296
19 infection,296
australia secures,296
il faut,296
record high,296
coronavirus spread,295
let us,295
of the,294
000 casos,294
realdonaldtrump trump,294
recovery rate,294
last months,294
covid19 update,293
recovered cases,293
coronavirus india,293
god bless,293
breaking news,292
embarrassed us,292
175 000,291
six months,291
19 recovery,291
states 328,291
care homes,290
ee uu,290
largely ignored,290
daily cases,289
healthcare workers,289
well done,289
19 safety,288
kasus covid,288
number active,288
sign petition,288
countries 426,288
risk covid,287
muertos coronavirus,287
19 health,287
328 million,287
rules largely,286
china hid,286
cases today,285
deaths per,285
puede ser,285
coronavirus il,285
ignored since,285
uk ramp,285
novos casos,285
post coronavirus,284
the coronavirus,284
side effects,283
19 symptoms,283
humanitarian workers,282
pacientes recuperados,282
426 millionpopulation,282
covid covid_19,281
virus covid19,281
study suggests,281
plasma covid19,281
come back,280
face coverings,280
mail in,280
spreading coronavirus,280
working home,279
smell loss,278
358population countries,278
outbreak coronavirus,276
19 vía,276
back normal,276
person covid,276
abc news,276
18 2020,275
coronavirus outbreaks,275
state health,275
millionpopulation united,275
amp covid19,274
real estate,274
trump handling,273
19 patient,273
obat covid,272
19 agustus,272
allah tan,272
19 updates,272
deaths linked,272
college students,271
three months,271
não tem,271
clinical trial,271
il est,270
via nyt,270
realdonaldtrump senatemajldr,270
150 000,269
google covid,269
pandemic via,269
early june,269
chris wallace,268
amid covid19,268
sounds like,268
24 ore,268
believe freedom,268
covid19 last,267
covid19 virus,267
19 plan,267
last month,267
big pharma,267
gov uk,267
000 new,266
cada vez,266
covid19 coronaviruspandemic,266
от covid,266
via nytimes,266
coronavirus aid,266
19 país,265
amp covid,265
health safety,265
tan rahmet,265
may exposed,265
hospital data,265
latest covid,264
covid19 lost,264
testing facility,264
coronavirus infection,263
pls help,263
local officials,263
pillow guy,262
get covid19,262
knows better,262
federal government,262
mass testing,262
fumbled coronavirus,262
coronavirus dangers,262
19 could,261
covid19 outbreak,261
americans dead,261
china covid,261
lucha covid,261
daily covid,261
58 mil,261
au coronavirus,261
data gov,261
salud mental,260
pruebas covid,260
treatment covid,260
tell us,259
pandemic news,259
coronavirus source,259
impact coronavirus,259
covid19 god,259
testing coronavirus,258
great job,258
trump covid,258
students get,257
india covid,257
take action,257
northamerica cases,257
rather live,257
agencies find,257
cases 22,256
fatality rate,256
amp amp,256
sleep night,256
states 358population,256
pet testing,256
dangers beijing,256
coronavirus virus,255
covid vaccine,255
human rights,255
200 000,254
propia vacuna,254
per cent,254
die covid,254
since early,254
hit record,254
people like,253
coronavirus coronavirus,253
ministry health,253
female led,253
past 24,253
per il,253
us rather,253
día hoy,252
looking forward,252
snake oil,252
common sense,252
covid19 positive,252
caso positivo,252
time covid,252
cases increase,252
daily updates,252
but apparently,252
apparently fda,252
plasma dangerous,252
pandemic response,251
19 still,251
fda bans,251
bans blood,251
live unscientifically,251
unscientifically die,251
die responsibly,251
responsibly but,251
fda knows,251
better hydroxycholoroquine,251
hydroxycholoroquine amp,251
amp plasma,251
dangerous science,251
2020 covid19,250
seems like,250
health organization,249
even covid,249
us fumbled,249
feel like,248
going back,248
take look,248
jeremy corbyn,248
higher ed,247
mortality rate,247
tahun 2020,247
heathrow airport,247
nuevas medidas,247
world news,246
one thing,246
19 venezuela,246
10 times,246
death count,246
we believe,246
coronavirus indiafightscorona,245
vacuna rusa,245
roche regeneron,245
social security,245
au covid,244
caused covid,244
self isolate,244
us covid,243
número casos,243
coronavirus vía,243
like covid19,243
tjhinfar21 1802_kimmi,243
response we,243
exposed others,243
good thing,242
410 new,242
vacunas coronavirus,242
19 españa,242
covid19 death,241
contagio covid19,241
supply chain,241
infected covid,240
covid19 protests,240
país europeo,240
trump says,240
muertos covid,239
18 08,239
coronavirus better,239
last night,239
dogs cats,239
19 world,238
disease 2019,238
19 new,238
security forces,238
uk coronavirus,237
19 méxico,237
das coronavirus,237
aumento casos,237
usa northamerica,237
years ago,236
off campus,236
got ta,236
yang terdampak,236
via googlenews,236
gates us,236
amp alianzafederalista,236
alianzafederalista conago,236
wednesday august,235
us covid19,235
michigan state,235
19 concerns,234
19 cure,234
family members,234
cases amp,234
press conference,234
transfer policy,234
weeks ago,233
state covid,233
sir please,233
whole life,233
coronavirus related,233
local lockdown,233
científica mexicana,232
like covid,232
stay positive,231
news live,231
beijing agencies,231
update 19,230
people tested,230
cada día,230
19 antibody,230
others bar,230
india news,229
cas covid,229
contre covid,229
19 tedavisi,229
masque obligatoire,229
vaccine nationalism,229
emergencia sanitaria,229
horacio rodríguez,229
indiafightscorona stayhome,228
new case,228
plasma treatment,228
covid19 via,227
china virus,227
cuba anuncia,227
bringing total,227
middle school,227
michelle obama,226
di indonesia,226
crisis covid19,226
two months,226
work home,225
da covid19,225
experts say,225
clases distancia,225
case covid,225
qu ils,225
secures deal,225
number people,224
22 million,224
coronavirus pandemia,224
belediye başkanımız,224
face covering,224
belediye başkanı,223
drrpnishank pmoindia,223
remote learning,223
every single,223
rest world,223
help secure,223
19 hit,223
1802_kimmi raninggalek,223
covid19 impact,222
makes sense,222
effects coronavirus,222
job one,222
health crisis,221
24 months,221
coronavirus task,221
new confirmed,221
make coronavirus,221
coronavirus covidー19,221
leads scientists,221
bot covid19,220
days stats,220
reallifeheroes worldhumanitarianday,220
state university,220
new infections,220
person learning,220
coronavirus australia,220
conducting exams,220
plus grand,220
vaccine coronavirus,220
impacted covid,220
terapia intensiva,220
bubbles leads,220
146 students,219
coronavirus coronavirusupdate,219
riesgo contagio,219
tahun baru,219
infectious disease,219
times number,218
could help,218
poor people,218
affected covid,218
neet jee,218
back to,218
emergency approval,218
larreta coronavirus,218
scientists new,218
educación digital,218
coronavirus restrictions,217
mask wearing,217
cogent argument,217
cases new,217
infection rate,217
help slow,217
00 pm,217
campaña redes,217
officials china,217
19 protocols,216
cases 93,216
secure job,216
please contact,216
blog web,216
web campaña,216
fortalece modelo,216
digital estrategias,216
enseñanza virtual,216
vaccine covid,215
please retweet,215
one recommendation,215
impact analysis,215
estrategias enseñanza,215
impone clases,215
economic recovery,214
want know,214
covid19 tests,214
higher education,214
secretaría salud,214
speakerpelosi senschumer,214
sir due,214
pmoindia narendramodi,214
coronavirus país,214
people coronavirus,214
job pls,214
recommendation change,214
change whole,214
quedateencasa quedateenclase,214
trail bubbles,214
modelo educación,214
ministry education,213
global covid,213
19 na,213
early 2021,213
snte fortalece,213
