gram,counts
covid 19 pandemic,7998
covid 19 cases,6152
pandemi covid 19,3929
due covid 19,3152
casos covid 19,3076
covid 19 crisis,3021
new covid 19,2561
coronavirus covid 19,2212
covid 19 patients,2120
covid 19 deaths,2027
di tengah pandemi,1958
tengah pandemi covid,1899
covid 19 inovasipolriutksemua,1838
positive covid 19,1828
impact covid 19,1721
rfid microchip mark,1695
microchip mark beast,1687
pandemia covid 19,1666
pangan di tengah,1642
ketahanan pangan di,1640
jaga ketahanan pangan,1634
covid 19 di,1619
siap jaga ketahanan,1608
polri siap jaga,1574
cases covid 19,1511
top 10 personal,1496
10 personal loan,1496
personal loan companies,1496
loan companies 2020,1496
covid 19 testing,1487
últimas 24 horas,1478
amid covid 19,1467
da covid 19,1462
coronavirus death toll,1425
covid 19 outbreak,1407
covid 19 lockdown,1382
meaning behind calculating,1305
hidden meaning behind,1292
covid 19 via,1291
terra indígena yanomami,1288
da terra indígena,1276
bbc news coronavirus,1163
cashless society know,1163
covid 19 death,1159
must read article,1123
covid 19 response,1118
covid 19 em,1048
garimpeiros da terra,1047
covid 19 vaccine,1034
spread covid 19,1003
china delayed releasing,999
fight covid 19,979
на антитела covid,961
антитела covid 19,960
covid 19 update,954
тест на антитела,951
uk coronavirus death,949
записаться на тест,948
на тест на,948
covid 19 теперь,948
19 теперь можно,948
теперь можно через,948
можно через приложение,948
1trenggalek divhumas_polri thearieair,948
divhumas_polri thearieair tjhinfar21,948
post covid 19,943
городскую новинку записаться,942
новинку записаться на,942
через приложение проекте,941
new coronavirus cases,930
worked vote leave,927
black lives matter,921
firm worked vote,916
new coronavirus contract,903
covid 19 impact,900
ai firm worked,896
vencer covid19 yanomami,887
behind calculating 666,874
wanted pass along,854
covid 19 coronavirus,854
towards cashless society,853
mark beast hidden,853
beast hidden meaning,853
proof rfid microchip,830
mortes covid 19,798
covid 19 test,795
response covid 19,779
muertes covid 19,769
delayed releasing coronavirus,768
died covid 19,761
positif covid 19,755
covid 19 positive,746
covid 19 still,738
releasing coronavirus info,736
new cases covid,734
official figures show,725
second wave coronavirus,714
covid 19 virus,712
du covid 19,706
covid 19 ini,705
coronavirus info frustrating,705
yanomami precisam sobreviver,700
02 06 2020,698
novel coronavirus attacks,692
coronavirus attacks humanity,686
covid 19 amp,680
last 24 hours,677
covid 19 restrictions,672
covid19 yanomami precisam,672
humanidade vencer covid19,666
pacientes covid 19,664
new york times,652
tested positive coronavirus,649
penanganan covid 19,638
epoch times app,638
times app see,635
coverage daily updates,635
app see exclusive,634
contagios covid 19,630
tested positive covid,629
positivo covid 19,625
covid 19 relief,625
exclusive coronavirus coverage,624
coronavirus coverage daily,624
see exclusive coronavirus,622
coronavirus live updates,619
die covid 19,617
nuevos casos coronavirus,615
society know bible,614
wins new coronavirus,614
crisis covid 19,610
positivos covid 19,607
covid 19 situation,605
vote leave wins,596
leave wins new,596
covid 19 sarampo,564
death toll nears,564
amid coronavirus pandemic,562
new cases coronavirus,561
covid 19 related,561
nuevos casos covid,560
surto ebola em,558
ebola em meio,556
tem surto ebola,556
congo tem surto,555
society know jesus,549
em meio lutas,547
meio lutas covid,545
lutas covid 19,545
com covid 19,540
nears 50 000,534
toll nears 50,533
retirar garimpeiros da,530
bame covid 19,529
covid 19 tests,528
fallecidos covid 19,526
latest official figures,515
50 000 latest,503
000 latest official,500
yanomami foragarimpoforacovid desintrusãojá,497
covid 19 covid19,496
covid 19 través,491
indígena yanomami foragarimpoforacovid,489
test positive coronavirus,484
covid 19 could,484
saat pandemi covid,483
оценилa городскую новинку,477
retire garimpeiros da,474
covid 19 seperti,465
оценил городскую новинку,464
segundo día consecutivo,459
please take time,457
test positive covid,456
affected covid 19,455
new covid19 cases,455
covid 19 case,449
george floyd protests,448
vacuna covid 19,447
confirmed covid 19,447
june 02 2020,444
risk second wave,444
risk covid 19,443
finally revealed covid19,443
public health england,442
indígena yanomami evite,442
hidden meaning finally,441
meaning finally revealed,441
covid 19 infections,441
covid 19 spread,440
gt gt gt,438
calculating 666 revealed,437
great day want,437
calculating 666 fascinating,437
casos positivos covid,436
number 666 hidden,435
666 hidden meaning,435
meaning behind 666,434
take time read,434
yanomami estão ameaçados,434
sign petition via,433
coronavirus covid19 sarscov2,432
along absolute proof,431
covid 19 covert,431
19 covert id,431
ever wondered meaning,430
wondered meaning behind,430
behind 666 wonder,430
666 wonder must,430
wonder must read,430
19 seperti ini,430
pass along article,429
along article believe,429
article believe everyone,429
believe everyone read,429
everyone read rfid,429
read rfid microchip,429
mark beast meaning,429
beast meaning behind,429
number god holy,429
god holy spirit,429
truth must read,429
hope ve great,428
ve great day,428
day want share,428
want share interesting,428
share interesting article,428
interesting article read,428
article read concerning,428
read concerning rfid,428
concerning rfid microchip,428
levando doença floresta,426
pass along absolute,425
absolute proof rfid,425
behind calculating number,425
covid 19 brasil,425
covert id heading,425
id heading towards,425
heading towards future,425
towards future cashless,425
future cashless society,425
vacina covid 19,425
pm get grip,425
re staying safe,424
times also hope,424
interesting article concerning,424
meaning behind counting,424
centuries people wondered,424
people wondered mystery,424
wondered mystery behind,424
mystery behind number,424
behind number god,424
holy spirit revealed,424
spirit revealed truth,424
revealed truth must,424
thearieair tjhinfar21 polri,424
warns pm get,423
get grip risk,423
hope re staying,420
read interesting article,420
know bible spoke,419
korps bhayangkara sangat,419
bhayangkara sangat diperlukan,419
sangat diperlukan saat,419
diperlukan saat pandemi,419
seperti ini inovasipolriutksemua,419
staying safe times,418
safe times also,418
also hope ll,418
hope ll read,418
ll read interesting,418
article concerning hidden,418
concerning hidden meaning,418
behind counting fascinating,418
counting fascinating everyone,418
fascinating everyone read,418
grip risk second,418
thearieair tjhinfar21 kepedulian,417
tjhinfar21 kepedulian korps,417
kepedulian korps bhayangkara,417
time covid 19,416
likely die covid,416
19 death toll,416
covid19 sarscov2 forecast,415
starmer warns pm,415
population coronavirus covid19,414
000 covid 19,413
mysterious meaning behind,411
meaning behind finally,411
behind finally revealed,411
finally revealed coronavirus,409
like covid 19,408
time read pass,405
read pass friends,405
pass friends family,405
friends family proof,405
family proof rfid,405
mark beast mysterious,405
beast mysterious meaning,405
death population coronavirus,405
penyebaran covid 19,404
covid 19 recovery,404
tests positive covid,403
new death population,403
keir starmer warns,402
covid 19 infection,401
virus covid 19,400
home covid 19,396
416 new cases,395
muertos covid 19,392
deaths covid 19,391
от covid 19,390
covid 19 patient,389
death toll passes,386
frente covid 19,382
covid 19 vía,378
covid 19 symptoms,377
covid 19 risk,373
приложение проекте активный,370
проекте активный гражданин,370
know jesus spoke,369
caso covid 19,367
get covid 19,365
dalam pandemi covid,365
ketahanan pangan masyarakat,365
number covid 19,362
covid 19 país,359
19 ini inovasipolriutksemua,358
peduli ketahanan pangan,357
polri sangat peduli,356
sangat peduli ketahanan,356
pangan masyarakat dalam,356
masyarakat dalam pandemi,356
people covid 19,355
tjhinfar21 polri sangat,355
test covid 19,354
passes 50 000,354
contagio covid 19,353
covid 19 fight,353
toll passes 50,352
blood vessel disease,351
covid 19 mundo,350
confirmados covid 19,350
read article covid19,349
latest covid 19,348
attacks humanity via,347
humanity via nasa,346
covid 19 data,344
tested covid 19,343
twice likely die,343
lives daily talk,341
0208 90 2121,341
90 2121 hello,341
2121 hello fantasticradio,341
hello fantasticradio co,341
fantasticradio co uk,341
co uk fantasticradiouk,341
uk fantasticradiouk homeofpossibilities,341
fantasticradiouk homeofpossibilities believeyourpossibilities,341
homeofpossibilities believeyourpossibilities stayhomesafelives,341
believeyourpossibilities stayhomesafelives buy,341
stayhomesafelives buy song,341
treat covid 19,340
covid 19 news,337
new cases covid19,337
covid 19 global,336
2020 06 02,335
adding value lives,335
value lives daily,335
daily talk us,335
talk us 0208,335
us 0208 90,335
read article coronavirus,334
covid 19 updates,334
since covid 19,332
buenmartes felizmartes 2dejunio,330
covid 19 méxico,329
felizmartes 2dejunio pupcet2020,329
2dejunio pupcet2020 semafororojo,329
top italian doctor,327
due coronavirus pandemic,327
quedateencasa buenmartes felizmartes,327
coronavirus losing potency,325
update covid 19,325
covid 19 na,324
casos confirmados covid,322
covid 19 world,322
de covid 19,322
illiberal populist leaders,321
death george floyd,319
patients nursing homes,317
covid 19 bame,316
covid 19 may,316
amp covid 19,316
contre covid 19,314
countries illiberal populist,314
nursing home residents,313
infected covid 19,313
dying covid 19,312
world health organization,312
growing countries illiberal,312
given new coronavirus,312
coronavirus disease 2019,311
covid 19 new,311
vote leave given,311
ministro da saúde,310
new ebola outbreak,310
first covid 19,310
virus growing countries,310
leave given new,310
total confirmed cases,309
covid 19 treatment,302
tiempos covid 19,299
twitterя оценил городскую,298
casos confirmados coronavirus,297
cashless society hear,297
2nd covid19 wave,297
past 24 hours,297
au covid 19,296
covid19 positive cases,293
people infected coronavirus,292
causa covid 19,291
new york city,290
pandemic team sent,288
sent ppe china,288
cut pandemic team,287
team sent ppe,287
ppe china hid,287
china hid cdc,287
hid cdc report,287
cdc report 2nd,287
report 2nd covid19,287
covid19 wave jan,287
wave jan mar,287
jan mar golf,287
mar golf times,287
golf times rallies,287
times rallies instead,287
rallies instead preparing,287
instead preparing covid_19trump,287
preparing covid_19trump incompetence,287
covid_19trump incompetence caused,287
incompetence caused time,287
caused time unemployment,287
time unemployment economy,287
unemployment economy crash,287
economy crash highest,287
crash highest coronavirus,287
still misleading public,287
covid 19 report,286
tested positive covid19,286
crise du coronavirus,285
misleading public coronavirus,285
case amp death,284
blacklivesmattertrump cut pandemic,283
highest coronavirus case,283
coronavirus case amp,283
amp death country,283
ministers still misleading,283
em 24 horas,282
long term care,281
uk covid 19,281
spike covid 19,280
stay at home,279
china withheld data,278
despite covid 19,277
slow spread covid19,277
watchdog ministers still,276
public coronavirus tests,276
current covid 19,275
twitterя оценилa городскую,275
withheld data coronavirus,275
help slow spread,274
kasus covid 19,273
wave covid 19,273
93 435 casos,273
covid 19 drug,273
2019 covid 19,272
covid 19 review,271
sa covid 19,270
000 new cases,270
machine profile coronavirus,270
governo federal retirar,270
pela covid 19,269
data coronavirus recordings,269
tests positive coronavirus,267
monster machine profile,266
profile coronavirus months,266
looking ways relax,266
martes junio 2020,266
statistics watchdog ministers,266
fighting covid 19,265
likely die coronavirus,265
coronavirus covid19 quedateencasa,265
makes every one,265
pasien covid 19,264
garimpeiros estão levando,264
method makes every,264
every one safe,264
one safe coronawill,264
safe coronawill end,264
coronawill end corona,264
end corona pandemicit,264
corona pandemicit cost,264
pandemicit cost nothingit,264
cost nothingit harmless,264
nothingit harmless people,264
harmless people kills,264
people kills virusesgovernments,264
kills virusesgovernments must,264
virusesgovernments must tell,264
must tell use,264
tell use helps,264
use helps people,264
helps people infected,264
infected coronavirus heal,264
coronavirus heal fast,264
heal fast reducing,264
pruebas covid 19,263
travel quarantine rule,263
pode fazer governo,263
coronavirus recordings reveal,262
death toll rises,261
ways relax travel,260
relax travel quarantine,260
federal retirar garimpeiros,260
senhor pode fazer,259
lucha covid 19,258
10 mil 167,257
realdonaldtrump blacklivesmattertrump cut,257
precisam sobreviver rodrigomaia,257
sobreviver rodrigomaia camaradeputados,257
rodrigomaia camaradeputados deve,257
camaradeputados deve agir,257
deve agir imediatamente,257
nas últimas 24,256
com maior número,255
george floyd death,255
fast reducing deathsrt,255
reducing deathsrt end,255
deathsrt end corona,255
covid 19 numbers,254
terdampak covid 19,254
nuevos casos positivos,253
covid 19 yang,253
ministers looking ways,253
casos positivos coronavirus,252
new report shows,252
amidst covid 19,251
ugc_india ltgovdelhi arvindkejriwal,251
01 06 2020,250
drrpnishank ugc_india ltgovdelhi,249
fazer governo federal,249
covid 19 venezuela,248
93 mil 435,248
msisodia drrpnishank ugc_india,248
usa northamerica cases,247
children covid 19,247
coronavirus ministers looking,247
covid 19 dan,246
50 000 official,246
boris johnson told,246
sanitaria covid 19,244
agir imediatamente senhor,244
imediatamente senhor pode,244
effects covid 19,243
coronavirus plus brexit,243
faça sua parte,243
combate covid 19,242
nasser mohammad al,242
covid 19 contact,242
el covid 19,242
000 official figures,242
india covid 19,240
black amp brown,240
covid 19 health,240
dies covid 19,238
10 000 muertes,238
imam nasser mohammad,238
covid 19 outbreaks,237
000 nursing home,237
152 nuevos casos,237
stay home much,236
petition via change,235
disease 2019 covid,235
months covid 19,235
symptoms daily even,235
daily even feel,235
news covid 19,234
self reporting symptoms,234
reporting symptoms daily,234
even feel well,234
covid19 examscancelkaro ggsipu,234
governo federal retire,234
pandemic covid 19,233
total number cases,233
spread covid19 identify,233
covid19 identify risk,233
identify risk cases,233
risk cases sooner,233
sooner self reporting,233
davialcolumbre senadofederal deve,233
senadofederal deve agir,233
sua obrigação retirar,233
asian ethnic groups,233
first time since,232
us covid 19,232
handling covid 19,232
2020 covid 19,232
cases sooner self,232
new cases confirmed,231
02 06 20,231
propagación covid 19,230
covid 19 dengan,230
mysterious number 666,230
must read coronavirus,230
feel well download,230
urgentemente foragarimpoforacovid desintrusãojá,230
black asian ethnic,230
free covid 19,229
know covid 19,229
patients covid 19,229
ameaçados pela covid19,229
uma tragédia foragarimpoforacovid,229
tragédia foragarimpoforacovid desintrusãojá,229
covid 19 lockdowns,228
calculating number covid19,228
covid 19 et,228
wash hands often,228
méxico supera 10,228
well download app,228
stopicapexams stopicapexams stopicapexams,228
alto contagio desinfecta,228
666 fascinating covid19,227
everyone read coronavirus,227
tomar medidas urgentes,227
evite uma tragédia,227
contagio desinfecta hogar,227
read article mysterious,226
article mysterious number,226
losing potency top,226
total covid 19,226
daily covid 19,226
impact coronavirus plus,226
frente coronavirus covid19,226
parte governo federal,226
hospitals care homes,226
floresta foragarimpoforacovid desintrusãojá,226
ltgovdelhi arvindkejriwal republic_bharat,225
sua parte governo,225
federal retire garimpeiros,225
estão levando doença,225
10 mil muertes,224
related covid 19,224
precisam sobreviver davialcolumbre,224
sobreviver davialcolumbre senadofederal,224
deve agir faça,224
agir faça sua,224
yanomami devem sobreviver,224
justicagovbr deve tomar,224
deve tomar medidas,224
medidas urgentes sua,224
urgentes sua obrigação,224
obrigação retirar garimpeiros,224
yanomami evite uma,224
society covid 19,222
six months coronavirus,222
covid 19 creceelhambre,222
14 day quarantine,221
zona roja transmisión,221
pupcet2020 semafororojo bts,221
semafororojo bts cosasqueyanouso,221
highest covid 19,220
finalyearexam covid19 examscancelkaro,220
rojo vigente 31,220
cashless society covid,219
100 000 americans,219
666 revealed covid19,219
covid19 eduardo fortunato,219
garanta desintrusão da,219
desintrusão da terra,219
666 revealed coronavirus,218
jesus spoke would,218
cashless society coronavirus,218
spreading covid 19,218
eduardo fortunato sua,218
fortunato sua obrigação,218
sua obrigação combater,218
obrigação combater garimpo,218
floresta brasil_ibama precisa,218
brasil_ibama precisa retirar,218
garimpeiros urgentemente foragarimpoforacovid,218
semáforo rojo vigente,218
vigente 31 méxico,218
estão ameaçados pela,217
pela covid19 eduardo,217
da floresta foragarimpoforacovid,217
precisam sobreviver generalmourao,217
sntesalud semáforo rojo,217
spoke book revelation,216
estão ameaçados fernando,216
ameaçados fernando azevedo,216
fernando azevedo ffaabrasil,216
azevedo ffaabrasil ajudem,216
ffaabrasil ajudem afastar,216
ajudem afastar covid19,216
afastar covid19 dos,216
covid19 dos indígenas,216
dos indígenas defesagovbr,216
indígenas defesagovbr retire,216
yanomami evite mortes,216
povo da floresta,216
floresta devem ser,216
devem ser expulsos,216
ser expulsos garanta,216
expulsos garanta desintrusão,216
indígena yanomami foracovidforagarimpo,216
yanomami foracovidforagarimpo desintrusãojá,216
covid 19 emergency,215
bible spoke would,215
contagiados covid 19,215
society physical cash,215
covid 19 social,215
rajatsharmalive sudhirchaudhary dchaurasia2312,215
covid19 yanomami devem,215
government covid 19,214
mohammad al yemeni,214
disease explains everything,213
covid 19 est,213
masks social distancing,213
coronavirus sars cov,213
pronta em outubro,213
nuevos casos covid19,212
covid 19 últimas,212
impacts covid 19,212
precisa retirar garimpeiros,212
pressing towards cashless,211
direction cashless society,211
legendary number 666,211
435 casos confirmados,211
digital age cashless,211
age cashless society,211
report covid 19,211
job retention scheme,211
generalmourao garimpeiros estão,211
666 fascinating coronavirus,210
keep safe distance,210
19 contact tracing,210
pandémie covid 19,210
read article legendary,209
article legendary number,209
covid 19 real,209
distance wash hands,209
report shows impact,209
shows impact coronavirus,209
19 crisis profit,209
crisis profit surveillance,209
covid 19 pronta,209
19 pronta em,209
combater garimpo levando,209
garimpo levando doença,209
doença floresta brasil_ibama,209
retirar garimpeiros urgentemente,209
covid 19 guidelines,208
must read covid19,208
moving towards cashless,208
profit surveillance workers,208
arvindkejriwal republic_bharat amishdevgan,208
think covid 19,207
big tech attempting,207
immunefinalyear finalyearexam covid19,207
republic_bharat amishdevgan rajatsharmalive,207
defesagovbr retire garimpeiros,207
evite mortes povo,207
mortes povo da,207
sobreviver generalmourao garimpeiros,207
doença floresta devem,207
months coronavirus learned,206
coronavirus últimas 24,206
amishdevgan rajatsharmalive sudhirchaudhary,206
please vote ab2261,206
impacto covid 19,205
easing covid 19,205
president donald trump,205
covid 19 would,205
surgeon general warns,205
wechoosecorona immunefinalyear finalyearexam,205
cure covid 19,204
brown communities please,204
communities please vote,204
italian doctor says,203
acredita em vacina,203
em vacina covid,203
100 000 dead,202
si mata coronavirus,202
chinese communist party,202
2nd june 2020,202
americana acredita em,202
warns coronavirus outbreaks,202
covid 19 não,201
treatment covid 19,201
covid 19 hoax,201
emergencia covid 19,201
amp brown communities,201
empresa americana acredita,201
100 000 people,200
safe covid 19,199
general warns coronavirus,199
30 mil mortes,197
calculating number coronavirus,197
covid 19 hospital,197
uk coronavirus live,197
hear jesus spoke,196
ao covid 19,196
home much keep,196
much keep safe,196
safe distance wash,196
hands often cover,196
often cover cough,196
global false alarm,196
covid 19 wave,195
prueba covid 19,195
health care workers,195
amp black amp,195
experts calling game,195
calling game changer,195
workers amp black,194
workers covid 19,193
disease covid 19,193
surveillance workers amp,193
remdesivir drug help,193
patients experts calling,193
impacted covid 19,192
case covid 19,192
coronavirus job retention,192
care homes says,192
everyone read covid19,191
using covid 19,191
may blood vessel,191
19 cases reported,191
covid 19 en,191
21 000 new,191
covid 19 antibody,190
situación covid 19,190
spike coronavirus cases,190
covid 19 people,190
19 crisis pandemic,190
semáforo coronavirus covid19,190
even covid 19,189
nearly 26 000,189
10 million people,189
help poor man,189
poor man woman,189
man woman children,189
woman children covid,189
19 últimas 24,188
pencegahan covid 19,188
por covid 19,188
covid 19 spilling,188
spilling hospitals care,188
second coronavirus study,188
coronavirus covid19 rojo,188
coronavirus may blood,187
updates covid 19,187
casos positivos covid19,187
news times india,187
positive cases reported,187
motivation covid19 coronavirus,187
19 spilling hospitals,187
bauerkahan asmrichardbloom robbontaca,187
asmrichardbloom robbontaca ianad57,187
robbontaca ianad57 asmcarrillo,187
ianad57 asmcarrillo susaneggman,187
ng covid 19,186
second wave covid,186
county covid 19,186
covid 19 transmission,186
homes says uk,186
asmcarrillo susaneggman asmjessegabriel,186
caused covid 19,185
covid 19 nas,185
vote ab2261 lorenaad80,185
dealing covid 19,184
covid 19 quarantine,184
sudhirchaudhary dchaurasia2312 rubikaliyaqua,184
dchaurasia2312 rubikaliyaqua ravishkumar011,184
says uk expert,184
question medical data,184
medical data used,184
tests covid 19,183
recovery covid 19,183
covid 19 epidemic,183
covid19 coronavirus science,183
ravishkumar011 wechoosecorona immunefinalyear,183
government criticised use,183
criticised use testing,183
на covid 19,182
pasien positif covid,182
scientists question medical,182
data used second,182
used second coronavirus,182
coronavirus government criticised,181
el semáforo coronavirus,181
white house coronavirus,180
vessel disease explains,179
coronavirus task force,179
supera 10 000,179
26 000 nursing,179
coronavirus science spirituality,179
use testing data,179
outbreak covid 19,178
30 mil mortos,178
covid 19 hit,178
higher ethnic minorities,178
904 nuevos casos,178
people tested positive,177
heading towards cashless,177
regarding covid 19,177
home residents died,177
people likely die,177
il covid 19,177
coronavirus live news,177
result covid 19,177
spirituality nature wisdom,177
people died coronavirus,176
covid19 covid 19,175
number coronavirus cases,175
ebola outbreak congo,175
potency top italian,175
amid coronavirus crisis,175
hear bible spoke,175
help save lives,175
death covid 19,174
roja transmisión coronavirus,174
covid 19 salgını,174
new cases reported,174
covid19 lockdowns dead,174
science spirituality nature,174
tech attempting exponent,174
attempting exponent covid,174
exponent covid 19,174
000 americans dead,173
covid 19 changed,173
19 death rate,173
corona virus pandemic,172
stop spread covid,172
wabah covid 19,172
potential covid 19,172
new covid19 positive,172
covid19 rojo combatirlo,172
rojo combatirlo tarea,172
combatirlo tarea sigue,172
tarea sigue pasos,172
105 000 deaths,171
día nueva normalidad,171
muerte george floyd,171
new coronavirus losing,171
dead covid 19,171
support covid 19,171
crise du covid19,171
confíes el semáforo,171
catch covid 19,170
driving towards cashless,170
the covid 19,170
uk statistics authority,170
outbreaks floyd protests,170
covid19 rojo quedateencasa,170
help stop spread,169
release bame covid,169
lowest level since,169
coronavirus outbreaks floyd,169
help fight covid,168
coronavirus second wave,168
nature wisdom education,168
semáforo covid19 rojo,168
global covid 19,167
ayo segera verifikasi,167
segera verifikasi online,167
verifikasi online masuk,167
online masuk polisi,167
masuk polisi gratisno,167
polisi gratisno kknno,167
gratisno kknno calono,167
kknno calono suapbudayakan,167
calono suapbudayakan pola,167
suapbudayakan pola hidup,167
pola hidup bersihbersatu,167
hidup bersihbersatu cegah,167
bersihbersatu cegah covid19,167
cegah covid19 rekrutmenpolri2020,167
covid19 rekrutmenpolri2020 bersatucegahcovid19,167
stay home orders,167
rates covid 19,167
second covid 19,166
covid 19 affected,166
donate 150 ecoins,166
rubikaliyaqua ravishkumar011 wechoosecorona,166
salud mascotas importante,166
mascotas importante si,166
importante si necesario,166
si necesario llevarlas,166
