gram,counts
covid 19,205265
19 pandemic,8025
coronavirus covid19,7526
coronavirus pandemic,7313
19 cases,6167
covid19 coronavirus,5570
new cases,4982
social distancing,4503
coronavirus cases,4441
pandemi covid,3974
covid19 pandemic,3734
death toll,3355
due covid,3273
george floyd,3187
casos covid,3153
new coronavirus,3133
19 crisis,3022
nuevos casos,2869
porn usa,2825
coronavirus covid,2644
new covid,2629
public health,2623
new york,2581
meaning behind,2577
casos coronavirus,2542
june 2020,2486
coronavirus crisis,2392
due coronavirus,2358
due covid19,2288
ketahanan pangan,2274
casos confirmados,2273
24 horas,2264
via youtube,2216
coronavirus lockdown,2208
tested positive,2187
19 patients,2126
covid19 cases,2091
di tengah,2082
19 deaths,2055
second wave,2002
cashless society,1993
coronavirus death,1991
tengah pandemi,1962
stay home,1939
coronavirus outbreak,1939
pandemia coronavirus,1933
nursing homes,1927
novel coronavirus,1919
positive covid,1882
news coronavirus,1864
19 inovasipolriutksemua,1838
bbc news,1815
100 000,1796
impact covid,1756
hidden meaning,1733
stay safe,1730
positive coronavirus,1721
must read,1720
rfid microchip,1717
pandemia covid,1712
mark beast,1704
microchip mark,1695
new normal,1689
top 10,1680
pangan di,1662
coronavirus deaths,1661
black people,1648
polri siap,1648
jaga ketahanan,1635
19 di,1623
siap jaga,1612
uk coronavirus,1568
gon na,1561
últimas 24,1551
casos positivos,1549
confirmed cases,1543
50 000,1539
cases covid,1537
da covid,1509
personal loan,1502
loan companies,1500
companies 2020,1499
10 personal,1497
19 testing,1491
24 hours,1487
amid covid,1481
pandemia covid19,1469
19 outbreak,1408
10 000,1407
19 lockdown,1385
spread coronavirus,1360
crisis coronavirus,1356
test positive,1349
gt gt,1348
foragarimpoforacovid desintrusãojá,1346
amid coronavirus,1342
02 06,1326
da terra,1315
corona virus,1310
terra indígena,1310
united states,1309
boris johnson,1306
behind calculating,1305
read article,1304
19 via,1294
lives matter,1293
indígena yanomami,1289
live updates,1267
donald trump,1265
black lives,1250
positive cases,1200
covid19 crisis,1198
face masks,1190
police brutality,1190
last week,1188
du coronavirus,1187
many people,1187
coronavirus live,1179
coronavirus vaccine,1175
coronavirus covid_19,1174
19 death,1171
muertes coronavirus,1166
society know,1166
mental health,1162
new deaths,1137
post covid,1134
coronavirus via,1124
19 response,1122
06 2020,1118
nueva normalidad,1116
cases coronavirus,1114
spread covid19,1112
junio 2020,1099
sars cov,1092
social media,1084
active cases,1073
china delayed,1069
garimpeiros da,1056
delayed releasing,1054
19 em,1051
likely die,1042
spread covid,1039
19 vaccine,1036
join us,1033
around world,1030
vote leave,1029
fight covid,1024
contact tracing,1008
casos covid19,986
muertos coronavirus,983
hong kong,980
vencer covid19,976
prime minister,975
good news,973
тест на,970
post covid19,970
people died,969
nursing home,967
на антитела,967
coronavirus update,964
антитела covid,962
19 update,959
coronavirus argentina,958
interesting article,956
thearieair tjhinfar21,953
long term,952
записаться на,950
через приложение,950
death rate,949
на тест,949
теперь можно,949
можно через,949
19 теперь,948
1trenggalek divhumas_polri,948
divhumas_polri thearieair,948
covid19 deaths,946
read coronavirus,946
городскую новинку,942
новинку записаться,942
приложение проекте,941
looks like,935
firm worked,934
total cases,933
covid19 yanomami,931
help us,928
worked vote,927
ai firm,926
il coronavirus,920
health care,914
two weeks,914
coronavirus patients,914
covid19 lockdown,914
coronavirus contract,914
cases reported,912
first time,903
sign petition,901
19 impact,901
tests positive,901
new covid19,894
10 mil,884
pass along,879
post coronavirus,879
care homes,878
19 coronavirus,876
total number,876
calculating 666,874
year old,873
fight covid19,862
herd immunity,860
covid_19 coronavirus,858
covid19 patients,858
everyone read,857
towards cashless,856
finally revealed,855
wanted pass,854
beast hidden,853
wave coronavirus,852
make sure,845
small businesses,842
mortes covid,838
figures show,837
muertes covid,833
proof rfid,830
tear gas,829
wear mask,828
please take,826
covid19 covid_19,820
30 000,820
response covid,816
coronavirus testing,816
official figures,816
coronavirus info,813
30 mil,812
covid19 amp,806
19 test,804
look like,802
died covid,802
du covid19,797
américa latina,789
uk government,781
releasing coronavirus,779
ini inovasipolriutksemua,779
ministerio salud,774
white house,772
coronavirus still,770
go back,769
positif covid,765
new post,765
casos nuevos,764
000 people,762
19 positive,753
die covid,749
fake news,749
retirar garimpeiros,748
000 deaths,745
19 still,744
du covid,743
last 24,742
cases covid19,733
em meio,733
coronavirus news,729
impact coronavirus,726
read covid19,725
corona covid19,725
coronavirus disease,719
segundo día,716
need know,714
19 virus,714
info frustrating,708
daily updates,707
coronavirus attacks,707
19 ini,705
white people,701
yanomami precisam,701
precisam sobreviver,700
save lives,697
fight coronavirus,693
every day,693
died coronavirus,692
pacientes covid,691
task force,689
19 amp,687
attacks humanity,686
floyd protests,683
bible spoke,681
coronavirus coverage,679
cases deaths,679
coronavirus updates,679
take care,678
19 restrictions,673
da saúde,669
bame covid,669
revealed covid19,667
humanidade vencer,666
coronavirus may,665
surto ebola,664
health minister,660
health officials,658
know bible,655
president trump,655
wash hands,655
bame people,654
york times,654
fallecidos coronavirus,652
contagios covid,652
national guard,652
105 000,649
coronavirus response,647
positivo covid,646
die coronavirus,644
revealed coronavirus,644
would like,644
penanganan covid,644
blacklivesmatter covid19,643
het coronavirus,642
epoch times,642
back work,640
times app,640
coverage daily,637
impact covid19,636
coronavirus corona,636
app see,635
see exclusive,635
ethnic minorities,635
coronavirus restrictions,634
jesus spoke,632
next week,631
crisis covid,630
new zealand,628
exclusive coronavirus,627
19 relief,625
positivos covid,625
heading towards,624
losing potency,623
positive covid19,623
covid19 response,619
weeks ago,617
wins new,616
contagios coronavirus,614
crise du,611
wearing mask,610
19 situation,609
000 dead,608
small business,606
governo federal,604
wearing masks,600
get back,600
coronavirus could,598
matt hancock,597
leave wins,596
ee uu,594
total deaths,591
know jesus,590
response covid19,587
get tested,585
coronavirus tests,584
nuevo coronavirus,582
global pandemic,582
take time,582
face mask,580
health ministry,580
like coronavirus,576
000 americans,572
june 02,572
please help,571
infected coronavirus,571
million people,570
crisis covid19,569
wear masks,569
com covid,568
deaths reported,568
get coronavirus,568
get grip,567
since march,566
toll nears,566
ebola em,565
covid19 corona,565
19 sarampo,565
19 related,564
tiempos coronavirus,564
congo tem,561
people dying,561
coronavirus españa,561
tem surto,560
est pas,553
take look,553
stop spread,552
02 2020,551
casos activos,550
covid covid19,550
friends family,548
meio lutas,547
positivo coronavirus,545
lutas covid,545
daily thanks,544
2020 06,544
fallecidos covid,543
ebola outbreak,543
across country,541
wan na,541
número casos,541
response coronavirus,538
staying safe,536
social distance,534
covid19 sarscov2,534
covid19 positive,534
nears 50,534
new death,533
keir starmer,533
día consecutivo,532
latest official,532
black asian,531
deaths coronavirus,531
000 new,531
19 tests,530
end corona,526
covid19 testing,523
pandemic covid19,523
civil unrest,522
physical distancing,522
let us,521
covid19 covid,520
well done,520
01 06,519
since coronavirus,517
photo op,517
two months,517
martial law,516
19 covid19,515
human rights,514
please read,512
at home,512
saat pandemi,512
loved ones,511
coronavirus latest,510
mil casos,509
nuevos contagios,505
number coronavirus,504
affected covid,504
000 latest,504
40 000,502
yanomami foragarimpoforacovid,500
2020 coronavirus,499
416 new,498
000 muertes,493
deve agir,492
19 través,491
coronavirus il,491
puede ser,489
latest news,488
19 could,487
number cases,486
novos casos,485
qu il,485
young people,483
dr fauci,483
healthcare workers,479
people die,479
bringing total,478
covid19 virus,477
оценилa городскую,477
need help,476
pm modi,476
recovery rate,475
retire garimpeiros,475
petition via,472
martes junio,472
risk covid,471
time read,471
click link,471
coronavirus case,470
corona coronavirus,469
great day,468
14 days,468
juni 2020,468
italian doctor,466
covid19 still,466
cases confirmed,465
south korea,465
19 seperti,465
deaths covid19,464
оценил городскую,464
world health,464
risk second,464
watch live,464
experts say,463
fatality rate,463
world news,463
hope re,462
people infected,459
seperti ini,459
statistics watchdog,459
coronavirus spread,458
one day,458
confirmed covid,457
slow spread,457
vacuna covid,456
primer caso,456
total confirmed,456
sua obrigação,456
whole world,455
covid19 quedateencasa,455
coronavirus quarantine,454
prevent spread,454
19 case,453
health england,453
high risk,452
muertos covid,452
06 02,452
breaking news,452
want share,450
new report,450
protokol kesehatan,449
holy spirit,449
bill gates,448
93 435,448
coronavirus related,448
south africa,447
coronavirus través,447
day want,446
ever wondered,446
believe everyone,445
federal government,445
435 casos,445
levando doença,444
mystery behind,443
hope ll,442
health workers,442
time covid,442
population coronavirus,442
yanomami estão,442
yanomami evite,442
months ago,441
number 666,441
meaning finally,441
number covid19,441
19 infections,441
tell us,440
like covid19,440
19 spread,440
virus covid19,440
article read,439
get covid,439
even though,439
coronavirus trump,438
emergencia sanitaria,438
health department,438
666 revealed,437
read concerning,437
666 fascinating,437
re staying,436
mass protests,436
like covid,435
666 hidden,435
truth must,435
deaths covid,435
testing data,435
behind 666,434
estão ameaçados,434
spoke would,433
amid covid19,432
vacina covid,432
also hope,431
000 covid,431
hope ve,431
care home,431
died covid19,431
along absolute,431
absolute proof,431
19 covert,431
covert id,431
towards future,431
blood vessel,431
article believe,430
share interesting,430
wondered meaning,430
666 wonder,430
wonder must,430
god holy,430
along article,429
read rfid,429
beast meaning,429
ve great,429
centuries people,429
number god,429
co uk,429
maior número,429
concerning rfid,428
peaceful protesters,428
virus covid,428
โคว ด19,428
article concerning,427
cada vez,427
frente coronavirus,427
pm get,427
times also,426
people tested,426
calculating number,426
behind number,426
excess deaths,426
doença floresta,426
warns pm,426
ll read,425
read interesting,425
19 brasil,425
id heading,425
future cashless,425
people wondered,425
three months,425
behind counting,424
wondered mystery,424
spirit revealed,424
revealed truth,424
keep safe,424
tjhinfar21 polri,424
coronavirus new,423
da covid19,423
looking forward,423
covid19 blacklivesmatter,423
grip risk,423
lockdown covid19,422
sangat diperlukan,421
safe times,420
nuevas muertes,420
40 million,420
coronavirus coronavirus,420
starmer warns,420
000 casos,419
people like,419
business owners,419
law enforcement,419
korps bhayangkara,419
bhayangkara sangat,419
diperlukan saat,419
concerning hidden,418
counting fascinating,418
fascinating everyone,418
single day,417
tjhinfar21 kepedulian,417
kepedulian korps,417
contagios covid19,416
da pandemia,416
coronavirus test,416
sarscov2 forecast,416
caso coronavirus,416
10 167,416
il covid19,416
joe biden,415
ethnic groups,415
feel like,414
higher risk,414
primer día,413
people protesting,413
000 muertos,413
coronavirus país,412
penyebaran covid,412
coronavirus like,411
family proof,411
mysterious meaning,411
behind finally,411
via nytimes,411
cases rise,411
coronavirus impact,410
coronavirus infection,409
trump coronavirus,407
positivos coronavirus,407
covid coronavirus,407
mil muertos,406
bame communities,406
death population,406
aujourd hui,406
people need,405
semáforo rojo,405
read pass,405
pass friends,405
beast mysterious,405
coronavirus risk,405
19 infection,404
19 recovery,404
home covid,404
contagio coronavirus,404
may 2020,403
covidー19 coronavirus,402
via nyt,402
china withheld,402
data coronavirus,401
economy could,400
em casa,400
last year,400
coronavirus covidー19,399
от covid,399
us covid19,398
covid19 covidー19,397
seems like,396
health organization,396
long time,393
coronavirus amp,392
frente covid,391
pandemic coronavirus,391
health crisis,390
number covid,390
última hora,390
19 patient,390
coronavirus lockdowns,389
one thing,388
tuesday june,388
107 000,388
nouveaux cas,387
health experts,386
toll passes,386
dies coronavirus,385
05 2020,384
salud pública,383
people coronavirus,383
virus corona,383
contagio covid19,383
us coronavirus,382
article covid19,382
não tem,382
last days,382
us economy,381
latest covid,381
market 2020,380
coronavirus infections,378
19 symptoms,378
work home,378
report shows,378
19 vía,378
cases total,377
caso covid,377
migrant workers,377
com mais,377
people covid,377
twice likely,377
reported today,376
relief fund,376
covid cases,376
alert level,375
back normal,375
19 risk,374
lockdown coronavirus,374
cases india,374
pangan masyarakat,374
civil war,373
si coronavirus,373
last night,373
every one,373
coronavirus si,372
de la,372
people still,371
muertes covid19,371
test covid,371
amp death,371
14 días,370
проекте активный,370
активный гражданин,370
nas últimas,369
world coronavirus,369
last month,369
tested covid,368
still thing,368
american people,368
handling coronavirus,368
2nd wave,367
article coronavirus,367
día hoy,367
14 day,367
per il,367
masyarakat dalam,367
die covid19,366
west point,365
dalam pandemi,365
spread virus,364
china coronavirus,364
au coronavirus,364
the coronavirus,364
covid19 outbreak,363
climate change,362
help fight,362
total casos,361
talk us,361
health safety,361
covid_19 covid19,361
says coronavirus,361
19 país,360
contagio covid,360
19 new,360
mil mortes,359
covid19 test,359
confirmados covid,359
india news,359
make sense,358
tomar medidas,357
peduli ketahanan,357
home residents,356
take action,356
polri sangat,356
sangat peduli,356
covid19 rojo,356
06 20,355
el coronavirus,355
coronavirus vía,355
novo coronavírus,355
months coronavirus,354
il est,354
19 fight,354
passes 50,354
new ebola,352
got ta,351
19 mundo,351
vessel disease,351
lives daily,350
number deaths,350
humanity via,349
via nasa,349
value lives,348
vacuna coronavirus,348
coronavirus relief,348
read full,348
treat covid,348
six months,347
buy song,347
reino unido,347
00 pm,347
thousands people,347
blacklivesmatter georgefloyd,346
affected covid19,346
family members,345
top italian,345
front line,345
of the,345
since covid,344
re open,344
19 data,344
highest coronavirus,344
adding value,343
coronavirus est,342
working home,342
latest updates,342
daily talk,342
crisis sanitaria,342
20 000,342
dieron positivo,342
19 global,342
ve got,342
department health,342
dos meses,341
dio positivo,341
0208 90,341
90 2121,341
2121 hello,341
hello fantasticradio,341
fantasticradio co,341
uk fantasticradiouk,341
fantasticradiouk homeofpossibilities,341
homeofpossibilities believeyourpossibilities,341
believeyourpossibilities stayhomesafelives,341
stayhomesafelives buy,341
key workers,341
dying covid,341
realdonaldtrump senatortimscott,341
mass testing,340
daily coronavirus,340
protests riots,340
buenmartes felizmartes,340
19 news,339
patients nursing,339
em 24,339
coronavirus government,339
populist leaders,339
são paulo,338
know coronavirus,338
spreading coronavirus,338
2nd june,338
jun 2020,337
ministro da,337
economic recovery,337
amp covid,337
come back,336
covid19 via,336
coronavirus concerns,335
us 0208,335
update covid,335
19 updates,335
coronavirus losing,334
casos sospechosos,334
2020 covid19,334
gugus tugas,333
god bless,333
covid19 death,333
primera vez,333
illiberal populist,333
covid19 coronavirusoutbreak,332
pacientes covid19,332
coronavirus india,332
recordings reveal,332
secretaría salud,331
19 méxico,331
related deaths,331
misleading public,331
quedateencasa buenmartes,331
people covid19,330
stayhome staysafe,330
tiempos covid19,330
help coronavirus,330
china hid,330
de covid,330
felizmartes 2dejunio,330
risk coronavirus,329
coronavirus uk,329
coronavirus china,329
2dejunio pupcet2020,329
pupcet2020 semafororojo,329
covid19 update,328
death george,328
easing lockdown,328
mil muertes,328
nuovi casi,328
pandemi covid19,328
peaceful protests,328
confirmados coronavirus,327
people going,327
black americans,327
causa coronavirus,327
tiempos covid,327
pandemic via,327
infected covid,327
19 na,326
covid19 wave,326
fauci says,325
riesgo contagio,324
study finds,324
19 world,324
coronavirus plus,324
given new,324
virus growing,324
coronavirus outbreaks,323
killing people,323
19 may,323
pela covid19,323
disease 2019,323
public coronavirus,323
people get,322
first covid,322
sa mga,322
press conference,321
re opening,321
caso positivo,320
in the,320
au covid,319
supply chain,319
frente covid19,318
contre covid,318
americans died,317
19 bame,317
americans dead,316
systemic racism,316
000 000,316
please share,315
coronavirus world,314
latest coronavirus,314
test trace,314
black amp,314
countries illiberal,314
testing sites,313
health amp,312
despite coronavirus,312
distanciamiento social,312
growing countries,312
floyd death,311
com maior,311
cada día,311
amp covid19,311
leave given,311
pacientes recuperados,310
black community,310
covid19 recovery,310
download app,310
past 24,310
covid19 georgefloyd,309
medidas sanitarias,309
care workers,309
irene montero,309
covid19 situation,309
2nd covid19,309
supera 10,308
go away,308
cases today,307
live news,307
coronavirus months,307
millones personas,306
travel quarantine,306
combate ao,305
cases new,305
georgefloyd covid19,305
please visit,305
deaths due,305
going back,304
home orders,304
covid19 vaccine,303
