gram,counts
covid 19,198348
coronavirus pandemic,10622
coronavirus covid19,9418
covid19 coronavirus,9212
19 pandemic,7555
jenazah covid,5326
coronavirus outbreak,5094
new york,4954
covid19 pandemic,4844
coronavirus crisis,4801
rel nofollow,4744
href rel,4744
true href,4672
social distancing,4547
coronavirus lockdown,4529
via youtube,4453
coronavirus cases,4340
nofollow twitter,4055
stay home,4037
coronavirus covid,3788
19 crisis,3775
19 cases,3716
new cases,3570
amid coronavirus,3570
pasien covid,3496
jenazah pasien,3349
due coronavirus,3157
bbc news,3137
death toll,3072
donald trump,3052
19 ayoikutiaturan,2979
tested positive,2866
news coronavirus,2791
covid_19 coronavirus,2777
due covid,2633
covid19 covid_19,2620
coronavirus via,2614
19 patients,2581
coronavirus covid_19,2576
di rumah,2429
coronavirus deaths,2407
world health,2403
fight coronavirus,2389
task force,2375
public health,2323
twitter web,2309
new coronavirus,2256
19 di,2219
rumah sakit,2204
president trump,2186
pandemia coronavirus,2184
yang sudah,2160
confirmed cases,2151
positive coronavirus,2148
korban covid,2136
wuhan lab,2135
19 yang,2108
gon na,2097
19 adalah,2095
fight covid19,2089
crisis coronavirus,2056
fox news,2053
fight covid,2043
tidak ada,2027
stay safe,2026
coronavirus death,2024
du coronavirus,2011
trump coronavirus,1998
web app,1973
19 ini,1960
health care,1924
coronavirus patients,1904
dimakamkan ayoikutiaturan,1904
wabah covid,1890
19 lockdown,1883
fake news,1882
corona virus,1879
pandemia covid19,1875
di tengah,1869
covid19 crisis,1868
19 via,1858
april 16,1853
due covid19,1853
19 outbreak,1835
yang tidak,1832
menular dari,1828
ada potensi,1828
sudah dimakamkan,1827
virus menyebar,1827
dari jenazah,1827
atau menular,1827
menyebar atau,1827
potensi virus,1827
spread coronavirus,1816
covid19 lockdown,1815
united states,1801
penolakan jenazah,1796
casos coronavirus,1788
19 sudah,1786
19 deaths,1781
at home,1777
novel coronavirus,1776
health organization,1773
gt gt,1769
white house,1754
luis sepúlveda,1736
amid covid,1732
coronavirus response,1731
mental health,1730
pengurusan jenazah,1713
nursing home,1711
sudah dilakukan,1685
dilakukan dengan,1681
diketahui bahwa,1679
bahwa pengurusan,1678
ketat di,1678
dan ketat,1677
penyebaran covid,1669
casos confirmados,1658
dengan prosedur,1649
prosedur khusus,1647
khusus dan,1645
april 2020,1626
nuevos casos,1623
many people,1599
stay at,1594
covid19 cases,1594
bill gates,1592
seharusnya kita,1589
tak seharusnya,1588
kita lebih,1587
kita panik,1587
sakit jadi,1585
jadi tak,1584
kemanusiaan kita,1583
coronavirus relief,1579
jiwa kemanusiaan,1579
lebih kuat,1577
musibah wabah,1576
seharusnya jiwa,1575
ini seharusnya,1575
19 response,1571
year old,1562
coronavirus testing,1561
tengah musibah,1545
positive covid,1534
panik dan,1530
dan takut,1526
16 04,1526
kuat ayoikutiaturan,1523
takut secara,1522
berlebihan ayoikutiaturan,1522
secara berlebihan,1508
twitter android,1495
casos covid,1495
il coronavirus,1478
penolak jenazah,1462
small business,1458
16 2020,1449
help us,1447
around world,1439
covid_19 covid19,1425
19 testing,1423
looks like,1407
da saúde,1400
bukan malah,1396
empati bukan,1396
19 seharusnya,1395
seharusnya mendapat,1395
mendapat empati,1395
small businesses,1387
perbuatan yang,1381
adalah perbuatan,1380
tidak toleran,1380
malah disakiti,1361
pandemia covid,1345
good news,1344
home order,1333
perlu diketahui,1332
live updates,1324
coronavirus stimulus,1318
contact tracing,1313
04 2020,1312
toleran ayoikutiaturan,1312
people died,1303
back work,1300
coronavirus vía,1295
healthcare workers,1281
30 000,1274
us coronavirus,1264
mereka korban,1250
spread covid19,1247
go back,1247
19 coronavirus,1241
19 relief,1237
funding world,1229
south korea,1228
new deaths,1227
cut funding,1225
16 abril,1223
long term,1218
du covid,1196
pemakaman jenazah,1195
health minister,1187
nursing homes,1185
response coronavirus,1170
trump cut,1167
disakiti ayoikutiaturan,1156
cases coronavirus,1151
every day,1150
make sure,1145
coronavirus task,1143
sars cov,1142
three weeks,1140
du covid19,1133
stimulus checks,1126
coronavirus update,1119
care workers,1116
spread covid,1113
originated wuhan,1106
sign petition,1101
new covid,1101
24 hours,1100
york times,1099
social media,1094
join us,1092
coronavirus live,1089
test positive,1089
going viral,1082
middle covid19,1080
menolak jenazah,1074
qu il,1065
19 virus,1065
public call,1059
china coronavirus,1058
response covid,1057
massive public,1057
last week,1053
pandemi covid,1046
cases covid,1046
coronavirus restrictions,1045
positive cases,1043
casos positivos,1041
pandemic massive,1041
call save,1041
save going,1040
coronavirus trump,1033
died coronavirus,1032
22 million,1029
corona covid19,1029
angela merkel,1026
face masks,1024
pasien positif,1018
sign rt,1017
care homes,1011
est pas,1007
million people,1006
post coronavirus,1003
terinfeksi covid,1000
viral sign,998
ikuti aturan,998
cases covid19,995
luis sepulveda,992
virus corona,992
24 horas,986
save lives,981
medio pandemia,980
new jersey,979
tom moore,978
chinese lab,975
19 vaccine,970
19 death,968
impact covid,966
16 april,966
coronavirus vaccine,965
biaya pengobatan,964
pengobatan pasien,959
coronavirus originated,956
muertos coronavirus,949
well done,941
coronavirus argentina,938
tests positive,937
trump says,930
people dying,927
health workers,920
believe coronavirus,916
first time,908
get coronavirus,908
petition via,906
get back,906
covid covid19,906
died covid,906
loved ones,901
19 test,900
death rate,895
100 000,894
da covid,890
front line,885
trump administration,885
top story,880
coronavirus news,879
would like,879
covid19 stayhome,875
000 people,874
via gatewaypundit,873
โคว ด19,860
covid19 stayathome,858
19 akan,855
19 ditangkap,850
prime minister,847
people die,845
whitehouse realdonaldtrump,843
coronavirus test,843
covid19 corona,841
oleh pemerintah,841
covid19 patients,841
via nytimes,839
salvar oms,835
total number,832
dijerat ps,831
coronavirus disease,826
tiempos coronavirus,823
need help,822
coronavirus tests,819
positif terinfeksi,816
seluruh biaya,814
ditanggung oleh,810
akan ditanggung,809
pemerintah termasuk,808
coronavirus shutdown,808
termasuk untuk,808
crisis covid19,808
10 000,807
firma rt,807
19 update,807
tenaga medis,805
coronavirus spread,802
virus covid19,802
please help,801
escritor chileno,801
covid19 covid,799
coronavirus uk,798
coronavirus si,798
part china,797
press conference,796
covid19 deaths,795
stayhome staysafe,790
total cases,789
crisis covid,787
look like,779
muertes coronavirus,778
pandemic via,773
lockdown covid19,768
sources believe,768
chileno luis,766
ditangkap polisi,765
front lines,763
china efforts,755
lab part,754
coronavirus could,753
response covid19,752
rahul gandhi,748
efforts compete,747
test kits,746
corona covid,741
ee uu,741
need know,739
covid19 outbreak,732
dr oz,732
washington post,729
pelaku penolak,727
compete us,727
crise du,726
staying home,721
2020 04,721
die coronavirus,721
11 mai,721
herd immunity,718
chris cuomo,711
stimulus check,708
breaking news,708
covid19 ahora,706
realdonaldtrump seanhannity,706
di indonesia,705
new post,705
cases deaths,705
positif covid,701
wuhan coronavirus,701
corona coronavirus,695
south dakota,691
let us,689
weeks ago,688
wan na,687
face mask,684
million americans,683
dies coronavirus,682
take care,682
il est,681
uk government,681
abril 2020,681
virus covid,679
two weeks,678
jenazah korban,677
30 mayo,676
en medio,675
कड उन,675
home orders,674
adalah suatu,674
ministro da,673
lockdown coronavirus,672
berlebihan hingga,672
hingga menolak,672
suatu kesalahan,672
kesalahan besar,672
per il,671
federal government,669
per million,667
organization middle,666
financiación oms,665
panik berlebihan,665
19 vía,665
n95 masks,662
officials last,659
deliver copy,658
last delivered,658
copy officials,657
people like,657
oms en,657
trump acaba,656
suspender toda,655
coronavirus drug,655
dr fauci,655
volviendo viral,655
doctors nurses,655
toda financiación,655
llamamiento público,654
acaba suspender,654
oms volviendo,654
masivo llamamiento,653
público salvar,653
relief fund,652
ahora masivo,652
presssec realdonaldtrump,651
besar ayoikutiaturan,651
viral firma,650
new normal,648
nuevo coronavirus,648
stop spread,648
untuk pemula,647
pemula true,647
covid19 virus,647
next week,646
slow spread,646
17 bodies,644
au coronavirus,643
american people,642
fighting coronavirus,640
across country,640
cuarentena coronavirus,640
impact coronavirus,639
post covid19,639
coronavirus il,638
positive covid19,637
covid19 please,637
covidー19 coronavirus,635
god bless,634
state emergency,633
het coronavirus,633
new zealand,631
coronavirus quarantine,630
michael cohen,628
cause death,627
care home,626
press briefing,626
coronavirus ukraine,624
people need,623
coronavirus coronavirus,621
global pandemic,619
ivanka trump,618
captain tom,618
reopen economy,617
nhs fundraiser,615
support usps,615
19 positive,612
ministro salud,611
boris johnson,609
usps deliver,607
signing support,607
post covid,606
jo ps,606
home stay,602
pizza delivery,600
polisi ayoikutiaturan,599
covid19 response,598
click link,598
people coronavirus,598
coronavirus world,597
one day,594
casos covid19,593
daily thanks,592
coronavirus briefing,591
uk coronavirus,590
coronavirus china,588
000 deaths,588
watch live,587
essential workers,587
nhs staff,581
says coronavirus,580
covid19 testing,580
back normal,579
wash hands,579
aircraft carrier,578
coronavirus related,578
covid19 amp,578
pandemic covid19,577
impact covid19,577
19 dengan,577
coronavirus corona,577
health organisation,576
sounds like,574
via change,574
saat ini,572
want know,571
working home,569
test coronavirus,569
कर रह,567
mortality rate,567
covid19 ayoikutiaturan,567
even though,566
second wave,565
april 15,565
infected coronavirus,564
19 patient,561
got ta,560
last year,560
tell us,555
via breitbartnews,555
president donald,552
via franceinfo,552
via nypost,551
últimas 24,549
re open,548
infection rate,546
coronavirus new,544
coronavirus updates,544
time covid19,543
health crisis,543
total deaths,540
immune system,540
may 15,539
face au,537
dies covid,536
climate change,536
em casa,535
first coronavirus,535
makamkan jenazah,534
covid coronavirus,533
mencegah penyebaran,532
patients responding,531
nancy pelosi,530
von miller,530
fallecidos coronavirus,530
get covid,529
coronavirus amp,528
cases reported,526
penanganan covid,526
help fight,525
jobless claims,525
delivery boy,520
time coronavirus,520
crisis via,518
coronavirus treatment,518
vía youtube,517
au covid,516
via mailonline,516
coronavirus india,516
get covid19,515
health system,515
da pandemia,514
health officials,513
reopening economy,512
one thing,512
york city,512
19 situation,511
social care,510
19 dan,509
com covid,508
real estate,507
il faut,507
brian allen,505
aujourd hui,504
positivo coronavirus,504
million coronavirus,503
the coronavirus,502
menolak pemakaman,502
19 tests,501
last month,501
aarogya setu,501
south africa,500
20 000,499
reino unido,498
contre coronavirus,498
lockdown extended,498
coronavirus méxico,498
bringing total,498
coronavirus coverage,497
feel like,497
human rights,496
000 000,495
responding treatment,492
penyebaran virus,492
coronavirus us,492
15 2020,491
matt hancock,491
contagios coronavirus,490
term care,490
est une,489
pacientes covid,488
hong kong,488
19 related,487
19 amp,486
like coronavirus,486
je suis,486
years ago,486
family members,485
coronavirus fears,485
si coronavirus,484
babu manu,484
coronavirus started,484
muere coronavirus,483
exit strategy,483
bizbizeyeteriz covid,482
prior jorge,482
lindell made,482
emergenza coronavirus,482
cdtv covid_19,482
jorge babu,482
david mike,482
covid cdtv,482
covid_19 prior,482
trump suho,482
manu foraprior,482
mike lindell,482
foraprior david,482
suho bizbizeyeteriz,482
people get,481
prevent spread,481
mata rantai,481
of the,480
via nbcnews,480
melawan covid19,478
per coronavirus,478
thank god,477
apr 16,476
made pillow,476
deaths coronavirus,475
per day,475
qu ils,475
four weeks,474
aryprasetyo85 tjhinfar21,473
tjhinfar21 thearieair,473
ariestariico hamka_sutra,473
thearieair ariestariico,473
hamka_sutra wagimandeep212,473
world coronavirus,473
puede ser,472
ceux qui,472
seems like,472
good job,469
trump unveils,469
maranatha_sibrn l07_te,468
emergencia sanitaria,468
fighting covid19,468
get tested,468
active cases,468
wagimandeep212 maranatha_sibrn,468
world news,467
key workers,466
stayhome covid19,466
died covid19,466
menularkan covid,465
go away,465
bodies found,465
mass testing,465
testing positive,464
coronavirus españa,464
come back,464
ditsamaptapmj aryprasetyo85,464
setu app,463
cuarentena covid19,463
tidak menularkan,463
19 impact,463
aturan jenazah,462
jenazah tidak,462
l07_te selama,462
wet markets,462
whole world,462
selama ikuti,462
work home,461
confirmed covid,461
please share,460
social distance,457
san francisco,457
number deaths,456
jair bolsonaro,455
vía libertaddigital,455
joe biden,455
supply chain,455
covid19 death,454
great job,454
long time,454
wear mask,454
wuhan virus,452
wa inna,451
covid_19 covid,451
coronavirus lockdowns,451
number cases,450
20 million,450
19 case,450
04 16,449
economic impact,448
capt tom,448
pandemic coronavirus,448
daily updates,447
us covid,447
report says,446
least three,446
working hard,444
coronavirus stay,444
death certificates,444
anonymous tip,444
última hora,442
jueves 16,441
14 days,441
da covid19,440
personal salud,440
covid19 covidー19,440
testing kits,440
new covid19,440
charles gaulle,440
jeff bezos,439
memutus mata,439
19 spread,438
spread virus,438
open economy,438
anyone else,438
number coronavirus,437
deaths covid,437
suspended refusing,437
looking forward,436
protective equipment,435
health amp,434
et des,434
health ministry,434
without n95,434
gilead coronavirus,433
gugur dalam,433
help support,433
nurses suspended,433
berjuang melawan,432
johns hopkins,432
deaths per,432
latest news,430
000 americans,430
causa coronavirus,430
inna ilaihi,430
trump said,430
inna lillahi,428
2020 coronavirus,428
started chinese,427
in the,427
nueva york,427
people still,426
coronavirus early,426
lillahi wa,426
ministerio salud,425
vía el_pais,425
19 fight,424
combate ao,424
home hit,423
gilead drug,423
conspiracy theories,423
senior di,423
ilaihi raji,422
sakit siloam,422
qui est,422
covid19 via,421
medis senior,421
handling coronavirus,421
dalam berjuang,421
coronavirus came,420
pay cut,420
wear masks,420
high risk,419
unemployment benefits,419
yg gugur,417
kpd tenaga,417
16 avril,416
polres wonosobo,416
number covid,416
siloam yg,416
first responders,415
young people,415
qu on,415
per capita,415
please download,415
du confinement,415
medical supplies,415
terakhir kpd,415
uk lockdown,414
untuk memutus,412
nfl player,412
take look,411
coronavirus covid2019,411
every single,411
scrittore cileno,411
common sense,410
wonosobo makamkan,409
released prison,408
coronavirus virus,408
anggota polres,408
lockdown extension,406
make difference,406
lutte contre,406
19 em,405
last 24,405
lucha coronavirus,405
coronavirus misinformation,404
ils ont,404
affected coronavirus,404
rantai penyebaran,403
epoch times,402
death rates,402
coronavirus coronaviruspandemic,402
app fight,401
coronavirus hit,401
good morning,401
stock market,401
000 muertos,401
deaths covid19,400
coronavirus may,400
using link,399
last night,399
let get,398
us covid19,398
coronavirus social,398
coronavirus stayathome,398
au covid19,397
amid covid19,397
jenazah yang,397
recovered coronavirus,396
wuhan china,396
please take,396
não tem,395
people tested,394
die covid,394
could help,393
ver si,393
ne pas,393
rest world,393
via nyt,392
coronavirus covidー19,392
coronavirus infections,391
est mort,391
download share,391
real time,391
chinese government,390
combat coronavirus,390
everyone else,389
covid19 infection,389
19 restrictions,389
distanciamiento social,388
prison due,388
give us,387
polda metro,387
cares act,386
women leaders,386
provokator penolak,385
great news,385
19 covid19,384
makes sense,384
could get,384
download app,383
opening america,383
conspiracy theory,382
communist party,382
possibility coronavirus,382
coronavirus stayhome,381
covid19 quarantine,381
covid19 pandemie,380
coronavirus infection,379
organisation middle,379
ministério da,379
ce qui,379
share using,378
blog post,378
frente coronavirus,378
metro jaya,377
bolsonaro fires,376
fighting covid,376
exclusive coronavirus,376
crise sanitaire,376
battle coronavirus,375
michael che,375
lockdown measures,375
avril 2020,375
infected covid,375
days ago,375
times app,374
help people,374
time covid,373
re opening,373
apple google,372
unpenghormatan terakhir,372
raji unpenghormatan,372
sistema salud,371
coronavirus case,371
deaths reported,371
américa latina,370
filed unemployment,370
test covid,370
297 casos,370
recommend aarogya,369
best coronavirus,369
covid19 quedateencasa,368
coronavirus latest,368
wall street,368
19 infection,368
novo coronavírus,368
mundo coronavirus,368
early often,367
let go,367
cohen released,367
coronavirus aid,367
first covid,366
despite coronavirus,366
business usual,366
know coronavirus,365
hit coronavirus,365
novo ministro,365
von der,365
lot people,365
via statnews,365
el coronavirus,365
cada vez,365
affected covid,364
pacientes coronavirus,364
trump supporters,363
via usatoday,363
health emergency,363
treating coronavirus,363
get sick,362
अर ट_एज,362
open country,362
clinical trial,362
masyarakat yang,360
global coronavirus,360
หน ากากอนาม,360
kasus hoax,360
ट_एज ज_ख,360
des masques,359
peut être,359
covid19 relief,358
home covid19,357
people would,356
re going,356
covid19 positive,356
physical distancing,355
help slow,355
sana distancia,355
crisis sanitaria,354
morto luis,354
16 20,354
coronavirus et,354
update covid,354
coronavirus made,353
est ce,353
covid19 coronaviruspandemic,353
abc news,353
latest updates,352
via googlenews,352
downplaying coronavirus,352
via forbes,352
19 emergency,351
house coronavirus,351
business owners,351
day21oflockdown covid19,351
antibody testing,351
link android,351
much better,350
infectados coronavirus,350
chinese communist,350
web client,350
positivos coronavirus,350
app see,349
coverage daily,349
found nursing,349
cases rise,349
experts say,348
economic recovery,348
