gram,counts
covid 19 pandemic,6544
covid 19 cases,6044
covid 19 patients,3342
href rel nofollow,3320
true href rel,3250
rel nofollow twitter,2735
new covid 19,2664
due covid 19,2627
covid 19 deaths,2585
coronavirus covid 19,2545
casos covid 19,2521
covid 19 crisis,2365
covid 19 vaccine,2308
covid 19 via,2034
bbc news coronavirus,1795
positive covid 19,1793
covid 19 lockdown,1740
died covid 19,1692
nofollow twitter web,1615
covid 19 testing,1540
cases covid 19,1536
covid 19 response,1532
coronavirus death toll,1425
new coronavirus cases,1414
fight covid 19,1411
amid covid 19,1405
da covid 19,1397
covid 19 di,1380
covid 19 death,1377
twitter web app,1328
new york times,1324
coronavirus relief bill,1319
covid 19 coronavirus,1197
coronavirus testing program,1149
rfid microchip mark,1148
microchip mark beast,1143
últimas 24 horas,1119
pandemi covid 19,1109
response covid 19,1039
coronavirus death count,1019
may 16 2020,1002
covid 19 outbreak,989
completely eliminate coronavirus,981
treatment completely eliminate,981
trump coronavirus meltdown,980
amends coronavirus death,972
pandemia covid 19,961
inside trump coronavirus,958
nofollow twitter android,940
covid 19 test,934
covid 19 relief,923
covid 19 virus,908
house passes trillion,900
death count says,890
colorado amends coronavirus,888
count says fewer,887
says fewer died,886
fewer died covid,881
covid 19 previously,876
hidden meaning behind,870
meaning behind calculating,868
du covid 19,864
amid coronavirus pandemic,863
covid 19 em,850
bill gates coronavirus,845
coronavirus live updates,831
drug promoted trump,830
increasingly linked deaths,824
covid 19 positive,823
trillion coronavirus relief,820
coronavirus game changer,814
covid 19 update,814
game changer increasingly,806
16 mayo 2020,806
changer increasingly linked,804
trump coronavirus game,786
promoted trump coronavirus,785
must read article,784
eats alive inside,775
latest attack shows,775
shows endless obsession,775
attack shows endless,775
covid 19 patient,769
gates coronavirus testing,768
muertes covid 19,764
trump latest attack,760
post covid 19,757
alive inside trump,757
inside trump latest,755
endless obsession obama,753
com covid 19,739
halts bill gates,738
latest treatment completely,734
covid 19 spread,731
spread covid 19,730
3t coronavirus relief,725
discussing covid 19,723
nuevos casos covid,718
covid 19 tests,717
covid 19 vía,712
positif covid 19,701
fda halts bill,699
impact covid 19,691
folks charge discussing,691
16 05 2020,689
it eats alive,689
charge discussing covid,688
समय_रहत _पहच न_ल,688
virus covid 19,665
passes trillion coronavirus,652
positivo covid 19,649
nuevos casos coronavirus,645
last 24 hours,643
stay at home,631
new york city,628
sábado 16 mayo,620
confirmed covid 19,606
pacientes covid 19,582
us coronavirus death,582
behind calculating 666,582
test positive covid,580
knocks folks charge,578
wanted pass along,576
proof rfid microchip,571
covid 19 commencement,570
towards cashless society,567
like covid 19,565
get covid 19,565
patients symptoms months,564
covid 19 case,563
number covid 19,559
mark beast hidden,558
beast hidden meaning,558
19 commencement speech,554
gt gt gt,551
19 previously reported,550
deaths covid 19,549
obama knocks folks,545
hell covid 19,545
19 patients symptoms,544
new cases covid,543
confiar tener vacuna,538
podemos confiar tener,538
new cases coronavirus,535
weird hell covid,534
covid 19 situation,526
obamagate obamagate obamagate,526
covid 19 related,510
covid 19 amp,505
16 may 2020,504
19 death toll,503
45 nuevos casos,502
mortes covid 19,500
crisis covid 19,497
16 mei 2020,494
dangerous blood clots,493
torn back curtain,488
tested positive coronavirus,483
tested positive covid,483
cashless society know,478
contagios covid 19,475
vacuna covid 19,473
covid 19 ini,472
first covid 19,471
patients develop dangerous,469
आश मज _आश,468
develop dangerous blood,468
hospital patients develop,466
womenfortrump wwg1wgaworldwide kag,463
covid19 redwave womenfortrump,463
obama covid19 redwave,463
obamagate obama covid19,463
मज _आश रम,463
obamagategate subpoenaobama obamagate,463
subpoenaobama obamagate obama,463
_द _क _स,463
fastandfurious obamagategate subpoenaobama,463
_आश रम _द,463
रम _द _क,463
kag kag2020 painiscoming,463
redwave womenfortrump wwg1wgaworldwide,463
wwg1wgaworldwide kag kag2020,463
kag2020 painiscoming keyboardwarriors,461
epoch times app,457
covid 19 infections,457
patients nursing homes,457
exclusive coronavirus coverage,453
third hospital patients,452
handling covid 19,451
coronavirus third hospital,447
terdampak covid 19,446
coverage daily updates,445
times app see,444
app see exclusive,444
coronavirus coverage daily,441
see exclusive coronavirus,440
sant shri asharamji,439
uss theodore roosevelt,432
world health organization,431
covid 19 brasil,429
000 covid 19,425
confirmados covid 19,423
total confirmed cases,420
positivos covid 19,418
shri asharamji bapu,414
money covid 19,413
total number cases,412
covid 19 covid19,412
sign petition via,412
time covid 19,411
new cases covid19,410
covid 19 infection,409
covid 19 data,408
covid 19 restrictions,408
covid 19 cure,407
new covid19 cases,407
buggy mess total,404
justify lockdown buggy,404
mess total unreliable,404
casos confirmados covid,404
lockdown buggy mess,404
test covid 19,403
imperial college model,402
used justify lockdown,401
model britain used,400
college model britain,400
total unreliable experts,400
unreliable experts claim,397
6_स ल_द श_बदह,396
us covid 19,395
britain used justify,394
covid 19 period,391
au covid 19,390
tests positive covid,388
hydroxychloroquine drug promoted,387
bbc news mundo,386
nursing homes coronavirus,384
trump coronavirus response,383
covid 19 could,383
death toll rises,382
home covid 19,382
covid 19 may,381
president donald trump,376
affected covid 19,373
penanganan covid 19,373
says covid 19,371
lift travel restrictions,370
madagascar covid 19,370
000 americans dead,369
early coronavirus samples,369
coronavirus covid19 sarscov2,368
covid 19 dengan,367
muertos covid 19,367
covid 19 impact,364
handling nursing homes,364
contre covid 19,363
difference cuomo desantis,360
covid 19 méxico,358
coronavirus covid19 pandemic,357
penyebaran covid 19,357
italy lift travel,356
die covid 19,355
potential covid 19,355
at home order,354
homes coronavirus pandemic,354
desantis handling nursing,353
covid19 covid_19 coronavirus,353
stark difference cuomo,353
coronavirus shows must,353
cuomo desantis handling,352
coronavirus spending bill,350
covid 19 país,349
shows must democratise,349
от covid 19,349
murdock stark difference,347
tener vacuna lista,346
see dogs sniff,345
must democratise work,344
resources coronavirus shows,343
people covid 19,343
lista dentro año,342
deroy murdock stark,342
vacuna lista dentro,342
dentro año medio,341
3t coronavirus spending,340
test positive coronavirus,340
operation warp speed,339
humans resources coronavirus,339
crazy 3t coronavirus,338
tested positive covid19,337
spending bill may,337
19 via youtube,337
pelosi crazy 3t,336
trial begins see,336
confirmed cases covid19,335
begins see dogs,334
covid 19 não,333
may secret purpose,333
bill may secret,333
covid19 covid1948 sapık,332
fighting covid 19,331
response coronavirus pandemic,329
gingrich pelosi crazy,328
confirmed coronavirus cases,326
destroying early coronavirus,326
may 15 2020,324
newt gingrich pelosi,324
covid 19 news,324
go back work,323
felizdiadelmaestro 15demayo díadelmaestro,322
secret purpose underestimate,320
even pretending charge,319
cases new deaths,318
due coronavirus pandemic,318
via namo app,316
god holy spirit,315
cure covid 19,315
truth must read,313
coronavirus trial begins,313
number god holy,313
infected covid 19,312
covid 19 new,312
china admits destroying,312
yeast enem the,311
dogs sniff virus,311
trump covid 19,310
covid 19 symptoms,310
nursing home deaths,309
treat covid 19,309
año medio ethicmagazine,308
dies covid 19,308
take time read,308
long term care,307
meaning behind 666,307
coronavirus italy lift,307
wondered mystery behind,306
spirit revealed truth,306
covid19 felizdiadelmaestro 15demayo,306
centuries people wondered,306
people wondered mystery,306
revealed truth must,306
holy spirit revealed,306
news mundo coronavirus,306
behind number god,306
coronavirus relief funds,306
mystery behind number,306
covid 19 na,305
way make money,305
backed bill gates,305
coronavirus covid19 felizdiadelmaestro,304
re staying safe,303
casos positivos covid,303
please take time,303
make money covid,303
answer yes make,302
period answer yes,302
signing make 100,302
interesting article concerning,302
looking way make,302
make 100 day,302
times also hope,302
make instant 25,302
25 signing make,302
yes make instant,302
meaning behind counting,302
19 period answer,302
instant 25 signing,302
coronavirus relief package,301
wonder must read,301
ever wondered meaning,301
behind 666 wonder,301
666 wonder must,301
read interesting article,301
wondered meaning behind,301
realdonaldtrump lisamarieboothe ffweekend,301
meaning finally revealed,300
leadership coronavirus response,300
calculating 666 revealed,300
hidden meaning finally,300
risk covid 19,300
finally revealed covid19,299
hope re staying,299
staying safe times,299
concerning hidden meaning,298
article concerning hidden,298
counting fascinating everyone,298
fascinating everyone read,298
safe times also,298
behind counting fascinating,298
also hope ll,298
ll read interesting,298
hope ll read,298
finally revealed coronavirus,296
behind finally revealed,295
beast meaning behind,295
believe everyone read,295
travel restrictions lockdown,295
article believe everyone,295
mysterious meaning behind,295
linked covid 19,295
meaning behind finally,295
everyone read rfid,295
pass along article,295
along article believe,295
mark beast meaning,295
health care workers,295
read rfid microchip,295
666 hidden meaning,294
covid19 sarscov2 forecast,294
number 666 hidden,294
population coronavirus covid19,293
cashless society did,293
death toll mounts,293
restrictions lockdown eases,292
wave covid 19,291
pass friends family,290
read pass friends,290
friends family proof,290
family proof rfid,290
time read pass,290
beast mysterious meaning,290
mark beast mysterious,290
tiempos covid 19,289
wabah covid 19,288
sitting president riling,287
twitter web client,287
along absolute proof,286
covid 19 et,286
toll mounts belief,286
relief bill house,285
19 previously thought,285
contagio covid 19,285
criticizes leadership coronavirus,285
death population coronavirus,284
teacher shaming become,284
covid 19 lockdowns,284
mounts belief exaggerated,283
become britain national,283
19 covert id,283
shaming become britain,283
president riling nation,283
covid 19 covert,283
calculating 666 fascinating,282
britain national sport,282
great day want,282
new death population,282
behind calculating number,281
pass along absolute,281
absolute proof rfid,281
covid 19 nedeniyle,281
harmless vast majority,280
since teacher shaming,280
covert id heading,279
heading towards future,279
society did know,279
covid 19 would,279
caso covid 19,279
interesting article read,279
id heading towards,279
towards future cashless,279
future cashless society,279
trump says us,278
day want share,277
covid 19 numbers,277
riling nation crisis,277
read concerning rfid,277
people leaving home,277
covid 19 world,277
want share interesting,277
ve great day,277
share interesting article,277
hope ve great,277
article read concerning,277
concerning rfid microchip,277
coronavirus meltdown free,276
mission fight covid,276
dramatically overcounting coronavirus,275
atmanirbhar mission fight,275
at home covid,275
bank lauds pm,274
admin covid 19,274
coronavirus disease 2019,274
overcounting coronavirus deaths,273
patients covid 19,273
virus torn back,273
us dramatically overcounting,272
coronavirus covidー19 coronavirusourtbreak,271
cura covid 19,271
know jesus spoke,271
covidー19 coronavirusourtbreak thewiderwiserview,271
covid1948 sapık pozitif,270
covid 19 herbal,270
modi atmanirbhar mission,269
trump admin covid,269
admits destroying early,269
san diego county,269
article amp reuters,268
pm modi atmanirbhar,268
covid 19 created,268
lauds pm modi,267
response almost moved,267
almost moved mountains,267
meltdown free read,267
covid 19 updates,267
praises trump admin,266
trillion covid 19,266
19 response almost,265
19 cases new,265
new york state,265
latest covid 19,265
fallecidos covid 19,265
cases new york,264
โคว ด19 covid19,263
governor praises trump,263
new york barber,263
program backed bill,263
people died today,262
patients critical condition,261
missouri governor praises,260
india surpasses china,259
covid 19 dan,259
new york coming,259
covid 19 treatment,258
di tengah pandemi,258
india covid 19,257
19 spread restaurant,257
nueva política económica,257
stay home much,257
better covid 19,256
new deaths today,256
back curtain us,256
world bank lauds,256
2019 covid 19,255
testing could rekindle,255
vaccine covid 19,255
house democrats pass,254
covid 19 free,254
ministério da saúde,254
read article covid19,254
french doctor identified,253
renowned french doctor,251
coronavirus pandemic via,251
society know jesus,251
covid 19 tally,250
power deep state,250
hit piece renowned,250
peduli covid 19,250
piece renowned french,250
identified inexpensive cure,250
inexpensive cure coronavirus,250
bargain power deep,249
ccp dissolution planned,249
publishes hit piece,249
funds ccp push,249
planned cia due,249
5g 60ghz inflammation,249
cost ccp dissolution,249
5g vaccine cost,249
60ghz inflammation effect,249
méxico supera china,249
deep state funds,249
covid19 used cover,249
cell undermines immune,249
327 nuevos casos,249
dissolution planned cia,249
state funds ccp,249
doctor identified inexpensive,249
undermines immune system,249
term covid19 used,249
push 5g vaccine,249
effect human cell,249
ccp push 5g,249
up 5g 60ghz,249
human cell undermines,249
cover up 5g,249
used cover up,249
immune system act,249
act bargain power,249
system act bargain,249
inflammation effect human,249
cia due alleged,249
due alleged withholding,249
vaccine cost ccp,249
alleged withholding data,249
could rekindle disease,248
the treatment completely,247
enem the treatment,247
coronavirus testing could,247
wuhan clinics fear,246
news covid 19,245
deaths today raising,245
coronavirus task force,245
since covid 19,245
linked gilead remdesivir,245
critic linked gilead,244
magazine publishes hit,244
tested covid 19,244
fear coronavirus testing,244
top critic linked,244
treatment covid 19,244
crowds wuhan clinics,244
covid 19 corona,244
coming people leaving,243
casos positivos coronavirus,243
brasil supera 15,243
trillion coronavirus aid,243
york coming people,242
nyt magazine publishes,242
exploit coronavirus crisis,242
cafe coronavirus capacity,242
stay home stay,242
emptied coronavirus hit,241
frente covid 19,241
combate covid 19,241
testing program backed,241
know covid 19,241
know bible spoke,241
cure coronavirus top,240
raising country total,240
wash hands often,239
curtain us leadership,239
clinics fear coronavirus,239
women led nations,239
covid19 stay home,239
china covid 19,238
saturday may 16,238
trillion coronavirus stimulus,238
covid 19 mundo,238
last normal photo,237
coronavirus crisis cbp,237
coronavirus top critic,237
help slow spread,237
crisis cbp chief,237
save covid 19,236
19 cases rise,236
slow spread covid19,236
covid 19 covid,236
covid 19 bill,236
covid 19 hoax,235
coronavirus aid bill,235
il covid 19,235
buhari receives madagascar,235
tests positive coronavirus,235
muerte covid 19,235
halts coronavirus testing,235
private religious schools,234
de covid 19,234
says virus torn,234
deaths nursing homes,233
covid 19 contact,233
deaths per capita,233
jeremy corbyn brother,232
ministro da saúde,232
never go away,232
obama says virus,231
covid 19 antibody,231
política económica tiempos,231
confirmed deaths go,231
cbp chief says,231
total covid 19,231
176 new cases,231
today raising country,230
led nations better,230
crise du coronavirus,230
ao covid 19,229
nuevos casos positivos,229
trying exploit coronavirus,229
trump administration response,229
pasien covid 19,228
cartels border trying,228
border trying exploit,228
us leadership coronavirus,228
society know bible,227
keep safe distance,227
distance wash hands,227
says us reopening,227
viruses like covid,226
covid 19 conspiracy,226
number coronavirus cases,226
corona coronavirus covid,225
covid 19 killed,225
dying go eat,225
founder helped fund,225
reopened south florida,225
implying covid 19,224
highest coronavirus death,224
case covid 19,224
stock options company,223
virtual commencement address,223
pruebas covid 19,223
evidence implying covid,223
amid coronavirus crisis,223
kasus covid 19,223
virus researchers uncover,223
covid 19 transmission,223
seen emerging coronavirus,223
democrats push new,223
jetblue founder helped,223
eat viruses like,223
us reopening vaccine,222
go eat viruses,222
prensa crítica tiempos,222
pandemic covid 19,222
15 000 muertes,222
drug cartels border,222
house passes 3t,222
covid 19 obama,221
newly reopened south,221
coronavirus covid19 coronavirusoutbreak,221
16 05 20,221
88 000 americans,221
reopening vaccine vaccine,220
covid 19 testi,220
nations better covid,220
south florida seen,220
update covid 19,220
covid 19 rap,220
barack obama attacks,220
19 obama says,219
covid 19 cause,219
florida seen emerging,218
tengah pandemi covid,218
19 herbal drug,218
read article coronavirus,218
leaving home cuomo,217
19 created lab,217
coronavirus meltdown via,217
obama attacks trump,217
covid 19 epidemic,217
home stay safe,216
exclusive virus researchers,216
covid 19 recovery,216
coronavirus trump says,216
enough rope hang,215
deaths go updates,215
coronavirus response online,215
penyebaran virus covid,215
causa covid 19,215
covid 19 venezuela,215
pure solely coronavirus,215
eu enough rope,214
given eu enough,214
enough rope coronavirus,214
coronavirus given eu,214
the latest treatment,214
на covid 19,214
solely coronavirus deaths,214
rope coronavirus given,214
get back work,213
crítica tiempos coronavirus,213
safe distance wash,213
past 24 hours,213
demand opening schools,213
disease 2019 covid,213
rap ll totally,212
19 rap ll,212
out worth 6mins,212
coronavirus sars cov,212
let entertain covid,212
bahut huee hogey,212
check out worth,212
hogey sab let,212
ll totally relate,212
bore toh bahut,212
huee hogey sab,212
saazish doctor facing,212
intrigue saazish doctor,212
entertain covid 19,212
ghar bethe bethe,212
doctor facing violence,212
bethe bore toh,212
segment starting china,212
relate every segment,212
bethe bethe bore,212
starting china intrigue,212
totally relate every,212
diego county supervisor,212
hands often cover,212
facing violence check,212
violence check out,212
sab let entertain,212
china intrigue saazish,212
toh bahut huee,212
every segment starting,212
ou espera autorização,211
você autoriza hidroxicloroquina,211
autorização da oms,211
bringing total confirmed,211
new cases confirmed,211
covid19 você autoriza,211
espera autorização da,211
think covid 19,211
com covid19 você,211
cashless society hear,211
combate ao coronavírus,210
pela covid 19,210
288 new cases,210
squabbling demand opening,210
recovered covid 19,210
família com covid19,210
stop squabbling demand,210
coronavirus stop squabbling,210
inicio tratamento ou,209
tratamento ou espera,209
sua família com,209
hidroxicloroquina imediatamente inicio,209
autoriza hidroxicloroquina imediatamente,209
first clinical trial,209
imediatamente inicio tratamento,209
taking total number,209
covid 19 yang,209
covid 19 increasing,208
white house cdc,208
100 000 deaths,208
enquete criei na,207
criei na verdade,207
compartilhar enquete criei,207
na verdade plagiando,207
plagiando pergunta geografiat,207
china vulnerable another,207
fixada meu perfil,207
covid 19 work,207
geografiat fixada meu,207
ajude compartilhar enquete,207
often cover cough,207
sample collection kit,207
verdade plagiando pergunta,207
pergunta geografiat fixada,207
47 mil 144,206
much keep safe,206
home much keep,206
researchers uncover new,205
two weeks reopening,205
mortalidad covid 19,205
coronavirus contact tracing,205
2020 05 16,205
uncover new evidence,205
immunity means china,205
47 144 casos,204
obama criticizes leadership,204
the covid 19,204
lack immunity means,203
even feel well,203
reporting symptoms daily,203
us coronavirus deaths,203
county supervisor says,203
daily even feel,202
spread covid19 identify,202
risk cases sooner,202
symptoms daily even,202
covid19 identify risk,202
sooner self reporting,202
self reporting symptoms,202
identify risk cases,202
cases sooner self,202
related covid 19,201
üye ol soru,201
durma gel sende,201
sor cevap yaz,201
deaths pure solely,201
ol soru sor,201
yaz aylık 50,201
casos confirmados coronavirus,201
sende üye ol,201
aylık 50 tl,201
sende kazan durma,201
cevap yaz aylık,201
gel sende üye,201
nuevos casos covid19,201
kazan durma gel,201
getting covid 19,201
kazandım sende kazan,201
soru sor cevap,201
sailors test positive,200
pacientes com covid,200
tener vacuna año,200
feel well download,200
nacional coronavírus são,200
may never go,200
coletam testes pesquisa,199
well download app,199
meltdown via financialtimes,198
15 mil mortes,198
normal photo phone,198
current covid 19,198
people died coronavirus,198
194 confirmed deaths,198
19 contact tracing,198
new cases new,198
second wave coronavirus,198
testes pesquisa nacional,198
love meme nature,197
coronavírus são detidas,197
fashion france germany,197
coronavirus covid fashion,197
art beautiful canada,197
lifestyle love meme,197
texas covid 19,197
gt art beautiful,197
canada corona coronavirus,197
france germany india,197
india lifestyle love,197
reassure parents school,197
meme nature photography,197
coronavirus live news,197
southamericamemes style uk,197
nature photography southamericamemes,197
pelosi coronavirus bill,197
new evidence implying,197
increasing thousands since,197
photography southamericamemes style,197
germany india lifestyle,197
covid fashion france,197
click here gt,197
beautiful canada corona,197
here gt art,197
style uk usa,197
covid 19 china,196
abc news via,196
hernán podemos confiar,196
thousands since reopening,196
vacuna año medio,196
treating covid 19,196
pesquisa nacional coronavírus,196
created lab news,196
grow faster covid19,196
são detidas agredidas,195
confirmed deaths pure,195
new audience base,195
french italian 25,195
faster covid19 checkout,195
means china vulnerable,195
content spanish french,195
ai dub content,195
checkout demos dm,195
spanish french italian,195
languages unlock new,195
covid19 checkout demos,195
miguel hernán podemos,195
base grow faster,195
italian 25 languages,195
audience base grow,195
25 languages unlock,195
dub content spanish,195
unlock new audience,195
demos dm us,195
19 increasing thousands,194
government covid 19,194
covid 19 des,194
educators rise together,194
uk chief medic,194
times covid 19,193
public health response,193
updates covid19 coronavirus,193
update 2020 05,193
dengan covid 19,193
total cases deaths,193
england beauty spots,193
beat covid 19,193
found covid 19,192
coronavirus travel restrictions,192
covid 19 health,192
passes 3t coronavirus,192
nation students educators,192
students educators rise,192
believe power public,192
texas cases covid,192
50 tl kazan,192
democrats 3t coronavirus,192
covid 19 est,192
help nation students,192
go updates covid19,191
covid 19 real,191
baby boy lagos,191
cdc birx critiques,191
name show support,191
add name show,191
despite claims us,191
six 194 confirmed,191
birx critiques virus,190
claims us leads,190
coronavirus cases new,190
education secretary gavinwilliamson,190
rise white house,190
says six 194,190
another wave coronavirus,190
using covid 19,190
lab news lifesite,190
equipes coletam testes,190
coronavirus gavin williamson,190
100 000 june,190
vulnerable another wave,190
pandemic despite claims,190
combat covid 19,190
supervisor says six,190
president barack obama,190
together covid19 believe,189
critiques virus tracking,189
power public education,189
public education join,189
