gram,counts
covid 19,198606
coronavirus pandemic,9344
coronavirus covid19,9245
covid19 coronavirus,7031
19 pandemic,6554
19 cases,6068
new york,5724
coronavirus cases,5541
new cases,5181
coronavirus lockdown,4208
death toll,4048
via youtube,3826
social distancing,3727
coronavirus covid,3654
coronavirus deaths,3379
19 patients,3354
href rel,3320
rel nofollow,3320
true href,3250
coronavirus death,3181
bill gates,3119
covid19 pandemic,3112
nuevos casos,2973
new coronavirus,2932
bbc news,2880
coronavirus crisis,2878
nursing homes,2819
coronavirus relief,2800
nofollow twitter,2735
due covid,2720
new covid,2717
trump coronavirus,2704
coronavirus response,2664
19 deaths,2629
may 16,2623
news coronavirus,2598
coronavirus vaccine,2598
casos covid,2589
coronavirus testing,2553
stay home,2553
confirmed cases,2432
donald trump,2427
19 crisis,2365
coronavirus outbreak,2334
19 vaccine,2326
casos confirmados,2294
due coronavirus,2246
casos coronavirus,2178
amid coronavirus,2159
tested positive,2128
covid19 cases,2080
public health,2073
19 via,2036
united states,1987
positive covid,1902
due covid19,1891
covid_19 coronavirus,1802
coronavirus covid_19,1780
meaning behind,1775
white house,1771
year old,1767
died covid,1759
19 lockdown,1745
inside trump,1726
24 horas,1714
16 mayo,1691
pandemia coronavirus,1681
gon na,1669
live updates,1643
covid19 lockdown,1640
twitter web,1616
relief bill,1609
cases covid,1596
100 000,1590
test positive,1567
trillion coronavirus,1558
19 testing,1541
19 response,1535
care homes,1523
new deaths,1516
coronavirus via,1514
may 2020,1505
people died,1500
many people,1499
corona virus,1496
fight covid,1482
sars cov,1477
novel coronavirus,1466
go back,1452
president trump,1452
must read,1448
da covid,1437
16 2020,1428
16 05,1423
house passes,1422
amid covid,1415
death count,1412
19 death,1394
testing program,1390
nursing home,1385
19 di,1381
gt gt,1356
coronavirus live,1339
web app,1337
york times,1326
stay safe,1324
positive coronavirus,1323
cashless society,1320
casos positivos,1306
total number,1293
looks like,1290
mental health,1289
3t coronavirus,1284
24 hours,1282
du coronavirus,1272
cases covid19,1266
fake news,1263
cases coronavirus,1262
trump administration,1259
us coronavirus,1257
coronavirus patients,1254
19 coronavirus,1251
total cases,1245
covid19 covid_19,1217
90 000,1217
mark beast,1211
spread coronavirus,1207
positive cases,1206
at home,1203
fight coronavirus,1194
rfid microchip,1187
tiempos coronavirus,1178
hidden meaning,1170
05 2020,1169
crisis coronavirus,1168
contact tracing,1163
últimas 24,1155
microchip mark,1148
pandemi covid,1148
herd immunity,1143
long term,1128
muertes coronavirus,1121
good news,1111
active cases,1102
passes trillion,1094
response coronavirus,1088
fox news,1083
coronavirus update,1082
eliminate coronavirus,1081
health care,1079
wear mask,1075
response covid,1069
second wave,1055
commencement speech,1053
health minister,1041
mayo 2020,1040
barack obama,1035
coronavirus meltdown,1035
death rate,1032
covid19 deaths,1029
read article,1022
every day,1021
around world,1010
migrant workers,1009
boris johnson,1007
fight covid19,1001
19 outbreak,993
pandemia covid,988
back work,987
19 test,985
face masks,984
corona coronavirus,984
completely eliminate,982
treatment completely,981
new post,974
amends coronavirus,973
cases deaths,967
game changer,966
covid19 patients,959
deaths coronavirus,955
pandemia covid19,950
du covid,948
19 virus,947
covid covid19,946
twitter android,942
covid19 crisis,936
000 people,927
folks charge,925
coronavirus news,924
19 relief,924
go away,920
post covid,917
000 deaths,910
casos covid19,906
died coronavirus,901
says fewer,899
16 may,898
coronavirus argentina,897
fewer died,892
colorado amends,891
count says,890
corona covid19,884
spread covid19,881
19 previously,881
care home,878
coronavirus infections,875
il coronavirus,870
via gatewaypundit,869
coronavirus corona,869
may 15,869
behind calculating,868
help us,867
increasingly linked,867
new zealand,866
gates coronavirus,861
linked deaths,859
promoted trump,854
look like,853
19 em,853
daily thanks,852
drug promoted,852
china coronavirus,849
coronavirus bill,849
travel restrictions,849
coronavirus trump,843
face mask,840
cases reported,839
sábado 16,838
19 positive,838
two weeks,838
covid19 covid,835
du covid19,834
sign petition,829
new normal,827
coronavirus game,825
muertes covid,822
19 update,819
people die,815
alive inside,810
changer increasingly,806
immune system,804
coronavirus vía,802
coronavirus covidー19,800
trump latest,796
first time,795
dr fauci,793
coronavirus spread,788
endless obsession,785
latest attack,782
make sure,781
com covid,781
eats alive,781
prime minister,780
tests positive,779
000 americans,779
covid coronavirus,779
social media,778
coronavirus related,778
19 patient,777
coronavirus test,777
shows endless,776
attack shows,776
qu il,772
da saúde,767
obsession obama,765
cases new,762
relief package,761
number cases,755
spread covid,753
get back,752
post coronavirus,744
warp speed,743
please help,742
get coronavirus,741
fda halts,740
est pas,739
nuevo coronavirus,739
halts bill,739
top story,738
breaking news,737
10 000,737
latest treatment,734
last 24,732
19 spread,732
16 mei,731
via breitbartnews,730
coronavirus could,728
lockdown coronavirus,727
coronavirus disease,727
discussing covid,723
positif covid,721
post covid19,720
19 tests,718
muertos coronavirus,717
interesting article,714
19 vía,713
mei 2020,711
new covid19,709
impact covid,709
coronavirus tests,708
american people,706
15 000,705
it eats,705
via franceinfo,703
two months,703
wearing mask,702
trump says,696
covid19 corona,695
ee uu,695
lockdown covid19,691
charge discussing,691
_पहच न_ल,688
समय_रहत _पहच,688
casos nuevos,686
virus covid,685
wash hands,684
total deaths,683
task force,683
world health,682
people dying,679
cure coronavirus,676
positivo covid,671
india coronavirus,670
health officials,668
coronavirus hit,668
san diego,667
pm modi,661
não tem,660
ministerio salud,657
york city,654
positive covid19,653
get covid,650
truck drivers,650
deaths covid,649
via nytimes,649
washington post,648
cover up,648
loved ones,647
wear masks,646
wearing masks,642
back school,642
covid19 positive,640
one day,640
tener vacuna,639
wan na,637
save lives,637
coronavirus updates,635
blood clots,635
stay at,633
hyde park,630
leadership coronavirus,630
everyone read,625
bringing total,623
obamagate obamagate,620
positivo coronavirus,619
confirmed covid,617
pass along,616
need know,614
โคว ด19,611
number covid,610
pacientes covid,607
coronavirus world,607
would like,605
days ago,604
2020 05,601
covid19 amp,599
people like,599
finally revealed,599
need help,597
health ministry,597
well done,596
knocks folks,595
em casa,595
coronavirus coronavirus,594
000 dead,594
88 000,593
coronavirus coverage,593
the coronavirus,592
stayhome staysafe,589
weird hell,588
कर रह,587
obama criticizes,586
million people,585
covid19 vaccine,585
like covid,583
previously reported,583
south africa,582
calculating 666,582
americans dead,581
south korea,581
patients symptoms,580
great job,579
healthcare workers,578
coronavirus il,577
per capita,576
wanted pass,576
read coronavirus,576
handling coronavirus,573
common sense,573
covid_19 covid19,572
hong kong,572
proof rfid,571
19 commencement,570
single day,570
symptoms months,570
of the,569
combate ao,568
towards cashless,567
dio positivo,566
coronavirus infection,566
deaths per,565
uk government,564
coronavirus españa,564
19 case,564
vacuna coronavirus,564
test results,561
beast hidden,558
opening schools,557
clinical trial,556
año medio,556
dos meses,556
cases confirmed,556
infected coronavirus,555
high school,553
covid19 virus,553
died covid19,551
world news,551
please take,551
hell covid,546
obama knocks,546
last week,545
podemos confiar,544
covidー19 coronavirus,544
make money,543
fighting coronavirus,543
health workers,541
small businesses,540
15 2020,539
coronavirus may,538
confiar tener,538
45 nuevos,537
read covid19,535
number coronavirus,533
confirmed deaths,532
home order,532
join us,532
000 coronavirus,532
in the,532
house democrats,531
climate change,530
god bless,529
het coronavirus,528
namo app,528
pandemic covid19,527
jefferson farfán,527
au coronavirus,527
19 situation,526
next week,525
federal government,525
back normal,524
even though,523
subpoenaobama obamagate,523
trump said,522
stop spread,521
total confirmed,521
deaths reported,520
wave coronavirus,519
crisis covid,519
19 amp,519
let us,519
mortes covid,518
coronavirus restrictions,517
puede ser,517
like coronavirus,515
social distance,515
covid19 stayhome,513
back curtain,513
daily updates,513
global pandemic,511
19 related,511
torn back,511
coronavirus china,509
15 mil,508
hospital patients,505
deaths covid19,505
take care,504
die coronavirus,502
long time,499
abc news,499
covid19 sarscov2,499
dangerous blood,498
coronavirus india,497
cases rise,497
realdonaldtrump trump,497
gavin williamson,496
coronavirus stimulus,496
kag kag2020,495
pandemic via,495
imperial college,493
johns hopkins,492
coronavirus aid,491
covid19 death,491
first covid,491
weeks ago,491
anti lockdown,490
care workers,489
vacuna covid,489
time coronavirus,488
across country,487
epoch times,487
coronavirus italy,487
patients nursing,486
crise du,486
contagios covid,486
handling covid,484
com covid19,483
obamagate obama,482
contagio coronavirus,482
patients develop,481
supreme court,481
despite coronavirus,480
obama covid19,479
000 000,479
tell us,478
कड उन,478
society know,478
crisis covid19,476
_क _स,475
trump admin,474
last year,474
staying home,472
19 ini,472
come back,471
via mailonline,471
response covid19,470
deep state,470
develop dangerous,470
seems like,470
mundo coronavirus,470
आश मज,469
il est,469
one thing,469
मज _आश,468
number deaths,468
número casos,468
obamagategate subpoenaobama,467
people need,467
said coronavirus,467
cases total,467
terdampak covid,466
theodore roosevelt,466
coronavirus lockdowns,466
coronavirus top,464
feel like,464
covid19 redwave,464
revealed coronavirus,464
exclusive coronavirus,464
sounds like,464
womenfortrump wwg1wgaworldwide,463
fastandfurious obamagategate,463
reino unido,463
wwg1wgaworldwide kag,463
_द _क,463
रम _द,463
redwave womenfortrump,463
infection rate,463
_आश रम,463
kag2020 painiscoming,463
new death,462
vaccine vaccine,461
painiscoming keyboardwarriors,461
coronavirus third,461
take time,459
obama says,459
19 infections,459
ver si,459
covid19 covid1948,459
conspiracy theories,458
friends family,458
times app,458
coronavirus us,457
virus covid19,457
30 000,456
health organization,456
stimulus checks,455
slow spread,455
coronavirus samples,454
dogs sniff,453
covid19 covidー19,453
19 covid19,453
third hospital,452
coronavirus coronavirusupdate,452
pedro sánchez,452
covid19 response,451
jesus spoke,451
small business,451
última hora,450
death rates,450
app see,449
nouveaux cas,447
think coronavirus,446
coverage daily,446
ल_द श_बदह,445
sant shri,445
salud pública,444
see exclusive,444
realdonaldtrump lindseygrahamsc,444
20 000,443
education secretary,443
casos activos,442
50 000,442
000 covid,442
confirmados covid,441
shri asharamji,439
revealed covid19,439
italy lift,439
president obama,439
early coronavirus,438
president donald,437
uss theodore,437
since march,436
essential workers,436
front line,435
people get,435
000 muertes,435
fallecidos coronavirus,434
every single,434
vía youtube,433
latest news,433
whole world,432
got ta,431
per il,431
know jesus,431
enough rope,431
heading towards,431
time covid,431
19 may,431
please read,431
thank god,430
19 brasil,429
re opening,429
16 mai,428
buggy mess,427
cura coronavirus,426
covid19 testing,426
says us,425
click link,423
stop squabbling,423
cada vez,423
da covid19,423
positivos covid,422
homes coronavirus,422
au covid,421
deaths today,421
us covid,421
coronavirus shutdown,420
money covid,419
years ago,418
test covid,418
take look,417
cause death,417
uk coronavirus,416
15 05,416
could help,416
impact covid19,416
petition via,415
85 000,414
daily coronavirus,414
health department,414
kawasaki disease,414
asharamji bapu,414
die covid,413
good job,413
pandemic response,413
human rights,413
virus corona,412
ministro salud,412
justify lockdown,412
80 000,412
college model,412
19 infection,412
medical journal,412
die covid19,411
jacinda ardern,411
used justify,411
19 data,410
el coronavirus,409
coronavirus shows,409
19 restrictions,409
relief funds,408
coronavirus new,408
covid__19 coronavirus,408
19 cure,408
people coronavirus,407
people tested,407
hydroxychloroquine drug,407
15 mayo,407
clinical trials,407
vast majority,406
covid19 test,406
mess total,406
total unreliable,405
conspiracy theory,405
get covid19,405
taking total,405
bible spoke,405
unreliable experts,404
lockdown buggy,404
contagios coronavirus,404
toll rises,403
home covid,403
confirmed coronavirus,403
americans died,403
da cloroquina,402
model britain,402
coronavirus virus,402
nuevas muertes,401
britain used,401
young people,400
high risk,400
cases amp,400
experts claim,399
end coronavirus,399
keep safe,398
300 000,398
saudi arabia,398
mai 2020,397
coronavirus covid__19,397
communist party,397
6_स ल_द,396
staying safe,396
says coronavirus,396
47 144,395
brasil supera,395
per million,395
dies coronavirus,394
14 days,393
illegal aliens,393
covid19 relief,392
das coronavirus,391
19 period,391
per day,391
never go,390
home coronavirus,390
coronavirus amp,389
pandemic coronavirus,389
news mundo,388
coronavirus latest,388
buhari receives,387
via yahoonews,387
il faut,387
15demayo díadelmaestro,387
penanganan covid,386
commencement address,384
fête musique,384
madagascar covid,384
muertos covid,384
est une,384
vía libertaddigital,384
19 could,384
anyone else,384
affected covid,383
patients recovered,383
new jersey,383
people still,383
looking forward,381
says covid,381
free read,381
19 new,381
coronavirus coronaviruspandemic,380
coronavirus antibody,380
see dogs,380
via huffpostpol,380
coronavirus spending,379
di tengah,379
coronavirus hoax,378
end year,378
contre covid,378
lift travel,377
know bible,377
cuarentena coronavirus,377
tiempos covid19,377
going back,376
home deaths,376
penyebaran covid,376
spread virus,376
caused coronavirus,375
spending bill,375
mortality rate,374
méxicotereconocemaestro graciasmaestrospor,374
di indonesia,373
via financialtimes,373
coronavirus travel,372
world bank,372
deaths due,372
lockdown eases,372
realdonaldtrump potus,371
experts say,371
coronavirus va,371
people covid,370
department health,369
democrats pass,369
live coronavirus,368
05 20,368
number covid19,368
nueva normalidad,368
19 dengan,368
related deaths,367
19 impact,366
work home,366
pacientes com,366
10 days,366
mr president,366
covid19 coronaviruspandemic,365
reported today,365
qu ils,365
beauty spots,365
pelosi coronavirus,365
stark difference,364
like covid19,364
via nypost,364
handling nursing,364
difference cuomo,363
cuomo desantis,362
china admits,361
back home,361
north carolina,361
144 casos,361
85 940,361
day day,360
16th may,360
joe biden,360
coronavirus si,359
get sick,359
positivos coronavirus,359
aujourd hui,359
covid deaths,358
19 méxico,358
air canada,358
от covid,358
working home,358
fatality rate,358
may 17,357
humans resources,356
deroy murdock,356
potential covid,356
500 000,356
even pretending,356
desantis handling,355
test coronavirus,355
people recovered,355
shows must,355
contre coronavirus,355
know coronavirus,355
fear coronavirus,354
everyone else,354
2nd wave,354
public transport,354
family members,354
mil casos,353
resources coronavirus,353
positive patients,353
must democratise,353
méxico supera,352
288 new,352
company claims,352
right wing,352
coronavirus uk,351
democratise work,351
let get,350
latest coronavirus,350
operation warp,350
vacuna lista,350
novos casos,350
covid19 india,349
fighting covid,349
fernando simón,349
19 país,349
real estate,349
time read,348
common cold,348
way make,347
dentro año,347
casos sospechosos,347
murdock stark,347
pilar pellicer,346
coronavirus stop,346
trial begins,346
pmoindia narendramodi,346
19 na,346
may never,346
people covid19,345
bill may,345
di rumah,345
people think,345
kill coronavirus,345
vaccine coronavirus,343
study shows,343
hope re,343
get rid,342
lista dentro,342
cure covid,342
nuevos contagios,342
novo coronavírus,341
destroying early,341
spanish flu,340
covid19 coronavirusoutbreak,340
nancy pelosi,340
causa coronavirus,340
covid_19 covid,339
get tested,339
begins see,339
16 maggio,339
testing positive,339
secret purpose,339
crazy 3t,339
via nyt,338
potus realdonaldtrump,338
qui ont,338
wuhan coronavirus,338
health crisis,338
makes sense,338
pelosi crazy,338
cada día,337
realdonaldtrump coronavirus,337
time covid19,336
19 não,335
total casos,335
last night,334
covidー19 covid19,334
pandemi covid19,334
may secret,333
caso coronavirus,333
ils ont,333
answer yes,333
help fight,333
months ago,333
jeremy corbyn,332
holy spirit,332
covid19 via,332
good luck,332
covid1948 sapık,332
infected covid,332
covid19 stay,332
176 new,331
gingrich pelosi,331
newt gingrich,331
relief fund,330
da pandemia,330
narendramodi pmoindia,329
15 633,329
rahul gandhi,328
great day,328
cbc news,328
via usatoday,328
2020 coronavirus,327
population coronavirus,327
cases india,327
pandemic covid,326
business owners,326
second time,326
medio pandemia,326
05 16,326
admits destroying,326
coronavirus puede,325
india news,325
sky news,325
graduation speech,325
19 news,324
sitting president,324
miguel hernán,324
trump covid,324
andrew cuomo,324
coronavirus quarantine,324
felizdiadelmaestro 15demayo,324
latest updates,323
domestic violence,323
critical condition,323
frontline workers,323
hope ll,323
re staying,322
prevent spread,322
truth must,321
news updates,321
house representatives,321
pretending charge,321
mass testing,321
coronavirus trial,320
purpose underestimate,320
live news,319
news via,319
via googlenews,319
madagascar president,319
covid19 outbreak,319
god holy,318
looking way,318
bill house,318
covid19 related,318
times also,318
rest world,318
