gram,counts
covid 19 cases,8971
covid 19 pandemic,7269
first life saving,4777
new covid 19,3594
casos covid 19,3545
life saving drug,3519
covid 19 patients,3312
proves first life,3260
dexamethasone proves first,3256
coronavirus dexamethasone proves,3117
due covid 19,2825
covid 19 deaths,2793
covid 19 crisis,2515
positive covid 19,2473
bbc news coronavirus,2176
life saving coronavirus,2166
coronavirus covid 19,2070
saving coronavirus drug,2055
new coronavirus cases,2011
covid 19 via,1922
cases covid 19,1702
da covid 19,1674
covid 19 vaccine,1583
news coronavirus dexamethasone,1478
covid 19 outbreak,1461
pandemi covid 19,1445
pandemia covid 19,1439
covid 19 testing,1423
amid covid 19,1399
impact covid 19,1389
dexamethasone first life,1353
covid 19 di,1289
response covid 19,1221
covid 19 situation,1139
covid 19 relief,1130
últimas 24 horas,1119
severe covid 19,1085
spread covid 19,1074
ilhan omar father,1074
post covid 19,1063
stop testing right,1046
testing right cases,1024
covid 19 response,1024
covid 19 virus,1019
fight covid 19,997
dari covid 19,962
covid 19 em,958
covid 19 test,955
covid 19 coronavirus,940
rfid microchip mark,939
june 16 2020,936
microchip mark beast,935
rep ilhan omar,919
produktif dan aman,897
covid 19 update,896
aman dari covid,880
covid 19 lockdown,875
dan aman dari,868
memastikan masyarakat dapat,858
masyarakat dapat kembali,858
kembali beraktivitas dengan,858
beraktivitas dengan produktif,858
belanja ke pasar,858
dapat kembali beraktivitas,857
dengan produktif dan,857
ke pasar pusat,857
covid 19 berikut,856
disiplinnewnormal untuk belanja,855
untuk belanja ke,855
covid 19 impact,854
19 berikut petunjuk,854
berikut petunjuk adaptasi,854
petunjuk adaptasi disiplinnewnormal,854
demi memastikan masyarakat,853
adaptasi disiplinnewnormal untuk,852
new cases coronavirus,850
omar father dies,845
trump covid 19,842
pasar pusat perbelanjaansumber,842
time covid 19,839
new york times,839
nuevos casos coronavirus,834
covid 19 death,824
new cases covid,803
pacientes covid 19,798
covid 19 infections,785
tested positive covid,776
contagios covid 19,760
two new cases,760
coronavirus live updates,734
spike new covid,720
last 24 hours,717
meaning behind calculating,713
hidden meaning behind,711
cheap widely available,709
covid 19 updates,707
beijing suspends schools,706
suspends schools response,702
schools response spike,701
response spike new,701
black lives matter,700
bbc news dexamethasone,698
positivo covid 19,694
muertes covid 19,694
nuevos casos covid,688
cashless society know,683
com covid 19,661
pajama virals entertainment,660
virals entertainment latest,660
16 06 2020,652
situation extremely severe,648
second wave coronavirus,636
if stop testing,635
president mike pence,634
says covid 19,631
news dexamethasone first,630
du covid 19,628
covid 19 numbers,625
covid 19 treatment,623
must read article,621
covid 19 positive,619
vice president mike,619
pencegahan covid 19,617
new covid19 cases,615
positivos covid 19,611
wave covid 19,603
mortes covid 19,603
tested positive coronavirus,592
covid 19 tests,592
covid 19 recovery,582
covid 19 través,581
test positive covid,580
covid 19 spread,574
covid 19 spending,568
penanganan covid 19,566
coronavirus cases rise,566
survival covid 19,558
congress demand transparency,556
sign petition via,554
pence tells governors,554
19 spending sign,553
covid 19 survival,551
drug bbc news,548
covid 19 still,547
test positive coronavirus,547
contact tracing apps,546
signed commoncause petition,546
demand transparency trump,538
transparency trump covid,537
petition congress demand,534
new coronavirus outbreak,532
commoncause petition congress,532
die covid 19,519
improve survival covid,519
covid 19 amp,515
tests positive covid,514
positif covid 19,512
covid 19 case,511
crisis covid 19,510
get covid 19,508
vacuna covid 19,505
delhi health minister,504
19 relief efforts,503
died covid 19,501
casos positivos covid,500
guna pencegahan covid,497
graves covid 19,495
masker guna pencegahan,495
blames coronavirus spikes,493
bagikan masker guna,493
extremely severe new,493
due coronavirus pandemic,492
coronavirus spikes rise,492
blusukan kepasar bagikan,492
kepasar bagikan masker,492
polisi blusukan kepasar,489
new cluster emerges,488
severe new cluster,487
disiplinnewnormal polisi blusukan,486
19 situation extremely,486
misleadingly blames coronavirus,485
covid 19 restrictions,483
spikes rise testing,483
beijing says covid,483
behind calculating 666,477
patients nursing homes,473
free school meals,473
ill covid 19,472
wanted pass along,470
second wave covid,468
number covid 19,468
mark beast hidden,466
beast hidden meaning,466
proof rfid microchip,466
first drug proves,466
covid 19 related,463
pence misleadingly blames,463
towards cashless society,462
refused wear mask,460
first drug shown,459
able improve survival,459
virus covid 19,458
complications covid 19,458
donating leave time,455
leave time covid,455
updates us covid19,454
widely available drug,454
proves able improve,453
drug proves able,452
19 updates us,450
coronavirus refused wear,449
dexamethasone life saving,447
coronavirus covid19 sarscov2,446
dies covid 19,446
saving drug bbc,444
low dose steroid,442
covid 19 complications,438
coronavirus if stop,436
gt gt gt,436
amid coronavirus pandemic,434
emergency use hydroxychloroquine,427
entertainment latest android,427
latest android cultural,427
android cultural coronavirus,427
dose steroid treatment,426
covid 19 covid19,425
confirmed covid 19,425
population coronavirus covid19,423
covid19 sarscov2 forecast,423
tested covid 19,421
low cost drug,421
gdp could still,420
pre coronavirus level,420
end 2021 learn,419
many investors surprised,419
investors surprised fed,419
surprised fed projected,419
fed projected gdp,419
projected gdp could,419
could still pre,419
still pre coronavirus,419
coronavirus level end,419
level end 2021,419
revokes emergency use,418
000 covid 19,415
death population coronavirus,415
india covid 19,415
new death population,414
covid 19 contact,413
covid 19 risk,412
help save lives,412
di tengah pandemi,408
confirms two new,403
pacientes graves covid,402
new zealand confirms,402
martes 16 junio,401
mil casos covid,401
epoch times app,400
spike covid 19,400
confirmados covid 19,400
15 junio 2020,399
zealand confirms two,398
times app see,397
app see exclusive,397
coverage daily updates,397
exclusive coronavirus coverage,395
trump coronavirus if,395
deaths covid 19,395
dexamethasone first drug,394
risk covid 19,393
see exclusive coronavirus,392
coronavirus coverage daily,392
covid 19 infection,386
improve covid 19,386
mundo covid 19,385
long term care,385
covid 19 data,383
casos confirmados covid,380
tests positive coronavirus,377
covid 19 new,377
test covid 19,376
since covid 19,375
emergency use authorization,373
wear face mask,372
steroid called dexamethasone,370
covid 19 vía,368
coronavirus death toll,367
free covid 19,366
penyebaran covid 19,364
tengah pandemi covid,364
cuts covid 19,362
society know bible,361
flushing toilet may,361
covid 19 factor,359
mask house floor,354
от covid 19,352
fda revokes emergency,351
fallecidos covid 19,351
circunstancias creadas mundo,348
creadas mundo covid,348
19 factor objetivo,348
16 junio 2020,348
covid 19 país,346
corona warn app,346
dexamethasone major breakthrough,346
pruebas covid 19,345
covid 19 yang,345
coronavirus disease 2019,341
sick covid 19,337
de covid 19,337
ahead trump rally,336
covid 19 chile,336
spikes covid 19,336
19 contact tracing,335
entertain empower educate,334
empower educate talk,334
0208 090 2121,334
090 2121 hello,334
2121 hello fantasticradio,334
hello fantasticradio co,334
fantasticradio co uk,334
co uk fantasticradiouk,334
uk fantasticradiouk homeofpossibilities,334
fantasticradiouk homeofpossibilities believeyourpossibilities,334
homeofpossibilities believeyourpossibilities stayhomesafelives,334
coronavirus task force,334
beijing coronavirus outbreak,334
believeyourpossibilities stayhomesafelives buy,333
stayhomesafelives buy song,333
covid 19 world,333
major breakthrough uk,333
covid 19 could,331
pence encouraged governors,331
treatment covid 19,330
deaths one third,330
reduces deaths among,328
educate talk us,327
talk us 0208,327
us 0208 090,327
toilet may fling,326
may fling coronavirus,324
fling coronavirus aerosols,324
confirmed cases covid19,322
covid 19 safety,322
case numbers rise,322
hit covid 19,322
society know jesus,322
uk scientists find,322
treating covid 19,320
new york city,320
patients severe covid,320
june 15 2020,319
new blog post,319
new cases covid19,318
2019 covid 19,318
breakthrough uk scientists,318
increase covid 19,317
third ventilated patients,317
reduces coronavirus deaths,317
19 patients nursing,316
affected covid 19,315
seriously ill coronavirus,315
puede salvar vidas,314
people covid 19,313
patients seriously ill,313
steroid cuts covid,309
frente covid 19,308
covid 19 emergency,308
save lives patients,308
caught covid 19,307
vidas covid 19,305
drug shown save,305
contagio covid 19,304
shown save lives,304
16 juni 2020,303
treat covid 19,302
contre covid 19,302
deaths among patients,302
situation extrêmement grave,301
lives patients seriously,301
like covid 19,300
covid 19 brasil,297
19 death toll,296
covid 19 mundo,295
covid 19 trial,295
among patients severe,295
breakthrough covid 19,295
breakthrough dexamethasone first,295
widely available steroid,295
covid 19 antibodies,294
petition via change,292
caused covid 19,292
nuevo brote coronavirus,291
covid 19 méxico,290
infected covid 19,287
extremely severe situation,287
coronavirus major breakthrough,287
covid 19 damage,286
withdraws emergency use,285
china anuncia vacuna,285
stop spread coronavirus,284
empresa china anuncia,284
damage lungs victims,283
lungs victims beyond,283
victims beyond recognition,283
wear mask floor,283
16 june 2020,283
cut covid 19,283
19 damage lungs,282
kasus covid 19,282
tested positive covid19,281
brote covid 19,281
school meal vouchers,281
first evidence drug,281
19 deaths third,281
beyond recognition expert,279
mask floor house,279
disease 2019 covid,279
17 mil 580,279
take covid 19,279
evidence drug improve,279
pacientes graves coronavirus,279
new cases confirmed,278
update covid 19,278
family caught covid,278
extrêmement grave pékin,278
outbreak travel restricted,278
19 trial shows,278
coronavirus outbreak travel,277
coronavirus breakthrough dexamethasone,277
fármaco puede salvar,277
coronavirus mask covid19,276
discount deal nintendoswitch,276
deal nintendoswitch switch,276
nintendoswitch switch gaming,276
vacuna coronavirus eficacia,276
coronavirus eficacia 90,276
covid 19 mortality,276
crisis sign petition,276
est extrêmement grave,276
major breakthrough treating,276
2020 06 16,275
mask covid19 surgicalmask,275
covid19 surgicalmask deals,275
surgicalmask deals facecover,275
deals facecover discount,275
facecover discount deal,275
know covid 19,275
second coronavirus wave,275
tackle extremely severe,275
recognition expert says,274
patients critical condition,274
gt coronavirus mask,274
floor house announces,274
anuncia vacuna coronavirus,274
kesehatan covid 19,274
restricted tackle extremely,274
house announces family,273
announces family caught,273
covid 19 spikes,273
governors share misleading,273
travel restricted tackle,273
alcohol planes response,273
vidas pacientes graves,273
covid 19 news,272
crise du coronavirus,271
planes response covid,271
instock gt coronavirus,270
total confirmed cases,270
protokol kesehatan covid,270
caso covid 19,269
covid 19 re,269
covid 19 wave,269
effects covid 19,269
share misleading facts,269
propagación covid 19,268
airlines ban alcohol,268
finds low cost,268
primer fármaco puede,268
people died today,267
combate covid 19,267
wear mask capitol,267
republican wear mask,266
coronavirus tracing app,266
study finds low,266
latest covid 19,265
2020 covid 19,265
deaths third ventilated,265
gov greg abbott,264
president donald trump,264
ban alcohol planes,264
salvar vidas pacientes,264
coronavirus deaths scientists,263
cost drug cut,263
covid 19 real,262
reduce covid 19,262
records 573 new,261
risk severe covid,261
descubierto primer fármaco,261
covid 19 would,260
republican congressman coronavirus,260
congressman coronavirus refused,260
pm narendra modi,260
drug cut covid,260
hydroxychloroquine covid 19,259
contagiados covid 19,259
tells governors share,259
misleading facts coronavirus,259
coronavirus covid19 covid_19,258
masuk polisi gratisno,258
polisi gratisno kknno,258
gratisno kknno calono,258
kknno calono suapbudayakan,258
calono suapbudayakan pola,258
suapbudayakan pola hidup,258
pola hidup bersihbersatu,258
hidup bersihbersatu cegah,258
bersihbersatu cegah covid19,258
cegah covid19 rekrutmenpolri2020,258
covid19 rekrutmenpolri2020 bersatucegahcovid19,258
covid 19 may,257
repeat misleading claim,257
mortalidad pacientes graves,257
covid 19 covert,256
salvar vidas covid,256
imperial college london,255
19 covert id,255
oklahoma covid 19,254
drug covid 19,254
please take time,254
facts coronavirus infections,254
covid 19 rally,253
au covid 19,253
coronavirus hot spot,252
governors repeat misleading,252
know bible spoke,252
finally revealed coronavirus,252
covid 19 covid,251
rebrote covid 19,251
covid 19 dan,251
covert id heading,251
id heading towards,251
heading towards future,251
towards future cashless,251
future cashless society,251
usa northamerica cases,250
covid 19 patient,250
pathological liar amp,250
amp covid 19,249
new zealand longer,249
dopeydon tuesday reality,249
pence tell gov,249
coronavirus numberspromotes racism,249
numberspromotes racism amp,249
racism amp country,249
amp country divide,249
country divide 45m,249
divide 45m unemployed118k,249
45m unemployed118k dead,249
unemployed118k dead covid19,249
dead covid19 blowing,249
22 states pathological,249
states pathological liar,249
liar amp narcissist,249
covid 19 symptoms,248
help fight coronavirus,248
number god holy,247
god holy spirit,247
truth must read,247
19 recovery rate,246
take time read,246
steroid drug hailed,246
nigeria records 573,245
world health organization,245
pasien covid 19,245
hidden meaning finally,245
meaning finally revealed,245
despite covid 19,243
terdampak covid 19,243
alto contagio quedateencasa,243
number 666 hidden,243
666 hidden meaning,243
centuries people wondered,243
people wondered mystery,243
wondered mystery behind,243
mystery behind number,243
behind number god,243
holy spirit revealed,243
spirit revealed truth,243
revealed truth must,243
steroid dexamethasone reduces,243
situación covid 19,242
capitol business insider,242
meal vouchers summer,242
mask capitol business,241
573 new cases,241
nursing homes via,241
new cases reported,241
father dies complications,241
minister satyendar jain,241
tuesday reality checkconcealing,241
stimulus monies went,241
monies went trump,241
meaning behind 666,240
calculating 666 revealed,240
uk experts say,240
phase pretending coronavirus,239
dio positivo coronavirus,239
pressure mounts school,239
mounts school meal,239
re staying safe,239
news coronavirus covid19,238
900 mil casos,238
times also hope,238
read interesting article,238
interesting article concerning,238
meaning behind counting,238
dying covid 19,237
causa covid 19,237
ny nj ca,237
ever wondered meaning,237
wondered meaning behind,237
behind 666 wonder,237
666 wonder must,237
wonder must read,237
great day want,237
calculating 666 fascinating,237
hope re staying,237
mysterious meaning behind,237
meaning behind finally,237
behind finally revealed,237
15 06 2020,236
prevención covid 19,236
world poorest countries,236
covid 19 fight,236
reportedly urged governors,236
pass along article,236
along article believe,236
article believe everyone,236
believe everyone read,236
everyone read rfid,236
read rfid microchip,236
mark beast meaning,236
beast meaning behind,236
staying safe times,236
along absolute proof,236
us revokes emergency,235
father dies covid,235
coronavirus pressure mounts,235
safe times also,235
also hope ll,235
hope ll read,235
ll read interesting,235
article concerning hidden,235
concerning hidden meaning,235
behind counting fascinating,235
counting fascinating everyone,235
fascinating everyone read,235
coronavirus infections reports,235
current covid 19,234
lunes 15 junio,234
covid 19 transmission,234
enters phase pretending,234
masks social distancing,234
situation est extrêmement,234
ignored case numbers,233
pence reportedly urged,233
hope ve great,233
ve great day,233
day want share,233
want share interesting,233
share interesting article,233
interesting article read,233
article read concerning,233
read concerning rfid,233
concerning rfid microchip,233
pass along absolute,233
absolute proof rfid,233
behind calculating number,233
time read pass,233
read pass friends,233
pass friends family,233
friends family proof,233
family proof rfid,233
mark beast mysterious,233
beast mysterious meaning,233
governors ny nj,233
entertainment latest cultural,233
latest cultural coronavirus,233
deaths scientists say,233
drug hailed breakthrough,233
pela covid 19,232
times likely die,232
stay at home,232
covid19 positive cases,232
recommendations ignored case,232
200 000 people,232
dies complications covid,232
quedateencasa 16dejunio covid,232
rate covid 19,231
covid 19 na,231
tiempos covid 19,231
city enters phase,231
muertos covid 19,230
nuevos casos positivos,230
likely die covid,230
age covid 19,230
coronavirus third pupils,230
finally revealed covid19,230
mike pence reportedly,230
nj ca pa,230
death covid 19,229
coronavirus recommendations ignored,229
projects 200 000,229
sickest coronavirus patients,228
relief efforts via,228
trump tulsa rally,227
fanb gnbatuladosiempre 2dafasedeflexibilización,227
ministério da saúde,226
covid 19 en,225
global covid 19,225
amp 200 deaths,225
caught red handed,224
father dies coronavirus,224
bbc news mundo,223
past 24 hours,223
pandemic news coronavirus,223
democrat governors ny,223
covid 19 corona,222
daily cases increase,222
countries help fight,222
coronavirus cases reported,222
global pandemic news,222
coronavirus covid19 protests,222
health minister satyendar,222
reported today utc,221
today utc time,221
mike pence lies,221
world leaders suspend,221
leaders suspend debt,221
suspend debt repayments,221
covid 19 free,221
of covid 19,221
first covid 19,220
testing covid 19,220
think covid 19,220
ask world leaders,220
debt repayments world,220
repayments world poorest,220
poorest countries help,220
add voice onecampaign,220
voice onecampaign petition,220
onecampaign petition oneworld,220
seriously ill covid,220
gov lie coronavirus,220
pa sent letter,220
sent letter demanding,220
covid 19 hoax,219
12 times likely,219
tratamiento covid 19,219
top story coronavirus,219
model projects 200,219
governors lie citizens,219
recovery rate improves,219
take longer usual,219
trump pence tell,219
tell gov lie,219
lie coronavirus numberspromotes,219
covid19 blowing 22,219
blowing 22 states,219
sent sick covid,219
fight coronavirus add,218
total number cases,218
000 infected amp,218
casos positivos coronavirus,217
coronavirus add voice,217
use covid 19,217
term care facilities,217
parliament brazil break,217
wish end pandemic,217
end pandemic contradicts,217
care covid 19,216
numbers ahead trump,216
us covid 19,216
reduces risk death,216
ca pa sent,216
ignored protocols sent,216
protocols sent sick,216
19 cases deaths,215
patients underlying conditions,215
mike pence encouraged,215
dexamethasone reduces deaths,215
casos confirmados coronavirus,214
contact tracing app,214
tuesday june 16,214
related covid 19,214
rise covid 19,214
state governors lie,214
pandemic contradicts reality,214
fighting covid 19,213
wake covid 19,213
encourages state governors,213
letter demanding ignored,213
demanding ignored protocols,213
19 numbers ahead,212
19 di indonesia,212
conditions 12 times,212
slow spread covid19,212
pence encourages state,212
pence lies oklahoma,211
lies oklahoma covid,211
higher covid 19,211
second covid 19,211
worst case scenario,211
catch covid 19,211
claimed 000 infected,211
dexamethasone reduces death,211
reality checkconcealing 500b,211
checkconcealing 500b stimulus,211
500b stimulus monies,211
went trump pence,211
article amp reuters,210
dangers covid 19,209
covid 19 go,209
third pupils not,209
pupils not engaging,209
200 deaths covid19,209
trump wish end,209
case covid 19,207
covid 19 health,207
19 covid 19,207
not engaging work,207
brazil break hospital,207
researchers england say,207
presidente universidad católica,206
confirmed coronavirus cases,206
negative covid 19,206
news times india,206
lie citizens spikes,206
hospital claimed 000,206
testing positive covid,205
citizens spikes covid,205
red handed one,205
handed one person,205
calling coronavirus hoax,204
nas últimas 24,204
recovered covid 19,204
states see new,204
cut risk death,204
dexamethasone reduced deaths,204
scientists hail dexamethasone,204
12 times higher,203
universidad católica murcia,203
coronavirus second wave,203
impacted covid 19,202
ola covid 19,201
covid 19 china,201
two new covid,201
women test positive,201
por covid 19,201
contract covid 19,200
coronavirus contact tracing,200
break hospital claimed,200
16 06 20,200
help prevent deaths,200
drug reduces coronavirus,200
rep tom rice,199
nuevos casos covid19,199
number coronavirus cases,199
back new zealand,199
diputado chileno propuso,199
covid 19 back,198
covid 19 nas,198
new zealand records,198
infected amp 200,198
third severely ill,198
steroid reduces deaths,198
trasladar enfermos coronavirus,198
covid 19 hospitalizations,197
shutdown coronavirus might,197
might worse 1st,197
refused wear face,197
one person frauded,197
person frauded world,197
found help prevent,197
one third severely,197
hail dexamethasone major,197
alarm invasive kuwait,196
invasive kuwait bahrain,196
bahrain contact tracing,196
congressman tom rice,196
2nd shutdown coronavirus,196
coronavirus might worse,196
malaria drugs promoted,196
covid 19 kabupaten,196
tells governors repeat,196
momentos debe haber,196
debe haber 900,196
haber 900 mil,196
prevent deaths sickest,196
deaths sickest coronavirus,196
coronavirus alarm invasive,195
dead amp 40m,195
cure covid 19,195
covid 19 et,195
patients covid 19,195
ricardo baeza yates,195
two women test,195
badly hit covid,195
re looking get,195
full time employees,195
enfermos coronavirus argentina,195
daily covid 19,194
deaths covid19 amp,194
one clients badly,194
clients badly hit,194
19 re looking,194
looking get full,194
get full time,194
time employees hired,194
employees hired another,194
hired another company,194
another company contractual,194
company contractual basis,194
contractual basis months,194
basis months like,194
months like access,194
like access profiles,194
access profiles reach,194
misleading talking point,194
chileno propuso trasladar,194
dos nuevos casos,193
impacts covid 19,193
kuwait bahrain contact,193
rally calling coronavirus,193
100k dead amp,193
amidst covid 19,193
amp caught red,193
major breakthrough fight,193
steroid found help,193
report offers detailed,192
december 2019 refused,192
segunda ola covid,192
know jesus spoke,192
push misleading talking,192
use authorization hydroxychloroquine,191
lucha covid 19,191
covid 19 concerns,191
severe respiratory complications,191
urged governors push,191
governors push misleading,191
see new outbreaks,191
new outbreaks coronavirus,190
florida new coronavirus,190
patients severe respiratory,190
woman 15 friends,189
the covid 19,189
coronavirus via huffpostpol,189
read article covid19,189
primera guerra mundial,189
reduce mortalidad pacientes,189
covid 19 hospital,188
coronavirus live news,188
worse 1st prevent,188
people worldwide risk,188
covid 19 ini,188
talking point states,188
point states see,188
miami pauses reopening,188
new cdc report,187
200 000 october,187
china covid 19,187
underlying conditions 12,187
members parliament brazil,187
drug improve covid,187
cdc report offers,186
said would disappear,186
covid 19 global,186
150 264 casos,186
using covid 19,186
reopening florida new,186
otherwise healthy people,185
face mask house,185
handling covid 19,185
casos positivos covid19,185
coronaviruspandemic covid19india coronavirus,185
first drug proven,185
propuso trasladar enfermos,185
house floor weeks,184
bars restaurants close,184
refused listen american,183
listen american intelligence,183
american intelligence dangers,183
coronavirus hoax said,183
floor weeks ago,183
150 mil 264,183
19 cases rise,182
intelligence dangers covid,182
said control amp,182
amp said would,182
