gram,counts
covid 19 cases,4602
covid 19 pandemic,4515
due covid 19,2066
covid 19 vaccine,1971
positive covid 19,1856
casos covid 19,1851
new covid 19,1822
covid 19 deaths,1626
trump signs executive,1571
signs executive orders,1486
100 mil mortes,1476
100 mil mortos,1422
da covid 19,1240
coronavirus covid 19,1157
mortes covid 19,1097
cases covid 19,1038
covid 19 via,1019
covid 19 relief,1012
covid 19 recovery,996
covid 19 test,978
executive orders coronavirus,960
covid 19 patients,947
últimas 24 horas,943
covid 19 testing,903
covid 19 crisis,888
covid 19 death,884
covid 19 brasil,878
amid covid 19,875
hydroxychloroquine covid 19,847
mil mortes covid,797
pela covid 19,794
new coronavirus cases,790
muertes covid 19,789
credits hydroxychloroquine covid,780
dies covid 19,765
died covid 19,728
spread covid 19,711
covid 19 di,706
impact covid 19,706
pandemia covid 19,675
97 000 children,672
positivo covid 19,658
tested positive coronavirus,657
coronavirus live updates,641
test positive coronavirus,638
new york times,594
covid 19 signals,593
vacuna covid 19,592
signals end american,585
19 signals end,579
covid 19 outbreak,566
400 per week,554
08 08 2020,552
councilman paul vallone,552
negative covid 19,548
covid 19 response,546
contagios covid 19,539
paul vallone credits,539
vallone credits hydroxychloroquine,537
bbc news coronavirus,535
test positive covid,532
mortos covid 19,531
covid 19 coronavirus,528
covid 19 positive,528
coronavirus relief executive,527
nyc councilman paul,526
pandemi covid 19,522
last 24 hours,519
orders coronavirus relief,517
covid 19 hoax,511
nuevos casos coronavirus,507
end american rolling,506
american rolling stone,499
positive coronavirus two,499
covid 19 virus,497
tested positive covid,497
covid 19 tests,491
per week unemployment,491
reportedly test positive,487
children reportedly test,486
buruji kashamu dies,484
000 covid 19,483
coronavirus two weeks,483
new cases covid,482
000 children reportedly,482
covid 19 hit,480
senator buruji kashamu,480
two weeks schools,478
week unemployment payments,475
weeks schools gear,471
fight covid 19,470
marca 100 mil,468
covid 19 update,468
unemployment payments amid,466
payments amid covid,466
deaths covid 19,463
schools gear instruction,462
coronavirus stimulus talks,456
orders 400 per,454
get covid 19,447
positivos covid 19,445
nuevos casos covid,439
trump orders 400,439
crisis hits dems,436
initiating offline education,434
offline education amidst,434
education amidst covid19,434
signs executive actions,432
nationalize american owned,431
coronavirus nationalize american,429
american owned carmaker,429
wields coronavirus nationalize,427
relief executive orders,426
four executive orders,425
brasil supera 100,424
amid covid crisis,424
hits dems stonewalling,424
india mitega india,423
fallecidos covid 19,422
covid 19 través,422
china wields coronavirus,422
mitega india mitega,421
covid 19 lockdown,420
covid 19 em,420
positif covid 19,419
covid crisis hits,419
covid 19 restrictions,417
govt initiating offline,417
subsidio 15 000,415
19 recovery via,415
amid coronavirus pandemic,414
100 000 muertes,414
covid 19 concerns,412
big congratulations bhupeshbaghel,412
congratulations bhupeshbaghel sir,412
sir govt initiating,412
bhupeshbaghel sir govt,411
recovery via nypost,409
covid 19 situation,408
mid american conference,405
mil mortos covid,403
president donald trump,403
kashamu dies covid,399
covid 19 information,396
payroll tax cut,385
get well soon,384
pacientes covid 19,383
covid 19 covid19,375
coronavirus economic relief,369
coronavirus covid19 sarscov2,366
thought covid 19,363
new covid19 cases,362
covid 19 related,359
100 000 deaths,359
covid 19 case,358
congress coronavirus relief,358
approved covid 19,354
covid19 sarscov2 forecast,350
population coronavirus covid19,349
muertos covid 19,347
executive orders saturday,344
emergency room doctor,343
non approved covid,343
covid 19 amp,341
new death population,341
death population coronavirus,341
room doctor simone,341
doctor simone gold,341
posting non approved,340
mortos pela covid,338
simone gold posting,338
gold posting non,337
social security medicare,336
multiple false claims,336
covid 19 infections,335
19 information platform,334
freed jail amid,333
makes multiple false,333
covid 19 transmission,332
rape suspect kills,330
jail amid coronavirus,329
va rape suspect,329
suspect kills accuser,329
trump makes multiple,329
tests positive covid,328
covid 19 treatments,328
locks emergency room,328
entertain empower educate,325
empower educate talk,325
0208 090 2121,325
090 2121 hello,325
2121 hello fantasticradio,325
hello fantasticradio co,325
fantasticradio co uk,325
covid 19 vaccines,324
fauci says chance,322
coronavirus va rape,320
claims covid 19,320
amid coronavirus va,319
covid 19 impact,319
educate talk us,319
talk us 0208,319
us 0208 090,319
dio positivo coronavirus,318
twitter locks emergency,318
port du masque,317
coronavirus relief talks,315
moving around much,314
mais 100 mil,312
coronavirus relief bill,311
cases top million,311
americans moving around,311
tests negative covid,310
check trump makes,310
coronavirus death toll,309
fact check trump,309
around much taking,308
kills accuser report,304
kits safety concerns,304
response covid 19,303
amidst covid19 mission_3_5_8,303
covid19 mission_3_5_8 atmashakti,303
covid 19 aid,302
payroll tax holiday,300
coronaviruspandemic covid19india coronavirus,299
marginal isso um,297
isso um escárnio,297
um escárnio famoso,297
escárnio famoso infectologista,297
famoso infectologista francês,297
infectologista francês fala,297
francês fala da,297
fala da hcloroquina,297
bypass congress coronavirus,297
inviabilizar uso da,296
uso da hcloroquina,296
audiência desta quadrilha,296
desta quadrilha tutelou,296
quadrilha tutelou morte,296
tutelou morte milhões,296
post covid 19,295
da hcloroquina poder,295
hcloroquina poder audiência,295
poder audiência desta,295
false claims covid,295
disseminar inviabilizar uso,294
chinese communist party,293
help unemployed americans,293
sign coronavirus relief,292
19 hoax fell,291
contagio covid 19,290
trump signs four,287
children tested positive,286
crush virus vaccines,285
adaptasi kebiasaan baru,282
casos positivos covid,282
relief signs executive,282
virus vaccines arrive,281
mil mortos pela,281
trump sign coronavirus,281
orders saturday help,281
signs four executive,281
saturday help unemployed,280
relief therapeutics rlftf,278
therapeutics rlftf shows,278
much taking coronavirus,278
covid 19 spread,274
refuse coronavirus vaccine,274
key ending pandemic,274
confirmed covid 19,273
taking coronavirus expert,273
number covid 19,272
promise covid 19,271
000 children tested,271
new cases confirmed,269
rlftf shows promise,269
shows promise covid,269
covid 19 two,269
coronavirus expert says,269
councilman credits hydroxychloroquine,268
covid19 lost job,266
nyc councilman credits,266
virus covid 19,265
possible covid 19,265
despite coronavirus concerns,265
due covid19 lost,265
die covid 19,264
são 100 mil,263
orders coronavirus economic,262
sturgis motorcycle rally,261
fine jail people,261
mil mortos covid19,261
executive order coronavirus,261
000 deaths covid,261
covid 19 país,260
severe covid 19,260
covid 19 india,260
authority fine jail,259
jail people refuse,259
sign executive order,259
confirmados covid 19,258
lost job pls,258
job pls help,258
pls help secure,258
help secure job,258
97 000 kids,258
august 08 2020,257
people refuse coronavirus,257
many elderly left,257
tested covid 19,256
coronavirus cases top,256
hit many elderly,255
19 relief signs,255
states authority fine,254
000 muertes coronavirus,254
secure job one,254
recommendation change whole,254
change whole life,254
annual motorcycle rally,253
coronavirus vaccine attorney,253
familiares fallecidos coronavirus,251
covid 19 infection,250
mortes pela covid,250
elderly left die,250
kids test positive,250
gt gt gt,249
100 mil famílias,249
100 mil vidas,249
000 kids test,249
vaccine attorney says,248
dr anthony fauci,247
tests negative coronavirus,246
covid 19 data,245
tested positive covid19,244
19 two weeks,244
19 hit many,244
symptoms might key,244
might key ending,244
fase transmisión autóctona,241
new cases coronavirus,241
sir due covid19,241
us covid 19,240
released jail due,240
peaceful protest trump,240
covid 19 symptoms,239
pawns amp victims,239
supera 100 mil,239
morte milhões pessoas,239
milhões pessoas forma,239
tests positive coronavirus,238
rfid microchip mark,238
trump america failed,238
hello po konting,237
po konting tulong,237
konting tulong po,237
tulong po sana,237
po sana kahit,237
sana kahit konting,237
kahit konting barya,237
konting barya po,237
barya po sobrang,237
po sobrang laking,237
sobrang laking tulong,237
laking tulong na,237
tulong na po,237
sa magulang ko,237
magulang ko godbless,237
ko godbless po,237
stay safe kahit,237
safe kahit retweet,237
kahit retweet lang,237
retweet lang po,237
lang po sobra,237
po sobra kong,237
appreciated gcash number,237
gcash number 09151198529,237
du covid 19,237
motorcycle rally south,237
pacientes da covid,237
making go along,236
indiafightscorona stayhome staysafe,235
microchip mark beast,235
record coronavirus cases,235
two weeks report,235
gov mike dewine,234
na po sa,234
po stay safe,234
test kits safety,234
po sa magulang,233
godbless po stay,233
sobra kong appreciated,233
kong appreciated gcash,233
fall covid 19,233
forma acintosa marginal,233
acintosa marginal isso,233
weeks report says,233
signed executive orders,233
re making go,232
linked covid 19,231
globolixo tem ser,231
tem ser criminalizada,231
ser criminalizada disseminar,231
criminalizada disseminar inviabilizar,231
pessoas forma acintosa,231
stimulus talks stall,230
homeofpossibilities believeyourpossibilities buy,230
believeyourpossibilities buy song,230
co uk homeofpossibilities,230
uk homeofpossibilities believeyourpossibilities,230
american conference canceled,230
canceled football season,230
400 unemployment benefit,230
covid19 last days,229
last days stats,229
coronavirus indiafightscorona stayhome,229
com covid 19,229
go along trump,229
football season fall,229
covid19 bot covid19,228
bot covid19 last,228
covid19india coronavirus indiafightscorona,228
penyebaran covid 19,227
casos confirmados covid,227
killed two people,227
along trump america,227
recalls 750 000,227
know covid 19,225
salvou pacientes da,225
randox recalls 750,225
conference canceled football,225
season fall covid,225
lockdown killed two,224
two people every,224
people every three,224
every three died,224
kids back school,224
we re making,224
médica revela salvou,224
revela salvou pacientes,224
000 test kits,224
coronavirus executive orders,224
ahead despite coronavirus,223
pesos familiares fallecidos,223
penanganan covid 19,222
roars ahead despite,222
three died coronavirus,222
new york city,222
100 mil brasileiros,222
750 000 test,222
rally roars ahead,221
america failed covid,221
information platform via,221
covid 19 méxico,220
million covid 19,220
resurgence covid 19,220
failed covid test,219
platform via gatewaypundit,219
coronavirus infections symptoms,219
coronavirus coronavirusuk coronavirussa,219
reconsigap relawankemdikbud siapadaptasi,218
sets record coronavirus,218
people coronavirus infections,218
coronavirus face covering,217
benefit payroll tax,217
percent people coronavirus,217
19 death toll,216
sturgis rally roars,216
daily cases increase,216
unemployment benefit payroll,216
abhishek bachchan tests,215
coronavirus randox recalls,215
relief talks collapse,214
protect public health,214
reported today utc,213
today utc time,213
million coronavirus cases,213
executive orders enacting,213
protectourkids portectourteachers coronavirus,212
communist party wants,212
forty percent people,212
enacting 400 unemployment,212
rely upon trump,211
portectourteachers coronavirus pawns,211
coronavirus pawns amp,211
tax cut coronavirus,211
orders enacting 400,211
attempts bypass congress,210
deaths last days,209
mysterious resurgence covid,209
infections symptoms might,209
transmisión autóctona limitada,208
highly effective great,208
covid 19 vía,208
exclusivo médica revela,208
wants believe coronavirus,207
cut coronavirus stimulus,207
coronavirus disease 2019,206
yan chinese communist,206
party wants believe,206
believe coronavirus accident,206
pilkada serentak ini,206
2020 08 08,204
vaccine highly effective,204
covid 19 world,204
dewine tests negative,204
ohio gov mike,204
coronavirus deaths last,203
attend annual motorcycle,203
trump sign executive,203
test covid 19,202
health officials say,202
cure covid 19,202
mil mortes pela,202
last days australia,201
covid 19 could,201
dio positivo covid,201
thousands defy coronavirus,201
trump attempts bypass,201
covid 19 hospital,200
claim nj club,200
club members violating,200
violating coronavirus guidelines,200
it peaceful protest,200
mike dewine tests,200
hoax fell ill,200
19 death harvesting,200
death harvesting distorts,200
harvesting distorts improving,200
distorts improving reality,200
supera 100 000,200
coronavirus vaccine highly,199
risk covid 19,199
shoots reporter claim,199
reporter claim nj,199
nj club members,199
members violating coronavirus,199
chance coronavirus vaccine,199
vietnam mysterious resurgence,199
covid 19 economic,198
hispanic black children,198
face covering use,198
coronavirus guidelines it,198
guidelines it peaceful,198
covering use expanded,197
use expanded england,197
contagiados covid 19,197
coronavirus vietnam mysterious,197
coronavirusupdate covid19 coronaviruspandemic,197
jail due covid,197
covid 19 complications,197
gmt coronavirus coronavirusupdate,196
coronavirus coronavirusupdate covid19,196
000 muertes covid,196
defy coronavirus attend,196
coronavirus attend annual,196
due coronavirus pandemic,195
expanded england scotland,195
trump shoots reporter,195
says chance coronavirus,195
nuevos casos positivos,195
order coronavirus relief,195
minyak kayu putih,194
dr fauci says,194
covid 19 rapid,194
people covid 19,194
covid19 são 100,194
corrupt covid 19,194
improving reality state,194
reality state florida,194
live updates latest,193
updates latest news,193
american academy pediatrics,192
covid 19 safety,192
dying covid 19,192
hardball coronavirus relief,192
unemployed americans others,192
70canada 37france 51germany,191
37france 51germany 49italy,191
rape suspect freed,191
single day spike,191
wear face mask,191
15 000 pesos,191
16 year old,191
mortos covid19 são,191
mil famílias amigos,191
famílias amigos amigas,191
amigos amigas enlutadas,191
playing hardball coronavirus,191
australia 70canada 37france,190
confirmed coronavirus cases,190
coronavirus pandemic via,190
mail in voting,190
meaning behind calculating,190
trump payroll tax,190
15 000 familias,190
forabol卐onarogenocida foramourão cassaçãodachapajá,190
foramourão cassaçãodachapajá eleiçõesgerais,190
cassaçãodachapajá eleiçõesgerais com,190
eleiçõesgerais com lulalivreecandidato,190
public health environment,190
coronavirus relief thinks,190
51germany 49italy 55japan,189
49italy 55japan 27spain,189
total number cases,189
cancel compartment exam,189
must read article,189
hidden meaning behind,189
latest news analysis,188
cdcgov must extend,188
environment covid19 cruiseships,188
days australia 70canada,187
55japan 27spain 57sweden,187
27spain 57sweden 27uk,187
top health officials,187
propagación covid 19,186
pruebas covid 19,186
covid 19 going,186
covid 19 numbers,186
chose thousands defy,186
diseases like coronavirus,186
owned carmaker foxbusiness,186
commitment protect public,186
pelosi playing hardball,186
covid 19 guidelines,185
anthony fauci says,185
través voz tos,185
must extend nosailorder,185
demonstrate commitment protect,185
health environment covid19,185
state election boards,185
extend nosailorder cruise,184
nosailorder cruise ships,184
cruise ships demonstrate,184
ships demonstrate commitment,184
relief thinks win,184
flouts coronavirus guidelines,184
scrutinizing sign etc,184
election boards countryoverparty,184
boards countryoverparty election2020,184
countryoverparty election2020 uscensus,184
election2020 uscensus covid19,184
uma tragédia proporções,183
cette médecine asphyxie,183
médecine asphyxie thérapeutique,183
asphyxie thérapeutique qui,183
thérapeutique qui sous,183
qui sous oxygène,183
sous oxygène démocratie,183
oxygène démocratie et,183
démocratie et esprit,183
et esprit critiquepour,183
esprit critiquepour mieux,183
critiquepour mieux masquer,183
mieux masquer tous,183
masquer tous ces,183
tous ces peuples,183
ces peuples immuno,183
peuples immuno réprimés,183
immuno réprimés par,183
réprimés par peurjusqu,183
par peurjusqu vaccination,183
peurjusqu vaccination totalitaire,183
vaccination totalitaire prônée,183
totalitaire prônée par,183
prônée par dieu,183
par dieu fric,183
india covid 19,182
europe top health,182
congress new executive,182
officials say masks,181
masks helpful beating,181
causa covid 19,181
signs executive order,181
amigas enlutadas uma,181
enlutadas uma tragédia,181
tragédia proporções avassaladoras,181
proporções avassaladoras descaso,181
avassaladoras descaso absoluto,181
descaso absoluto com,181
absoluto com vida,181
com vida humana,181
trump flouts coronavirus,181
spending powers congress,181
like covid 19,180
say masks helpful,180
tax spending powers,180
powers congress new,180
covid 19 updates,179
vaksin covid 19,179
covid 19 still,179
beating covid 19,179
since covid 19,179
covid 19 video,179
attempts wrest tax,179
lost job due,178
helpful beating covid,178
000 coronavirus deaths,178
casos positivos coronavirus,178
wrest tax spending,178
new executive actions,178
57sweden 27uk 414us,177
cashless society know,177
total confirmed cases,176
usa northamerica cases,176
orders covid 19,176
covid 19 veja,176
coronavirus guidelines golf,176
160 000 americans,175
caso covid 19,175
covid 19 real,174
infected covid 19,174
covid 19 outbreaks,174
year old daughter,174
guidelines golf club,174
covid 19 dan,173
despite covid 19,173
positive coronavirus july,173
union minister arjun,173
murders maryland man,173
covid 19 found,172
mil muertes covid,172
kasus covid 19,172
19 vaccine may,172
already dealt blow,172
social security finances,172
000 pesos familiares,172
eternal place satlok,172
criminal released jail,172
19 concerns murders,172
concerns murders maryland,172
27uk 414us 189,171
tax holiday could,171
district says 100,171
like coronavirus eternal,171
coronavirus eternal place,171
place satlok used,171
satlok used live,171
used live left,171
live left came,171
left came kaal,171
job one recommendation,171
one recommendation change,171
victim 16 year,171
treatment covid 19,170
pelo covid 19,170
brazil covid 19,170
covid 19 stimulus,170
school district says,170
says 100 students,170
100 students staff,170
trump gop protectourkids,170
gop protectourkids portectourteachers,170
maryland man victim,170
man victim 16,170
old daughter witnessed,170
daughter witnessed attack,170
19 veja vídeo,169
upon trump gop,169
extending unemployment benefits,169
repeat criminal released,169
trump attempts wrest,169
teamtrump realdonaldtrump tvanews,168
tests covid 19,168
dealt blow social,168
reach 100 000,168
mil vidas perdidas,168
covid 19 treatment,167
sábado agosto 2020,167
orders coronavirus aid,167
blow social security,167
protest trump flouts,167
covid 19 yang,166
2019 covid 19,166
security finances trump,166
100 mil pessoas,166
100 000 mortos,166
grim prediction coronavirus,166
golf club gathering,166
free covid 19,165
slow spread covid19,165
covid 19 prevention,165
finances trump payroll,165
amp victims republicans,165
victims republicans 01,165
republicans 01 20,165
india serum institute,164
fighting covid 19,164
immune system might,164
coronavirus already dealt,164
cases trend04 aug,164
19 via youtube,163
past 24 hours,163
peak covid 19,163
bachchan tests negative,163
calling peaceful protest,163
covid 19 protocols,162
transmission new zealand,162
executive orders covid,162
expert grim prediction,162
control covid 19,161
sign executive orders,161
hit covid 19,161
democrats want use,160
new immune system,160
system might still,160
might still recognize,160
nobirthdeath_in_satlokthere diseases like,160
without covid 19,159
seven year old,159
coronavirus relief via,159
warns covid 19,159
coronavirus new immune,159
cant rely upon,159
want use coronavirus,159
óbitos covid 19100mil,159
covid 19100mil óbitos,159
19100mil óbitos covid,159
first covid 19,158
covid 19 hot,158
holiday could make,158
vaccine expert grim,158
arjun ram meghwal,158
signs coronavirus relief,158
trump signs coronavirus,158
rare syndrome linked,157
syndrome linked covid,157
covid 19 plasma,157
crisis covid 19,157
vítimas da covid,157
dans certaines zones,157
08 08 20,156
covid 19 new,156
effective not great,156
coronavirus aid bill,156
covid 19 venezuela,156
coronavirus july 16,156
executive orders extending,156
help slow spread,155
bill steal election,155
covid 19 changed,154
detectar covid 19,154
personas covid 19,154
brote covid 19,154
uniónycompromisopatriótico elregresodelnecio vamosdarioapasodevencedores,154
000 americans dead,153
covid 19 mundo,153
от covid 19,153
contre covid 19,153
could make worse,153
public health foundation,153
health foundation india,153
mid september risking,153
september risking lives,153
risking lives students,153
believe antidote covid,153
found nearly 600,152
children almost immune,152
covid 19 report,152
foundation india several,152
india several reports,152
several reports suggesting,152
reports suggesting peak,152
india come mid,152
come mid september,152
lives students peak,152
students peak epidemic,152
peak epidemic smart,152
epidemic smart decision,152
trump signed executive,152
want steal election,152
serum institute pledges,151
institute pledges sell,151
pledges sell 100m,151
sell 100m doses,151
100m doses possible,151
doses possible covid,151
covid 19 may,151
use coronavirus aid,151
covid19 positive cases,151
covid 19 testi,151
unemployment benefits negotiations,151
get back next,151
back next fall,151
total covid 19,150
suggesting peak covid,150
19 india come,150
trump democrats want,150
หน ากากอนาม ยพร,149
ากากอนาม ยพร อมส,149
effects covid 19,149
health care workers,149
talks congress break,149
100 000 mortes,149
buffett buys back,149
covid 19 tally,148
recovered covid 19,148
elimination covid 19,148
000 familias fallecidos,148
well coronavirus deaths,147
19 found nearly,147
19 hot spot,147
covid 19 mortality,147
last ditch talks,147
dos 100 mil,147
smart decision र_सत,147
decision र_सत रह,147
otorgará subsidio 15,147
combate ao covid19,147
bolsonaro100mil forabol卐onarogenocida foramourão,147
หน ากากอนาม ยราคาถ,146
trump covid 19,146
youngest covid 19,146
covid 19 na,146
think covid 19,146
20 88 612,146
aid bill steal,146
covid 19 negative,145
sign coronavirus executive,145
coronavirus severely restricts,144
disease 2019 covid,144
case covid 19,144
president trump signs,144
handling covid 19,143
towards cashless society,143
refuse covid 19,143
19 transmission new,143
habana fase transmisión,143
severely restricts antarctic,143
100 000 muertos,143
trump well coronavirus,143
federal covid 19,143
dr yan chinese,143
holding stimulus talks,143
stimulus talks hostage,143
per 100 000,142
deliver copy officials,142
coronavirus relief package,142
familias fallecidos coronavirus,142
new aid package,142
otorgan subsidio 15,142
hydroxychloroquine saved life,142
election president trump,142
time covid 19,141
covid 19 vaccination,141
07 08 2020,141
restricts antarctic science,141
2020 covid 19,141
160 000 dead,141
coronavirus covidー19 coronavirusourtbreak,141
covid 19 event,141
triste marca 100,141
vida humana bolsonaro100mil,141
humana bolsonaro100mil forabol卐onarogenocida,141
president trump rips,141
talks hostage announces,141
executive orders video,141
134 nuevos casos,141
make coronavirus vaccine,140
disease covid 19,140
covidー19 coronavirusourtbreak thewiderwiserview,140
confirmed covid19 cases,140
ditch talks new,140
talks new aid,140
aid package us,140
package us economy,140
resort region became,140
masks made mandatory,140
buffett berkshire hathaway,140
executive orders providing,140
rips pelosi schumer,140
asintomáticos covid 19,139
nuevos casos covid19,139
spending 150 million,139
trump rips pelosi,139
orders talks congress,139
penularan covid 19,138
successful elimination covid,138
freed jail coronavirus,138
masks social distancing,138
economic relief via,138
gobierno otorgará subsidio,138
punishes warren buffett,138
new coronavirus rescue,138
steal election president,138
called covid 19,137
19 rapid testing,137
economic relief talks,137
dead covid 19,137
mil mortos pelo,137
us economy fail,137
rally south dakota,137
deaths coronavirus pandemic,137
coronavirus rescue package,137
warren buffett berkshire,137
berkshire hathaway takes,137
milestone 100 000,137
executive orders economic,137
three months later,136
coronavirus likely superspread,136
coronavirus aid talks,136
