gram,counts
covid 19,199392
press conference,7322
19 pandemic,6788
coronavirus covid19,6604
19 cases,6222
coronavirus pandemic,6181
covid19 coronavirus,5771
donald trump,5506
capitol hill,5263
viral video,5159
coronavirus cases,4399
coronavirus press,4340
new cases,4316
doctors capitol,4168
hill coronavirus,4155
video doctors,4127
19 vaccine,4103
google youtube,4011
trump jr,4001
youtube twitter,3747
19 misinformation,3676
facebook google,3530
twitter censor,3502
censor viral,3470
positive covid,3438
covid19 pandemic,3362
new covid,3199
via breitbartnews,3155
due covid,3138
coronavirus relief,3060
19 patients,2983
casos covid,2862
nuevos casos,2839
tested positive,2837
via youtube,2594
american doctors,2582
address covid,2531
doctors address,2526
frontline doctors,2488
positive coronavirus,2441
coronavirus vaccine,2433
19 relief,2404
public health,2347
19 via,2254
social media,2227
150 000,2218
real madrid,2202
social distancing,2199
coronavirus outbreak,2195
conference via,2181
stella immanuel,2177
covid19 cases,2157
casos coronavirus,2138
wear mask,2135
new coronavirus,2069
coronavirus covid,2067
bill gates,2042
florida man,2005
cure covid,2003
dr fauci,2002
tests positive,1997
new york,1972
president trump,1907
july 28,1905
test positive,1898
19 outbreak,1814
19 deaths,1812
white house,1781
second wave,1776
due covid19,1759
24 horas,1733
gon na,1708
19 testing,1682
relief bill,1675
pandemia coronavirus,1655
coronavirus deaths,1650
demon sperm,1627
dr stella,1604
death rate,1597
united states,1595
scotus press,1586
fbi building,1566
misinformation scotus,1542
death toll,1533
news coronavirus,1528
amid coronavirus,1525
due coronavirus,1519
positivo covid,1495
facebook twitter,1488
coronavirus bill,1486
alien dna,1485
relief funds,1466
cure covid19,1459
casos positivos,1456
19 cure,1449
sars cov,1437
american people,1436
da covid,1420
28 julio,1413
key defeating,1376
miami marlins,1366
gop coronavirus,1355
pandemia covid,1354
defeating covid,1353
19 crisis,1351
28 2020,1346
positivo coronavirus,1331
19 di,1322
amid covid,1297
fake news,1284
últimas 24,1284
aged care,1284
19 already,1281
jr account,1271
24 hours,1267
need start,1264
already exists,1259
start using,1243
bbc news,1238
casos confirmados,1237
confirmed cases,1236
cases covid,1229
wearing mask,1226
coronavirus crisis,1219
gt gt,1217
19 treatment,1213
many people,1204
exists need,1201
new fbi,1193
twitter youtube,1183
28 07,1178
covid19 patients,1161
impact covid,1160
pandemia covid19,1159
nursing homes,1141
boris johnson,1137
long term,1133
active cases,1130
new deaths,1108
19 test,1082
america frontline,1073
study finds,1071
19 death,1068
stay safe,1061
vacuna covid,1047
looks like,1046
10 000,1043
spread covid,1028
health care,1025
19 response,1024
stay home,1017
via gatewaypundit,1017
covid19 vaccine,1015
hong kong,1008
positive cases,1006
year old,998
treatment covid,997
live updates,987
07 2020,971
coronavirus aid,965
corona virus,965
using opinion,965
false coronavirus,965
big pharma,959
novel coronavirus,955
trump new,955
wear masks,954
fight covid,946
face masks,945
spread covid19,942
go back,933
coronavirus response,930
spread coronavirus,930
conference bitchute,928
casos covid19,925
using covid,919
cure coronavirus,917
around world,908
man accused,902
accused using,897
last week,894
pacientes covid,879
july 2020,874
75 billion,870
bill includes,864
coronavirus update,857
covid19 covid,855
disinformation campaign,854
join us,847
relief package,845
new covid19,844
wearing masks,843
19 video,843
people died,841
coronavirus live,841
19 case,837
dna demon,837
doctor believes,836
trump administration,827
19 doctor,827
da positivo,822
corona covid19,822
covid19 corona,821
good news,819
people die,818
coronavirus stimulus,809
dio positivo,805
whitehouse realdonaldtrump,803
contagios covid,802
casos nuevos,801
mental health,801
senate gop,800
coronavirus patients,793
contact tracing,790
global pandemic,788
19 virus,786
total cases,782
100 000,780
save lives,775
believes alien,775
19 tests,773
people dying,770
19 coronavirus,770
get covid,768
lives matter,768
back school,765
coronavirus via,765
cult selfishness,761
make sure,760
positive covid19,759
30 000,758
coronavirus claims,753
every day,745
india mitega,742
vacuna coronavirus,739
south africa,738
19 update,732
julio 2020,724
coronavirus lockdown,721
rodrigo rodrigues,721
mitega india,721
anthony fauci,719
000 americans,718
side effects,717
pandemi covid,712
white coat,712
deletes video,711
covid19 deaths,710
hydroxychloroquine zinc,709
cases reported,709
nuevos contagios,708
coronavirus infection,705
need help,703
died covid,701
000 people,701
face mask,701
henry ford,701
total number,698
immanuel trump,694
treating covid,693
sperm hydroxychloroquine,691
19 bill,689
positif covid,689
trump coronavirus,684
help us,682
please help,679
du coronavirus,679
per day,679
test results,677
crisis coronavirus,676
coat summit,675
black lives,674
task force,673
ag barr,672
hydroxychloroquine cure,664
coronavirus death,664
covid19 amp,661
get back,660
cartilla covid,660
two weeks,655
coronavirus trump,654
fight covid19,653
cases coronavirus,652
purchase lamborghini,650
last 24,648
response covid,648
one day,647
first time,646
covid19 hydroxychloroquine,642
loved ones,641
one big,641
uk economy,640
making false,639
contagios coronavirus,638
health officials,637
covid19 crisis,637
covid_19 coronavirus,637
19 amp,635
coronavirus cure,635
back work,634
positivos covid,634
funds purchase,631
15 lakh,630
covid covid19,629
coronavirus testing,628
covid19 covidー19,625
post covid,624
big tech,623
died coronavirus,622
penyebaran covid,622
front line,621
hydroxychloroquine covid19,618
fox news,618
coronavirus disease,617
hill press,616
19 infection,614
double shock,613
get coronavirus,611
life saving,608
cases covid19,608
july 27,607
health system,607
deliver double,604
nursing home,603
killing america,602
protokol kesehatan,599
washington post,598
selfishness killing,596
senate republicans,592
coronavirus corona,591
single day,591
19 positive,589
ford health,588
shock uk,588
jul 28,587
look like,586
brexit deliver,584
hydroxychloroquine works,582
wan na,582
big wave,581
videos doctors,577
14 days,576
china virus,574
months ago,573
19 disinformation,571
coronavirus argentina,571
top story,570
york times,569
false claims,569
fauci says,567
américa latina,567
fight coronavirus,566
trump pushes,565
coronavirus fears,565
gop covid,563
says covid,562
marlins season,561
economy study,561
mariano diaz,561
19 infections,558
fatality rate,557
19 em,557
president donald,556
pres trump,556
covid19 tuesdayvibes,554
twitter censors,554
19 impact,553
unemployment benefits,552
watch live,552
cases deaths,552
19 lockdown,552
false information,552
sign petition,549
doctors hold,548
ministerio salud,548
casos activos,546
coronavirus btsiscoming,546
btsarmy btsarmypakistan,545
positivo covid19,543
small businesses,543
locks breitbart,542
jungkook btsarmy,542
joe biden,541
get tested,540
impact covid19,540
senatemajldr mcconnellpress,540
trump shared,540
clinical trials,538
breitbart account,538
got ta,537
cures covid,536
coronavirus video,536
waqarzaka imrankhanresigndo,535
muertes covid,534
health crisis,534
new normal,533
national security,533
people need,533
censors videos,533
btsarmypakistan waqarzaka,533
conference locks,532
care homes,531
treat covid,530
need know,530
covid coronavirus,529
btsworld coronavirus,528
mil casos,527
abc news,527
conspiracy theories,527
go away,526
twitter facebook,525
high risk,524
would like,524
million covid,523
000 deaths,522
suspends donald,522
use hydroxychloroquine,521
vacina covid,521
2020 season,520
19 symptoms,520
kebiasaan baru,520
twitter limits,520
new post,519
twitter suspends,518
massive covid,517
covid19 sarscov2,517
post covid19,516
com covid,516
testing positive,515
bought lamborghini,512
twitter temporarily,512
restricts donald,512
us coronavirus,509
years ago,509
jr posting,509
contagios covid19,508
coronavirus infections,507
washington dc,506
dispel massive,506
stop spread,506
account covid,506
coronavirus news,505
wash hands,503
exaarmy btsworld,503
adaptasi kebiasaan,502
imrankhanresignkaro exaarmy,502
2020 07,501
experts say,501
new death,501
muertes coronavirus,500
fbi headquarters,499
het coronavirus,497
aim dispel,495
die covid,494
misinformation capitol,493
deaths reported,493
even though,491
ee uu,489
martes 28,487
in person,487
people get,484
twitter restricts,484
coronavirus uk,483
pandemic covid19,482
surveillance planes,482
frontline physicians,481
fight back,481
new study,480
nuevo coronavirus,480
vaksin covid,480
kabupaten cilacap,480
billion fbi,479
twitter penalizes,479
died covid19,477
wave coronavirus,476
twitter jack,476
apache helicopters,474
covid19 covid_19,474
india covid,474
get covid19,474
19 restrictions,474
twitter account,474
covid19 relief,473
000 dead,472
penalizes donald,472
vaccine trial,471
federal government,470
coronavirus hoax,470
people like,470
19 hoax,469
covid19 positive,469
tell us,468
amp need,468
test covid,467
covid19 lockdown,466
coronavirus updates,466
armored vehicles,465
lost job,465
health department,464
prime minister,464
of the,464
28 july,463
immune system,463
reino unido,463
coronavirus misinformation,462
people covid,462
du covid,461
19 situation,460
cases confirmed,460
missile defense,459
total deaths,459
physicians aim,459
dr anthony,458
corona coronavirus,457
relief loans,456
vaccine candidate,455
petition via,454
duas semanas,454
alcalde medellín,454
coronavirus españa,454
covid19 virus,453
healthcareheroes covid19,453
covid19 testing,451
coronavirus outbreaks,450
high school,449
herd immunity,448
young people,448
trump says,448
champions league,447
watch video,446
000 000,445
hydroxychloroquine effective,444
nigerian doctor,444
19 data,444
across country,443
take care,443
response coronavirus,442
coronavirus restrictions,441
il coronavirus,441
in the,441
since march,439
treatment covid19,439
click link,437
19 covid19,437
coronavirus briefing,437
coronavirus tests,436
medical center,436
anti mask,436
nouveaux cas,436
breaking news,435
pm modi,435
drug covid,435
pandemic one,434
killing people,434
johnson warns,433
millón empleos,432
hydroxychloroquine cures,431
misinformation covid,431
covid19 senatemajldr,429
open schools,428
billion 35s,428
19 related,428
facebook youtube,428
mitch mcconnell,427
19 través,427
via change,427
study shows,427
last days,426
response covid19,426
seems like,425
du covid19,424
s3599 healsact,424
planes 375,423
sars coronavirus,423
health ministry,423
coronavirus covid_19,423
sounds like,422
common cold,421
il covid19,420
billion surveillance,419
375 million,419
limits donald,419
vehicles 360,418
reported today,417
pruebas covid,417
use coronavirus,416
hydroxychloroquine misinformation,416
19 hydroxychloroquine,415
360 million,414
back normal,414
group amp,414
police amp,414
coronavirus test,413
breaking american,413
amp pres,413
last year,413
posting hydroxychloroquine,413
stayhome staysafe,412
million armored,412
35s 75,411
building billion,411
million missile,410
namo app,410
covid19 hate,410
27 julio,409
44 mil,409
clinical trial,409
covid19 test,409
social distance,408
hate group,408
million people,407
covid19 cure,407
nuevas muertes,406
slow spread,406
population coronavirus,406
feel like,406
หน ากากอนาม,406
aumento casos,405
work home,405
covid19 response,405
mariano díaz,405
infected coronavirus,404
mask wearing,404
organization funded,404
clinton biden,404
barr police,404
defense 283,403
buy lamborghini,403
major league,403
dado positivo,403
manchester city,403
resist organization,403
demarcate isis,403
isis clinton,403
biden saros,403
saros sodalist,403
sodalist covid19,403
sodalist invitation,403
invitation force,403
via nbcnews,402
coronavirus india,402
america coronavirus,402
14 83,402
want know,402
est pas,401
misinformation amid,401
lied american,400
prevent spread,400
german officials,400
coronavirus coronavirus,399
includes billion,399
coronavirus vaccines,399
virus covid,399
sarscov2 forecast,399
juli 2020,398
conspiracy theory,398
get sick,398
hydroxychloroquine use,398
283 million,397
number cases,397
says hydroxychloroquine,397
marlins coronavirus,396
segunda ola,396
youtube facebook,395
covid patients,394
madrid mariano,394
death population,391
million apache,390
health amp,390
video us,390
daily thanks,390
andrea bocelli,390
effective treatment,390
reopening schools,389
fallecidos covid,389
says coronavirus,388
next year,387
americans died,387
executive order,387
video promoted,387
stimulus package,386
vaccine trials,386
face coverings,386
positivos coronavirus,386
pubgban imrankhanresignkaro,386
pandemic via,385
recovery rate,385
cornynliedtexansdied covid19,385
rising cases,384
got million,383
unproven drug,383
league baseball,382
penanganan covid,382
000 casos,382
trump hydroxychloroquine,381
19 including,381
family members,381
common sense,380
god bless,379
heals act,378
confirmed covid,378
mortality rate,378
pfizer biontech,377
americans dead,377
treating coronavirus,376
border wall,376
come back,375
última hora,375
promoted trump,375
trump said,373
suspended twitter,373
heart damage,371
com força,371
healthcare workers,370
let us,370
number covid,369
cases rise,369
muertos covid,369
got coronavirus,369
19 public,369
costa rica,367
pandemic news,367
time american,367
millions facing,366
social security,366
deaths covid19,366
cada vez,365
19 recovery,365
claims coronavirus,365
19 emergency,364
trump fight,364
need stopped,364
covid19india coronavirus,363
long time,363
cases today,363
stella emmanuel,362
force time,362
jack donaldjtrumpjr,362
security adviser,361
let get,361
die covid19,361
health safety,361
pm et,361
truth covid,360
treating covid19,360
coronavirus related,360
severe covid,359
us frontline,359
28 juli,359
reality covid,359
matter resist,359
funded demarcate,359
stopped stand,359
stand ag,359
back sodalist,359
people fightback,359
late stage,358
via yahoonews,358
da covid19,358
signs second,358
anyone else,357
loudobbs realdonaldtrump,356
imrankhanresigndo pubgban,355
helicopters millions,354
hydroxychloroquine covid,354
working home,354
experimental covid,354
19 patient,354
covid cases,353
segundo trimestre,353
six months,353
shared video,353
twitter deletes,353
spread virus,350
tested covid,350
19 economic,350
sa mga,350
deaths per,349
facebook deletes,348
dispel misinformation,348
schools reopen,348
dying covid,348
pushes unproven,348
mask mandate,347
coronavirus covidー19,347
dc dispel,347
saving hcq,347
19 concerns,347
10 days,346
sex demons,346
facing eviction,345
diagnosed covid,345
hcq treatments,345
department health,345
daily cases,345
au coronavirus,345
people color,345
19 conspiracy,345
tuesday july,345
di indonesia,344
hold presser,344
including attacks,344
via usatoday,344
hcq treatment,344
attacks life,343
covid19 outbreak,343
handling coronavirus,343
presser washington,342
pentagon projects,342
wear face,341
mlb season,340
da pandemia,340
massive disinformation,339
600 000,338
weeks ago,338
muertos coronavirus,338
india coronavirus,337
amid covid19,337
qu il,337
covid19 cornynliedtexansdied,337
people still,336
19 spread,336
virus covid19,336
potus realdonaldtrump,336
said tuesday,336
bringing total,336
concerned rising,336
dies coronavirus,335
tuesdayvibes coronavirus,335
jr twitter,335
going back,334
one thing,334
07 28,334
não tem,331
coronavirus german,331
money pentagon,331
27 2020,330
senatorboxer dccc,330
right wing,330
essential workers,330
uji klinis,330
realdonaldtrump foxandfriends,330
covid19 bot,329
health emergency,329
doctor says,329
makes sense,329
well done,328
response looks,328
novos casos,328
coronavirus numbers,328
coronaviruspandemic covid19india,327
19 still,327
19 vaccines,327
people want,327
the coronavirus,326
kasus covid,326
news via,326
positivity rate,326
50 000,326
27 07,325
trump amp,325
great news,325
deaths coronavirus,324
coronavirus concerns,324
brote coronavirus,324
via googlenews,324
english language,324
small business,323
people covid19,323
risk covid,323
prueba covid,323
wave seasonal,323
update facebook,322
19 país,322
covid19 last,321
co uk,321
truth covid19,321
climate change,321
covid19 protests,321
meu deus,321
july 29,321
this is,321
get well,320
north korea,320
malaria drug,320
great job,320
realdonaldtrump potus,319
want see,319
patients covid,319
covidー19 coronavirus,319
19 vía,319
gustan climas,319
world news,318
days ago,318
coronavirus case,318
rest world,318
jr suspended,318
line doctors,317
good morning,317
covid_19 covid19,317
crisis covid19,317
account via,317
vacuna covid19,316
salud pública,316
state health,316
without work,316
every single,315
realdonaldtrump trump,315
trump right,315
must watch,315
us covid,313
called coronavirus,313
19 numbers,313
coronavirus boris,313
face covering,313
supreme court,312
pandemic coronavirus,312
many americans,312
projects trump,312
please read,311
re going,311
hand sanitizer,311
cure via,311
replaces money,311
officials say,310
like covid,310
welcome back,310
amp covid,310
twitter removes,310
null void,310
healsact healthcareheroes,310
bill replaces,310
000 covid,309
doctors making,309
thank god,308
take action,308
south korea,308
mortes covid,308
19 surge,307
get rid,307
latest coronavirus,307
new daily,307
via gofundme,307
trump raided,307
via nytimes,306
disease 2019,306
workers need,306
every time,305
please share,305
millions people,305
twitter google,305
raided border,305
coronavirus spread,304
deaths covid,304
btsarmypakistan jungkook,304
north carolina,303
talk us,303
nuovi casi,303
people go,303
cases india,303
right thing,303
coronavirus través,303
information coronavirus,303
mercy medical,302
staying home,302
could help,302
last night,302
full video,302
treat covid19,302
coronavirus disinformation,302
pls help,301
second coronavirus,301
video making,301
help people,300
since covid,300
treatment hydroxychloroquine,300
work due,300
looking forward,300
us covid19,300
free covid,300
frente covid,300
btsiscoming barieidballayballay,300
potent inhibitor,299
approval rating,299
successful hcq,299
posts viral,298
video successful,298
puede ser,297
di kabupaten,297
coronavirus could,297
marlins players,297
giants remove,297
very concerned,297
covid19 blacklivesmatter,296
entertain empower,296
empower educate,296
educate talk,296
0208 090,296
090 2121,296
2121 hello,296
