gram,counts
covid 19 pandemic,6777
covid 19 cases,6200
doctors capitol hill,4165
capitol hill coronavirus,4145
coronavirus press conference,4144
hill coronavirus press,4117
covid 19 vaccine,4090
viral video doctors,3727
covid 19 misinformation,3675
video doctors capitol,3570
google youtube twitter,3530
censor viral video,3468
youtube twitter censor,3463
facebook google youtube,3462
twitter censor viral,3454
donald trump jr,3302
positive covid 19,3299
new covid 19,3008
due covid 19,2993
covid 19 patients,2974
casos covid 19,2734
address covid 19,2525
doctors address covid,2440
covid 19 relief,2401
covid 19 via,2248
american doctors address,2185
press conference via,2180
conference via breitbartnews,2154
covid 19 outbreak,1813
covid 19 deaths,1789
covid 19 testing,1671
cure covid 19,1594
scotus press conference,1572
misinformation scotus press,1536
19 misinformation scotus,1510
coronavirus covid 19,1478
covid 19 cure,1438
positivo covid 19,1425
defeating covid 19,1348
covid 19 crisis,1347
da covid 19,1337
key defeating covid,1320
covid 19 di,1317
pandemia covid 19,1316
covid 19 already,1281
amid covid 19,1249
trump jr account,1245
últimas 24 horas,1218
19 already exists,1214
covid 19 treatment,1206
need start using,1203
already exists need,1199
exists need start,1199
cases covid 19,1195
impact covid 19,1122
covid 19 test,1076
covid 19 death,1061
america frontline doctors,1057
facebook twitter youtube,1038
19 relief funds,1021
covid 19 response,1019
dr stella immanuel,1010
vacuna covid 19,1005
tests positive covid,973
start using opinion,965
coronavirus relief bill,943
treatment covid 19,937
spread covid 19,937
press conference bitchute,928
new coronavirus cases,906
using covid 19,905
tested positive covid,900
july 28 2020,898
man accused using,866
fight covid 19,859
florida man accused,856
pacientes covid 19,851
amid coronavirus pandemic,845
covid 19 video,842
covid 19 case,836
gop coronavirus bill,835
alien dna demon,835
covid 19 doctor,825
dna demon sperm,816
covid 19 virus,778
believes alien dna,773
covid 19 tests,770
contagios covid 19,759
covid 19 coronavirus,752
doctor believes alien,737
tested positive coronavirus,735
bbc news coronavirus,735
covid 19 update,730
test positive covid,728
india mitega india,709
tests positive coronavirus,708
pandemi covid 19,699
19 doctor believes,696
false coronavirus claims,691
demon sperm hydroxychloroquine,691
covid 19 bill,688
new fbi building,687
accused using covid,684
immanuel trump new,683
trump new covid,683
white coat summit,674
stella immanuel trump,673
positif covid 19,667
nuevos casos coronavirus,663
mitega india mitega,661
nuevos casos covid,642
treating covid 19,630
relief funds purchase,630
covid 19 amp,629
funds purchase lamborghini,626
test positive coronavirus,625
black lives matter,618
positivos covid 19,617
covid 19 infection,612
response covid 19,612
penyebaran covid 19,611
capitol hill press,610
get covid 19,606
died covid 19,603
deliver double shock,602
cult selfishness killing,591
shock uk economy,587
double shock uk,586
covid 19 positive,585
henry ford health,585
28 07 2020,583
brexit deliver double,582
selfishness killing america,572
one big wave,571
covid 19 disinformation,570
new york times,568
last 24 hours,566
uk economy study,561
covid 19 infections,557
covid 19 em,556
covid 19 impact,553
president donald trump,551
economy study finds,548
covid 19 lockdown,547
frontline doctors hold,543
hill press conference,540
gop covid 19,538
says covid 19,536
videos doctors capitol,536
locks breitbart account,536
jungkook btsarmy btsarmypakistan,534
censors videos doctors,531
press conference locks,531
conference locks breitbart,531
btsarmy btsarmypakistan waqarzaka,531
btsarmypakistan waqarzaka imrankhanresigndo,530
28 julio 2020,529
btsworld coronavirus btsiscoming,527
twitter censors videos,526
suspends donald trump,522
covid 19 symptoms,520
massive covid 19,514
million covid 19,513
restricts donald trump,509
trump jr posting,508
account covid 19,503
exaarmy btsworld coronavirus,503
muertes covid 19,502
dispel massive covid,502
imrankhanresignkaro exaarmy btsworld,501
aim dispel massive,494
new cases covid,492
misinformation capitol hill,491
cures covid 19,491
adaptasi kebiasaan baru,491
vacina covid 19,490
19 misinformation capitol,482
vaksin covid 19,479
com covid 19,478
coronavirus live updates,476
twitter suspends donald,476
covid 19 restrictions,473
penalizes donald trump,469
150 000 americans,466
twitter penalizes donald,465
treat covid 19,464
covid 19 hoax,463
19 disinformation campaign,460
covid 19 situation,459
frontline physicians aim,457
physicians aim dispel,455
new covid19 cases,450
cartilla covid 19,448
billion fbi building,447
making false coronavirus,444
covid 19 data,443
post covid 19,442
jr account covid,442
sign petition via,440
ford health system,440
75 billion fbi,433
casos positivos covid,433
test covid 19,431
covid 19 related,428
covid 19 través,427
india covid 19,427
drug covid 19,427
misinformation covid 19,424
gt gt gt,422
surveillance planes 375,420
dr anthony fauci,420
die covid 19,420
covid19 senatemajldr mcconnellpress,419
limits donald trump,419
senate gop coronavirus,418
martes 28 julio,418
billion surveillance planes,416
armored vehicles 360,416
covid 19 hydroxychloroquine,414
coronavirus covid19 sarscov2,414
twitter restricts donald,414
fbi building billion,411
healthcareheroes covid19 senatemajldr,411
planes 375 million,410
375 million armored,410
million armored vehicles,410
breaking american doctors,410
amp pres trump,410
du covid 19,409
boris johnson warns,408
posting hydroxychloroquine misinformation,407
vehicles 360 million,406
coronavirus relief package,405
360 million missile,405
million missile defense,405
covid 19 covid19,405
building billion surveillance,404
group amp need,404
pruebas covid 19,403
resist organization funded,403
demarcate isis clinton,403
isis clinton biden,403
clinton biden saros,403
biden saros sodalist,403
saros sodalist covid19,403
sodalist covid19 hate,403
covid19 hate group,403
hate group amp,403
ag barr police,403
barr police amp,403
police amp pres,403
sodalist invitation force,403
missile defense 283,401
people covid 19,401
hydroxychloroquine misinformation amid,401
billion 35s 75,399
population coronavirus covid19,398
covid19 sarscov2 forecast,398
jr posting hydroxychloroquine,398
misinformation amid coronavirus,398
35s 75 billion,397
defense 283 million,390
new death population,390
death population coronavirus,390
283 million apache,389
million apache helicopters,386
bill includes billion,385
lied american doctors,384
19 bill includes,383
petition via change,383
second wave coronavirus,382
covid 19 including,380
major league baseball,376
fallecidos covid 19,376
penanganan covid 19,372
video promoted trump,370
includes billion 35s,369
confirmed covid 19,368
covid 19 public,367
covid 19 recovery,365
covid 19 emergency,364
twitter jack donaldjtrumpjr,361
us frontline doctors,359
virus covid 19,359
lives matter resist,359
matter resist organization,359
organization funded demarcate,359
funded demarcate isis,359
amp need stopped,359
need stopped stand,359
stopped stand ag,359
stand ag barr,359
pres trump fight,359
trump fight back,359
fight back sodalist,359
back sodalist invitation,359
invitation force time,359
force time american,359
time american people,359
american people fightback,359
pandemic one big,358
real madrid mariano,358
helicopters millions facing,353
covid 19 patient,353
severe covid 19,351
national security adviser,351
apache helicopters millions,351
covid 19 economic,349
life saving hcq,347
covid 19 concerns,347
reality covid 19,347
dc dispel misinformation,346
tested positive covid19,346
public health crisis,346
number covid 19,345
facebook deletes video,345
washington dc dispel,345
muertos covid 19,344
covid 19 conspiracy,344
doctors hold presser,343
including attacks life,343
attacks life saving,343
coronavirus relief funds,342
gop coronavirus relief,342
video us frontline,342
presser washington dc,342
experimental covid 19,342
pushes unproven drug,342
da positivo coronavirus,341
hold presser washington,341
dispel misinformation covid,341
saving hcq treatments,340
marlins coronavirus outbreak,339
waqarzaka imrankhanresigndo pubgban,339
imrankhanresigndo pubgban imrankhanresignkaro,339
deletes video us,338
19 including attacks,338
massive disinformation campaign,338
hydroxychloroquine use coronavirus,337
cornynliedtexansdied covid19 cornynliedtexansdied,336
covid19 cornynliedtexansdied covid19,336
miami marlins season,333
trump pushes unproven,333
deletes video promoted,332
covid 19 spread,331
trump hydroxychloroquine use,330
promoted trump hydroxychloroquine,329
hydroxychloroquine covid 19,328
19 public health,328
19 relief loans,327
coronaviruspandemic covid19india coronavirus,326
covid 19 vaccines,326
america coronavirus response,325
tested covid 19,325
150 000 dead,325
coronavirus german officials,325
covid 19 still,324
coronavirus response looks,324
kasus covid 19,323
unproven drug covid,323
covid 19 país,322
twitter deletes video,322
big wave seasonal,321
update facebook deletes,320
covid 19 vía,319
dr stella emmanuel,319
concerned rising cases,316
pubgban imrankhanresignkaro exaarmy,314
19 relief bill,313
breitbart account via,313
covid 19 numbers,312
coronavirus boris johnson,311
trump jr twitter,311
account via breitbartnews,311
signs second wave,309
bill replaces money,309
replaces money pentagon,308
money pentagon projects,308
pentagon projects trump,308
front line doctors,307
covid 19 surge,307
coronavirus bill includes,307
news coronavirus covid19,307
19 death rate,305
coronavirus bill replaces,305
projects trump raided,305
truth covid 19,304
prueba covid 19,304
s3599 healsact healthcareheroes,303
pandemic news coronavirus,302
trump raided border,302
mercy medical center,300
trump jr suspended,300
coronavirus btsiscoming barieidballayballay,300
coronavirus disease 2019,299
healsact healthcareheroes covid19,299
hcq treatment covid,299
19 via gatewaypundit,298
posts viral video,298
global pandemic news,297
coronavirus covid19 protests,297
entertain empower educate,296
empower educate talk,296
0208 090 2121,296
090 2121 hello,296
2121 hello fantasticradio,296
hello fantasticradio co,296
fantasticradio co uk,296
co uk fantasticradiouk,296
uk fantasticradiouk homeofpossibilities,296
fantasticradiouk homeofpossibilities believeyourpossibilities,296
homeofpossibilities believeyourpossibilities stayhomesafelives,296
viral video successful,296
video successful hcq,296
da positivo covid,295
believeyourpossibilities stayhomesafelives buy,295
stayhomesafelives buy song,295
covid 19 fatality,295
successful hcq treatment,295
officials very concerned,294
very concerned rising,294
dying covid 19,293
trump jr posts,293
jr posts viral,293
covid 19 china,292
frente covid 19,291
jr suspended twitter,291
new fbi headquarters,289
mortes covid 19,289
german officials very,289
stunning twitter suspends,289
educate talk us,288
talk us 0208,288
us 0208 090,288
inhibitor sars coronavirus,288
sars coronavirus infection,287
response looks abroad,286
patients covid 19,286
potent inhibitor sars,286
video making false,285
000 covid 19,284
covid 19 venezuela,284
covid 19 kabupaten,284
bill gates says,283
jugador real madrid,283
got million covid,282
free covid 19,281
19 di kabupaten,281
due coronavirus pandemic,280
trump national security,279
millions facing eviction,279
since covid 19,279
relief funds buy,278
risk covid 19,278
loans bought lamborghini,278
coronavirus task force,277
new cases coronavirus,277
contre covid 19,276
relief loans bought,276
28 juli 2020,275
coronavirus infection spread,275
nuevos casos positivos,275
us covid 19,275
marlins covid 19,275
2019 covid 19,274
cybersecurity technology ai,273
covid 19 white,273
doctors making false,273
com força com,273
cegah penyebaran covid,272
like covid 19,272
trump covid 19,272
new cases confirmed,271
ridiculous america coronavirus,270
19 pandemic one,270
viral video making,269
work due covid,267
dies covid 19,266
google youtube facebook,266
covid 19 news,265
effects covid 19,265
jr twitter account,265
covid19 last days,264
negative covid 19,264
mete com força,264
real madrid striker,264
coronavirus indiafightscorona stayhome,263
indiafightscorona stayhome staysafe,263
covid 19 get,263
covid19 bot covid19,262
bot covid19 last,262
last days stats,262
covid19india coronavirus indiafightscorona,262
first got million,262
president trump shared,261
twitter google youtube,261
19 economic response,260
cancel student loans,260
cut death rate,260
coronainfoch covid19 corona,260
youtube scrub platforms,260
americans without work,260
workers need help,260
need help asking,260
limits trump jr,260
contagio covid 19,259
hospitalized covid 19,259
economic response cancel,259
response cancel student,259
covid 19 updates,259
raided border wall,259
asking work revise,259
work revise pua,259
revise pua program,259
pua program protect,259
program protect self,259
protect self employed,259
self employed americans,259
without work due,259
dio positivo coronavirus,258
mixed earner workers,258
help asking work,258
health crisis makecovidreliefwork,258
covid 19 brasil,257
student loans executive,257
loans executive order,257
players test positive,257
força com talento,257
earner workers need,257
hydroxychloroquine cut death,256
deaths covid 19,256
twitter youtube scrub,256
videos covid 19,256
employed americans without,256
english language websites,256
get well soon,255
moderna covid 19,255
scrub platforms viral,255
crisis covid 19,254
chloroquine potent inhibitor,254
covid 19 yang,254
covid 19 protocols,253
19 death toll,253
platforms viral video,253
recovered covid 19,252
от covid 19,252
covid19 lost job,252
facebook remove videos,252
due covid19 lost,251
thelegallowdown law court,250
law court lawyer,250
court lawyer lawfirm,250
lawyer lawfirm justice,250
lawfirm justice legal,250
justice legal case,250
legal case ip,250
case ip scotus,250
ip scotus tort,250
scotus tort covid19,250
tort covid19 cybersecurity,250
covid19 cybersecurity technology,250
latest covid 19,250
dio positivo covid,249
lost job pls,249
job pls help,249
pls help secure,249
help secure job,249
youtube facebook remove,249
hcq treatments via,248
disease 2019 covid,248
handling covid 19,248
19 via youtube,247
19 white coat,247
squarespace removes website,246
vaccine covid 19,245
tuesday july 28,245
treatments via gatewaypundit,244
pasien covid 19,244
covid 19 real,244
satgas aman nusa,244
remove videos covid,244
19 vaccine trial,243
time covid 19,243
coronavirus relief proposal,243
sir due covid19,243
coat summit squarespace,243
summit squarespace removes,243
death rate significantly,242
himbauan adaptasi kebiasaan,242
usa northamerica cases,242
covid 19 could,241
secure job one,241
change whole life,241
covid 19 safety,240
job one recommendation,240
one recommendation change,240
recommendation change whole,240
tim satgas aman,240
aman nusa covid,240
nusa covid 19,240
19 kabupaten cilacap,240
kabupaten cilacap berikan,240
cilacap berikan himbauan,240
berikan himbauan adaptasi,240
kebiasaan baru cegah,240
baru cegah penyebaran,240
di kabupaten cilacap,240
twitter limits trump,239
retweets covid 19,238
trumpkillstexas trumpkillstexas trumpkillstexas,238
shared coronavirus misinformation,238
breaking twitter google,238
language websites spread,238
lowers covid 19,237
know covid 19,236
got covid 19,236
update covid 19,236
covid_19 coronavirus covid19,236
hydroxychloroquine cures covid,235
covid 19 claims,235
infected covid 19,233
social media platforms,233
brote covid 19,232
false claims coronavirus,232
tests per day,231
diagnosed covid 19,230
coronavirus death rate,230
information covid 19,230
realdonaldtrump senatorboxer dccc,229
150 000 deaths,228
spreading covid 19,227
10 000 children,227
trump jr access,227
btsiscoming barieidballayballay malala,227
wave covid 19,226
total confirmed cases,225
2020 07 28,225
au covid 19,225
mariano tests positive,225
despite covid 19,224
executive order sign,224
penularan covid 19,224
surabees twitter jack,224
covid 19 dan,223
take covid 19,223
jr access shared,223
access shared coronavirus,223
covid 19 covid,222
order sign petition,222
based nigerian doctor,222
abruptly ends briefing,222
duas semanas estara,222
semanas estara pronta,222
estara pronta vem,222
pronta vem ai,222
vem ai salvação,222
ai salvação vacina,222
salvação vacina comunista,222
vacina comunista dos,222
comunista dos amigos,222
dos amigos lula,222
amigos lula obs,222
lula obs contra,222
obs contra indicado,222
contra indicado bolsominio,222
confirmados covid 19,221
casos positivos coronavirus,221
twitter youtube remove,221
aos 45 anos,221
kabupaten cilacap polrescilacap,221
cilacap polrescilacap poldajateng,221
trump retweets covid,220
related covid 19,219
covid 19 world,219
robbystarbuck realdonaldtrump senatorboxer,218
covid 19 outbreaks,218
work covid 19,218
false covid 19,218
billion new fbi,218
senatemajldr mcconnellpress randpaul,218
covid 19 travel,217
called coronavirus hoax,217
protect covid 19,217
19 china virus,216
hydroxychloroquine lowers covid,216
abc news via,216
treatment hydroxychloroquine cut,215
sa covid 19,215
000 americans dead,214
chief critical care,214
rate covid 19,214
covid 19 últimas,214
reality child abuse,214
yanked social media,214
pushing fake cure,214
catch covid 19,213
based reality child,213
twitter limits donald,213
27 07 2020,212
watch dr stella,212
prevent covid 19,212
covid 19 new,212
live frontline physicians,212
baltimore mercy medical,212
remove viral video,212
europe second wave,212
past 24 hours,211
report covid 19,211
first covid 19,211
covid 19 risk,211
current covid 19,211
19 testing capacity,209
daily cases increase,208
cases trend24 jul,208
28 july 2020,207
health system study,207
19 fatality rate,207
family test positive,206
reported today utc,206
today utc time,206
covid 19 wave,206
combatir covid 19,206
frontline doctors discuss,206
19 video yanked,206
video yanked social,206
social media pushing,206
mayor experto español,206
twitter temporarily limits,206
boicote vacina kkkkkkkkem,206
vacina kkkkkkkkem duas,206
kkkkkkkkem duas semanas,206
2020 covid 19,205
doctor dispels coronavirus,205
dispels coronavirus fears,205
covid 19 méxico,204
covid 19 hospitalizations,204
watch live frontline,204
anti malaria drug,204
war covid 19,204
news via abc,204
media pushing fake,204
experto español coronavirus,204
the covid 19,203
causa covid 19,203
hydroxychloroquine zinc azithromycin,203
madrid striker mariano,203
trillion coronavirus relief,202
covid 19 hospital,202
affected covid 19,202
getting covid 19,202
hydroxychloroquine cure covid,202
johnson warns europe,202
second wave amid,202
covid 19 health,201
amp covid 19,201
covid 19 would,201
frontline doctors address,201
casos confirmados covid,200
reach 10 lakh,200
44 mil 876,200
19 misinformation via,199
coronavirus fears based,199
fears based reality,199
amid spain row,199
19 covid 19,198
world health organization,198
cas covid 19,198
social media giants,198
warns europe second,198
covid 19 quarantine,197
coronavirus death toll,197
10 lakh tests,197
lakh tests per,197
stop covid 19,197
money covid 19,197
coronavirus claims trump,197
go back work,196
potential covid 19,196
hold press conference,196
impacto covid 19,196
think covid 19,196
said covid 19,196
claiming covid 19,196
misinformation treating coronavirus,196
live video day,196
discuss media misinformation,196
biggest covid 19,195
testing capacity reach,195
capacity reach 10,195
wave amid spain,195
coat summit frontline,195
summit frontline doctors,195
doctors discuss media,195
media misinformation treating,195
waqarzaka imrankhanresigndo imrankhanresignkaro,195
hydroxychloroquine zinc zithromax,194
health care workers,194
pela covid 19,194
long term care,194
red dawn team,194
temporarily limits donald,194
covid 19 fight,193
per day pm,193
recovered coronavirus patients,193
total covid 19,192
épidémie covid 19,192
harsh lesson reality,192
thought covid 19,192
covid 19 drug,192
caso covid 19,192
video day white,192
day white coat,192
covid19 positive cases,191
covid 19 calling,191
of covid 19,191
tech giants remove,191
ohio indiana kentucky,191
lesson reality covid,190
please join us,190
threatened invasion new,190
team tried save,190
july 27 2020,189
slow spread covid19,189
nuevos casos covid19,189
patients nursing homes,189
actuación gobierno pandemia,189
combate covid 19,188
coronavirus threatened invasion,188
dawn team tried,188
diaz tests positive,188
jr account sharing,188
btsarmypakistan jungkook btsarmy,188
imrankhanresigndo imrankhanresignkaro exaarmy,188
daily covid 19,187
players tested positive,187
kids back school,187
second coronavirus wave,187
aragón cataluña navarra,187
tried save america,187
new red dawn,187
coronavirus btsiscoming internet4gilgitbaltistan,187
capitol hill covid,186
hill covid 19,186
get back normal,186
treating coronavirus tech,186
invasion new red,186
583 nuevos casos,186
symptoms covid 19,185
19 vaccine study,185
spike covid 19,185
coronavirus tech giants,185
senator called coronavirus,184
covid 19 stimulus,184
day pm modi,183
nuevo tipo coronavirus,182
clusters covid 19,182
increase covid 19,182
port du masque,181
em duas semanas,181
lucha covid 19,180
second covid 19,180
yale epidemiologist says,180
world covid 19,179
regarding covid 19,179
use covid 19,179
19 cases reported,179
coronavirus sars cov,178
19 di indonesia,178
the key defeating,178
covid19 covid coronavirus,177
coronavirus hoax tests,177
hoax tests positive,177
help covid 19,177
system study shows,177
prevención covid 19,177
get coronavirus twice,177
19 vaccine trials,176
surge covid 19,176
covid 19 research,176
fighting covid 19,176
shatters show responsibility,176
coronavirus agenda presidencial,175
using coronavirus relief,175
mask us senator,175
total number cases,175
calling massive disinformation,175
help slow spread,175
local brewery wages,175
brewery wages war,175
wages war covid,175
19 via gofundme,175
masks social distancing,174
covid 19 ini,174
covid 19 na,174
el covid 19,174
significantly covid 19,174
coronavirus últimas 24,174
covid 19 transmission,174
español coronavirus moja,174
28 07 20,173
us senator called,173
school public health,173
emergency use authorization,173
doctors hold press,173
hcq covid 19,173
indiana kentucky tennessee,173
trump abruptly ends,173
anti mask us,172
covid 19 medical,172
called covid 19,172
yale school public,172
casos positivos covid19,172
19 calling massive,172
even countries got,172
countries got coronavirus,172
got coronavirus control,172
coronavirus moja actuación,172
covid 19 one,171
coronavirus coronavirusupdate covid19,171
frontline doctor dispels,171
covid 19 testi,171
coronavirus control struggling,171
show responsibility pandemic,171
funds buy lamborghini,170
covid 19 hit,170
rate significantly covid,170
conference capitol hill,170
75 billion new,170
moja actuación gobierno,170
pubgban tuesdayvibes coronavirus,169
coronavirusupdate covid19 coronaviruspandemic,169
14 83 157,169
article amp reuters,169
patients henry ford,169
covid 19 et,169
ineffective covid 19,169
season due covid,169
covid 19 flu,169
coronavirus outbreak hampers,169
vaccine mid august,169
gmt coronavirus coronavirusupdate,168
rising covid 19,168
senate coronavirus relief,168
next covid 19,168
could substantial reduction,168
outbreak hampers club,168
covid 19 may,167
facebook youtube twitter,167
go back school,167
empleos segundo trimestre,167
gobierno pandemia actitud,167
pandemia actitud partidos,167
case covid 19,166
watch frontline doctor,166
aged care homes,166
new cases covid19,166
19 vaccine mid,166
btsiscoming internet4gilgitbaltistan btsarmypakistan,166
white house coronavirus,165
19 vaccine candidate,165
covid 19 prevention,165
19 patients henry,165
covid 19 act,165
pandemia coronavirus covid19,165
mariano diaz tests,165
websites spread disinformation,165
hcq treating covid,164
global covid 19,164
possible covid 19,164
covid 19 mundo,164
terça feira 28,164
li meng yan,164
early signs coronavirus,164
covid 19 complications,163
covid 19 lockdowns,163
press conference capitol,163
epidemiologist says hydroxychloroquine,163
dr joseph costa,163
coronavirus cure via,163
trump shatters show,163
ends briefing pressed,163
briefing pressed retweeting,163
covid 19 made,162
ng covid 19,162
19 test results,162
people tested positive,162
covid 19 guidelines,162
suspended twitter posting,162
fauci says early,162
says early signs,162
signs coronavirus outbreaks,162
website via gatewaypundit,162
dr james todaro,161
new study identifies,161
covid 19 com,161
covid 19 não,161
at risk children,161
spread disinformation coronavirus,161
new senate gop,160
covid 19 like,160
