coronavirus,257828
covid,201258
19,191270
covid19,170188
people,37040
amp,35942
new,32954
cases,32887
pandemic,29738
2020,26177
us,24327
trump,22079
via,20726
nan,20391
virus,19345
news,18798
lockdown,18530
casos,18337
like,18049
deaths,16904
health,16557
one,16028
get,15623
time,15473
si,15138
world,14387
000,13837
may,13713
crisis,13509
today,12854
di,12834
government,12797
da,12308
still,12247
help,11964
due,11844
know,11622
june,11598
need,11570
please,11565
back,11490
country,10946
home,10924
pandemia,10786
total,10652
anonymous,10651
going,10606
could,10598
protests,10452
na,10368
read,10356
many,10328
would,10306
death,10204
see,10198
10,10162
uk,10110
day,10108
realdonaldtrump,10003
go,9996
first,9798
china,9739
il,9666
social,9655
india,9539
work,9237
corona,9059
positive,9016
take,8993
even,8798
support,8661
good,8513
ebola,8470
re,8439
state,8438
right,8341
also,8239
make,8095
live,8087
test,8069
america,8038
et,7944
think,7906
spread,7865
says,7802
em,7795
business,7674
usa,7654
let,7635
public,7581
care,7576
per,7562
way,7561
free,7549
black,7476
want,7456
the,7456
stay,7273
testing,7220
year,7173
safe,7138
well,7129
say,7052
police,6942
said,6894
week,6855
patients,6839
riots,6803
much,6747
gente,6746
24,6709
die,6662
response,6606
last,6596
days,6576
latest,6566
number,6563
president,6546
global,6541
update,6534
gobierno,6522
du,6517
economy,6474
mundo,6307
since,6291
30,6282
des,6256
everyone,6237
really,6190
impact,6156
salud,6138
com,6132
two,6129
must,6112
keep,6035
20,5985
hospital,5981
top,5963
post,5950
blacklivesmatter,5942
100,5912
come,5860
não,5850
lives,5832
ser,5765
est,5730
daily,5696
real,5695
great,5669
país,5620
dan,5607
risk,5593
next,5582
outbreak,5567
times,5554
covid_19,5526
stop,5499
data,5498
personas,5497
protests2020,5469
hoy,5462
casa,5422
anonymus,5389
look,5381
non,5370
article,5366
open,5364
31,5283
hope,5277
mil,5266
nuevos,5221
ahora,5164
gt,5153
media,5136
face,5111
cuarentena,5062
floyd,5053
mais,5028
life,4992
community,4990
got,4981
states,4973
updates,4952
around,4950
months,4938
another,4931
million,4916
mask,4906
masks,4900
video,4899
businesses,4888
george,4885
junio,4878
distancing,4845
fight,4811
на,4790
report,4771
ve,4767
workers,4754
racism,4750
fuck,4718
plan,4673
confirmed,4647
online,4646
día,4635
tests,4615
made,4615
pour,4599
brasil,4588
disease,4567
tested,4563
va,4557
weeks,4547
every,4529
use,4509
man,4498
solo,4466
never,4462
thing,4462
protest,4458
check,4442
family,4437
muertes,4352
working,4345
second,4336
children,4335
dos,4322
thanks,4322
dr,4314
thank,4311
long,4302
find,4297
case,4294
georgefloyd,4269
sa,4268
across,4266
died,4265
school,4249
getting,4245
reported,4245
amid,4242
americans,4225
already,4218
contagios,4216
mas,4211
better,4202
covidー19,4196
medidas,4195
españa,4191
city,4181
away,4174
wave,4173
month,4167
big,4130
14,4114
end,4110
change,4074
best,4061
start,4058
recovery,4049
así,4042
che,4040
través,4027
van,3996
rate,3992
ca,3990
white,3986
normal,3964
vaccine,3962
yet,3945
everything,3933
god,3933
sure,3899
part,3890
quarantine,3884
schools,3875
restrictions,3872
personal,3861
au,3845
done,3842
decir,3826
money,3824
11,3823
future,3806
monday,3806
um,3803
important,3791
youtube,3787
behind,3764
de,3763
muertos,3761
control,3754
medical,3741
15,3729
pm,3725
join,3721
montero,3705
hace,3694
eu,3666
vía,3664
information,3654
link,3641
high,3637
menos,3610
market,3610
in,3599
01,3595
things,3587
call,3578
to,3578
coming,3576
días,3561
12,3552
war,3552
reports,3538
contact,3530
govt,3523
full,3522
une,3522
méxico,3521
give,3493
watch,3492
local,3481
doctor,3477
situation,3462
hit,3462
economic,3451
years,3446
pas,3444
fallecidos,3430
protect,3418
countries,3408
claim,3403
irene,3399
job,3393
continue,3387
companies,3384
national,3376
food,3373
without,3360
ever,3356
share,3354
shit,3348
cómo,3335
numbers,3330
anyone,3328
believe,3325
plus,3312
cause,3311
sur,3301
county,3298
put,3280
place,3279
love,3273
mundial,3262
far,3247
taking,3187
कर,3187
show,3183
vez,3180
ver,3177
nothing,3167
protesters,3152
reopen,3150
safety,3142
horas,3140
something,3124
remember,3122
together,3119
dans,3114
small,3109
nuevo,3101
travel,3085
16,3080
old,3075
society,3067
año,3067
presidente,3057
and,3049
staff,3037
using,3032
treatment,3032
coronavírus,3029
oh,3029
puede,3021
point,3008
bien,3005
research,3004
nation,3003
follow,3002
yang,3001
human,2999
learn,2987
person,2985
50,2981
het,2962
hours,2941
dead,2939
thought,2935
pacientes,2932
measures,2930
bad,2929
south,2924
yes,2924
je,2922
less,2910
recovered,2907
system,2901
guerra,2888
needs,2885
lot,2883
stayhome,2880
no,2878
lost,2876
confirmados,2872
services,2867
rules,2866
cities,2866
el,2864
healthcare,2863
la,2858
qui,2857
experts,2854
might,2853
350,2839
toll,2838
caso,2837
protesting,2831
app,2827
twitter,2821
american,2815
students,2812
40,2812
others,2796
tell,2790
enough,2786
someone,2782
industry,2777
law,2777
spike,2776
trying,2774
this,2751
etc,2747
fucking,2742
house,2728
making,2716
return,2715
order,2710
dice,2709
00,2708
soon,2698
ne,2697
voy,2680
reopening,2679
uma,2678
webinar,2674
study,2673
90,2672
ini,2671
saying,2670
ll,2668
set,2663
hurry,2663
infected,2662
fake,2662
hacer,2658
hard,2647
symptoms,2645
related,2644
interesting,2637
increase,2627
delhi,2589
información,2588
leaders,2588
minister,2585
march,2583
mayo,2572
positivos,2571
goto,2568
team,2561
cifras,2559
años,2559
including,2554
vida,2550
left,2536
buy,2534
infection,2526
aquí,2524
always,2514
mayor,2511
leadership,2499
looting,2496
info,2494
en,2490
breaking,2481
violence,2481
17,2476
pay,2475
coronaviruspandemic,2472
seen,2471
happened,2471
kids,2469
ng,2469
blood,2465
york,2464
argentina,2461
atención,2459
doctors,2452
communities,2445
hospitals,2440
feel,2438
ai,2435
cada,2434
click,2431
gracias,2430
meaning,2424
families,2422
past,2422
looking,2411
story,2407
homes,2405
anything,2405
officials,2404
canada,2394
mass,2394
rt,2392
oms,2390
18,2389
ce,2387
nueva,2377
digital,2376
affected,2376
save,2372
australia,2366
ago,2361
africa,2357
true,2356
service,2354
current,2347
worst,2344
06,2337
wear,2332
england,2332
different,2326
sick,2320
despite,2319
emergency,2317
happy,2316
relief,2315
nigeria,2313
level,2305
united,2302
tem,2299
blanca,2298
wait,2297
quedateencasa,2293
contagio,2288
mark,2286
par,2284
brazil,2280
closed,2278
possible,2277
después,2276
hear,2271
used,2267
casi,2267
infections,2260
viendo,2259
started,2257
positivo,2251
talk,2245
longer,2244
matter,2240
become,2240
primer,2239
education,2237
vote,2237
fear,2232
chile,2225
available,2220
meses,2219
semana,2218
visit,2217
drug,2210
número,2208
das,2200
8m,2197
little,2194
science,2189
पर,2183
thousands,2177
13,2176
shows,2176
whole,2172
hands,2168
france,2168
of,2167
understand,2164
millions,2163
happening,2162
least,2161
losing,2158
tras,2153
porn,2151
guidelines,2150
ang,2150
actually,2144
truth,2144
29,2143
hi,2142
pakistan,2140
sign,2136
self,2135
cnn,2133
fire,2129
active,2126
parte,2126
mean,2122
called,2109
is,2109
deal,2106
fin,2103
office,2103
pra,2103
seems,2100
últimas,2100
bbc,2093
russia,2085
force,2084
population,2082
spreading,2082
datos,2080
500,2072
mejor,2069
wrong,2069
maybe,2069
virtual,2066
trust,2066
wearing,2063
staysafe,2049
loan,2049
fact,2044
vamos,2043
rise,2042
action,2036
group,2034
federal,2033
towards,2033
sector,2031
untuk,2029
worse,2028
members,2028
1st,2028
jobs,2025
three,2024
curfew,2020
likely,2016
given,2013
debido,2011
fighting,2008
países,2007
gov,2004
it,1997
forget,1995
sigue,1993
parents,1993
situación,1986
25,1985
close,1985
sir,1984
chinese,1983
among,1982
anti,1980
issues,1979
der,1978
killed,1975
told,1972
provide,1962
found,1960
act,1960
pruebas,1959
2019,1959
rioting,1958
following,1957
talking,1957
low,1955
highest,1949
mortes,1947
primera,1945
dying,1940
early,1938
tan,1938
friends,1933
verdad,1932
mal,1931
based,1928
tweet,1928
nursing,1925
opening,1923
posible,1923
air,1919
cas,1912
bill,1912
tía,1911
que,1910
able,1909
problem,1909
kill,1909
pass,1908
een,1904
mental,1902
san,1902
living,1900
racist,1897
lead,1895
financial,1895
ready,1895
через,1894
according,1893
outside,1892
issue,1889
phase,1888
और,1887
women,1883
happen,1880
ask,1880
finally,1877
nhs,1876
means,1875
ways,1870
italy,1870
antifa,1869
ou,1869
borisjohnson,1868
тест,1868
what,1865
можно,1864
gone,1862
taken,1860
season,1859
रह,1859
along,1857
flu,1854
registra,1854
pandemi,1853
fase,1853
failed,1852
millones,1851
und,1850
nadie,1848
we,1845
momento,1842
антитела,1842
miedo,1840
теперь,1839
survey,1838
citizens,1836
makes,1833
pues,1830
blame,1828
key,1828
killing,1825
записаться,1822
приложение,1822
todas,1821
blog,1821
toda,1818
democrats,1817
trabajo,1816
changes,1814
almost,1812
created,1808
ka,1808
проекте,1807
favor,1806
rest,1806
городскую,1806
новинку,1806
vulnerable,1805
shut,1804
60,1802
plans,1799
marzo,1797
try,1797
gon,1796
music,1796
05,1789
lockdowns,1789
vous,1786
op,1786
biden,1784
guidance,1782
dia,1781
age,1781
hoax,1780
unemployment,1779
you,1778
leader,1775
wonder,1770
else,1770
especially,1770
noticias,1765
tv,1764
employees,1763
bolsonaro,1761
narendramodi,1761
200,1760
needed,1756
play,1755
sense,1755
policy,1744
riesgo,1742
lunes,1735
europe,1733
fund,1733
huge,1732
lol,1726
party,1725
cure,1724
frente,1722
videos,1718
colombia,1717
idea,1716
morning,1716
donald,1713
reason,1712
on,1712
wuhan,1711
advice,1709
ao,1707
ok,1707
gran,1707
creo,1706
bring,1705
power,1700
demand,1700
move,1698
weekend,1698
venezuela,1696
medio,1696
nacional,1692
centro,1691
infectados,1690
wajid,1688
sars,1687
all,1686
area,1685
access,1684
yesterday,1681
tener,1679
civil,1678
looks,1678
evitar,1677
tomorrow,1675
allowed,1675
race,1673
line,1672
technology,1669
instead,1666
helping,1664
efforts,1663
april,1662
questions,1661
italian,1661
avec,1661
kita,1659
potency,1658
half,1658
details,1652
bajada,1652
resources,1651
spain,1651
justice,1646
threat,1645
zero,1645
political,1645
general,1644
calling,1640
listen,1637
final,1634
summer,1632
term,1632
reuters,1632
history,1632
though,1625
results,1623
23,1622
rioters,1622
announced,1621
nearly,1620
siempre,1620
incendios,1617
pa,1611
nous,1611
jesus,1605
mismo,1604
official,1602
patient,1602
bunker,1601
guess,1600
exposed,1599
28,1593
revealed,1592
hate,1591
heard,1591
residents,1590
hey,1588
parece,1586
falta,1584
critical,1580
lies,1579
ovnis,1578
sunday,1577
forward,1577
director,1576
question,1572
international,1571
tiempos,1570
vai,1570
cdc,1564
hold,1563
essential,1561
poor,1560
importante,1559
wanted,1553
salir,1552
contagiados,1551
21,1545
single,1542
eeuu,1541
register,1540
page,1540
febrero,1540
wants,1537
met,1537
went,1532
italia,1532
dat,1531
2nd,1528
potus,1526
probably,1526
sad,1525
ke,1524
più,1524
aún,1523
caused,1522
já,1522
enero,1522
moment,1522
tiempo,1521
irenemontero,1520
co,1519
wo,1519
chance,1518
ba,1518
event,1517
for,1516
wow,1514
gop,1514
gets,1514
higher,1513
major,1512
della,1511
vs,1509
indonesia,1507
potential,1507
comes,1507
cashless,1507
anymore,1506
result,1505
ones,1504
causa,1502
actual,1501
muerte,1501
22,1500
rights,1499
cosas,1497
dalam,1497
website,1494
run,1493
murder,1490
26,1490
date,1488
hidden,1485
address,1484
took,1483
whitehouse,1483
explains,1481
hand,1479
deadly,1476
within,1475
cuenta,1475
evidence,1472
27,1472
se,1472
ppl,1471
mes,1471
novel,1470
mientras,1470
emergencia,1470
seeing,1469
