gram,counts
covid 19 pandemic,6220
covid 19 cases,5186
href rel nofollow,3459
true href rel,3398
rel nofollow twitter,2834
coronavirus covid 19,2810
covid 19 deaths,2612
covid 19 crisis,2519
due covid 19,2246
covid 19 patients,2164
casos covid 19,1979
covid 19 via,1942
new covid 19,1901
covid 19 lockdown,1835
new coronavirus cases,1714
covid 19 death,1714
nofollow twitter web,1699
towards cashless society,1608
amid covid 19,1576
covid 19 di,1546
bbc news coronavirus,1546
positive covid 19,1498
cases covid 19,1482
fight covid 19,1420
twitter web app,1399
coronavirus death toll,1278
cashless society know,1239
new york times,1198
covid 19 outbreak,1140
covid 19 testing,1136
covid 19 coronavirus,1129
du covid 19,1117
covid 19 vaccine,1105
amid coronavirus pandemic,1103
sign petition via,1090
futuro tras coronavirus,1062
pandemi covid 19,1062
últimas 24 horas,1049
enormous evidence coronavirus,1043
cashless society did,1007
covid 19 relief,971
predicted coronavirus foresee,962
coronavirus foresee next,962
died covid 19,962
covid 19 virus,955
nofollow twitter android,943
covid 19 test,940
da covid 19,931
tras coronavirus el_pais,919
pandemia covid 19,918
covid 19 response,913
petition via change,902
coronavirus live updates,870
covid 19 tests,843
covid 19 positive,836
stay at home,834
spread covid 19,829
covid 19 covert,807
19 covert id,807
03 05 2020,774
virus covid 19,755
disease covid 19,739
towards future cashless,729
heading towards future,729
future cashless society,729
covert id heading,729
id heading towards,729
society did know,729
positif covid 19,726
19 death toll,722
know jesus spoke,719
response covid 19,719
test positive coronavirus,710
coronavirus disease covid,704
bill gates coronavirus,695
covid 19 update,685
know bible spoke,671
biggest political hoax,669
crisis covid 19,659
new cases coronavirus,651
political hoax history,651
spread information becomes,644
gates coronavirus 5g,644
information becomes illegal,644
link spread information,644
banned relevant new,644
coronavirus 5g link,644
doctors banned relevant,644
articles bill gates,644
5g link spread,644
relevant new articles,644
new articles bill,644
hype biggest political,639
number covid 19,635
post covid 19,629
impact covid 19,626
society know bible,621
society know jesus,618
coronavirus hype biggest,617
deaths covid 19,616
reported deadliest day,615
deadliest day coronavirus,614
confirmed covid 19,604
us reported deadliest,603
last 24 hours,600
die covid 19,600
dies covid 19,595
says enormous evidence,591
originated wuhan lab,590
covid 19 vía,590
vaccine never developed,584
covid 19 warriors,581
covid 19 originated,580
covid 19 antibody,568
gt gt gt,567
evidence coronavirus came,563
george bush calls,559
new cases covid,558
places spare others,553
vaccine end year,553
coronavirus vaccine never,552
evidence coronavirus originated,551
pacientes covid 19,548
muertes covid 19,547
nuevos casos coronavirus,547
happens coronavirus vaccine,545
amid coronavirus outbreak,543
wallop places spare,542
covid 19 riddle,542
virus wallop places,539
riddle virus wallop,539
covid 19 em,532
19 riddle virus,524
tested positive coronavirus,522
cashless society hear,518
coronavirus originated wuhan,518
indian air force,517
covid 19 could,513
originated chinese lab,513
povos indígenas da,512
indígenas da amazônia,511
proteger povos indígenas,506
severity hoard supplies,505
ajude proteger povos,503
pompeo enormous evidence,502
da amazônia covid,502
amazônia covid 19,502
19 antibody test,501
theory covid 19,500
nuevos casos covid,500
covid 19 related,499
pompeo says enormous,496
covid 19 situation,496
test positive covid,495
brasileiro foi em,494
incompetência desse governo,493
desse governo óbvia,493
apoio popular incompetência,493
covid19 foi desastrosa,493
sem covid19 foi,493
combat covid 19,493
pib brasileiro foi,493
óbvia sem covid19,493
foi em 2019,493
governo óbvia sem,493
pandemia pib brasileiro,493
ou seja inferior,493
aos 2018 governo,493
popular incompetência desse,493
em 2019 ou,493
2018 governo temer,493
base apoio popular,493
sem base apoio,493
seja inferior aos,493
inferior aos 2018,493
2019 ou seja,493
da pandemia pib,493
never developed happened,486
100 mil casos,485
national command council,485
covid 19 decision,481
penyebaran covid 19,478
south africans support,478
covid 19 case,477
new york city,473
tested positive covid,471
políticas greve caminhoneiros,469
must read article,469
caminhoneiros sem base,469
greve caminhoneiros sem,469
dificuldades políticas greve,469
covid 19 spread,468
com lava jato,468
temer com lava,467
jato jbs dificuldades,467
jbs dificuldades políticas,467
lava jato jbs,467
council covid 19,467
governo temer com,467
com covid 19,466
03 may 2020,465
covid 19 amp,464
ban sale cigarettes,464
bush calls unity,462
command council covid,460
19 decision ban,460
support national command,460
decision ban sale,460
covid 19 ini,459
africans support national,459
19 originated chinese,458
realdonaldtrump petehegseth foxandfriends,452
cigarettes sign petition,451
sale cigarettes sign,451
via namo app,450
fighting covid 19,449
unity amid coronavirus,446
virtual town hall,445
mike pompeo doubles,442
foi desastrosa imagine,441
positivos covid 19,440
desastrosa imagine agora,440
becomes illegal effects,437
illegal effects us,437
death toll rises,428
new cases covid19,427
doubles unproven theory,426
gojoe gojoe gojoe,426
rss_द श_क _द,426
epoch times app,424
covid 19 treatment,424
mortes covid 19,423
dying covid 19,422
contact tracing app,422
us covid 19,421
pompeo doubles unproven,421
exclusive coronavirus coverage,420
unproven theory covid,420
coronavirus vaccine end,417
get covid 19,416
calls unity amid,415
pressing towards cashless,414
moving towards cashless,412
coverage daily updates,411
app see exclusive,410
see exclusive coronavirus,410
coronavirus coverage daily,410
times app see,410
covid 19 video,410
total cases deaths,402
pruebas covid 19,402
penanganan covid 19,400
update 2020 05,399
rips george bush,398
new covid19 cases,398
cure covid 19,396
report china hid,395
test covid 19,395
backlash builds china,395
covid 19 may,393
global backlash builds,392
000 people die,391
contagios covid 19,391
people die coronavirus,391
highest coronavirus deaths,391
cases country world,390
country world today,390
time high unemployment,390
coronavirus disease 2019,390
times cases country,390
deaths times cases,389
caused time high,389
unemployment federal debt,389
federal debt economy,389
economy crash highest,389
incompetence caused time,389
high unemployment federal,389
debt economy crash,389
crash highest coronavirus,389
coronavirus deaths times,389
spoke book revelation,388
cashless society coronavirus,387
contre covid 19,386
bbc news mundo,385
builds china coronavirus,382
trump rips george,380
covid 19 restrictions,379
did know bible,378
direction cashless society,375
close up video,374
cases deaths coronavirus,374
last update 2020,374
health care workers,373
bible spoke would,373
hid coronavirus severity,369
au covid 19,368
china covid 19,367
jesus spoke would,367
china hid coronavirus,366
covid 19 patient,366
crise du coronavirus,365
digital age cashless,365
age cashless society,365
save amazon tribes,364
covid 19 epidemic,364
covid 19 world,364
coronavirus severity hoard,359
cases new deaths,359
urged save amazon,359
brazil urged save,358
world health organization,357
genocide brazil urged,356
amazon tribes covid,354
society covid 19,354
eve genocide brazil,354
hear jesus spoke,351
tribes covid 19,351
did know jesus,351
coronavirus antibody test,351
covid 19 news,350
at home orders,350
gov kate brown,349
cause 233 000,349
covid 19 global,349
boris johnson says,349
covid 19 infection,348
society physical cash,348
confirmados covid 19,347
2019 covid 19,347
covid 19 data,347
cashless society covid,346
autódromo hermanos rodríguez,345
170 new cases,343
states cause 233,343
casos positivos covid,343
233 000 people,341
reopening states cause,341
according wharton model,340
first time since,339
die coronavirus according,338
india covid 19,338
nobel prize winning,337
president donald trump,337
coronavirus according wharton,337
covid 19 transmission,336
came wuhan lab,335
casos confirmados covid,335
at home order,335
came chinese lab,334
coronavirus pandemic via,332
due coronavirus pandemic,332
predicts coronavirus vaccine,332
press freedom day,330
muertos covid 19,330
asturias doblegando bestia,328
000 covid 19,328
cómo asturias doblegando,328
day coronavirus patients,327
help slow spread,326
confirmed coronavirus cases,324
norte cómo asturias,324
doblegando bestia coronavirus,324
coronavirus patients states,324
hospitalizations seasonal flu,323
positivo covid 19,322
slow spread covid19,322
prize winning scientist,321
asthma heart disease,320
held 16 person,320
kate brown extends,320
world press freedom,320
lección norte cómo,319
trump predicts coronavirus,319
million covid 19,318
16 person service,318
know covid 19,318
sides church suing,318
diabetes obesity cancer,318
secretary state mike,318
obesity cancer asthma,317
organ transplants amp,317
heart disease organ,317
coronavirus came chinese,317
state mike pompeo,317
transplants amp people,317
cancer asthma heart,317
pastor held 16,317
disease organ transplants,317
amp people 60,316
person service faced,316
service faced fine,316
60 close up,316
heading towards cashless,316
people 60 close,316
patients states reopen,315
gov northam pastor,315
church suing virginia,315
hear bible spoke,315
covid 19 impact,314
northam pastor held,314
young healthy however,313
healthy however infect,313
young people likely,313
covid young healthy,313
covid 19 hoax,313
people likely severe,313
however infect diabetes,313
likely severe covid,313
severe covid young,313
infect diabetes obesity,313
suing virginia gov,313
says significant evidence,312
may look like,312
faced fine jail,312
virginia gov northam,312
infected covid 19,311
от covid 19,311
stay home stay,311
warren buffett says,310
doj sides church,310
update covid 19,310
us coronavirus death,309
extends lockdown july,308
mike pompeo says,308
covid 19 real,307
go back work,306
covid19 positive cases,305
may 03 2020,305
domingo mayo 2020,304
tackle covid 19,304
travel may look,303
driving towards cashless,301
fox news virtual,300
doctors prepared announce,300
twitter web client,300
states reopen according,299
news virtual town,299
global travel may,298
lockdown july despite,298
look like ahead,297
disease 2019 covid,297
covid 19 symptoms,297
oregon gov kate,295
covid 19 não,295
deltaairlines americanairlines unitedairlines,294
n95 mask coronavirus,294
coronavirus global travel,294
mask coronavirus trump,294
americanairlines unitedairlines airlines,294
covid__19 covid19 n95,294
covid 19 brasil,294
counts coronavirus disease,294
coronavirus trump deltaairlines,294
covid19 n95 mask,294
19 relief fund,294
trump deltaairlines americanairlines,294
provisional death counts,293
brown extends lockdown,293
death counts coronavirus,293
despite ranking 40th,293
covid19 covid_19 corona,292
contagio covid 19,292
pompeo says significant,292
wabah covid 19,291
express gratitude towards,291
covid 19 méxico,291
covid covid19 covid_19,291
2020 05 03,291
july despite ranking,290
lifted covid 19,290
past 24 hours,290
state coronavirus list,289
like ahead vaccine,289
ranking 40th state,289
like covid 19,289
get mask covers,289
confirmed cases covid19,288
people covid 19,287
affected covid 19,287
tests positive coronavirus,287
equates coronavirus hospitalizations,286
40th state coronavirus,286
debate covid 19,285
treatment completely eliminate,284
boring days prohibition,284
risk cases sooner,284
completely eliminate coronavirus,284
tested positive covid19,284
latest treatment completely,284
covid 19 updates,284
coronavirus hospitalizations seasonal,284
coronavirus corona boring,284
evidence new coronavirus,284
symptoms daily even,284
lockdown must lifted,284
eliminate coronavirus corona,284
covid 19 corona,284
corona boring days,284
prohibition watch regret,284
days prohibition watch,284
self reporting symptoms,283
identify risk cases,283
reporting symptoms daily,283
sooner self reporting,283
cases sooner self,283
home stay safe,282
coronavirus task force,282
even feel well,282
daily even feel,282
must lifted covid,281
covid19 โคว ด19,281
19 transmission understood,281
covid19 identify risk,281
spread covid19 identify,281
feel well download,281
buy ppe rely,280
uk lockdown must,280
us secretary state,279
transmission understood say,279
well download app,279
ppe rely donations,279
doctors buy ppe,279
chinese state media,278
society did you,278
coronavirus contact tracing,278
total confirmed cases,278
list 104 deaths,277
coronavirus list 104,277
new deaths today,275
vacuna covid 19,275
new coronavirus emerged,274
104 deaths state,272
man arrested times,272
treatment covid 19,272
deaths state million,271
covid 19 infections,271
time covid 19,271
arrested times day,271
covid 19 france,270
coronavirus via youtube,270
_द मन_क _द,270
श_क _द मन_क,270
total number cases,270
us coronavirus response,269
less dangerous children,269
social distancing guidelines,269
contingency plans made,268
covid 19 dan,268
220 new cases,267
much less dangerous,267
coronavirus originó laboratorio,267
coronavirus emerged chinese,265
cambiará radicalmente vidas,265
enorme cantidad pruebas,264
covid 19 país,264
understood say scientists,264
deaths today raising,264
terdampak covid 19,263
david icke channel,263
adding value lives,262
believeyourpossibilities stayhomesafelives buy,262
prepared announce death,262
lives daily talk,262
co uk fantasticradiouk,262
talk us 0208,262
hello fantasticradio co,262
stayhomesafelives buy song,262
2121 hello fantasticradio,262
homeofpossibilities believeyourpossibilities stayhomesafelives,262
fantasticradio co uk,262
value lives daily,262
0208 90 2121,262
us 0208 90,262
highest single day,262
90 2121 hello,262
daily talk us,262
fantasticradiouk homeofpossibilities believeyourpossibilities,262
covid 19 covid19,262
uk fantasticradiouk homeofpossibilities,262
society hear bible,261
coronavirus new york,261
pasien covid 19,261
caso covid 19,261
cdc equates coronavirus,261
12 nuevos casos,259
evidence covid 19,259
coronavirus 12 aspectos,259
dr anthony fauci,259
raising country total,258
one day record,258
news covid 19,258
wealthy friends look,258
covid 19 advice,258
friends look cash,258
aspectos cambiará radicalmente,257
corona covid 19,257
become economy future,257
society hear jesus,257
12 aspectos cambiará,257
tested covid 19,256
spoke would occur,256
gilead ceo says,256
news mundo coronavirus,256
covid 19 statistics,255
become society future,254
look cash coronavirus,254
covid 19 dengan,254
front line workers,254
मन_क _द मन,254
trump wealthy friends,253
reveals contingency plans,253
hospital covid 19,253
johnson reveals contingency,251
third russian doctor,251
case covid 19,251
virus covid covid19,250
19 via cdcgov,250
confirmed cases covid,250
19 di indonesia,250
treating covid 19,250
sapiens futuro tras,250
battle covid 19,250
advertencia sapiens futuro,250
amid coronavirus crisis,250
zero new cases,250
today raising country,249
treatment method using,249
covid_19 corona vascular,249
used effectively preventing,249
hereby honor announce,249
corona vascular foxnews,249
uv rays laser,249
developed brand new,249
preventing mankind infectious,249
brand new treatment,249
laser ray might,249
spoke would happen,249
method using uv,249
honor announce developed,249
announce developed brand,249
rays laser ray,249
vascular foxnews foxbusiness,249
using uv rays,249
ray might used,249
new treatment method,249
might used effectively,249
effectively preventing mankind,249
mankind infectious virus,249
malversar 50 millones,249
infectious virus covid,249
fiscalía anticorrupción malversar,248
confirmed deaths go,248
emerged chinese lab,248
patients covid 19,248
covid 19 numbers,247
covid 19 hospital,247
cash coronavirus crisis,247
vidas según especialistas,246
read article coronavirus,246
50 millones crisis,246
anticorrupción malversar 50,246
tyranny oregon gov,244
hi covid 19,244
illa fiscalía anticorrupción,244
due covid19 check,244
long term care,244
19 death rate,244
radicalmente vidas según,243
money due covid19,243
trump coronavirus response,243
significant evidence new,243
steps helped thousands,242
tweet follow steps,242
check last tweet,242
need money due,242
follow steps helped,242
covid 19 new,242
becomes battle cry,242
last tweet follow,242
covid19 check last,242
sánchez illa fiscalía,241
000 one day,241
coronavirus becomes battle,241
originó laboratorio wuhan,241
10 000 one,240
plans made treatment,239
admits much less,239
coronavirus johnson reveals,239
nod covid 19,239
says covid 19,239
finally admits much,239
il covid 19,239
going covid 19,239
use coronavirus crisis,238
seasonal flu finally,238
denuncian sánchez illa,238
millones crisis covid,238
según especialistas bbc,238
timely amp effective,237
families covid 19,237
support cancer patients,237
flu finally admits,237
covid 19 india,237
amp effective steps,236
covid 19 na,236
releases covid 19,236
taking timely amp,236
spoke would unfold,235
battle cry extremists,235
vaccine covid 19,235
get back work,235
allah rahmet eylesin,234
using covid 19,234
intelligence briefings coronavirus,234
representatives support cancer,234
dead rising voteforjoe,233
coronavirus outbreak guardian,233
effective steps tackle,233
deaths go updates,233
cancer patients coronavirus,233
covid 19 et,233
treat covid 19,232
lied origin coronavirus,231
china lied origin,231
19 via youtube,231
sells airline stocks,231
di tengah pandemi,231
ce est pas,231
house representatives support,230
steps tackle covid,230
handling covid 19,229
take look covid19,229
crisis bully states,228
did you know,228
coronavirus sign petition,228
coronavirus covid19 covid_19,228
coronavirus crisis bully,228
campaign use coronavirus,228
download epoch times,227
working unprecedented campaign,227
coronavirus doctors buy,227
unprecedented campaign use,227
10 000 new,226
mcconnell working unprecedented,226
mike pompeo enormous,226
sa covid 19,226
recovered covid 19,225
fda emergency use,225
received intelligence briefings,224
read article covid19,223
covid 19 tracking,223
coronavirus symptom checker,223
changed covid 19,223
use covid 19,222
think covid 19,222
russian doctor plunges,222
intelligence report says,222
george bush releases,222
released due coronavirus,221
given citations released,221
bully states report,221
pres george bush,220
applauds pm modi,220
realdonaldtrump incompetence caused,220
tiempos covid 19,220
take look coronavirus,220
coronavirus russia cases,219
modi taking timely,219
covid 19 cure,219
covid 19 came,218
universal basic income,218
trump mcconnell working,218
pm modi taking,217
due coronavirus restrictions,216
showers flower petals,216
total covid 19,216
former pres george,216
rate covid 19,216
deaths confirmed last,215
covers covid__19 covid19,215
mask covers covid__19,215
confirmed last update,215
lucha covid 19,215
deaths per million,215
amp covid 19,214
video mocking us,214
bush releases covid,214
know jesus foretold,214
article amp reuters,214
coronavirus twice january,213
briefings coronavirus twice,212
mekanı cennet olsun,212
23 mil 471,212
day given citations,212
times day given,211
polri polricegahcorona coronavirus,211
updates covid19 coronavirus,211
cutting staff salaries,211
23 471 casos,211
coronavirus cases rise,211
casos positivos coronavirus,210
coronavirus cases new,210
contagiados covid 19,210
03 05 20,210
citations released due,210
the covid 19,209
go updates covid19,209
us airline stocks,209
satgasnusantara satgasnusantarakepri poldakepri,209
covid 19 would,209
dumps us airline,208
trump received intelligence,208
polricegahcorona coronavirus virus,208
stocks saying world,208
airline stocks saying,208
state media releases,208
covid 19 nedeniyle,208
know jesus prophesied,208
becomes illegal whether,207
covid 19 yang,207
spread word effects,207
staff salaries amid,207
testing covid 19,207
word effects us,207
covid 19 recovery,207
stay home order,207
saying world changed,207
others spread word,207
video others spread,207
illegal whether video,207
uk covid 19,207
whether video others,207
covid 19 hit,206
amp hopi families,206
california man arrested,206
coronavirus came wuhan,206
humaspoldakepri satgasnusantara satgasnusantarakepri,206
president applauds pm,206
salaries amid coronavirus,205
buffett dumps us,205
foretold event believe,205
since covid 19,205
hopi families covid,205
death covid 19,205
jesus spoke book,204
satgasnusantarakepri poldakepri ramadhan2020,204
ramadhan2020 poldakepricegahcovid19 polripromoter,204
poldakepri ramadhan2020 poldakepricegahcovid19,204
navajo amp hopi,204
thin blue line,204
new cases new,204
coronavirus covid19 sarscov2,204
media releases animated,204
leaked intelligence report,204
attacks george bush,203
society coronavirus bible,203
polrihumanis polri polricegahcorona,203
warren buffett dumps,203
coronavirus cover up,203
polripromoter polrihumanis polri,203
rss_द श_क _श,202
du 11 mai,202
de covid 19,202
abc news via,202
mocking us coronavirus,201
poldakepricegahcovid19 polripromoter polrihumanis,201
propaganda video mocking,201
new cases confirmed,201
nra cutting staff,201
berkshire hathaway sells,201
world changed covid,200
estimated us coronavirus,200
upon virus china,200
covid 19 24,200
covid 19 mundo,200
latest covid 19,200
animated propaganda video,199
covid 19 fight,199
believe covid 19,199
covid 19 jesus,199
state million via,198
kano24 ogun18 bauchi15,198
sokoto8 katsina7 borno3,198
katsina7 borno3 nasarawa2,198
kaduna12 fct12 sokoto8,198
bauchi15 kaduna12 fct12,198
please read covid19,198
ogun18 bauchi15 kaduna12,198
releases animated propaganda,198
borno3 nasarawa2 adamawa1,198
fct12 sokoto8 katsina7,198
covid 19 narrative,198
lagos29 kano24 ogun18,198
trump attacks george,197
fallecidos covid 19,197
shifts estimated us,197
wear face masks,197
tengah pandemi covid,196
19 pandemic via,196
million via gatewaypundit,196
patients coronavirus sign,195
completes million covid,195
chinese communist party,195
covid 19 covid,194
news coronavirus covid19,194
hoax history washtimes,194
covid toe rashes,194
tests positive covid,194
china hid severity,193
39 lagos29 kano24,193
19 tests remarkable,193
know bible prophesied,193
covid 19 mortality,193
gegen covid 19,193
vaccine must shared,193
behind covid 19,193
factsmatter wwg1wga wakeupamerica,193
60 minutes correspondent,192
toe rashes puzzle,192
origin coronavirus leaked,192
rashes puzzle doctors,192
wearethenewsnow factsmatter wwg1wga,192
casos confirmados coronavirus,192
parents test positive,192
please read coronavirus,192
nuevos casos positivos,191
airline stocks due,191
ready live coronavirus,191
covid 19 victims,191
please stay home,191
coronavirus leaked intelligence,191
virus china mocks,191
chief nixes officers,190
daily covid 19,190
officers thin blue,190
tests covid 19,190
aarogya setu app,190
police chief nixes,190
hathaway sells airline,190
stocks due coronavirus,190
know bible foretold,190
current covid 19,189
100 000 casos,189
coronavirus hospital window,189
india completes million,189
blue line coronavirus,189
new cases reported,189
pasien positif covid,189
francisco police chief,189
โคว ด19 covid19,189
covid 19 still,189
nixes officers thin,189
coronavirus death count,188
coronavirus fake news,188
qanon wearethenewsnow factsmatter,188
000 americans dead,188
pandemic covid 19,188
trialled isle wight,187
kasus covid 19,187
virus dirumahaja lawancovid19,187
must shared worldwide,187
coronavirus virus dirumahaja,187
symptom checker results,187
million coronavirus tests,187
prophesied event believe,187
cas covid 19,186
johns hopkins university,186
sunday 03 may,186
des preuves immenses,186
single day increase,186
coronavirus covid toe,186
cases covid19 nigeriadischarged,185
number confirmed cases,185
towards society physical,185
000 new cases,185
penyebaran virus covid,185
wakeupamerica unitednotdivided saveamerica,185
could covid 19,185
leading covid 19,185
lapse india jio,185
wwg1wga wakeupamerica unitednotdivided,185
frente covid 19,185
india jio exposed,184
coronavirus sars cov,184
exposed coronavirus symptom,184
people tested positive,184
johnson says doctors,184
covid 19 confirmed,184
mil casos confirmados,184
bible spoke book,184
line coronavirus masks,184
society coronavirus jesus,184
towards medical professionals,184
challenged covid 19,184
enormous evidence shows,184
security lapse india,184
crpf headquarters delhi,183
new deaths total,183
doctor plunges coronavirus,183
000 americans died,183
gram,counts
covid 19 pandemic,6220
covid 19 cases,5186
href rel nofollow,3459
true href rel,3398
rel nofollow twitter,2834
coronavirus covid 19,2810
covid 19 deaths,2612
covid 19 crisis,2519
due covid 19,2246
covid 19 patients,2164
casos covid 19,1979
covid 19 via,1942
new covid 19,1901
covid 19 lockdown,1835
new coronavirus cases,1714
covid 19 death,1714
nofollow twitter web,1699
towards cashless society,1608
amid covid 19,1576
covid 19 di,1546
bbc news coronavirus,1546
positive covid 19,1498
cases covid 19,1482
fight covid 19,1420
twitter web app,1399
coronavirus death toll,1278
cashless society know,1239
new york times,1198
covid 19 outbreak,1140
covid 19 testing,1136
covid 19 coronavirus,1129
du covid 19,1117
covid 19 vaccine,1105
amid coronavirus pandemic,1103
sign petition via,1090
futuro tras coronavirus,1062
pandemi covid 19,1062
últimas 24 horas,1049
enormous evidence coronavirus,1043
cashless society did,1007
covid 19 relief,971
predicted coronavirus foresee,962
coronavirus foresee next,962
died covid 19,962
covid 19 virus,955
nofollow twitter android,943
covid 19 test,940
da covid 19,931
tras coronavirus el_pais,919
pandemia covid 19,918
covid 19 response,913
petition via change,902
coronavirus live updates,870
covid 19 tests,843
covid 19 positive,836
stay at home,834
spread covid 19,829
covid 19 covert,807
19 covert id,807
03 05 2020,774
virus covid 19,755
disease covid 19,739
towards future cashless,729
heading towards future,729
future cashless society,729
covert id heading,729
id heading towards,729
society did know,729
positif covid 19,726
19 death toll,722
know jesus spoke,719
response covid 19,719
test positive coronavirus,710
coronavirus disease covid,704
bill gates coronavirus,695
covid 19 update,685
know bible spoke,671
biggest political hoax,669
crisis covid 19,659
new cases coronavirus,651
political hoax history,651
spread information becomes,644
gates coronavirus 5g,644
information becomes illegal,644
link spread information,644
banned relevant new,644
coronavirus 5g link,644
doctors banned relevant,644
articles bill gates,644
5g link spread,644
relevant new articles,644
new articles bill,644
hype biggest political,639
number covid 19,635
post covid 19,629
impact covid 19,626
society know bible,621
society know jesus,618
coronavirus hype biggest,617
deaths covid 19,616
reported deadliest day,615
deadliest day coronavirus,614
confirmed covid 19,604
us reported deadliest,603
last 24 hours,600
die covid 19,600
dies covid 19,595
says enormous evidence,591
originated wuhan lab,590
covid 19 vía,590
vaccine never developed,584
covid 19 warriors,581
covid 19 originated,580
covid 19 antibody,568
gt gt gt,567
evidence coronavirus came,563
george bush calls,559
new cases covid,558
places spare others,553
vaccine end year,553
coronavirus vaccine never,552
evidence coronavirus originated,551
pacientes covid 19,548
muertes covid 19,547
nuevos casos coronavirus,547
happens coronavirus vaccine,545
amid coronavirus outbreak,543
wallop places spare,542
covid 19 riddle,542
virus wallop places,539
riddle virus wallop,539
covid 19 em,532
19 riddle virus,524
tested positive coronavirus,522
cashless society hear,518
coronavirus originated wuhan,518
indian air force,517
covid 19 could,513
originated chinese lab,513
povos indígenas da,512
indígenas da amazônia,511
proteger povos indígenas,506
severity hoard supplies,505
ajude proteger povos,503
pompeo enormous evidence,502
da amazônia covid,502
amazônia covid 19,502
19 antibody test,501
theory covid 19,500
nuevos casos covid,500
covid 19 related,499
pompeo says enormous,496
covid 19 situation,496
test positive covid,495
brasileiro foi em,494
incompetência desse governo,493
desse governo óbvia,493
apoio popular incompetência,493
covid19 foi desastrosa,493
sem covid19 foi,493
combat covid 19,493
pib brasileiro foi,493
óbvia sem covid19,493
foi em 2019,493
governo óbvia sem,493
pandemia pib brasileiro,493
ou seja inferior,493
aos 2018 governo,493
popular incompetência desse,493
em 2019 ou,493
2018 governo temer,493
base apoio popular,493
sem base apoio,493
seja inferior aos,493
inferior aos 2018,493
2019 ou seja,493
da pandemia pib,493
never developed happened,486
100 mil casos,485
national command council,485
covid 19 decision,481
penyebaran covid 19,478
south africans support,478
covid 19 case,477
new york city,473
tested positive covid,471
políticas greve caminhoneiros,469
must read article,469
caminhoneiros sem base,469
greve caminhoneiros sem,469
dificuldades políticas greve,469
covid 19 spread,468
com lava jato,468
temer com lava,467
jato jbs dificuldades,467
jbs dificuldades políticas,467
lava jato jbs,467
council covid 19,467
governo temer com,467
com covid 19,466
03 may 2020,465
covid 19 amp,464
ban sale cigarettes,464
bush calls unity,462
command council covid,460
19 decision ban,460
support national command,460
decision ban sale,460
covid 19 ini,459
africans support national,459
19 originated chinese,458
realdonaldtrump petehegseth foxandfriends,452
cigarettes sign petition,451
sale cigarettes sign,451
via namo app,450
fighting covid 19,449
unity amid coronavirus,446
virtual town hall,445
mike pompeo doubles,442
foi desastrosa imagine,441
positivos covid 19,440
desastrosa imagine agora,440
becomes illegal effects,437
illegal effects us,437
death toll rises,428
new cases covid19,427
doubles unproven theory,426
gojoe gojoe gojoe,426
rss_द श_क _द,426
epoch times app,424
covid 19 treatment,424
mortes covid 19,423
dying covid 19,422
contact tracing app,422
us covid 19,421
pompeo doubles unproven,421
exclusive coronavirus coverage,420
unproven theory covid,420
coronavirus vaccine end,417
get covid 19,416
calls unity amid,415
pressing towards cashless,414
moving towards cashless,412
coverage daily updates,411
app see exclusive,410
see exclusive coronavirus,410
coronavirus coverage daily,410
times app see,410
covid 19 video,410
total cases deaths,402
pruebas covid 19,402
penanganan covid 19,400
update 2020 05,399
rips george bush,398
new covid19 cases,398
cure covid 19,396
report china hid,395
test covid 19,395
backlash builds china,395
covid 19 may,393
global backlash builds,392
000 people die,391
contagios covid 19,391
people die coronavirus,391
highest coronavirus deaths,391
cases country world,390
country world today,390
time high unemployment,390
coronavirus disease 2019,390
times cases country,390
deaths times cases,389
caused time high,389
unemployment federal debt,389
federal debt economy,389
economy crash highest,389
incompetence caused time,389
high unemployment federal,389
debt economy crash,389
crash highest coronavirus,389
coronavirus deaths times,389
spoke book revelation,388
cashless society coronavirus,387
contre covid 19,386
bbc news mundo,385
builds china coronavirus,382
trump rips george,380
covid 19 restrictions,379
did know bible,378
direction cashless society,375
close up video,374
cases deaths coronavirus,374
last update 2020,374
health care workers,373
bible spoke would,373
hid coronavirus severity,369
au covid 19,368
china covid 19,367
jesus spoke would,367
china hid coronavirus,366
covid 19 patient,366
crise du coronavirus,365
digital age cashless,365
age cashless society,365
save amazon tribes,364
covid 19 epidemic,364
covid 19 world,364
coronavirus severity hoard,359
cases new deaths,359
urged save amazon,359
brazil urged save,358
world health organization,357
genocide brazil urged,356
amazon tribes covid,354
society covid 19,354
eve genocide brazil,354
hear jesus spoke,351
tribes covid 19,351
did know jesus,351
coronavirus antibody test,351
covid 19 news,350
at home orders,350
gov kate brown,349
cause 233 000,349
covid 19 global,349
boris johnson says,349
covid 19 infection,348
society physical cash,348
confirmados covid 19,347
2019 covid 19,347
covid 19 data,347
cashless society covid,346
autódromo hermanos rodríguez,345
170 new cases,343
states cause 233,343
casos positivos covid,343
233 000 people,341
reopening states cause,341
according wharton model,340
first time since,339
die coronavirus according,338
india covid 19,338
nobel prize winning,337
president donald trump,337
coronavirus according wharton,337
covid 19 transmission,336
came wuhan lab,335
casos confirmados covid,335
at home order,335
came chinese lab,334
coronavirus pandemic via,332
due coronavirus pandemic,332
predicts coronavirus vaccine,332
press freedom day,330
muertos covid 19,330
asturias doblegando bestia,328
000 covid 19,328
cómo asturias doblegando,328
day coronavirus patients,327
help slow spread,326
confirmed coronavirus cases,324
norte cómo asturias,324
doblegando bestia coronavirus,324
coronavirus patients states,324
hospitalizations seasonal flu,323
positivo covid 19,322
slow spread covid19,322
prize winning scientist,321
asthma heart disease,320
held 16 person,320
kate brown extends,320
world press freedom,320
lección norte cómo,319
trump predicts coronavirus,319
million covid 19,318
16 person service,318
know covid 19,318
sides church suing,318
diabetes obesity cancer,318
secretary state mike,318
obesity cancer asthma,317
organ transplants amp,317
heart disease organ,317
coronavirus came chinese,317
state mike pompeo,317
transplants amp people,317
cancer asthma heart,317
pastor held 16,317
disease organ transplants,317
amp people 60,316
person service faced,316
service faced fine,316
60 close up,316
heading towards cashless,316
people 60 close,316
patients states reopen,315
gov northam pastor,315
church suing virginia,315
hear bible spoke,315
covid 19 impact,314
northam pastor held,314
young healthy however,313
healthy however infect,313
young people likely,313
covid young healthy,313
covid 19 hoax,313
people likely severe,313
however infect diabetes,313
likely severe covid,313
severe covid young,313
infect diabetes obesity,313
suing virginia gov,313
says significant evidence,312
may look like,312
faced fine jail,312
virginia gov northam,312
infected covid 19,311
от covid 19,311
stay home stay,311
warren buffett says,310
doj sides church,310
update covid 19,310
us coronavirus death,309
extends lockdown july,308
mike pompeo says,308
covid 19 real,307
go back work,306
covid19 positive cases,305
may 03 2020,305
domingo mayo 2020,304
tackle covid 19,304
travel may look,303
driving towards cashless,301
fox news virtual,300
doctors prepared announce,300
twitter web client,300
states reopen according,299
news virtual town,299
global travel may,298
lockdown july despite,298
look like ahead,297
disease 2019 covid,297
covid 19 symptoms,297
oregon gov kate,295
covid 19 não,295
deltaairlines americanairlines unitedairlines,294
n95 mask coronavirus,294
coronavirus global travel,294
mask coronavirus trump,294
americanairlines unitedairlines airlines,294
covid__19 covid19 n95,294
covid 19 brasil,294
counts coronavirus disease,294
coronavirus trump deltaairlines,294
covid19 n95 mask,294
19 relief fund,294
trump deltaairlines americanairlines,294
provisional death counts,293
brown extends lockdown,293
death counts coronavirus,293
despite ranking 40th,293
covid19 covid_19 corona,292
contagio covid 19,292
pompeo says significant,292
wabah covid 19,291
express gratitude towards,291
covid 19 méxico,291
covid covid19 covid_19,291
2020 05 03,291
july despite ranking,290
lifted covid 19,290
past 24 hours,290
state coronavirus list,289
like ahead vaccine,289
ranking 40th state,289
like covid 19,289
get mask covers,289
confirmed cases covid19,288
people covid 19,287
affected covid 19,287
tests positive coronavirus,287
equates coronavirus hospitalizations,286
40th state coronavirus,286
debate covid 19,285
treatment completely eliminate,284
boring days prohibition,284
risk cases sooner,284
completely eliminate coronavirus,284
tested positive covid19,284
latest treatment completely,284
covid 19 updates,284
coronavirus hospitalizations seasonal,284
coronavirus corona boring,284
evidence new coronavirus,284
symptoms daily even,284
lockdown must lifted,284
eliminate coronavirus corona,284
covid 19 corona,284
corona boring days,284
prohibition watch regret,284
days prohibition watch,284
self reporting symptoms,283
identify risk cases,283
reporting symptoms daily,283
sooner self reporting,283
cases sooner self,283
home stay safe,282
coronavirus task force,282
even feel well,282
daily even feel,282
must lifted covid,281
covid19 โคว ด19,281
19 transmission understood,281
covid19 identify risk,281
spread covid19 identify,281
feel well download,281
buy ppe rely,280
uk lockdown must,280
us secretary state,279
transmission understood say,279
well download app,279
ppe rely donations,279
doctors buy ppe,279
chinese state media,278
society did you,278
coronavirus contact tracing,278
total confirmed cases,278
list 104 deaths,277
coronavirus list 104,277
new deaths today,275
vacuna covid 19,275
new coronavirus emerged,274
104 deaths state,272
man arrested times,272
treatment covid 19,272
deaths state million,271
covid 19 infections,271
time covid 19,271
arrested times day,271
covid 19 france,270
coronavirus via youtube,270
_द मन_क _द,270
श_क _द मन_क,270
total number cases,270
us coronavirus response,269
less dangerous children,269
social distancing guidelines,269
contingency plans made,268
covid 19 dan,268
220 new cases,267
much less dangerous,267
coronavirus originó laboratorio,267
coronavirus emerged chinese,265
cambiará radicalmente vidas,265
enorme cantidad pruebas,264
covid 19 país,264
understood say scientists,264
deaths today raising,264
terdampak covid 19,263
david icke channel,263
adding value lives,262
believeyourpossibilities stayhomesafelives buy,262
prepared announce death,262
lives daily talk,262
co uk fantasticradiouk,262
talk us 0208,262
hello fantasticradio co,262
stayhomesafelives buy song,262
2121 hello fantasticradio,262
homeofpossibilities believeyourpossibilities stayhomesafelives,262
fantasticradio co uk,262
value lives daily,262
0208 90 2121,262
us 0208 90,262
highest single day,262
90 2121 hello,262
daily talk us,262
fantasticradiouk homeofpossibilities believeyourpossibilities,262
covid 19 covid19,262
uk fantasticradiouk homeofpossibilities,262
society hear bible,261
coronavirus new york,261
pasien covid 19,261
caso covid 19,261
cdc equates coronavirus,261
12 nuevos casos,259
evidence covid 19,259
coronavirus 12 aspectos,259
dr anthony fauci,259
raising country total,258
one day record,258
news covid 19,258
wealthy friends look,258
covid 19 advice,258
friends look cash,258
aspectos cambiará radicalmente,257
corona covid 19,257
become economy future,257
society hear jesus,257
12 aspectos cambiará,257
tested covid 19,256
spoke would occur,256
gilead ceo says,256
news mundo coronavirus,256
covid 19 statistics,255
become society future,254
look cash coronavirus,254
covid 19 dengan,254
front line workers,254
मन_क _द मन,254
trump wealthy friends,253
reveals contingency plans,253
hospital covid 19,253
johnson reveals contingency,251
third russian doctor,251
case covid 19,251
virus covid covid19,250
19 via cdcgov,250
confirmed cases covid,250
19 di indonesia,250
treating covid 19,250
sapiens futuro tras,250
battle covid 19,250
advertencia sapiens futuro,250
amid coronavirus crisis,250
zero new cases,250
today raising country,249
treatment method using,249
covid_19 corona vascular,249
used effectively preventing,249
hereby honor announce,249
corona vascular foxnews,249
uv rays laser,249
developed brand new,249
preventing mankind infectious,249
brand new treatment,249
laser ray might,249
spoke would happen,249
method using uv,249
honor announce developed,249
announce developed brand,249
rays laser ray,249
vascular foxnews foxbusiness,249
using uv rays,249
ray might used,249
new treatment method,249
might used effectively,249
effectively preventing mankind,249
mankind infectious virus,249
malversar 50 millones,249
infectious virus covid,249
fiscalía anticorrupción malversar,248
confirmed deaths go,248
emerged chinese lab,248
patients covid 19,248
covid 19 numbers,247
covid 19 hospital,247
cash coronavirus crisis,247
vidas según especialistas,246
read article coronavirus,246
50 millones crisis,246
anticorrupción malversar 50,246
tyranny oregon gov,244
hi covid 19,244
illa fiscalía anticorrupción,244
due covid19 check,244
long term care,244
19 death rate,244
radicalmente vidas según,243
money due covid19,243
trump coronavirus response,243
significant evidence new,243
steps helped thousands,242
tweet follow steps,242
check last tweet,242
need money due,242
follow steps helped,242
covid 19 new,242
becomes battle cry,242
last tweet follow,242
covid19 check last,242
sánchez illa fiscalía,241
000 one day,241
coronavirus becomes battle,241
originó laboratorio wuhan,241
10 000 one,240
plans made treatment,239
admits much less,239
coronavirus johnson reveals,239
nod covid 19,239
says covid 19,239
finally admits much,239
il covid 19,239
going covid 19,239
use coronavirus crisis,238
seasonal flu finally,238
denuncian sánchez illa,238
millones crisis covid,238
según especialistas bbc,238
timely amp effective,237
families covid 19,237
support cancer patients,237
flu finally admits,237
covid 19 india,237
amp effective steps,236
covid 19 na,236
releases covid 19,236
taking timely amp,236
spoke would unfold,235
battle cry extremists,235
vaccine covid 19,235
get back work,235
allah rahmet eylesin,234
using covid 19,234
intelligence briefings coronavirus,234
representatives support cancer,234
dead rising voteforjoe,233
coronavirus outbreak guardian,233
effective steps tackle,233
deaths go updates,233
cancer patients coronavirus,233
covid 19 et,233
treat covid 19,232
lied origin coronavirus,231
china lied origin,231
19 via youtube,231
sells airline stocks,231
di tengah pandemi,231
ce est pas,231
house representatives support,230
steps tackle covid,230
handling covid 19,229
take look covid19,229
crisis bully states,228
did you know,228
coronavirus sign petition,228
coronavirus covid19 covid_19,228
coronavirus crisis bully,228
campaign use coronavirus,228
download epoch times,227
working unprecedented campaign,227
coronavirus doctors buy,227
unprecedented campaign use,227
10 000 new,226
mcconnell working unprecedented,226
mike pompeo enormous,226
sa covid 19,226
recovered covid 19,225
fda emergency use,225
received intelligence briefings,224
read article covid19,223
covid 19 tracking,223
coronavirus symptom checker,223
changed covid 19,223
use covid 19,222
think covid 19,222
russian doctor plunges,222
intelligence report says,222
george bush releases,222
released due coronavirus,221
given citations released,221
bully states report,221
pres george bush,220
applauds pm modi,220
realdonaldtrump incompetence caused,220
tiempos covid 19,220
take look coronavirus,220
coronavirus russia cases,219
modi taking timely,219
covid 19 cure,219
covid 19 came,218
universal basic income,218
trump mcconnell working,218
pm modi taking,217
due coronavirus restrictions,216
showers flower petals,216
total covid 19,216
former pres george,216
rate covid 19,216
deaths confirmed last,215
covers covid__19 covid19,215
mask covers covid__19,215
confirmed last update,215
lucha covid 19,215
deaths per million,215
amp covid 19,214
video mocking us,214
bush releases covid,214
know jesus foretold,214
article amp reuters,214
coronavirus twice january,213
briefings coronavirus twice,212
mekanı cennet olsun,212
23 mil 471,212
day given citations,212
times day given,211
polri polricegahcorona coronavirus,211
updates covid19 coronavirus,211
cutting staff salaries,211
23 471 casos,211
coronavirus cases rise,211
casos positivos coronavirus,210
coronavirus cases new,210
contagiados covid 19,210
03 05 20,210
citations released due,210
the covid 19,209
go updates covid19,209
us airline stocks,209
satgasnusantara satgasnusantarakepri poldakepri,209
covid 19 would,209
dumps us airline,208
trump received intelligence,208
polricegahcorona coronavirus virus,208
stocks saying world,208
airline stocks saying,208
state media releases,208
covid 19 nedeniyle,208
know jesus prophesied,208
becomes illegal whether,207
covid 19 yang,207
spread word effects,207
staff salaries amid,207
testing covid 19,207
word effects us,207
covid 19 recovery,207
stay home order,207
saying world changed,207
others spread word,207
video others spread,207
illegal whether video,207
uk covid 19,207
whether video others,207
covid 19 hit,206
amp hopi families,206
california man arrested,206
coronavirus came wuhan,206
humaspoldakepri satgasnusantara satgasnusantarakepri,206
president applauds pm,206
salaries amid coronavirus,205
buffett dumps us,205
foretold event believe,205
since covid 19,205
hopi families covid,205
death covid 19,205
jesus spoke book,204
satgasnusantarakepri poldakepri ramadhan2020,204
ramadhan2020 poldakepricegahcovid19 polripromoter,204
poldakepri ramadhan2020 poldakepricegahcovid19,204
navajo amp hopi,204
thin blue line,204
new cases new,204
coronavirus covid19 sarscov2,204
media releases animated,204
leaked intelligence report,204
attacks george bush,203
society coronavirus bible,203
polrihumanis polri polricegahcorona,203
warren buffett dumps,203
coronavirus cover up,203
polripromoter polrihumanis polri,203
rss_द श_क _श,202
du 11 mai,202
de covid 19,202
abc news via,202
mocking us coronavirus,201
poldakepricegahcovid19 polripromoter polrihumanis,201
propaganda video mocking,201
new cases confirmed,201
nra cutting staff,201
berkshire hathaway sells,201
world changed covid,200
estimated us coronavirus,200
upon virus china,200
covid 19 24,200
covid 19 mundo,200
latest covid 19,200
animated propaganda video,199
covid 19 fight,199
believe covid 19,199
covid 19 jesus,199
state million via,198
kano24 ogun18 bauchi15,198
sokoto8 katsina7 borno3,198
katsina7 borno3 nasarawa2,198
kaduna12 fct12 sokoto8,198
bauchi15 kaduna12 fct12,198
please read covid19,198
ogun18 bauchi15 kaduna12,198
releases animated propaganda,198
borno3 nasarawa2 adamawa1,198
fct12 sokoto8 katsina7,198
covid 19 narrative,198
lagos29 kano24 ogun18,198
trump attacks george,197
fallecidos covid 19,197
shifts estimated us,197
wear face masks,197
tengah pandemi covid,196
19 pandemic via,196
million via gatewaypundit,196
patients coronavirus sign,195
completes million covid,195
chinese communist party,195
covid 19 covid,194
news coronavirus covid19,194
hoax history washtimes,194
covid toe rashes,194
tests positive covid,194
china hid severity,193
39 lagos29 kano24,193
19 tests remarkable,193
know bible prophesied,193
covid 19 mortality,193
gegen covid 19,193
vaccine must shared,193
behind covid 19,193
factsmatter wwg1wga wakeupamerica,193
60 minutes correspondent,192
toe rashes puzzle,192
origin coronavirus leaked,192
rashes puzzle doctors,192
wearethenewsnow factsmatter wwg1wga,192
casos confirmados coronavirus,192
parents test positive,192
please read coronavirus,192
nuevos casos positivos,191
airline stocks due,191
ready live coronavirus,191
covid 19 victims,191
please stay home,191
coronavirus leaked intelligence,191
virus china mocks,191
chief nixes officers,190
daily covid 19,190
officers thin blue,190
tests covid 19,190
aarogya setu app,190
police chief nixes,190
hathaway sells airline,190
stocks due coronavirus,190
know bible foretold,190
current covid 19,189
100 000 casos,189
coronavirus hospital window,189
india completes million,189
blue line coronavirus,189
new cases reported,189
pasien positif covid,189
francisco police chief,189
โคว ด19 covid19,189
covid 19 still,189
nixes officers thin,189
coronavirus death count,188
coronavirus fake news,188
qanon wearethenewsnow factsmatter,188
000 americans dead,188
pandemic covid 19,188
trialled isle wight,187
kasus covid 19,187
virus dirumahaja lawancovid19,187
must shared worldwide,187
coronavirus virus dirumahaja,187
symptom checker results,187
million coronavirus tests,187
prophesied event believe,187
cas covid 19,186
johns hopkins university,186
sunday 03 may,186
des preuves immenses,186
single day increase,186
coronavirus covid toe,186
cases covid19 nigeriadischarged,185
number confirmed cases,185
towards society physical,185
000 new cases,185
penyebaran virus covid,185
wakeupamerica unitednotdivided saveamerica,185
could covid 19,185
leading covid 19,185
lapse india jio,185
wwg1wga wakeupamerica unitednotdivided,185
frente covid 19,185
india jio exposed,184
coronavirus sars cov,184
exposed coronavirus symptom,184
people tested positive,184
johnson says doctors,184
covid 19 confirmed,184
mil casos confirmados,184
bible spoke book,184
line coronavirus masks,184
society coronavirus jesus,184
towards medical professionals,184
challenged covid 19,184
enormous evidence shows,184
security lapse india,184
crpf headquarters delhi,183
new deaths total,183
doctor plunges coronavirus,183
000 americans died,183
