gram,counts
covid 19 cases,10301
covid 19 pandemic,7404
coronavirus cover up,3539
flees hong kong,3536
beijing coronavirus cover,3412
chinese virologist accuses,3337
virologist accuses beijing,3327
positive covid 19,3261
cover up flees,3231
accuses beijing coronavirus,3176
know treat whistleblowers,3167
up flees hong,3166
new covid 19,3160
hong kong know,3128
kong know treat,3081
casos covid 19,3044
exclusive chinese virologist,3008
covid 19 patients,2941
due covid 19,2648
positivo covid 19,2180
covid 19 deaths,2074
covid 19 vaccine,2046
new coronavirus cases,2005
covid 19 crisis,1866
covid 19 testing,1747
covid 19 via,1567
spread covid 19,1560
cases covid 19,1549
amid covid 19,1544
covid 19 di,1534
coronavirus covid 19,1534
covid 19 test,1371
da covid 19,1325
given covid 19,1315
últimas 24 horas,1310
covid 19 response,1309
contract without open,1306
covid 19 contract,1296
without open tender,1287
19 contract without,1285
links gove cummings,1184
gove cummings given,1183
cummings given covid,1177
impact covid 19,1155
firm links gove,1149
covid 19 outbreak,1132
india mitega india,1119
pandemi covid 19,1106
pandemia covid 19,1068
covid 19 death,1031
july 10 2020,1006
treat whistleblowers foxnews,1004
covid 19 tests,979
covid 19 virus,962
mitega india mitega,958
bbc news coronavirus,934
covid 19 coronavirus,931
tested positive covid,931
test positive covid,919
tested positive coronavirus,890
died covid 19,851
fight covid 19,824
covid 19 spread,819
covid 19 update,816
tests positive covid,804
covid 19 positive,803
response covid 19,789
10 07 2020,765
covid 19 case,764
new covid19 cases,759
nuevos casos coronavirus,759
nuevos casos covid,758
eu coronavirus vaccine,748
niro lawyer says,746
tests positive coronavirus,744
contagios covid 19,727
coronavirus live updates,723
world health organization,722
get covid 19,722
covid 19 em,718
last 24 hours,715
robert niro lawyer,713
dio positivo covid,706
unknown pneumonia deadlier,700
covid 19 relief,696
covid 19 infections,692
new york times,690
dies covid 19,683
lawyer says coronavirus,680
says coronavirus caused,678
coronavirus caused actor,678
caused actor financial,678
post covid 19,675
positivos covid 19,672
vacuna covid 19,668
actor financial strain,662
trump handling coronavirus,655
pneumonia deadlier coronavirus,634
pacientes covid 19,627
covid 19 lockdown,620
10 julio 2020,605
jokowi halimiskandarnu anwsanusi,604
covid 19 impact,601
chinese communist party,598
release 000 prisoners,593
anwsanusi malik_haramain imansyukri,589
fanb gnbypueblo juntosvenceremosalcovid19,586
nbc guest doctor,586
tv interviews never,582
halimiskandarnu anwsanusi malik_haramain,575
malik_haramain imansyukri taufikmadjid71,570
suffering coronavirus hospital,570
new cases covid,569
guest doctor suffering,568
imansyukri taufikmadjid71 fachrilabalado,567
doctor suffering coronavirus,567
hospital tv interviews,567
spike coronavirus cases,566
coronavirus hospital tv,566
covid 19 situation,564
interviews never coronavirus,562
10jul fanb gnbypueblo,556
positif covid 19,554
never coronavirus video,553
covid 19 amp,551
wow nbc guest,549
single day spike,546
muertes covid 19,539
000 new cases,539
new cases coronavirus,539
coronavirus vaccine programme,524
coronavirus covid19 sarscov2,514
number covid 19,514
taufikmadjid71 fachrilabalado azzameldzikrie,513
da positivo covid,511
gnbypueblo juntosvenceremosalcovid19 gnboficial,509
us diving dark,497
hole plan get,496
covid 19 infection,494
diving dark covid,493
dark covid hole,493
gt gt gt,491
population coronavirus covid19,489
virus covid 19,487
covid 19 través,487
covid19 sarscov2 forecast,486
covid hole plan,485
opted eu coronavirus,483
kids back school,482
gov greg abbott,480
covid 19 treatment,478
death population coronavirus,478
covid 19 symptoms,477
final year students,476
highest single day,474
new death population,473
uk opted eu,473
viernes 10 julio,473
world health organisation,466
handling covid 19,466
covid 19 related,461
confirmed covid 19,461
die covid 19,461
ice helped spread,461
contagio covid 19,456
vaccine programme sources,454
dr anthony fauci,450
video via gatewaypundit,450
almost every organ,448
treat whistleblowers fox,446
coronavirus death toll,444
covid 19 cover,444
programme sources say,443
handling coronavirus race,443
helped spread coronavirus,442
whistleblowers fox news,438
coronavirus race relations,433
du covid 19,432
amid coronavirus pandemic,432
test covid 19,430
000 covid 19,424
chinese virologist flees,424
coronavirus cases surge,423
disapproval trump handling,423
coronavirus video via,423
muertos covid 19,422
20 countries get,420
covid 19 concerns,419
countries get antidotes,419
get antidotes covid19,419
19 cover up,418
test positive coronavirus,416
tested positive covid19,416
autopsies covid 19,415
covid 19 numbers,409
deadlier covid 19,409
plasma shot could,409
dio positivo coronavirus,408
total covid 19,407
casos positivos covid,405
broad disapproval trump,405
could prevent coronavirus,405
shot could prevent,404
beijing covid 19,404
refusing wear masks,403
us covid 19,402
spike covid 19,402
kasus covid 19,399
robert niro says,397
prevent coronavirus feds,396
act scientists say,396
com covid 19,393
coronavirus feds makers,388
tested covid 19,387
seleccionada probar vacuna,387
covid 19 covid19,385
stato di emergenza,385
million covid 19,382
like covid 19,381
coronavirus decimated finances,380
whitehouse realdonaldtrump southcom,380
clots almost every,379
due coronavirus pandemic,378
california release 000,378
coronavirus disease 2019,377
blood clots almost,376
argentina seleccionada probar,376
niro says coronavirus,375
says coronavirus decimated,374
race relations poll,373
60 000 new,372
black lives matter,368
penanganan covid 19,366
virologist flees hong,365
roman catholic church,364
crisis covid 19,363
fachrilabalado azzameldzikrie tppkemendes,363
increase covid 19,363
covid 19 vía,360
unknown pneumonia outbreak,359
mortal covid 19,358
every organ autopsies,358
face masks shops,357
mandatory face masks,357
unfair conduct exams,357
found blood clots,357
covid 19 restrictions,355
go back school,355
covid 19 still,355
friday july 10,352
know covid 19,351
covid 19 recovery,350
pathologist found blood,349
record single day,348
000 new coronavirus,348
trump covid 19,347
cases per day,347
covid 19 surge,345
people covid 19,344
covid 19 data,342
covid 19 10jul,341
sa covid 19,340
prueba covid 19,339
mortes covid 19,339
organ autopsies covid,339
entertain empower educate,338
empower educate talk,338
0208 090 2121,338
090 2121 hello,338
2121 hello fantasticradio,338
hello fantasticradio co,338
fantasticradio co uk,338
co uk fantasticradiouk,338
uk fantasticradiouk homeofpossibilities,338
fantasticradiouk homeofpossibilities believeyourpossibilities,338
homeofpossibilities believeyourpossibilities stayhomesafelives,338
believeyourpossibilities stayhomesafelives buy,336
stayhomesafelives buy song,336
10 july 2020,334
deadly covid 19,334
first covid 19,332
hong kong accuses,332
educate talk us,330
talk us 0208,330
us 0208 090,330
extremely unfair conduct,330
coronavirus cases rise,329
single day record,327
kong accuses beijing,327
stay at home,326
covid 19 méxico,325
worst yet come,325
sign petition via,324
penyebaran covid 19,324
considering mandatory face,323
2019 covid 19,321
accuses beijing covid,321
letal covid 19,320
covid 19 transmission,320
infected covid 19,319
risk covid 19,319
medicamento covid 19,319
10 considering mandatory,318
see people get,317
check latest update,317
model covid 19,316
exams covid19 pandemic,316
omg cant believe,315
cant believe click,315
believe click see,315
click see 20,315
see 20 countries,315
deaths covid 19,314
spread air indoors,312
leave covid 19,312
overwhelmed icus leave,312
fallecidos covid 19,311
mississippi lawmakers coronavirus,311
masks shops england,310
since covid 19,309
realdonaldtrump kilmeade foxandfriends,309
covid 19 many,308
coronavirus 10 considering,307
daily covid 19,306
dozens mississippi lawmakers,306
ng covid 19,305
president donald trump,305
quarantine rules end,304
19 patients waiting,304
covid 19 may,303
wearing face masks,303
kong suspend schools,303
icus leave covid,303
covid 19 venezuela,302
free covid 19,302
usa northamerica cases,302
hong kong suspend,301
conduct exams covid19,301
cure covid 19,300
covid 19 país,299
weeks refusing wear,299
india covid 19,298
houston overwhelmed icus,298
disease 2019 covid,297
global covid 19,297
19 cases rise,297
coronavirus weeks refusing,297
rise covid 19,296
affected covid 19,295
taxpayer backed coronavirus,295
lawmakers coronavirus weeks,295
reduces risk death,293
covid 19 world,292
backed coronavirus aid,292
dying covid 19,291
covid 19 real,290
hospitals full houston,290
must hear voice,288
probar vacuna coronavirus,288
américa latina medicamento,287
texas border county,287
latest update coronavirus,287
full houston overwhelmed,287
send kids back,285
hear voice students,285
covid 19 could,284
surge covid 19,284
border county model,284
70 000 new,284
new cases confirmed,283
health organisation saying,282
exams cancelled students,282
19 spread air,282
239 scientists send,281
2020 07 10,281
county model covid,281
josé antonio españa,281
coronavirus might airborne,280
long term care,280
covid 19 safety,280
ghislaine maxwell requests,280
air indoors scientists,279
first federal execution,279
covid 19 ini,278
say coronavirus might,278
covid 19 10,278
indoors scientists say,278
aka tests positive,278
coronavirus injected catsuniversity,278
scientists send letters,277
send letters world,277
letters world health,277
organisation saying coronavirus,277
saying coronavirus dangerously,277
coronavirus dangerously airborne,277
dangerously airborne finally,277
airborne finally say,277
finally say coronavirus,277
confirmados covid 19,277
berkhidmatuntukdesa jokowi halimiskandarnu,277
covid 19 updates,275
stop spread covid,275
whistleblower exclusive fox,275
exclusive fox news,275
people get coronavirus,274
months covid 19,274
study 17 million,273
19 cases surge,273
ugc must hear,273
response governor stepped,273
crucial risk factors,271
new cases covid19,271
coronavirus task force,271
voice students academics,271
19 response governor,271
gilead says remdesivir,271
fox news interview,271
identifies crucial risk,270
risk factors coronavirus,270
abc news via,270
academics exams cancelled,270
pneumonia outbreak deadly,270
says covid 19,269
17 million identifies,268
latina medicamento covid,268
basis past performance,268
students academics exams,268
maxwell requests bail,268
coronaviruspandemic covid19india coronavirus,268
million identifies crucial,267
coronavirus whistleblower exclusive,267
want see people,266
penularan covid 19,266
covid 19 brasil,266
billion taxpayer backed,266
remdesivir coronavirus treatment,266
south african rapper,265
factors coronavirus deaths,264
covid19 positive cases,264
covid19 pandemic ugc,264
pandemic ugc must,264
covid 19 hoax,263
help fight coronavirus,263
communist party virus,263
pruebas covid 19,261
past 24 hours,260
surge coronavirus cases,260
covid 19 si,259
juntosvenceremosalcovid19 gnboficial nicolasmaduro,259
fighting covid 19,258
time covid 19,258
covid 19 patient,258
number people tested,258
covid 19 na,257
19 cases reported,256
da positivo coronavirus,255
communist party various,255
party various viruses,255
2020 covid 19,254
10 juli 2020,254
chinese officials warn,254
30 000 morts,254
students promoted basis,254
promoted basis past,254
wo act scientists,253
missouri summer camp,252
vaccine covid 19,252
pm cares fund,252
nears 60 000,252
li meng yan,252
makers wo act,251
truth chinese communist,251
party virus important,251
virus important family,251
gushalimgurudesa jokowi halimiskandarnu,251
suspend schools due,250
news via abc,249
total confirmed cases,249
think covid 19,249
000 covid deaths,249
cancelled students promoted,249
take chinese communist,249
african rapper aka,248
feds makers wo,248
various viruses follow,248
viruses follow virus,248
follow virus ccp,248
virus ccp biological,248
ccp biological chemical,248
biological chemical weapon,248
chemical weapon ccp,248
weapon ccp poisoning,248
ccp poisoning world,248
poisoning world please,248
world please silent,248
please silent ccp,248
silent ccp lied,248
presidenta interina bolivia,247
contagiados covid 19,247
jenazah covid 19,247
case covid 19,246
transmission covid 19,246
bbc news mundo,246
19 deaths world,246
schools due spike,246
pela covid 19,245
quédateencasa felizviernes méxico,245
山本太郎 電通五輪ファースト 小池百合子,244
電通五輪ファースト 小池百合子 nhk,244
distance wash hands,244
covid 19 covid,243
negative covid 19,243
felizviernes méxico covid__19,243
コロナは災害オリンピックは中止 山本太郎 電通五輪ファースト,242
since pandemic began,242
covid 19 new,242
new york city,242
covid 19 outbreaks,242
beat covid 19,242
casos confirmados covid,242
covid 19 airborne,242
world winning trump,242
lobbying catholic church,242
deadlier coronavirus sweeping,241
united states international,241
states international lockdown,241
international lockdown one,241
lockdown one wants,241
one wants americans,241
wants americans countries,241
americans countries states,241
countries states lead,241
states lead world,241
lead world far,241
world far million,241
far million covid,241
covid deaths total,241
deaths total covid,241
deaths world winning,241
れいわ新選組 コロナは災害オリンピックは中止 山本太郎,240
pasien covid 19,240
covid 19 risk,240
casos positivos coronavirus,238
experts visit china,238
outbreak deadly covid,238
covid 19 quarantine,237
covid 19 news,237
eu covid 19,237
texas gov greg,237
от covid 19,236
care covid 19,235
covid 19 control,235
coronavirus death rate,235
消費税０ で共闘 れいわ新選組,234
hospitalized covid 19,234
wash hands often,233
catholic church used,233
of covid 19,233
ccp lied american,233
lied american die,233
stay home much,232
propagación covid 19,232
covid 19 would,232
worse new york,232
kazakhstan denies chinese,232
billion coronavirus aid,232
coronavirus treatment reduces,232
treatment reduces risk,232
inundado covid 19,232
19 death rate,231
で共闘 れいわ新選組 コロナは災害オリンピックは中止,230
new cases reported,230
keep safe distance,230
rapper aka tests,230
help slow spread,228
patients nursing homes,227
covid 19 vaccines,227
due spike coronavirus,227
en semáforos quédateencasa,227
nuevos covid 19,226
organización mundial salud,226
covid 19 take,226
slow spread covid19,225
000 new daily,225
virologist hiding accusing,225
accusing beijing coronavirus,225
daily cases increase,224
new york coronavirus,224
ang abs cbn,224
hiding accusing beijing,224
rate covid 19,223
reported today utc,223
today utc time,223
students come give,223
come give exams,223
says remdesivir coronavirus,223
news covid 19,222
19 covid 19,222
raising funds support,222
chinese virologist hiding,222
election covid 19,221
confirmed coronavirus cases,221
nephew recently lost,221
recently lost life,221
lost life kawasaki,221
life kawasaki disease,221
funds support family,221
support family amp,221
family amp kawasaki,221
overstated number people,221
current covid 19,220
casos nuevos covid,220
ang covid 19,220
amp kawasaki societi,220
kawasaki disease raising,220
disease raising funds,220
asking retweet and,220
retweet and or,220
injected catsuniversity wisconsin,220
got covid 19,219
kawasaki societi asking,219
societi asking retweet,219
cats donated animal,219
136 000 covid,219
possible covid 19,218
blasts lack leadership,218
cases 136 000,218
coronavirus airborne indoors,217
covid 19 sa,216
least billion taxpayer,216
cares fund coronavirus,216
tatanan normal baru,215
epoch times app,215
blocks parliament panel,215
latest covid 19,214
cases last 24,214
pneumonia deadlier covid,214
patients covid 19,214
and or donation,214
diputado josé antonio,214
19 cases 136,214
polresta malang kota,213
bjp blocks parliament,213
parliament panel review,213
recovered covid 19,212
causa covid 19,212
indiafightscorona stayhome staysafe,212
air filter kill,212
times app see,212
app see exclusive,212
hit new record,212
exemption federal rules,212
calls global unity,212
19 10jul fanb,212
breaks another case,212
fund coronavirus response,212
take covid 19,211
people wear masks,211
covid 19 puede,211
petition via ukchange,211
presenta américa latina,211
us breaks another,211
another case record,211
covid 19 spike,210
number coronavirus cases,210
scream inside heart,210
normal baru produktif,210
vaccinated covid 19,210
aumenta misterio origen,210
cdc feels pressure,209
feels pressure trump,209
trump rift grows,209
rift grows coronavirus,209
singapore holding election,209
coverage daily updates,209
realdonaldtrump tuckercarlson foxnews,209
covid 19 india,208
deadly delusions mad,208
delusions mad king,208
rusia presenta américa,208
pressure trump rift,207
capacity covid 19,207
global unity coronavirus,207
eu inundado covid,207
go back work,206
health care workers,206
lack leadership calls,206
leadership calls global,206
nuevos casos positivos,205
holding election covid,205
effects covid 19,205
mad king donald,205
get well soon,205
himbauan kepada masyarakat,205
news sky news,205
watch thousands die,205
11 433 new,205
max icu capacity,205
family please help,205
19 test results,204
covid 19 hospital,204
19 di desa,204
probar vacuna pfizer,204
tiempos covid 19,203
19 death toll,203
hospitals max icu,203
frente covid 19,202
covid 19 protocols,202
please help retweet,202
thousands die coronavirus,202
public housing towers,201
covid 19 investigation,201
us run time,201
covid 19 dan,200
rules end dozens,200
speakupforstudents speakupforstudents speakupforstudents,200
exploded south carolina,200
memberikan motivasi dan,200
motivasi dan apresiasi,200
dan apresiasi kepada,200
run time excuses,200
forced watch thousands,200
update covid 19,199
safe distance wash,199
kepada masyarakat tentang,199
york coronavirus exploded,199
coronavirus exploded south,199
covid19 last days,199
southcom realdonaldtrump potus,199
important family please,199
help retweet save,199
retweet save innocent,199
save innocent people,199
innocent people nothing,199
people nothing politics,199
nothing politics everyone,199
politics everyone life,199
control covid 19,198
baru produktif aman,198
hands often cover,197
covid 19 spreading,197
posible transmisión aérea,197
government covid 19,197
spreading covid 19,197
exams final year,197
covid 19 also,197
anggota polresta malang,197
poll abc news,197
tackling coronavirus scotland,197
coronavirus scotland asserts,197
coronavirus coronavirusupdate covid19,196
unknown pneumonia kazakhstan,196
coronavirus vaccine scheme,196
church used special,196
malang kota yang,196
relations poll abc,196
grows coronavirus response,195
home much keep,195
much keep safe,195
often cover cough,195
miami dade county,195
apresiasi kepada anggota,195
kepada anggota polresta,195
coronavirus worst yet,195
covid 19 victims,194
brote covid 19,194
chief blasts lack,194
aguas residuales países,194
covid19 bot covid19,194
bot covid19 last,194
last days stats,194
cases trend06 jul,194
covid19india coronavirus indiafightscorona,194
coronavirus indiafightscorona stayhome,194
wave covid 19,193
aman dari covid19,193
melbourne public housing,193
clergy sexual abuse,193
70 mil mortes,193
ll forced watch,193
fauci says briefed,193
white house presses,193
house presses fda,193
embajada china kazajistán,192
covid 19 tally,192
getting covid 19,192
19 cases increasing,192
читать на литмаркет,192
filter kill coronavirus,192
19 pandemic accelerating,192
melaksanakan himbauan kepada,192
de covid 19,192
scotland asserts separateness,192
touting criticized study,192
gmt coronavirus coronavirusupdate,191
coronavirusupdate covid19 coronaviruspandemic,191
covid 19 cure,191
masyarakat tentang tatanan,191
tentang tatanan normal,191
produktif aman dari,191
dari covid19 akbpdianugrahahbwps,191
covid19 akbpdianugrahahbwps polrespadangpariaman,191
akbpdianugrahahbwps polrespadangpariaman patriotdigitalpolri,191
polrespadangpariaman patriotdigitalpolri tatanannormalbaru,191
patriotdigitalpolri tatanannormalbaru cepatdekatbersahabat,191
tatanannormalbaru cepatdekatbersahabat humaspoldasumbar,191
amp covid 19,191
19 vaccine scheme,191
separation church state,191
catholic church billion,191
excuses ll forced,191
greg abbott coronavirus,191
abbott coronavirus worst,191
new cases day,190
covid 19 mundo,190
polres padang pariaman,190
padang pariaman melaksanakan,190
pariaman melaksanakan himbauan,190
paid huge settlements,190
coronavirus sweeping kazakhstan,189
florida covid 19,189
long term effects,189
despite covid 19,189
covid19 coronavirus cybersecurity,189
person successfully vaccinated,189
time excuses ll,189
vacuna pfizer coronavirus,189
asserts separateness england,189
fda authorize hydroxychloroquine,189
小池百合子 nhk 安倍信三コロナ感染者１２３７万人,188
covid 19 state,188
part covid 19,188
covid 19 took,188
prevent coronavirus spread,188
first person successfully,188
dioceses paid huge,188
study white house,188
presses fda authorize,188
financial strain foxnews,187
lucha covid 19,187
coronavirus cybersecurity technology,187
cybersecurity technology ai,187
maryland man may,187
cases surge across,187
abuse cover ups,187
países brote china,187
cover up zero,187
criticized study white,187
nhk 安倍信三コロナ感染者１２３７万人 新たに２２万人,186
cases one day,186
port du masque,186
ng abs cbn,186
new confirmed cases,186
the covid 19,186
000 americans dead,186
county covid 19,186
man may first,186
cómo hallazgo rastros,186
brote china aumenta,186
china aumenta misterio,186
up zero hedge,186
covid 19 health,185
nuevos casos covid19,185
caso covid 19,185
26 506 new,184
covid 19 guidelines,184
coronavirus quarantine rules,184
total number cases,184
new cases new,184
new unknown pneumonia,184
covid 19 hombres,184
residuales países brote,184
catch covid 19,183
wear damn mask,183
federal rules amass,183
sexual abuse cover,183
please wear mask,182
treatment covid 19,182
19 via youtube,182
impacted covid 19,182
covid 19 going,182
trump two months,182
000 new covid,181
bus accident day,181
death covid 19,181
successfully vaccinated covid,181
going dioceses paid,181
fundamentales covid 19,181
confirmed cases covid,180
aumento casos coronavirus,180
19 hombres mujeres,180
hombres mujeres familia,180
mujeres familia interno,180
familia interno cada,180
interno cada género,180
one florida county,180
patients waiting er,180
housing towers locked,180
dio positivo prueba,179
wear face mask,179
deliver covid 19,179
millions going dioceses,179
covid 19 hospitalizations,178
covid 19 yang,178
people tested positive,178
el coronavirus transmite,178
many suffering financial,178
suffering financial crisis,178
financial crisis instead,178
crisis instead waiving,178
instead waiving fees,178
waiving fees cancelling,178
fees cancelling exams,178
decided take exams,178
take exams final,178
may first person,178
contradicciones fundamentales covid,178
40 florida hospitals,178
hospitals covid 19,177
day covid 19,177
impacto covid 19,177
covid 19 killed,177
prevención covid 19,177
consequences covid 19,177
covid 19 today,177
thelegallowdown law court,177
law court lawyer,177
court lawyer lawfirm,177
lawyer lawfirm justice,177
lawfirm justice legal,177
justice legal case,177
legal case ip,177
case ip scotus,177
ip scotus tort,177
scotus tort covid19,177
tort covid19 coronavirus,177
says briefed trump,177
ccp virus ccp,177
virus ccp lies,177
towers locked coronavirus,177
cases new deaths,176
article amp reuters,176
single day high,176
new single day,176
record covid 19,176
see exclusive coronavirus,176
daily new covid,176
shut covid 19,176
china suspende importación,176
week testing residents,176
treating covid 19,175
like amp retweet,175
impacts covid 19,175
covid 19 hotspot,175
exclusive coronavirus coverage,175
uk news sky,175
rules amass least,175
63 200 new,175
california could release,175
34 mil 191,175
records 288 new,174
chinese embassy warns,174
covid 19 us,174
new cases today,174
california florida texas,174
amass least billion,174
florida hospitals max,174
130 000 americans,173
related covid 19,173
lawan covid 19,173
coronavirus coverage daily,173
19 many suffering,173
ugc decided take,173
semáforos quédateencasa felizviernes,173
people like amp,172
end dozens destinations,172
pandemic covid 19,172
000 coronavirus deaths,172
cancelling exams ugc,172
exams ugc decided,172
two months covid,172
icu capacity covid,172
coronavirus spent week,172
federal execution 17,172
covid 19 like,171
état urgence sanitaire,171
coronavirus covid19 pandemic,171
penanganan pandemi covid,171
covid 19 rt,171
locked coronavirus spent,171
spent week testing,171
000 tsa employees,170
deteriorating without family,170
causes covid 19,170
covid 19 pour,170
untested company deliver,170
execution 17 years,170
ccpvirus come also,170
come also included,170
also included important,170
