gram,counts
covid 19 cases,5933
covid 19 pandemic,5749
covid 19 patients,3548
casos covid 19,2851
covid 19 vaccine,2506
covid 19 deaths,2454
coronavirus covid 19,2230
covid 19 crisis,2166
pandemi covid 19,2116
due covid 19,2105
new covid 19,2067
positive covid 19,1969
cashless society know,1880
nursing home coronavirus,1862
bbc news coronavirus,1708
new coronavirus cases,1619
covid 19 via,1579
coronavirus dominic cummings,1493
new york times,1421
towards cashless society,1366
wabah covid 19,1362
últimas 24 horas,1292
cases covid 19,1281
covid 19 ini,1277
covid 19 di,1214
covid 19 death,1153
da covid 19,1140
amid coronavirus pandemic,1125
adanya wabah covid,1107
covid 19 silaturahmi,1107
coronavirus live updates,1105
amid covid 19,1102
memorial day weekend,1101
silaturahmi online saja,1101
tahu saat ini,1100
saat ini adanya,1100
ini adanya wabah,1100
19 silaturahmi online,1100
semua tahu saat,1099
patients nursing homes,1095
1trenggalek semua tahu,1094
covid 19 symptoms,1059
covid 19 lockdown,1023
covid 19 outbreak,1022
nears 100 000,1015
20 yr old,1009
fight covid 19,1007
first time since,978
michigan nursing home,961
coronavirus death toll,957
pandemia covid 19,957
society know bible,956
yr old boxer,951
spread covid 19,950
covid 19 testing,945
died covid 19,925
society know jesus,924
covid 19 virus,916
covid 19 coronavirus,887
covid 19 response,874
may 23 2020,832
menghadapi pandemi covid,816
dalam menghadapi pandemi,796
bijak dalam menghadapi,794
legend patrick ewing,775
77 yr old,763
beat 77 yr,756
yr old veteran,755
moved michigan nursing,751
covid 19 positive,746
boxer moved michigan,743
old boxer moved,742
coronavirus beat 77,739
covid 19 test,729
still week later,729
update 20 yr,726
old veteran still,726
home coronavirus beat,725
covid 19 covert,724
veteran still week,724
19 covert id,723
nuevos casos coronavirus,715
covert id heading,707
id heading towards,707
heading towards future,707
towards future cashless,707
future cashless society,707
covid 19 vía,699
post covid 19,695
dominic cummings resign,694
covid 19 relief,683
du covid 19,683
ewing tests positive,682
100 000 dead,677
know bible spoke,677
deadly nursing home,676
covid 19 update,675
contagios covid 19,672
home coronavirus debacle,671
last 24 hours,666
sent covid 19,663
response covid 19,660
covid 19 em,658
week later via,657
cases first time,656
know jesus spoke,653
hertz files bankruptcy,652
later via gatewaypundit,648
patrick ewing tests,647
blame deadly nursing,647
23 05 2020,646
deflect blame deadly,646
attempts deflect blame,643
virus covid 19,641
positivo covid 19,639
stay at home,637
coronavirus debacle trump,625
impact covid 19,624
selamat hari raya,620
muertes covid 19,619
rules second time,610
patients across state,608
19 patients across,606
lockdown rules second,606
000 bed tcf,605
bed tcf center,605
tested positive covid,604
news coronavirus dominic,602
patients 000 bed,600
kept patients 000,599
cuomo attempts deflect,599
positif covid 19,595
di tengah pandemi,595
whitmer sent covid,594
exposed 91 people,593
pacientes covid 19,591
tests positive coronavirus,591
100 000 deaths,590
tcf center detroit,589
covid 19 amp,588
across state regional,587
state regional hubs,587
regional hubs spread,584
uncontrolled coronavirus spread,583
hubs spread virus,583
spread virus kept,583
virus kept patients,583
states still uncontrolled,577
worked symptomatic exposed,575
new cases covid,573
governor whitmer sent,573
24 states still,569
still uncontrolled coronavirus,565
nuevos casos covid,564
com covid 19,563
infected covid 19,556
estimates 24 states,553
china reports new,550
death toll nears,549
study estimates 24,548
covid 19 situation,543
gt gt gt,535
covid 19 new,535
tetap berada di,533
19 ini dengan,526
coronavirus btc epicmegasale,525
deaths covid 19,521
toll nears 100,521
di dalam rumah,518
second time visit,516
dengan tetap berada,515
berada di dalam,515
ini dengan tetap,513
time visit parents,513
91 people coronavirus,512
treatment covid 19,508
online saja silaturahmivirtualaja,505
covid 19 case,503
tested positive coronavirus,501
dominic cummings ignored,501
obasekifakescovid19 ncdcgov whonigeria,498
100 000 americans,497
whonigeria fmohnigeria dreoehanire,496
ncdcgov whonigeria fmohnigeria,495
dreoehanire draomamora inecnigeria,494
fmohnigeria dreoehanire draomamora,493
vacuna covid 19,492
22 mayo 2020,485
kita sama sama,482
draomamora inecnigeria policeng,479
rumah menjaga jarak,478
trump covid 19,477
penyebaran covid 19,477
covid 19 data,476
menjaga kebersihan diri,473
people covid 19,472
dalam rumah menjaga,472
menjaga jarak menjaga,472
kebersihan diri sendiri,472
tests positive covid,468
positivos covid 19,466
jarak menjaga kebersihan,466
checks little much,463
sent nursing home,463
sama sama bijak,460
sama bijak dalam,458
drive 250 miles,457
little much detail,457
new cases coronavirus,454
calls dominic cummings,452
dominic cummings lockdown,450
cashless society hear,448
yuk kita sama,446
nuevo epicentro pandemia,445
cummings resign lockdown,444
must read article,441
19 death toll,441
number covid 19,439
covid 19 related,438
hari raya idul,436
muertos covid 19,435
test positive covid,433
detroit via gatewaypundit,433
center detroit via,432
resign lockdown travel,432
mortes covid 19,431
confirmed covid 19,431
nobel laureates denounce,427
coronavirus calls dominic,426
rainonme rainonme rainonme,421
covid 19 tests,418
raya idul fitri,415
may 22 2020,413
trump officials pulling,413
denounce trump officials,412
laureates denounce trump,411
files bankruptcy protection,406
use covid 19,405
crisis covid 19,405
covid 19 infections,404
mile lockdown trip,404
000 dead americans,403
mohon maaf lahir,403
firmes dispuestos seguir,402
dispuestos seguir elevando,402
mantenernos firmes dispuestos,401
medidas prevención protección,401
sign petition via,400
trump press secretary,400
covid 19 país,399
seguir elevando medidas,399
get covid 19,398
260 mile lockdown,398
covid 19 could,397
sábado 23 mayo,396
test positive coronavirus,393
displays one checks,393
one checks little,393
elevando medidas prevención,393
coronavirus lockdown rules,392
press secretary displays,391
seen beating elderly,391
secretary displays one,389
beating elderly senior,389
coronavirus cases first,388
covid 19 may,387
man seen beating,387
23 mayo 2020,386
defends 260 mile,385
trump plays golf,385
cases new deaths,384
increased risk death,384
elderly senior face,384
dominic cummings defends,384
black man seen,383
btc epicmegasale güzelkızlarburadamı,383
silaturahmi cukup virtual,380
dominic cummings made,380
cummings made second,379
covid 19 infection,378
senior face patient,377
cummings defends 260,377
basketball legend patrick,376
pandemi seperti ini,376
tengah pandemi seperti,374
symptomatic exposed 91,374
cummings lockdown trip,371
get well soon,370
ini silaturahmi cukup,370
patient sent nursing,369
think bill gates,368
moving towards cashless,368
president donald trump,366
seperti ini silaturahmi,366
cukup virtual aja,366
ignored lockdown rules,365
hairstylist worked symptomatic,364
report covid 19,363
pressing towards cashless,362
virtual aja yuk,360
spoke book revelation,359
aja yuk kita,359
cummings ignored lockdown,358
essential says 10,357
covid 19 impact,356
cashless society coronavirus,355
covid 19 patient,355
19 new york,355
jesus spoke would,354
dominic cummings quit,353
coronavirus covid19 sarscov2,353
au covid 19,352
confirmed cases covid19,352
covid 19 dan,352
de covid 19,352
shootings covid 19,352
society physical cash,352
face patient sent,350
classifying several shootings,350
100 first time,350
000 covid 19,349
several shootings covid,349
direction cashless society,348
state classifying several,348
lockdown trip was,348
trip was essential,348
cummings quit lockdown,347
quit lockdown breach,347
was essential says,347
covid 19 spread,346
washington state classifying,345
coronavirus patients nursing,344
new covid19 cases,344
time since march,342
covid 19 treatment,341
reports new coronavirus,341
daily death toll,340
whitmer black man,340
covid 19 news,339
covid 19 méxico,337
diri sendiri tidak,337
casos positivos covid,336
total confirmed cases,335
2020 05 23,335
eid al fitr,334
presssec realdonaldtrump cdcgov,334
bible spoke would,334
cause irreparable damage,333
pressure dominic cummings,333
treat covid 19,333
idul fitri 1441,333
society covid 19,333
covid 19 restrictions,330
health protection coronavirus,329
coronavirusupdatesinindia coronaviruscases covid19dataindia,329
coronaviruscases covid19dataindia coronavirusdata,329
covid19dataindia coronavirusdata tazaakhabar,329
coronavirusdata tazaakhabar allnewshindi,329
covid19 sarscov2 forecast,328
cashless society covid,328
coronavirus spread easily,327
population coronavirus covid19,327
could cause irreparable,326
drug touted trump,326
sendiri tidak mudik,326
19 patients nursing,325
yuk kita bijak,324
first covid 19,323
kita bijak dalam,322
digital age cashless,321
age cashless society,321
death population coronavirus,320
confirmados covid 19,319
new death population,319
mudik silaturahmi virtual,316
quarantine plans uk,315
leave home reason,315
tidak mudik silaturahmi,315
23 mei 2020,314
23 may 2020,313
time covid 19,312
plans uk arrivals,310
death toll rises,310
rate covid 19,309
die covid 19,309
breaking lockdown rules,309
coronavirus pandemic via,308
maaf lahir dan,307
patrick ewing hospitalized,306
segundo país mundo,303
lives daily talk,303
0208 90 2121,303
90 2121 hello,303
2121 hello fantasticradio,303
hello fantasticradio co,303
fantasticradio co uk,303
co uk fantasticradiouk,303
uk fantasticradiouk homeofpossibilities,303
fantasticradiouk homeofpossibilities believeyourpossibilities,303
homeofpossibilities believeyourpossibilities stayhomesafelives,303
believeyourpossibilities stayhomesafelives buy,303
stayhomesafelives buy song,303
treating covid 19,303
since pandemic began,303
new york daily,303
get coronavirus vaccine,302
dying covid 19,302
dies covid 19,301
covid 19 recovery,301
245 new cases,300
covidー19 yaşasınhakikat sonsahur,300
sokağa ramazan gökhancanerfenere,300
ramazan gökhancanerfenere covid19insa,300
gökhancanerfenere covid19insa coronavirus,300
covid19insa coronavirus btc,300
adding value lives,299
value lives daily,299
daily talk us,299
talk us 0208,299
us 0208 90,299
covid 19 cure,299
dr anthony fauci,298
coach patrick ewing,298
nearly 100 000,298
long term care,298
covid 19 hoax,298
new cases covid19,295
tested positive covid19,295
hairstylist covid 19,295
tested covid 19,294
casos confirmados covid,293
19 deaths via,292
us covid 19,291
china covid 19,291
hear jesus spoke,291
symptoms covid 19,291
time since pandemic,291
covid 19 covid19,290
penanganan covid 19,289
covid 19 world,289
single day spike,289
total number cases,289
republicans think bill,288
от covid 19,288
sudamérica nuevo epicentro,287
covid 19 mundo,287
protection coronavirus restrictions,287
coronavirus cases top,285
since covid 19,285
coronavirus death rate,285
like covid 19,283
linked increased risk,283
car rental company,283
fighting covid 19,282
second wave coronavirus,282
new york city,281
coronavirus cases new,281
behind closed doors,280
bill gates use,279
hospitalized covid 19,279
death toll dips,279
spread easily surfaces,278
frente covid 19,278
silaturahmi virtual melalui,277
at home orders,276
fase alto contagio,276
news covid 19,274
erdoğan meryem demir,274
meryem demir yaş,274
demir yaş 40,274
wave covid 19,273
viernes 22 mayo,273
000 americans died,273
coronavirus restrictions england,272
7m coronavirus ppp,272
coronavirus ppp funds,272
home covid 19,271
challenging illinois coronavirus,270
spike covid 19,270
contre covid 19,270
hear bible spoke,270
gates use covid,269
patients critical condition,269
pocketed 7m coronavirus,269
covid 19 updates,268
due coronavirus pandemic,268
covid 19 contact,268
people died today,268
epicmegasale güzelkızlarburadamı emine,268
güzelkızlarburadamı emine erdoğan,268
emine erdoğan meryem,268
yaş 40 chpliekremçöküyor,268
40 chpliekremçöküyor köprü,268
chpliekremçöküyor köprü sekerbayramı,268
köprü sekerbayramı arefegünü,268
covid 19 brasil,267
risk covid 19,267
coronavirus disease 2019,267
exec pocketed 7m,267
new deaths today,266
caso covid 19,266
coronavirus worked symptomatic,266
19 ini silaturahmivirtualaja,266
confirmed coronavirus cases,264
19 via youtube,264
40 republicans think,263
77 nobel laureates,263
epoch times app,263
coronavirus quedateencasa jarabedemocratico,263
heading towards cashless,262
times app see,262
coverage daily updates,262
case covid 19,262
cacerolada21h coronavirus quedateencasa,262
704 nuevos casos,262
coronavirus research grant,261
restrictions england regulations,261
hollywood exec pocketed,261
cure covid 19,260
virtual melalui media,260
higher risk death,259
covid 19 still,259
says covid 19,258
drive hundreds miles,258
app see exclusive,258
deaths today raising,257
pruebas covid 19,257
covid 19 et,257
coronavirus coverage daily,257
england regulations 2020,257
melalui media sosial,257
22 05 2020,256
similar 1957 58,256
58 flu pandemic,256
south america new,255
admits coronavirus mortality,255
coronavirus mortality ratio,255
1957 58 flu,255
debt coronavirus push,255
coronavirus push hertz,255
ppp funds authorities,255
need better experts,254
mortality ratio similar,254
know covid 19,254
number coronavirus cases,254
100 000 people,254
exclusive coronavirus coverage,254
covid 19 numbers,253
cdc admits coronavirus,253
ratio similar 1957,253
see exclusive coronavirus,253
funds authorities say,253
pela covid 19,252
flu pandemic lockdown,252
almost 100 000,252
coronavirus via gatewaypundit,252
60 días cuarentena,252
toll dips 100,252
coronavirus via youtube,251
nearly 30 million,251
better experts cdc,251
experts cdc admits,251
home coronavirus via,251
travel 260 miles,251
affected covid 19,250
pulling coronavirus research,250
casos positivos coronavirus,250
push hertz bankruptcy,250
gobernador benilos alcaldes,250
benilos alcaldes benituvieron,250
alcaldes benituvieron 60,250
benituvieron 60 días,250
días cuarentena preparar,250
cuarentena preparar sistema,250
preparar sistema salud,250
genocidio dejar pueblo,250
dejar pueblo defección,250
pueblo defección coronavirus,250
defección coronavirus hambre,250
dominic cummings broke,249
officials pulling coronavirus,247
must stay home,247
polreskudus1 yuk kita,247
pandemic lockdown needed,246
deben ir juicio,246
ir juicio genocidio,246
juicio genocidio dejar,246
62 nuevos casos,245
amid coronavirus crisis,245
coronavirus death count,245
hertz bankruptcy protection,245
tinggal di rumah,245
might get coronavirus,244
com mais casos,244
since march coronavirus,244
dips 100 first,244
execs dumped nearly,243
past 24 hours,243
deaths via gatewaypundit,243
contagio covid 19,242
raising country total,242
one rule us,242
patients covid 19,241
recovered covid 19,241
back nursing homes,241
testing positive coronavirus,240
gut social security,240
confirmed deaths go,239
one rule another,239
bebas napi asimilasi,239
wajib tinggal di,239
york daily death,239
coronavirus little flu,239
2019 covid 19,238
long could cause,238
nuevos casos positivos,238
spoke would happen,238
keluar dari lapas,238
berarti bebas napi,238
asimilasi dalam program,238
dalam program menghindari,238
calls coronavirus little,238
lahir dan batin,237
become society future,237
driving towards cashless,237
asimilasi keluar dari,237
napi asimilasi dalam,237
toquedequedagt sebastianizquierdo sonusood,237
sebastianizquierdo sonusood covid19,237
today raising country,236
bukan berarti bebas,236
covid 19 venezuela,235
dari lapas bukan,235
país mundo casos,234
security behind closed,234
fallecidos covid 19,234
bbc news mundo,234
society hear jesus,234
covid19 positive cases,234
spoke would occur,234
lapas bukan berarti,234
inside brazil hospitals,234
social security behind,233
000 americans dead,233
covid 19 en,233
napi asimilasi keluar,233
death count nears,233
count nears 100,233
little flu inside,233
flu inside brazil,233
youtube tenet online,233
tenet online disneyplus,233
online disneyplus gratis,233
disneyplus gratis marketingdigital,233
gratis marketingdigital serietv,233
marketingdigital serietv amazonlive,233
serietv amazonlive anime,233
amazonlive anime peliculas,233
anime peliculas hbomax,233
peliculas hbomax hbo,233
hbomax hbo foxnews,233
hbo foxnews 23may,233
foxnews 23may dia69,233
23may dia69 diadelestudiante,233
dia69 diadelestudiante sabadodecuarentena,233
diadelestudiante sabadodecuarentena lisa,233
sabadodecuarentena lisa toquedequedagt,233
lisa toquedequedagt sebastianizquierdo,233
illinois coronavirus restrictions,232
plot gut social,232
19 vaccine implant,232
terdampak covid 19,232
di rumah tidak,232
brazil hospitals doctors,232
hospitals doctors know,232
covid 19 na,231
senate covid 19,231
second highest number,231
19 contact tracing,231
proteger pueblo amenazas,231
bolsonaro calls coronavirus,231
covid 19 talks,230
62 mil 527,230
rumah tidak berkumpul,230
second trip durham,230
nba legend patrick,229
seen deaths suicide,229
tidak berkumpul atau,229
berkumpul atau mengumpulkan,229
article amp reuters,228
contagiados covid 19,228
world health organization,228
stay home stay,228
isolate 14 days,228
atau mengumpulkan massa,228
vamos mantenernos firmes,228
broke lockdown rules,227
read article coronavirus,227
doctors know horrifying,227
brazil jumps world,226
world coronavirus cases,226
covidー19 coronavirus btc,226
intervenes case challenging,225
covid 19 tally,225
program menghindari covid19,225
coronavirus últimas 24,224
coronavirus vaccine shows,224
epicentro pandemia coronavirus,224
help slow spread,224
menghindari covid19 wajib,224
covid19 wajib tinggal,224
necesarios proteger pueblo,224
dumped nearly 30,223
test covid 19,222
casos confirmados coronavirus,222
warns 10 years,222
lost loved ones,222
become economy future,222
protección niveles altos,222
30 million stock,221
10 years depression,221
niveles altos necesarios,221
altos necesarios proteger,221
amenazas covid 19,221
covid 19 vaccines,220
coronavirus cases behind,220
ill covid 19,220
know horrifying reality,220
covid 19 victims,219
biggest single day,219
served 84 clients,219
pueblo amenazas covid,219
golfs coronavirus death,219
coronavirus sars cov,218
meet year end,218
deaths go updates,218
everything need know,218
hugged two five,218
two five weeks,218
prevención protección niveles,218
dead americans trump,217
stay home much,217
leading economist warns,217
500 coronavirus patients,217
covid 19 frontline,217
via namo app,217
crise du coronavirus,216
spoke would unfold,216
travel 250 miles,216
diagnosed covid 19,216
ao covid 19,215
years depression debt,215
video via gatewaypundit,215
houses worship essential,214
economist warns 10,214
one rule one,214
world covid 19,214
society hear bible,214
news coronavirus calls,214
drive 260 miles,214
made second trip,214
5g network wake,213
pasien covid 19,213
covid 19 juntos,213
ill coronavirus makes,213
trump golfs coronavirus,213
believe bill gates,212
help covid 19,212
vaccine testing effort,212
georgetown coach patrick,212
please share widely,212
miles elderly parents,212
deaths trump disputes,212
implant microchips survey,211
network wake coronavirus,211
vacuna china coronavirus,211
brooklyn field hospital,211
triple fatality report,211
trump disputes toll,211
heads golf course,211
quedateencasa nuevanormalidad sanadistancia,211
alarming triple fatality,210
covid 19 dengan,209
britain 5g network,209
handling covid 19,208
test counting error,208
issues alarming triple,208
national snapshot survey,208
americans trump watch,207
por covid 19,207
bank holiday weekend,207
fatality report covid,207
19 cases arkansas,207
snapshot survey uk,207
survey uk based,207
uk based healthcare,207
based healthcare workers,207
healthcare workers experience,207
workers experience covid19,207
know ill coronavirus,207
microchips survey says,206
counting error leaves,206
error leaves epidemiologists,206
coronavirus vaccine testing,206
driving 250 miles,206
updates nears 100,206
leaves epidemiologists really,205
epidemiologists really baffled,205
trump watch covid,205
health care workers,205
jumps world coronavirus,205
disease 2019 covid,205
gains steam senate,205
covid19 please share,205
take minute survey,205
combate covid 19,204
covid 19 died,204
kasus covid 19,204
closed doors gains,204
doors gains steam,204
long hard look,204
china dec 2019,204
experience covid19 please,204
built realtime hospital,204
realtime hospital bedavailablity,204
19 juntos posible,204
venceremosalcovid19 vamos mantenernos,204
vaccine implant microchips,203
covid 19 fight,203
steam senate covid,203
slow spread covid19,203
state obasekifakescovid19 ncdcgov,203
eruefinallerioedevistiyor coronavirus fenerbahce,203
at home order,202
cannabis could help,202
testing effort meet,202
ccp pretending find,202
pretending find vaccine,202
find vaccine portion,202
vaccine portion chinese,202
portion chinese population,202
chinese population vaccinated,202
population vaccinated pre,202
vaccinated pre jan,202
pre jan 2020,202
jan 2020 slow,202
2020 slow spread,202
slow spread mandatory,202
spread mandatory vaccination,202
mandatory vaccination law,202
vaccination law went,202
law went effect,202
went effect china,202
effect china dec,202
share national snapshot,202
share widely take,202
widely take minute,202
nuevanormalidad sanadistancia 23demayo,202
convierte segundo país,201
amp covid 19,201
death coronavirus patients,201
cdc issues alarming,201
cases arkansas church,201
latest covid 19,200
covid 19 covid,200
coronavirus leading economist,200
covid 19 would,200
covid 19 hospital,200
complete amp share,200
gobiernodimisionya cacerolada21h coronavirus,200
read article covid19,199
updates covid19 coronavirus,199
effort meet year,198
year end deadline,198
cure increases deaths,198
please read covid19,198
massive coronavirus vaccine,198
saturday may 23,198
france reveals reciprocal,198
reveals reciprocal quarantine,198
vulnerable loved ones,198
of covid 19,198
patrick ewing hospital,197
reciprocal quarantine plans,197
wash hands often,196
new post coronavirus,196
people died covid,196
since coronavirus pandemic,196
missouri officials say,196
spare 5mins complete,196
5mins complete amp,196
amp share national,196
caravanagobiernodimision caravanafaselibertad alopresidente,196
coronavirus france reveals,196
in laws lives,196
survivor2020 mansuryavasistifa survivior2020,196
mansuryavasistifa survivior2020 adanadachpvar,196
survivior2020 adanadachpvar larissagacemer,196
adanadachpvar larissagacemer eruefinallerioedevistiyor,196
larissagacemer eruefinallerioedevistiyor coronavirus,196
coronavirus restrictions burned,195
home stay safe,195
increases deaths global,195
reduce huawei role,195
covid 19 exposed,195
hertz car rental,195
nurse has hugged,195
has hugged two,195
line coronavirus guidelines,195
cost in laws,195
go updates covid19,194
free covid 19,194
using covid 19,194
covid 19 ny,194
coronavirus likely bots,194
deaths global study,194
elvirussoisvoxotros caravanagobiernodimision caravanafaselibertad,194
coronavirus cost in,194
laws covid 19,193
62 527 casos,193
527 casos confirmados,193
covid19 patients nursing,193
wake coronavirus outbreak,193
plans massive coronavirus,193
pm chief adviser,193
symptoms coronavirus leave,193
bible spoke book,193
know jesus prophesied,193
missouri hair stylist,193
tiempos covid 19,192
new york knicks,192
disease covid 19,192
hi spare 5mins,192
intelectuales faselibertad españasiempre,192
trip durham lockdown,192
dean coronavirus cost,192
loved ones deserved,192
ones deserved better,192
deaths suicide coronavirus,191
total covid 19,191
sent 500 coronavirus,191
janice dean rips,191
dean rips cuomo,191
covid 19 lockdowns,191
19 cases first,191
nursing home last,191
coronavirus nurse has,191
faselibertad españasiempre elvirussoisvoxotros,191
españasiempre elvirussoisvoxotros caravanagobiernodimision,191
lives gov cuomo,191
gov cuomo vulnerable,191
cuomo vulnerable loved,191
vacuna china covid,190
case challenging illinois,190
coronavirus restrictions says,190
covid 19 não,190
said covid 19,190
covid 19 us,190
covid 19 infected,190
home last week,190
laws lives gov,190
hydroxychloroquine covid 19,189
death covid 19,189
news coronavirus covid19,189
losing in laws,189
19 cure increases,189
restrictions burned ground,188
could help prevent,188
keep safe distance,188
trump linked increased,188
role britain 5g,188
please read coronavirus,188
much detail see,188
janice dean coronavirus,188
coronavirus live news,187
closed long could,187
restrictions says governor,187
nuevo epicentro coronavirus,187
global study finds,187
huawei role britain,187
petition via ukchange,187
promising early results,186
in laws covid,186
california doctors say,186
cuomo losing in,186
84 clients symptomatic,186
lockdown needed via,186
society coronavirus jesus,185
says governor went,185
governor went far,185
distance wash hands,185
covid 19 served,185
symptomatic missouri officials,185
13 year old,185
people tested positive,185
needed via gatewaypundit,185
covid 19 trump,185
reforméis educación tapadillo,185
educación tapadillo coronavirus,185
old white patient,185
