coronavirus,271273
covid,194693
19,184729
covid19,157412
people,43537
amp,39169
nan,37952
new,34940
cases,34566
trump,32928
via,30171
pandemic,29570
us,27605
one,24169
lockdown,23404
virus,23009
deaths,22417
news,22219
like,20895
get,20271
home,19560
casos,19147
time,19039
may,18504
000,18070
cummings,17847
would,16977
know,16335
health,16325
2020,15509
realdonaldtrump,15191
death,15191
could,14768
china,14626
world,14468
government,14459
go,14219
di,14133
day,13831
need,13661
si,13624
patients,13085
help,12833
covidー19,12807
see,12789
many,12315
still,12304
crisis,12196
state,12053
da,11706
says,11515
think,11274
total,11221
100,11217
even,11169
vaccine,11117
today,11058
positive,11025
10,10973
right,10854
take,10790
good,10782
please,10735
going,10677
country,10670
et,10597
pandemia,10394
first,10331
back,10328
work,10141
care,10063
well,10039
corona,9976
spread,9904
stay,9882
23,9845
due,9741
il,9635
make,9558
say,9552
the,9488
rules,9365
re,9356
die,9343
also,9327
live,9248
nursing,9190
family,9054
dominic,8902
na,8839
uk,8798
des,8585
said,8573
want,8567
social,8501
test,8479
20,8424
symptoms,8354
let,8326
look,8270
way,8266
24,8231
per,8221
india,8132
really,8130
days,8076
read,8072
much,8051
hospital,7889
testing,7684
public,7679
risk,7671
old,7531
du,7520
president,7486
must,7392
em,7387
parents,7380
est,7284
died,7263
states,7223
year,7197
americans,7137
since,7134
got,7065
another,7026
two,6917
mask,6891
times,6874
com,6832
país,6812
daily,6778
22,6734
stop,6723
great,6715
study,6686
keep,6673
lives,6672
america,6624
number,6613
safe,6565
everyone,6540
response,6509
man,6487
last,6469
life,6444
dan,6432
support,6411
data,6380
homes,6293
never,6285
masks,6268
week,6237
open,6230
salud,6195
come,6180
travel,6164
every,6162
latest,6140
economy,6091
miles,6079
york,6028
de,5993
update,5979
não,5971
children,5971
workers,5950
post,5943
gobierno,5883
usa,5860
use,5842
pour,5828
made,5827
second,5767
quarantine,5751
end,5748
youtube,5737
dr,5708
in,5691
nuevos,5685
confirmed,5682
non,5667
mais,5653
better,5650
ini,5640
tests,5618
believe,5611
million,5592
business,5581
media,5571
infected,5568
to,5539
online,5533
brasil,5520
long,5485
real,5435
ser,5432
mil,5423
vía,5405
mundo,5386
gente,5384
anyone,5379
god,5371
child,5368
face,5360
cuarentena,5357
hope,5352
cdc,5322
video,5319
covid_19,5315
case,5295
without,5282
toll,5255
thing,5243
amid,5238
story,5235
global,5226
updates,5204
eid,5186
tested,5153
une,5137
thanks,5135
hydroxychloroquine,5102
pas,5079
society,5049
away,5034
around,5024
done,5012
next,5007
dead,4990
free,4972
outbreak,4942
personas,4933
ve,4930
gt,4882
getting,4868
día,4863
30,4839
rate,4828
put,4817
reports,4792
house,4788
top,4788
check,4768
au,4744
hoy,4724
someone,4680
report,4676
ca,4672
yet,4672
numbers,4664
years,4659
give,4655
thank,4647
fight,4614
cuomo,4599
money,4598
best,4578
article,4557
love,4549
person,4548
show,4547
might,4469
months,4447
far,4443
muertos,4440
taking,4420
drive,4411
reported,4389
others,4381
church,4323
wife,4318
working,4303
weeks,4298
govt,4288
lost,4271
big,4236
va,4220
14,4208
kids,4206
county,4205
elderly,4192
sure,4172
needs,4163
muertes,4161
durham,4153
yes,4143
high,4138
borisjohnson,4133
and,4130
future,4129
um,4123
watch,4110
oh,4107
golf,4106
disease,4104
medical,4091
find,4090
contagios,4085
brazil,4076
plan,4057
across,4055
breaking,4053
españa,4053
dos,4048
15,4047
visit,4046
self,4036
ahora,4035
already,4026
11,4026
sick,4017
distancing,4011
ever,3999
sur,3989
nothing,3967
national,3954
follow,3949
05,3943
part,3929
solo,3928
weekend,3920
bad,3907
contact,3897
wrong,3896
qui,3863
of,3861
ill,3861
shows,3855
enough,3853
governor,3848
little,3828
12,3816
job,3816
el,3814
plus,3813
flu,3809
pm,3804
la,3790
presidente,3756
eu,3748
drug,3748
bbc,3735
protect,3727
place,3707
things,3706
community,3690
car,3679
21,3662
seen,3662
25,3661
ne,3660
dans,3647
gov,3617
something,3606
bill,3576
law,3571
lot,3566
call,3561
mayo,3553
making,3534
countries,3522
hard,3514
american,3513
important,3510
casa,3503
mas,3501
guidelines,3483
science,3479
trying,3475
no,3473
coming,3472
saying,3470
economic,3465
50,3465
medidas,3457
sent,3455
tell,3453
en,3450
human,3442
families,3440
gop,3438
food,3431
che,3425
recovered,3422
méxico,3413
rt,3388
it,3377
reopen,3368
situation,3368
actually,3368
restrictions,3367
control,3356
así,3355
40,3352
impact,3351
order,3345
kita,3345
cnn,3341
change,3336
ce,3328
using,3324
start,3303
días,3301
bien,3293
doctors,3289
कर,3286
research,3283
towards,3282
pandemi,3281
fuck,3280
march,3276
always,3258
city,3256
stayhome,3254
point,3253
pacientes,3252
full,3246
advice,3246
cashless,3245
feel,3235
matthancock,3225
soon,3221
hours,3205
ok,3199
van,3195
ewing,3190
wear,3186
pay,3186
der,3184
white,3183
party,3182
school,3179
nuevo,3167
less,3165
hit,3158
bolsonaro,3147
everything,3144
left,3141
true,3133
this,3130
treatment,3115
political,3114
hertz,3114
remember,3112
patrick,3109
recovery,3109
fucking,3108
shit,3107
london,3102
local,3100
reopening,3095
share,3094
chinese,3093
ver,3085
essential,3085
das,3072
together,3068
stupid,3059
police,3059
link,3047
trip,3046
infection,3043
app,3042
you,3042
normal,3040
early,3036
twitter,3030
13,3016
leave,3013
thousands,3006
population,3006
vacuna,3005
maybe,3005
puede,3001
friends,2999
south,2994
businesses,2994
anything,2993
results,2987
thought,2986
africa,2982
else,2979
black,2976
different,2973
officials,2959
staysafe,2959
makes,2950
cause,2950
went,2945
par,2936
used,2935
least,2931
michigan,2930
fact,2911
course,2902
continue,2899
become,2893
service,2893
information,2880
confirmados,2864
johnson,2858
told,2853
found,2852
likely,2851
und,2846
dying,2844
whole,2841
vote,2839
rule,2837
jesus,2831
france,2825
safety,2820
resign,2818
looking,2816
yang,2815
patient,2801
exposed,2800
fallecidos,2800
personal,2798
ll,2793
venezuela,2792
quedateencasa,2791
experts,2784
coronavírus,2782
tweet,2781
save,2769
etc,2767
boris,2763
kill,2762
spreading,2752
small,2745
je,2741
mean,2737
hospitals,2736
saturday,2714
argentina,2712
churches,2702
पर,2702
sa,2701
staff,2698
gates,2696
healthcare,2696
truth,2693
closed,2692
hi,2690
caso,2686
dalam,2685
60,2673
mortes,2668
hacer,2662
que,2658
relief,2655
uma,2655
ones,2655
menos,2639
hoax,2639
team,2637
vulnerable,2635
rest,2634
18,2633
is,2630
minister,2627
reason,2620
anti,2616
highest,2613
question,2607
given,2596
memorial,2590
infections,2588
vida,2584
seems,2573
spoke,2571
donald,2564
vez,2556
fauci,2546
hace,2534
positivos,2531
calls,2529
democrats,2527
related,2527
canada,2526
horas,2521
including,2521
single,2518
nation,2518
cómo,2517
possible,2517
wave,2515
understand,2512
behind,2509
blame,2505
gracias,2504
june,2504
wearing,2488
friday,2481
members,2479
called,2476
company,2473
ai,2468
almost,2467
fake,2465
worse,2461
texas,2460
positivo,2455
three,2450
hear,2448
ask,2442
bible,2442
deadly,2425
month,2424
cure,2423
able,2423
tem,2415
potus,2413
sense,2411
power,2409
sir,2404
nytimes,2398
services,2395
half,2393
info,2387
happy,2385
close,2385
cada,2381
despite,2380
system,2380
virtual,2377
ou,2375
pruebas,2373
press,2372
immunity,2360
instead,2358
wuhan,2356
air,2355
measures,2355
heart,2352
line,2347
needed,2343
age,2340
hey,2334
wow,2333
we,2331
nearly,2329
250,2326
try,2326
market,2325
according,2319
increase,2314
wants,2312
schools,2311
gatewaypundit,2311
mental,2308
doctor,2301
sad,2299
millions,2297
hands,2291
00,2289
dominiccummings,2289
biden,2286
though,2283
act,2279
pra,2270
policy,2270
on,2267
fear,2266
united,2263
ago,2261
play,2261
número,2258
break,2254
federal,2253
wait,2247
clear,2243
vous,2242
lies,2242
yr,2241
16,2239
gets,2237
problem,2236
especially,2225
politics,2219
war,2217
piersmorgan,2217
protection,2210
emergency,2209
for,2205
based,2204
contagio,2203
women,2198
probably,2193
florida,2191
young,2187
took,2185
jobs,2177
plans,2171
join,2168
golfing,2168
ny,2166
set,2165
return,2162
रह,2159
wo,2151
zero,2148
taken,2147
qu,2146
talk,2143
vamos,2140
wonder,2139
low,2137
mr,2134
scientists,2130
means,2129
poor,2128
sign,2127
dengan,2126
allowed,2117
nygovcuomo,2115
sars,2113
front,2113
driving,2110
bbclaurak,2106
washington,2104
learn,2101
80,2100
mejor,2097
nhs,2097
later,2096
joebiden,2091
2019,2087
questions,2085
leaders,2078
alone,2072
loved,2072
coronaviruspandemic,2063
action,2063
silaturahmi,2063
aquí,2060
following,2060
guidance,2051
group,2047
looks,2047
absolutely,2044
cas,2040
living,2036
students,2035
idea,2035
broke,2032
500,2030
और,2030
mayor,2024
200,2023
past,2022
lying,2019
trial,2019
lol,2019
avec,2015
official,2012
fase,2011
oms,2009
issues,2006
bring,2004
available,2001
cuba,1999
evidence,1997
active,1995
260,1994
leadership,1992
listen,1988
killed,1988
mal,1983
beat,1979
came,1978
casi,1974
17,1972
semua,1971
untuk,1966
affected,1961
rise,1957
move,1956
interesting,1955
nigeria,1953
digital,1951
28,1942
por,1942
het,1938
remdesivir,1937
foxnews,1929
tv,1927
yg,1927
general,1927
fox,1926
isolate,1925
current,1924
all,1924
worst,1924
finds,1920
prevent,1918
san,1917
fighting,1916
opening,1914
secretary,1913
bankruptcy,1912
lockdowns,1906
whitmer,1906
name,1900
california,1900
center,1895
70,1889
se,1885
higher,1885
moment,1878
trust,1878
count,1877
allah,1876
happen,1874
años,1874
300,1871
dia,1870
inside,1870
russia,1867
noticias,1863
source,1863
últimas,1860
guy,1859
pueblo,1858
tory,1854
mass,1853
industry,1851
chloroquine,1851
governors,1850
summer,1846
parte,1845
tras,1845
office,1845
fine,1844
semana,1841
dice,1839
started,1837
matter,1833
reality,1832
hari,1830
orders,1829
healthy,1820
datos,1809
chief,1807
critical,1805
michaelgove,1804
education,1803
hell,1801
ao,1800
that,1800
april,1799
hand,1798
killing,1798
dari,1795
europe,1793
spike,1786
seriously,1784
registra,1781
wish,1781
goes,1781
common,1780
citizens,1777
administration,1776
yesterday,1773
sackcummings,1772
among,1770
distance,1770
62,1770
sorry,1769
países,1769
special,1766
nous,1760
serious,1758
account,1757
republicans,1756
nacional,1749
run,1747
delhi,1746
mind,1743
fin,1742
tan,1738
situación,1737
saat,1736
within,1736
date,1735
dangerous,1734
thinking,1732
message,1731
worked,1731
23may,1730
vs,1728
biggest,1727
vai,1725
cost,1725
symptomatic,1725
ist,1722
primera,1721
imagine,1715
actions,1712
ways,1710
só,1708
send,1708
rumah,1706
either,1704
vaccines,1701
agree,1699
childcare,1698
colombia,1698
después,1697
sont,1697
lie,1695
un,1693
international,1690
woman,1687
history,1684
bisa,1684
responsible,1679
issue,1679
leader,1677
96,1676
quédateencasa,1675
co,1675
dominicraab,1674
australia,1673
effective,1671
page,1671
lead,1671
north,1671
knew,1670
along,1670
fall,1668
unless,1668
favor,1667
silaturahmivirtualaja,1666
talking,1664
dies,1661
cover,1655
trabajo,1654
at,1652
médicos,1651
ready,1649
momento,1646
survey,1646
financial,1646
90,1645
department,1642
area,1642
security,1641
gon,1640
kind,1639
facebook,1636
información,1636
comment,1633
bed,1633
tracing,1631
eidulfitr,1631
tener,1629
happened,1628
chance,1628
caused,1625
guess,1625
deal,1623
wabah,1623
residents,1622
já,1621
eidmubarak,1618
pass,1618
buy,1614
tidak,1614
senior,1613
entire,1611
nba,1609
isolation,1606
list,1605
segundo,1603
forward,1602
contagiados,1598
gone,1598
playing,1598
nueva,1597
seeing,1595
hate,1594
exactly,1593
ir,1592
season,1592
key,1591
reporting,1590
victims,1587
shut,1585
26,1585
showing,1579
morning,1578
unemployment,1578
friend,1576
level,1575
contre,1572
bit,1572
not,1571
millones,1570
