gram,counts
covid 19,85876
coronavirus pandemic,5863
stay home,5489
coronavirus covid19,4353
coronavirus outbreak,3759
via youtube,3382
new york,3362
coronavirus cases,3318
covid19 coronavirus,3175
due coronavirus,3080
coronavirus crisis,3022
social distancing,2934
amid coronavirus,2901
href rel,2630
rel nofollow,2630
true href,2586
19 pandemic,2498
coronavirus covid,2481
positive coronavirus,2236
nofollow twitter,2211
fight coronavirus,2130
coronavirus lockdown,2098
coronavirus bill,2090
coronavirus via,1979
stay safe,1908
gon na,1889
manu dibango,1829
corona virus,1794
casos coronavirus,1777
coronavirus stimulus,1776
new cases,1766
19 cases,1728
tested positive,1699
du coronavirus,1535
sign petition,1520
new coronavirus,1518
twitter web,1450
donald trump,1429
news coronavirus,1424
white house,1408
self employed,1377
coronavirus response,1374
spread coronavirus,1372
coronavirus relief,1359
tests positive,1356
due covid,1324
bbc news,1309
president trump,1309
19 outbreak,1267
web app,1256
confirmed cases,1256
fox news,1241
public health,1233
19 crisis,1232
year old,1218
coronavirus update,1201
man dies,1173
trump coronavirus,1120
cases coronavirus,1118
death toll,1107
prime minister,1080
fake news,1075
21 days,1070
positive covid,1069
crisis coronavirus,1069
good news,1061
pandemia coronavirus,1047
19 via,1046
fish tank,1036
coronavirus patients,1032
19 coronavirus,1027
casos confirmados,1017
covid19 pandemic,999
gt gt,968
nuevos casos,968
nancy pelosi,951
dies coronavirus,945
petition via,940
coronavirus covidー19,931
looks like,927
amid covid,924
health care,923
live updates,920
back work,908
spread covid19,899
united states,895
task force,881
novel coronavirus,875
test positive,862
tank cleaner,846
many people,835
march 24,833
abba kyari,826
stimulus bill,822
coronavirus vía,820
coronavirus death,816
get coronavirus,815
fight covid,806
south korea,796
covidー19 coronavirus,791
tokyo olympics,790
wash hands,778
dr fauci,774
coronavirus spread,769
covid19 cases,766
coronavirus test,765
il coronavirus,763
relief bill,754
coronavirus deaths,752
du covid,749
at home,735
says coronavirus,733
make sure,732
boris johnson,729
coronavirus live,725
casos covid,712
19 update,711
via change,711
covid19 covidー19,708
fight covid19,708
social media,707
go back,704
response coronavirus,699
trump says,690
due covid19,683
around world,679
cases covid,678
19 virus,671
slow spread,668
pm modi,665
help us,655
death rate,653
stimulus package,649
olympics postponed,644
positivo coronavirus,644
qu il,643
home order,641
american people,639
bill gates,638
us coronavirus,634
spread covid,633
covidー19 covid19,627
self isolation,623
twitter android,621
est pas,619
work home,607
17 days,605
home stay,605
greta thunberg,604
people die,604
staying home,602
every american,597
working home,596
coronavirus testing,594
24 03,593
please stay,589
coronavirus il,583
wan na,582
trump wants,579
juegos olímpicos,579
last night,578
need help,576
save lives,575
york times,574
trying times,573
stay at,570
take care,570
coronavirus task,567
24 2020,556
god bless,555
covid19 crisis,552
terrence mcnally,550
look like,547
first coronavirus,547
19 response,546
est mort,545
24 marzo,542
virus covid,538
breaking news,534
19 patients,533
healthcare workers,533
new covid,529
coronavirus hantavirus,529
last week,527
die coronavirus,527
stop spread,527
stop coronavirus,524
au coronavirus,524
tiempos coronavirus,523
got ta,522
coronavirus new,522
19 testing,521
dibango est,521
19 relief,520
covid19 sign,520
19 test,519
penularan covid,518
coronavirus shutdown,518
would like,518
coronavirus symptoms,517
self quarantine,517
coronavirus news,513
mental health,510
please read,510
small businesses,509
cure coronavirus,508
coronavirus argentina,507
coronavirus quarantine,506
em casa,504
โคว ด19,504
het coronavirus,499
coronavirus vaccine,497
caso coronavirus,497
coronavirus china,497
test kits,494
2000 month,493
pelosi coronavirus,493
friends colleagues,491
moneyforthepeople covid19,491
american moneyforthepeople,490
give 2000,490
handling coronavirus,490
town hall,490
non essential,488
italian friends,487
month every,486
coronavirus party,486
york city,486
times share,484
share support,483
stand italy,482
let us,481
support italian,481
italy trying,480
coronavirus disease,479
people coronavirus,479
stock market,478
coronavirus restrictions,478
well done,476
people need,476
help fight,473
cuarentena coronavirus,473
every day,473
response covid,473
need know,471
address nation,471
19 di,471
two weeks,470
arizona man,469
100 000,467
coronavirus could,466
march 2020,464
chloroquine phosphate,463
daily thanks,462
face masks,459
chinese virus,459
cruise ship,459
people dying,459
coronavirus india,458
03 2020,457
china coronavirus,455
coronavirus aid,455
help slow,450
24 hours,449
press conference,448
first time,448
world health,448
feel like,448
positive cases,447
test covid,446
21 day,444
died coronavirus,444
toilet paper,441
south africa,435
il est,434
dies taking,431
coronavirus updates,430
get back,429
joe biden,428
coronavirus patient,428
coronavirus coronavirus,427
hand sanitizer,426
masyarakat dari,423
positive covid19,423
combatir coronavirus,422
coronavirus trump,422
statutory self,421
il faut,421
time coronavirus,421
rand paul,421
000 000,420
coronavirus si,419
el coronavirus,419
cases covid19,416
relief package,414
dari penularan,414
fighting coronavirus,412
the coronavirus,412
primer caso,411
du covid19,410
coronavirus plan,409
princess cruise,408
employed pay,408
pandemia covid,407
pandemic via,406
rapid test,406
des suites,405
andrew cuomo,403
prevent coronavirus,403
lanjuti maklumat,402
virus covid19,401
young people,399
coronavirus covid2019,398
casos positivos,398
weeks ago,397
medical supplies,395
coronavirus related,395
please take,393
health officials,393
global pandemic,393
dan patrick,393
menindak lanjuti,392
suites du,392
lucha coronavirus,392
doctors nurses,391
sars cov,390
fase coronavirus,389
covid 19polres,389
vía youtube,388
2021 coronavirus,388
complete lockdown,387
new deaths,387
coronavirus españa,386
saxophoniste manu,386
new post,385
contre coronavirus,383
via nytimes,383
signed petition,383
shelter place,383
wuhan coronavirus,383
coronavirus complications,381
combat coronavirus,380
tokyo 2020,379
frente coronavirus,378
coronavirus infection,378
maklumat kapolrimenjaga,377
si coronavirus,377
covid19 identify,376
24 horas,376
today coronavirus,376
trump administration,376
total cases,376
coronavirus puede,376
identify risk,375
self reporting,375
infected coronavirus,375
anyone else,375
front line,374
kapolrimenjaga masyarakat,374
risk cases,373
confirmed coronavirus,373
sports direct,372
one day,371
cases sooner,370
coronavirus may,370
like coronavirus,370
coronavirus us,370
hantavirus coronavirus,369
home coronavirus,369
prevent spread,368
50 000,367
watch live,366
corona covid19,366
people died,366
sooner self,366
19 sign,365
coronavirus italia,365
emergenza coronavirus,365
19 situation,363
coronavirus va,363
lockdown coronavirus,363
रध नम,362
कड उन,362
reporting symptoms,361
treat coronavirus,361
coronavirus covid_19,361
got coronavirus,361
coronavirus amp,360
going get,360
self isolate,360
daily even,359
mata coronavirus,358
virus corona,358
anggota dpr,357
symptoms daily,356
postponed due,355
14 days,354
19 lockdown,351
please help,350
com coronavirus,350
digital dollar,349
stayhome covid19,348
total lockdown,348
self medicating,346
covididiots covid19,345
health workers,344
coronavirus est,344
10 000,342
covid19 stayhome,342
one thing,342
muertos coronavirus,342
people still,341
coronavirus méxico,341
ee uu,340
corona coronavirus,340
health organization,340
go away,339
small business,339
hong kong,338
coronavirus treatment,337
care workers,337
uk coronavirus,336
coronavirus uk,335
world coronavirus,335
mr president,335
sounds like,334
per il,334
thank god,333
latest coronavirus,331
chief staff,331
million people,330
federal government,330
house coronavirus,330
narendra modi,329
cura coronavirus,329
lt gov,329
face au,329
gov cuomo,328
experts say,328
wall street,327
testing positive,326
covid19 outbreak,325
front lines,324
despite coronavirus,323
loved ones,323
19 spread,323
people stay,323
je suis,323
pushed back,322
humanity amp,322
última hora,321
cases rise,320
trump said,319
profit covid,319
000 cases,319
coronavirus fight,318
help coronavirus,318
days ago,318
coronavirus like,317
man died,316
coronavirus corona,315
need state,315
coronavirus case,315
000 people,314
puede ser,314
amp profit,313
values humanity,312
cnn msnbc,312
amp materialism,312
materialism amp,312
state values,312
coronavirus spreads,312
didier raoult,311
liberty university,310
total number,310
méxico entra,310
re going,309
pmoindia narendramodi,309
whole world,309
warn us,308
would rather,308
nueva york,308
uma gripezinha,308
day lockdown,308
joko widodo,307
19 case,306
est ce,306
19 vía,304
19 warn,304
speakerpelosi senschumer,304
ver si,304
coronavirus briefing,303
get tested,303
cases reported,302
dan keluarga,302
dpr dan,301
rest peace,301
help please,299
china lift,299
want know,299
pm narendramodi,299
must read,298
oh god,298
stay away,298
stay inside,298
cases confirmed,297
self isolating,297
people like,296
400 000,296
coronavirus tests,296
40 000,295
seems like,295
please stop,295
coronaviruslockdown covid19,295
update coronavirus,295
coronavirus et,295
go work,295
muertes coronavirus,294
high risk,294
tell us,294
of the,293
mass testing,293
people get,292
new zealand,292
crise du,292
est une,291
health experts,291
top story,290
across country,290
read thread,290
aujourd hui,289
pegar coronavirus,289
mort des,289
remain open,289
please share,288
new jersey,288
total contagiados,288
coronavirus impact,287
da coronavirus,287
free read,286
rest world,286
join us,286
nuevo coronavirus,286
combate ao,285
climate change,284
coronavirus got,284
first covid,283
older people,282
19 bubarkancegahcorona,282
via mailonline,282
immune system,281
via nypost,280
could become,280
social distance,280
19 kepada,279
síntomas coronavirus,279
right thing,279
ceux qui,278
good morning,278
us enlighten,278
please support,277
taking chloroquine,276
lot people,276
confirmados coronavirus,276
postponed 2021,275
old people,274
coronavirus stay,274
ingesting chloroquine,273
uk government,273
da covid,272
yang lebih,271
italy coronavirus,271
democrats coronavirus,270
coronavirus situation,270
olímpicos tokio,270
whitehouse realdonaldtrump,270
marzo 2020,269
day day,269
cabins 17,269
prevent covid,268
get covid,268
anthony fauci,267
covid19 virus,267
save us,267
bringing total,267
kennedy center,267
protect coronavirus,266
19 death,266
conseil scientifique,266
realdonaldtrump potus,265
years ago,264
causa coronavirus,264
post coronavirus,264
coronavirus coronaviruslockdown,264
washington post,264
não tem,263
eu não,263
hantavirus covid19,263
every single,263
billion people,263
this is,263
coronavirus would,262
know coronavirus,262
covid19 lockdown,261
coronavirus emergency,261
real time,261
si mata,260
penyebaran covid,260
kepada yang,259
test coronavirus,259
coronavirus bailout,259
please make,258
please please,258
coronavirus spreading,257
300 000,257
playwright terrence,257
defeat coronavirus,257
help people,255
lebih membutuhkan,255
save economy,255
15 000,255
protective equipment,255
one person,254
aid package,254
coronavirus shit,254
da saúde,254
affected covid,254
covid19 test,254
berikan rapid,254
coronavirus concerns,253
one month,253
impact covid,253
coronavirus infections,253
us economy,253
president donald,252
people would,252
toque queda,252
every time,252
2020 coronavirus,251
essential services,251
think coronavirus,251
membutuhkan bukan,251
great job,251
ils ont,251
number coronavirus,251
30 000,250
bersama instansi,250
bukan anggota,250
go home,250
update country_region,250
20 000,250
relief fund,249
pandemic accelerating,249
com covid,249
long term,248
widodo berikan,247
dies covid,247
coronaviruslockdown coronavirus,247
number cases,247
stay open,246
texas lt,246
dibango dies,246
new virus,246
back normal,245
impact coronavirus,244
coronavirus tokyo,243
people covid,243
give us,243
covid_19 coronavirus,243
daily coronavirus,243
mortality rate,242
pour faire,241
even though,241
qu on,240
using coronavirus,240
mcnally dies,240
du confinement,240
health minister,240
home covid19,240
casos nuevos,240
common sense,239
casos covid19,239
coronavirus fears,239
pay coronavirus,239
realdonaldtrump foxnews,239
let get,239
in the,239
avoid coronavirus,238
cada vez,238
coronavirus país,238
mike ashley,238
case coronavirus,238
covid19 coronaviruslockdown,238
confirmed case,238
tested coronavirus,238
tackle coronavirus,238
material sanitario,237
covid19 patients,237
coronavirus latest,237
next week,237
covid19 corona,237
help stop,237
coronavirus going,237
good job,237
crisis covid,236
care home,236
affected coronavirus,236
coronavirus hit,236
coronavirus france,236
real estate,236
days passengers,235
confirmed covid,235
risk coronavirus,235
qu ils,235
passengers left,235
19polres treaggalek,234
green new,234
modi address,234
toll rises,233
may allah,233
people go,232
coronavirus epidemic,232
people want,232
number confirmed,232
das coronavirus,232
coronavirus virus,231
get rid,231
pep guardiola,231
must stay,231
coronavirus cure,231
covid19 update,231
instansi te,231
novo coronavírus,231
mundo coronavirus,230
new deal,230
grocery store,230
abc news,230
malaria drug,230
test kit,230
mars 2020,229
24 mars,229
treating coronavirus,229
response covid19,228
trillion coronavirus,228
regarding covid,228
thunberg says,228
coronavirus please,228
good thing,228
bill today,228
nationwide lockdown,227
good idea,227
millón euros,227
update covid,226
month ago,226
coronavirus mundo,225
pacientes coronavirus,225
oficialmente fase,225
stay indoors,225
coronavirus stayhome,224
25 000,223
coronavirus get,223
et des,223
deal coronavirus,223
covid19 stayathome,223
india lockdown,223
san francisco,222
still open,222
hacer frente,222
global coronavirus,222
pandemia covid19,221
getting coronavirus,221
via nbcnews,221
covid19 coronaviruspandemic,221
sa covid,221
fuck coronavirus,221
world news,220
realdonaldtrump trump,220
rather die,220
key workers,220
ce qu,220
coronavirus não,220
tests negative,220
state emergency,220
march 23,219
due to,219
24 march,219
positif covid,219
ce qui,219
di indonesia,219
dies ingesting,219
spreading coronavirus,218
dio positivo,218
say coronavirus,218
great news,218
years old,218
coronavirus free,217
coronavirus survived,217
slim thug,217
covid19 hantavirus,216
contagio coronavirus,216
safe coronavirus,216
mil casos,216
take coronavirus,215
kyari tests,215
keluarga tandatanga,215
olympics pushed,214
stuck home,214
crisis via,214
time covid,214
come back,214
slush fund,214
reports first,213
intensive care,213
news via,213
coronavirus thing,213
infectados coronavirus,213
hoy 0recuperados,212
flatten curve,212
first death,212
deaths coronavirus,212
qui est,212
ao coronavírus,212
número casos,211
malaria drugs,211
positivos coronavirus,211
shelter in,211
vote statutory,211
wants country,211
cdc says,210
must included,210
scientists say,210
people think,210
coronavirus people,210
je ne,210
2020 olympics,210
said coronavirus,210
we re,210
emergency coronavirus,209
elon musk,209
ministerio salud,209
crisis covid19,209
back 2021,209
uk lockdown,208
house dems,208
coronavirus town,208
per coronavirus,208
405 casos,208
wish list,208
protect self,208
safe stay,208
travel restrictions,208
narendramodi pmoindia,208
mitch mcconnell,208
só uma,207
case covid,207
fatality rate,207
ve seen,207
nhs staff,207
entra oficialmente,207
cases deaths,206
looking forward,206
lockdown 21,206
outbreak via,206
washing hands,206
19 amp,205
vous avez,205
gates says,205
kill us,205
covid19 covid2019,205
first case,204
new orleans,204
country opened,204
lockdown covid19,203
contagiados coronavirus,203
in place,203
medical professionals,203
diamond princess,203
disease 2019,203
become next,203
contracting coronavirus,203
coronavirus one,203
stop spreading,203
live coronavirus,202
us covid19,202
let go,202
spring break,202
000 casos,202
covid19 covid,201
medical advice,201
symptoms coronavirus,201
penyebaran virus,200
coronavirus briefings,200
américa latina,200
di coronavirus,200
coronavirus economic,200
pro life,200
china virus,199
qui ont,199
panic buying,199
take action,199
rest us,199
coronavirus really,198
via yahoo,198
propagación coronavirus,198
va matar,198
19 positive,198
positivo covid,198
covid19 testing,198
dies self,198
long time,198
testing kits,197
end coronavirus,197
web client,197
vous êtes,197
day coronavirus,196
10 days,196
test test,196
stayhome staysafe,196
get sick,196
says wants,195
ve got,195
negative coronavirus,195
narendramodi ji,195
sense smell,195
korban covid,195
really need,195
chinese government,195
coronavirus eu,195
coronavirus real,194
essential businesses,194
2021 due,194
supporting statutory,194
pay amendment,194
lutte contre,194
พรกฉ กเฉ,194
ao coronavirus,194
via usatoday,194
test results,193
pandemic covid19,193
coronavirus help,193
pelosi schumer,193
covid19 via,193
last year,193
shaheen bagh,192
coronavirus sign,192
yuval noah,192
noah harari,192
covid19 dudukrumah,192
please see,192
rate confirmed,192
n95 masks,192
practice social,192
infectious disease,192
jabatanpenerangan covid19,192
first responders,191
jptu jabatanpenerangan,191
ann coulter,191
people going,191
lift lockdown,190
19 patient,190
combat covid,190
covid19 โคว,190
let hope,190
vacuna coronavirus,190
jair bolsonaro,190
health emergency,190
scott morrison,190
need get,189
please watch,189
beat coronavirus,189
via financialtimes,189
survived princess,189
get covid19,189
italian priest,188
pretty much,188
us covid,188
penanganan covid,188
thank much,188
coronavirus da,188
stayathome covid19,188
illegal aliens,188
maldito coronavirus,188
use coronavirus,188
contagios coronavirus,188
natural selection,188
makes sense,187
agar tidak,187
chinese coronavirus,187
coronavirus saxophoniste,187
amendment today,187
dying coronavirus,187
ne pas,187
one way,187
time crisis,187
olympic games,186
covid19 covididiots,186
take seriously,186
johns hopkins,185
could help,185
spanish army,185
