gram,counts
href rel nofollow,2630
true href rel,2586
covid 19 pandemic,2483
coronavirus covid 19,2237
rel nofollow twitter,2211
covid 19 cases,1717
nofollow twitter web,1450
due covid 19,1268
covid 19 outbreak,1265
twitter web app,1253
covid 19 crisis,1228
positive covid 19,1040
covid 19 via,1039
covid 19 coronavirus,1008
sign petition via,925
amid covid 19,915
fish tank cleaner,835
bbc news coronavirus,810
tests positive coronavirus,809
fight covid 19,770
du covid 19,725
covid 19 update,707
amid coronavirus pandemic,703
casos covid 19,698
tested positive coronavirus,664
cases covid 19,662
covid 19 virus,660
amid coronavirus outbreak,648
petition via change,643
nofollow twitter android,621
spread covid 19,604
coronavirus stimulus bill,577
new york times,573
covid 19 response,545
coronavirus task force,540
stay home stay,536
covid 19 patients,529
new covid 19,521
covid 19 relief,520
covid 19 testing,519
covid 19 test,518
manu dibango est,515
stay at home,514
coronavirus live updates,501
american moneyforthepeople covid19,490
every american moneyforthepeople,490
give 2000 month,490
month every american,486
2000 month every,486
gt gt gt,485
new york city,484
trying times share,481
times share support,481
support italian friends,480
share support italian,480
italy trying times,479
coronavirus relief bill,479
stand italy trying,479
italian friends colleagues,474
covid19 sign petition,473
covid 19 di,470
virus covid 19,462
response covid 19,453
nuevos casos coronavirus,453
moneyforthepeople covid19 sign,450
test covid 19,438
test positive coronavirus,434
man dies taking,425
help slow spread,423
slow spread covid19,422
dibango est mort,420
dari penularan covid,413
statutory self employed,407
self employed pay,406
masyarakat dari penularan,405
new cases coronavirus,404
due coronavirus pandemic,398
new coronavirus cases,395
home stay safe,393
coronavirus death toll,391
des suites du,389
arizona man dies,387
menindak lanjuti maklumat,387
pandemia covid 19,386
penularan covid 19polres,383
saxophoniste manu dibango,381
spread covid19 identify,375
kapolrimenjaga masyarakat dari,372
risk cases sooner,370
identify risk cases,370
covid19 identify risk,369
maklumat kapolrimenjaga masyarakat,369
lanjuti maklumat kapolrimenjaga,366
cases sooner self,366
covid 19 sign,365
sooner self reporting,364
covid 19 situation,363
self reporting symptoms,359
symptoms daily even,352
reporting symptoms daily,351
covid 19 lockdown,350
amid coronavirus crisis,350
tested positive covid,343
please stay home,341
coronavirus via youtube,340
march 24 2020,329
world health organization,327
at home order,323
covid 19 spread,322
profit covid 19,319
coronavirus stimulus package,316
tokyo olympics postponed,315
values humanity amp,312
materialism amp profit,312
amp materialism amp,312
amp profit covid,312
state values humanity,312
humanity amp materialism,312
need state values,312
covid 19 warn,304
covid 19 case,303
covid 19 vía,303
health care workers,301
rapid test covid,297
anggota dpr dan,296
help fight coronavirus,296
19 warn us,294
confirmed coronavirus cases,289
dpr dan keluarga,287
trump coronavirus response,286
24 03 2020,284
est mort des,284
mort des suites,284
covid 19 bubarkancegahcorona,282
tests positive covid,280
covid 19 kepada,279
go back work,279
first covid 19,278
warn us enlighten,278
suites du covid,275
postponed due coronavirus,272
stay home order,272
cabins 17 days,268
da covid 19,267
casos confirmados coronavirus,266
juegos olímpicos tokio,265
due coronavirus outbreak,265
coronavirus pandemic via,264
prevent covid 19,262
coronavirus relief package,260
get covid 19,259
playwright terrence mcnally,256
19 kepada yang,254
berikan rapid test,254
white house coronavirus,253
kepada yang lebih,252
dies coronavirus complications,252
yang lebih membutuhkan,252
coronavirus update country_region,250
lebih membutuhkan bukan,250
bukan anggota dpr,249
membutuhkan bukan anggota,249
widodo berikan rapid,247
impact covid 19,246
president donald trump,245
joko widodo berikan,245
affected covid 19,245
dies covid 19,245
manu dibango dies,244
covid 19 death,243
com covid 19,241
people covid 19,237
17 days passengers,235
covid 19polres treaggalek,234
penyebaran covid 19,234
princess cruise ship,232
dies taking chloroquine,232
bersama instansi te,231
21 day lockdown,228
days passengers left,228
crisis covid 19,227
terrence mcnally dies,226
regarding covid 19,226
green new deal,224
confirmed covid 19,224
greta thunberg says,223
si mata coronavirus,221
modi address nation,220
coronavirus tokyo olympics,219
democrats coronavirus bill,216
get back work,215
dan keluarga tandatanga,215
man dies ingesting,214
positif covid 19,214
update covid 19,212
olympics pushed back,212
pay coronavirus bill,212
kyari tests positive,212
vote statutory self,211
tested positive covid19,211
employed pay coronavirus,210
coronavirus bill today,210
people stay home,209
sa covid 19,209
tokyo olympics pushed,208
pushed back 2021,208
stop spread coronavirus,207
death toll rises,207
face au coronavirus,206
covid 19 amp,205
méxico entra oficialmente,205
case covid 19,203
bill gates says,203
entra oficialmente fase,201
primer caso coronavirus,201
oficialmente fase coronavirus,201
19 sign petition,200
time covid 19,199
coronavirus town hall,197
twitter web client,197
need help please,197
test positive covid,197
covid 19 positive,196
protect self employed,196
crise du coronavirus,195
back 2021 coronavirus,195
shelter in place,194
supporting statutory self,194
man dies self,194
korban covid 19,194
employed pay amendment,193
abba kyari tests,193
positivo covid 19,192
lockdown 21 days,191
texas lt gov,191
jptu jabatanpenerangan covid19,191
must stay home,190
olympics postponed 2021,190
yuval noah harari,189
covid 19 patient,189
dies self medicating,189
pay amendment today,187
survived princess cruise,187
coronavirus survived princess,187
death rate confirmed,187
coronavirus disease 2019,186
self employed supporting,185
penanganan covid 19,185
tertular covid 19,185
employed supporting statutory,185
covid 19 symptoms,184
amendment today coronavirus,183
taking chloroquine phosphate,183
19polres treaggalek bersama,182
covid 19 tests,182
today coronavirus bill,181
dies ingesting chloroquine,180
jabatanpenerangan covid19 dudukrumah,180
us covid 19,179
agar tidak tertular,178
covid 19 related,178
masyarakat agar tidak,178
covid 19 updates,177
polri jaga masyarakat,177
jaga masyarakat agar,177
tidak tertular covid,177
2019 covid 19,176
home covid 19,175
covid 19 deaths,174
wants country opened,174
lasting coronavirus vaccine,173
self employed people,173
confirmed cases covid,173
coronavirus saxophoniste manu,172
covid19 dudukrumah stayathome,172
treaggalek bersama instansi,172
coronavirus bill arts,171
bill arts funding,171
defense production act,169
practice social distancing,169
covid 19 impact,168
spanish army finds,168
trump says wants,168
coronavirus vaccine likely,167
staff abba kyari,167
arts funding union,167
treat covid 19,166
funding union help,166
vaccine likely since,165
snap benefits must,164
increase snap benefits,164
cure covid 19,164
covid 19 emergency,164
15 increase snap,163
cruise ship cabins,163
likely since virus,163
since virus mutating,162
fighting covid 19,162
2021 due coronavirus,162
covid 19 china,162
coronavirus cases rise,162
disease 2019 covid,161
confirmed cases coronavirus,161
mutating slowly scientists,161
benefits must included,161
chief staff abba,161
small ecommerce businesses,161
19 via youtube,161
please make sure,161
virus mutating slowly,161
covid 19 ini,161
wabah covid 19,160
chloroquine phosphate prevent,159
combat covid 19,159
missed chance avoid,159
stay safe stay,159
coronavirus new york,159
noah harari world,158
slowly scientists say,158
reimburse students year,157
harari world coronavirus,157
students year fees,157
new york state,157
infected covid 19,156
disease covid 19,156
care home residents,156
china lift lockdown,156
year fees due,156
confirmados covid 19,155
die covid 19,155
postponed 2021 due,155
21 days lockdown,154
jesus calls us,154
pelosi coronavirus plan,154
died covid 19,154
must included final,153
us feed hungry,153
due strikes covid,153
du conseil scientifique,153
fees due strikes,153
86 nuevos casos,152
help stop spread,152
โคว ด19 covid19,152
strikes covid 19,152
fox news coronavirus,152
24 marzo 2020,152
nancy pelosi coronavirus,152
would rather die,151
self medicating chloroquine,151
us missed chance,151
calls us feed,151
corona covid 19,151
coronavirus spanish army,151
covid 19 não,151
caso covid 19,150
avoid coronavirus shutdown,150
chance avoid coronavirus,150
coronavirus covid19 covidー19,150
covid 19 méxico,149
personal protective equipment,149
últimas 24 horas,148
casos positivos coronavirus,148
phosphate prevent covid,148
updates covid 19,148
au covid 19,147
petition reimburse students,147
support self employed,147
casos confirmados covid,147
covid 19 wife,146
cdc says coronavirus,146
covid 19 fight,146
covid 19polres trenggalek,146
frente covid 19,145
rent amp mortgage,145
let covid 19,145
army finds care,144
last 24 hours,143
lt gov dan,143
finds care home,143
covid 19 na,143
covid 19 spreads,141
gon na get,141
ship cabins 17,141
stay home covid19,140
pelosi coronavirus stimulus,140
coronavirus aid package,140
gov dan patrick,140
covid 19 em,140
suspend rent amp,139
nation vital aspects,139
home residents dead,138
ng covid 19,138
buhari chief staff,138
latest covid 19,138
virginia covid 19,138
testing positive coronavirus,137
related covid 19,137
first coronavirus death,137
pelosi coronavirus bill,136
amp mortgage virginia,136
19 wife admitted,136
mortgage virginia covid,136
só uma gripezinha,135
covid 19 covid19,135
coronavirus social distancing,135
new cases covid19,135
number covid 19,135
address nation pm,134
number coronavirus cases,134
covid 19 infection,134
combatir covid 19,134
coronavirus test kits,134
world coronavirus free,133
covid19 โคว ด19,133
get well soon,133
wife admitted icu,133
coronavirus free read,133
public health emergency,132
dr anthony fauci,132
pm modi address,132
petition via ukchange,131
tokyo 2020 olympics,131
2020 covid 19,131
god help us,131
make sure small,131
tested covid 19,131
think covid 19,131
coronavirus bailout stalled,130
coronavirus response act,130
help please make,130
dona millón euros,130
sure small ecommerce,130
ne sont pas,129
residents dead abandoned,129
vital aspects relating,129
new cases covid,129
coronavirus disease covid,129
prevent spread coronavirus,129
covid 19 treatment,128
contre covid 19,128
coronavirus sports direct,128
next 21 days,128
bbc news mundo,127
businesses included new,127
confused dangerous flippant,127
light end tunnel,127
dangerous flippant rest,127
look like day,126
rel nofollow tweetdeck,126
included new covid,126
covid 19 corona,126
ecommerce businesses included,126
symptoms look like,126
chloroquine attempt prevent,126
pm narendra modi,126
coronavirus stay home,125
19 relief legislation,125
flippant rest world,125
0muertes hoy 0recuperados,125
like day day,125
india covid 19,125
covid 19 concerns,124
african saxophone legend,124
covid 19 vaccine,124
covid 19 confirmed,124
coronavirus stimulus deal,123
businesses stay closed,123
000 000 000,123
people would rather,122
wonder woman 1984,122
rest world pans,122
uk coronavirus lockdown,122
enfrentar covid 19,122
coronavirus symptoms look,122
contro il coronavirus,122
penularan covid 19,122
make covid 19,121
2020 tokyo olympics,121
stay safe everyone,121
ingesting chloroquine attempt,121
stay home coronavirus,121
south korea flattened,120
coronavirus crisis via,120
treating coronavirus patients,120
bailout stalled mitch,120
coronavirus outbreak via,119
current covid 19,119
covid 19 may,119
covid 19 bill,119
mitch mcconnell fault,119
propagación covid 19,119
elijahdaniel cultforgood project,119
covid 19 news,119
china lift travel,118
news mundo coronavirus,118
stalled mitch mcconnell,118
covid 19 economic,118
contingencia covid 19,117
attempt prevent coronavirus,117
tweet quoted article,117
covid 19 chinese,117
cruise cabins 17,117
world pans pm,117
amidst covid 19,117
2020 olympics postponed,117
trillion coronavirus aid,117
supporting elijahdaniel cultforgood,116
help please support,116
says coronavirus survived,116
coronavirus puede matar,116
pans pm handling,116
rather die let,116
older people would,116
ce est pas,115
covid 19 could,115
non essential businesses,115
treatment covid 19,115
da positivo coronavirus,115
tests negative coronavirus,115
stop coronavirus covid19,115
pour lutter contre,115
ai tempi coronavirus,115
please support campaign,115
number confirmed cases,114
latest coronavirus plan,114
claque porte du,114
ministério da saúde,114
pandemi covid 19,114
families first coronavirus,114
news covid 19,114
employed people coronavirus,114
says wants country,114
test test test,114
trump coronavirus task,113
new deaths total,113
covid 19 quarantine,113
new coronavirus stimulus,113
porte du conseil,113
covid 19 semakin,113
manu dibango african,113
know covid 19,113
cmstu jptu jabatanpenerangan,112
stayhome stop coronavirus,112
borisjohnson support self,112
coronavirus covid19 tracks,112
covid 19 like,112
cegah covid 19,112
address nation vital,112
24 mar 2020,112
rishisunak borisjohnson support,112
signed petition urging,112
support campaign sign,112
us may become,112
petition urging rishisunak,112
covid 19 new,112
pencegahan covid 19,112
amid coronavirus lockdown,112
urging rishisunak borisjohnson,112
covid 19 mass,111
العصيبة شارك دعمك,111
الأوقات العصيبة شارك,111
شارك دعمك لأصدقائنا,111
stay away crowded,111
خلال هذه الأوقات,111
worldwide coronavirus covid19,111
هذه الأوقات العصيبة,111
نقف_بجانب_إيطاليا خلال هذه,111
combate ao coronavírus,111
covid19 tracks questions,111
number covid19 cases,111
دعمك لأصدقائنا الإيطاليين,110
work covid 19,110
نحن نقف_بجانب_إيطاليا خلال,110
covid 19 harm,110
didier raoult claque,110
tracks questions coronavirus,110
tuesday march 24,110
president rodrigo duterte,110
فهم زملائنا وأصدقائنا,110
one month ago,110
going stayhome stop,110
positivos covid 19,110
الإيطاليين فهم زملائنا,110
drank fish tank,110
die let covid,110
24 march 2020,110
لأصدقائنا الإيطاليين فهم,110
raoult claque porte,109
first coronavirus response,109
campaign sign petition,109
زملائنا وأصدقائنا وعائلتنا,109
pour faire face,109
mcnally dies coronavirus,109
pasien covid 19,109
pm handling coronavirus,109
coronavirus didier raoult,109
cause du coronavirus,108
questions coronavirus how,108
pule_polsek menindak lanjuti,108
democrats blocking coronavirus,108
quid pro quo,108
covid 19 please,108
stop covid 19,108
conseil scientifique macron,107
ignore pile bodies,107
amp covid 19,107
brasil tem 46,107
per il coronavirus,107
like covid 19,107
trump fox news,107
nuevos casos covid,106
19 mass testing,106
ao covid 19,106
slips amnesty daca,105
slow spread coronavirus,105
h1n1 matou muito,105
muito atingia todas,105
using covid 19,105
covid 19 est,105
matou muito atingia,105
10 death rate,105
covid 19 resources,105
filho da puta,105
19 test kit,105
mass testing ph,104
coronavirus pandemic says,104
idades coronavirus atinge,104
country opened easter,104
man died ingesting,104
olímpicos tokio 2020,104
impacted covid 19,104
19 harm us,104
covid 19 dan,104
coronavirus pandemic accelerating,104
coronavirus atinge idosos,104
रध नम narendramodi,104
opportunity restructure things,104
china covid 19,104
lift travel restrictions,104
restez chez vous,104
covid 19 stimulus,103
fight coronavirus pandemic,103
tremendous opportunity restructure,103
stimulus bill congress,103
pelosi slips amnesty,103
self employed workers,103
infected half uk,103
congress creates digital,103
23 mars 2020,103
stay home save,103
tem 46 mortes,102
covid 19 spreading,102
house coronavirus task,102
harm us economy,102
bill congress creates,102
saxophone legend dies,102
covid 19 stay,102
could become next,102
please stay safe,102
rodrigo duterte covid,102
confirmed casesflu 10,102
testing ph demand,102
covid 19 affecting,102
duterte covid 19,102
lift lockdown wuhan,101
creates digital dollar,101
dibango dies coronavirus,101
martes 24 marzo,101
jerry falwell jr,101
19 di indonesia,101
like bullet train,101
need fight covid19,101
est mort du,101
casesflu 10 death,101
covid 19 país,100
emergencia covid 19,100
made in india,100
stimulus bill includes,100
il covid 19,100
ph demand duterte,100
19 semakin bertambah,100
wash hands sanitizer,100
breaking foxnews alert,100
governor bala mohammed,100
virtual coronavirus town,100
derrame cerebral colesterol,99
sanitizer stay away,99
fome outras doença,99
rate confirmed casesflu,99
bomba morrendo gente,99
millón euros lucha,99
gente câncer coração,99
getting protections desperately,99
diabete derrame cerebral,99
nurses getting protections,99
24 03 20,99
morrendo gente câncer,99
symptoms covid 19,99
colesterol fome outras,99
malaria drugs coronavirus,99
cerebral colesterol fome,99
white house pitches,99
câncer coração diabete,99
desperately need fight,99
dio positivo coronavirus,99
protections desperately need,99
via uolnoticias uol,99
24 mars 2020,99
fase pandemia coronavirus,99
van het coronavirus,99
fight covid19 nationalnurses,99
fiquem em casa,99
coração diabete derrame,99
coronavirus attack ads,99
semakin bertambah jangan,98
privada hm hospitales,98
pruebas covid 19,98
covid 19 et,98
covid 19 would,98
hm hospitales pide,98
tony winning playwright,98
chloroquine treat coronavirus,98
whose husband died,98
bertambah jangan langgar,98
daca illegal aliens,98
covid 19 venezuela,97
todas idades coronavirus,97
covid19 covidー19 モンストフェアリーテイル,97
atingia todas idades,97
casos nuevos coronavirus,97
nationalnurses demanding congre,97
woman whose husband,97
tests covid 19,97
ficar em casa,97
covid19 nationalnurses demanding,97
duterte government sign,97
help covid 19,96
nofollow twitter iphone,96
new york gov,96
amnesty daca illegal,96
article amp reuters,96
olympics postponed due,96
mata coronavirus mata,96
information covid 19,96
house pitches 6t,96
illegal aliens latest,96
hands sanitizer stay,96
restart economy soon,96
aliens latest coronavirus,96
demand duterte government,96
battle covid 19,96
35m kennedy center,96
support covid 19,95
405 casos confirmados,95
ce qu il,95
restructure things fit,95
korea flattened coronavirus,95
更新 新型コロナウイルス 志村けんさんが陽性で入院との報道,95
announces 21 day,95
pacientes covid 19,95
covid 19 prevention,95
expect coronavirus stimulus,95
novel coronavirus covid,95
méxico entra fase,94
universal basic income,94
free read via,94
baltasar garzón ingresado,94
economy soon simply,94
princess cruise cabins,94
covid 19 world,94
crisis sign petition,94
épidémie covid 19,94
新型コロナウイルス 志村けんさんが陽性で入院との報道 coronavirus,94
paid sick leave,94
far left agenda,94
mardi 24 mars,94
tokyo 2020 olympic,94
covid 19 need,94
may infected half,94
says extremely likely,94
new curbs life,94
gov andrew cuomo,94
coronavirus may infected,94
manu dibango died,93
soon simply ignore,93
dibango african saxophone,93
half uk population,93
mil casos confirmados,93
19 via franceinfo,93
india prime minister,93
people back work,93
cases bringing total,93
says restart economy,93
simply ignore pile,92
gates says us,92
says us missed,92
hundreds thousands necessities,92
19 crisis sign,92
the covid 19,92
gates says restart,92
project bring hundreds,92
us economy texas,92
response coronavirus pandemic,92
government sign petitio,92
hacer frente coronavirus,92
400 page coronavirus,92
cultforgood project bring,92
bring hundreds thousands,92
pitches 6t coronavirus,92
safe stay home,91
legend dies covid,91
hospitales pide trabajadores,91
thousands necessities free,91
pide trabajadores tomen,91
coronavirus vía el_pais,91
covid 19 real,91
vs covid 19,91
town hall president,91
0muertes 0muertes hoy,91
nuevos 0muertes 0muertes,91
read via financialtimes,91
trump handling coronavirus,91
access abortion care,91
pile bodies corner,90
let us know,90
deaths covid 19,90
19 testing free,90
flattened coronavirus curve,90
pelo covid 19,90
6t coronavirus stimulus,90
fuerzas cuerpos seguridad,90
qu il faut,90
covid 19 really,89
comité olímpico internacional,89
kirstie alley praises,89
mp ensure women,89
centre coronavirus pandemic,89
rel nofollow hootsuite,89
nofollow hootsuite inc,89
first made in,89
women access abortion,89
economy texas official,89
pandemic covid 19,89
españoles incluir fuerzas,89
stop spread covid19,89
new york governor,89
write mp ensure,89
shorten coronavirus shutdown,89
thunberg says extremely,89
safeguard right laboring,88
corona virus covid,88
lutte contre coronavirus,88
at home orders,88
coronavirus bill stuffed,88
total confirmed cases,88
hall president trump,88
mohfw_india drharshvardhan make,88
testing free senior,88
coronavirus crisis reveals,88
incluir fuerzas cuerpos,88
citizens amp subsidised,88
coronavirus cases confirmed,88
push shorten coronavirus,88
ensure women access,88
senior citizens amp,88
drharshvardhan make covid,88
despite covid 19,88
buhari tests negative,87
proposes 400 page,87
negative covid 19,87
trump push shorten,87
19 test kits,87
trabajadores tomen vacaciones,87
medicating chloroquine treat,87
muertos covid 19,87
coronavirus china lift,87
necessities free coronav,87
new cases reported,87
coronavirus shutdown proves,87
abortion care covid19,87
dies coronavirus giving,87
dudukrumah stayathome protectyourselfandyourfamily,87
nancy pelosi proposes,87
pelosi proposes 400,87
page coronavirus bill,87
free senior citizens,87
fase covid 19,87
covid 19 many,87
social distancing coronavirus,86
covid 19 still,86
death toll jumps,86
grupos riesgo coronavirus,86
cuerpos seguridad grupos,86
250 000 volunteers,86
drugs coronavirus patients,86
in place order,86
seguridad grupos riesgo,86
virtual town hall,86
contagio covid 19,86
calling covid 19,86
council tax bills,86
legend manu dibango,86
world covid 19,86
camerounais manu dibango,86
right laboring people,86
laboring people covid,86
covid 19 yang,86
suspended months coronavirus,85
exclusif coronavirus didier,85
man dies wife,85
months coronavirus sign,85
year old man,85
donald trump coronavirus,85
andrew cuomo safeguard,85
tax bills suspended,85
euros lucha coronavirus,85
covid 19 पर,85
bills suspended months,85
signed petition get,84
milió euros per,84
workers affected covid,84
10 times higher,84
people tested positive,84
liberty university set,84
proves captain flying,84
shutdown proves captain,84
coronavirus sign to,84
état urgence sanitaire,84
cuomo safeguard right,84
stay fuck home,84
ingested fish tank,84
tiempos covid 19,84
minister narendra modi,84
easing coronavirus restrictions,84
get council tax,84
petition get council,84
narendra modi address,84
fda grants drug,83
took fish tank,83
bankrolls coronavirus attack,83
coronavirus shutdown businesses,83
tormenta covid 19,83
prevenir covid 19,83
trump wants us,83
kyari tested positive,83
centro tormenta covid,83
crisis reveals us,83
saxophonist manu dibango,83
inc free read,83
restrictions wuhan april,83
19 chinese virus,83
19 coronavirus catalizador,83
due coronavirus via,83
covid 19 japan,83
coronavirus catalizador sistema,83
spreading fake news,83
captain flying blind,83
rate confirmed cases,83
coronavirus stimulus agreement,82
public health expert,82
up to date,82
amp subsidised all,82
stay safe covid19,82
panamá centro tormenta,82
called covid 19,82
prime minister narendra,82
covid 19 data,82
set welcome back,82
covid 19 epidemic,82
americans approve trump,82
diamond princess cruise,82
new cases confirmed,82
covid 19 restrictions,82
du coronavirus via,82
scandal trump fda,82
रत इस मह,82
drug company exclusive,82
grants drug company,82
tomen vacaciones ahorrar,82
deal covid 19,82
fight coronavirus via,82
coronavirus via mailonline,82
इस मह लड,82
surfaces 17 days,82
united states could,82
covid 19 global,82
catalizador sistema capitalista,82
casos coronavirus argentina,82
urgent write mp,82
covid 19 pour,82
narendramodi address nation,82
take covid 19,82
trump fda grants,82
news via youtube,81
olympics officially postponed,81
in india covid,81
dudukrumah stayathome protectyourselfandfamily,81
coronavirus death rate,81
emergency coronavirus stimulus,81
fino 31 luglio,81
