gram,counts
covid 19 cases,11589
covid 19 pandemic,6782
new covid 19,3447
positive covid 19,3323
casos covid 19,3189
covid 19 deaths,3067
new coronavirus cases,3002
due covid 19,2654
coronavirus task force,2138
covid 19 crisis,1873
covid 19 patients,1841
cases covid 19,1817
covid 19 testing,1761
coronavirus covid 19,1696
covid 19 vaccine,1518
amid covid 19,1404
died covid 19,1374
da covid 19,1330
impact covid 19,1276
covid 19 di,1269
covid 19 via,1267
spread covid 19,1223
últimas 24 horas,1158
covid 19 outbreak,1154
covid 19 virus,1115
positivo covid 19,1065
covid 19 test,1062
pandemia covid 19,1012
bbc news coronavirus,986
covid 19 response,982
people diagnosed covid,969
failed protect americans,948
test positive covid,947
rising young people,947
19 deaths rising,947
realdonaldtrump factsmatter covid,944
factsmatter covid 19,944
deaths rising young,944
young people diagnosed,944
diagnosed covid 19cases,944
covid 19cases seniors,944
19cases seniors dying,944
seniors dying realdonaldtrump,944
dying realdonaldtrump failed,944
realdonaldtrump failed protect,944
protect americans contributed,944
americans contributed deaths,944
contributed deaths blatantly,944
deaths blatantly denying,944
blatantly denying covid,944
denying covid 19even,944
covid 19even spreading,944
pandemi covid 19,929
june 26 2020,895
tested positive covid,895
covid 19 tests,888
new york times,848
000 new cases,826
covid 19 coronavirus,816
fight covid 19,809
covid 19 update,804
cases single day,802
number covid 19,798
covid 19 infections,788
nuevos casos coronavirus,778
black lives matter,775
affordable care act,775
last 24 hours,775
10 times higher,763
tests positive covid,753
post covid 19,746
new cases covid,742
tested positive coronavirus,733
new covid19 cases,728
coronavirus live updates,725
covid 19 relief,717
single day record,715
signed petition calling,712
response covid 19,707
covid 19 positive,705
worse covid 19,683
chouhanshivraj governormp drnarottammisra,682
white house coronavirus,681
governormp drnarottammisra pmoindia,680
promote_medicalstudents_mp chouhanshivraj governormp,677
drnarottammisra pmoindia hrdministry,675
pmoindia hrdministry drharshvardhan,672
facts covid 19,660
covid 19 infection,650
never get sick,650
covid 19 spread,645
medicos immune never,644
immune never get,644
new cases coronavirus,642
pandemic medicos immune,642
get sick promote_medicalstudents_mp,642
sick promote_medicalstudents_mp chouhanshivraj,641
covid19 pandemic medicos,640
task force briefing,636
test positive coronavirus,635
nuevos casos covid,632
covid 19 lockdown,630
tests positive coronavirus,624
get covid 19,624
covid 19 em,622
covid 19 situation,621
covid 19 death,610
covid 19 impact,609
house coronavirus task,604
contagios covid 19,596
books covid 19,590
26 06 2020,583
peduli covid 19,580
covid 19 case,576
pacientes covid 19,572
coronavirus cases single,570
get facts covid,566
120 million americans,563
amid coronavirus pandemic,561
positivos covid 19,555
000 coronavirus cases,552
financial effects coronavirus,550
covid 19 numbers,549
covid 19 amp,549
calling 10downingstreet protect,548
theatres music venues,548
10downingstreet protect britain,547
protect britain theatres,547
britain theatres music,547
performing arts companies,547
arts companies financial,547
companies financial effects,547
add name support,546
petition calling 10downingstreet,545
venues performing arts,545
support public_campaign forthearts,545
music venues performing,544
coronavirus add name,544
name support public_campaign,543
effects coronavirus add,542
public_campaign forthearts via,541
forthearts via 38_degrees,541
coronavirus cases rise,536
com covid 19,535
coronavirus cases spike,530
covid 19 restrictions,529
highest single day,529
times higher reported,525
positif covid 19,516
may 10 times,515
severe covid 19,513
players test positive,508
coronavirus cases hit,508
state cooking books,508
fire claims state,507
claims state cooking,507
covid 19 related,506
spike covid 19,504
120 million people,495
caused covid 19,495
says covid 19,490
120 million dead,489
cooking books covid,489
home covid 19,487
gov greg abbott,486
governor fire claims,485
give covid 19,483
florida governor fire,476
one day record,475
du covid 19,472
cases may 10,470
confirmed covid 19,469
gt gt gt,462
manos piedra durán,461
million americans died,458
infected covid 19,458
covid 19 republicans,456
joe biden says,454
19 cases surge,453
coronavirus cases surge,451
covid 19 spikes,451
covid 19 data,442
america give covid,442
says 120 million,440
all time high,440
us covid 19,440
surge coronavirus cases,439
40 000 new,432
20 million americans,431
increase covid 19,431
surprise birthday party,430
barcelona marzo 2019,427
million people died,426
19 covid 19,424
texas pauses reopening,424
25 junio 2020,416
tested positive covid19,415
muertes covid 19,412
first covid 19,411
mortes covid 19,410
cases hit new,409
number new coronavirus,408
000 new coronavirus,407
second wave coronavirus,405
people covid 19,404
covid 19 surge,404
covid 19 task,403
coronavirus covid19 sarscov2,401
covid 19 74thpolriberinovasi,401
19 task force,396
coronainfoch covid19 covid,396
covid 19 still,395
casos positivos covid,393
covid 19 may,393
record new coronavirus,391
limit worship services,389
worship services condone,387
services condone mass,387
condone mass protests,387
deaths covid 19,384
spike coronavirus cases,384
nearly 000 new,384
wrong limit worship,384
media misinformation may,382
covid 19 recovery,382
mass protests federal,381
record covid 19,380
misinformation may intensified,379
patients nursing homes,378
19 cases rise,378
pre existing conditions,377
protests federal judge,377
covid 19 través,376
epoch times app,375
blasio wrong limit,375
pre existing condition,374
covid 19 covid19,373
times app see,372
app see exclusive,372
coverage daily updates,372
daily covid 19,369
covid 19 real,368
population coronavirus covid19,367
covid19 sarscov2 forecast,367
nba players test,367
16 nba players,367
people died coronavirus,366
task force hold,366
exclusive coronavirus coverage,366
dies covid 19,365
record number new,365
cuomo blasio wrong,365
conservative media misinformation,363
die covid 19,363
see exclusive coronavirus,363
coronavirus coverage daily,363
realdonaldtrump seanhannity foxnews,362
virus covid 19,362
death population coronavirus,361
surge covid 19,360
new death population,359
tested covid 19,359
crisis covid 19,358
000 covid 19,357
penyebaran covid 19,356
coronavirus death toll,356
biden says 120,352
masks covid 19,352
coronavirus disease 2019,352
new research explores,350
covid 19 symptoms,348
asks supreme court,347
research explores conservative,346
explores conservative media,346
nearly two months,342
covid 19 healthcare,342
26jun fanb gnbesvzla,341
covid 19 spike,340
fanb gnbesvzla graciaspuebloheroico,340
aguas residuales barcelona,339
covid 19 news,338
dr fauci says,337
number coronavirus cases,335
access covid 19,335
health problems caused,335
coronavirus aguas residuales,335
june 25 2020,334
masks social distancing,334
us hits record,334
due coronavirus pandemic,332
players tested positive,332
covid 19 family,330
take covid 19,328
rise covid 19,326
vacuna covid 19,326
covid 19 polsek,325
us coronavirus cases,323
wear damn mask,323
americans died covid,322
entertain empower educate,320
empower educate talk,320
0208 090 2121,320
090 2121 hello,320
2121 hello fantasticradio,320
hello fantasticradio co,320
fantasticradio co uk,320
co uk fantasticradiouk,320
uk fantasticradiouk homeofpossibilities,320
fantasticradiouk homeofpossibilities believeyourpossibilities,320
homeofpossibilities believeyourpossibilities stayhomesafelives,320
believeyourpossibilities stayhomesafelives buy,320
stayhomesafelives buy song,320
sign petition via,320
000 new covid,320
covid 19 treatment,315
da positivo covid,315
19 polsek kampak,315
polsek kampak bagikan,315
kampak bagikan masker,315
bagikan masker gratis,315
masker gratis di,315
gratis di depan,315
di depan pasar,315
depan pasar hewan,315
pasar hewan senden,315
hewan senden dan,315
senden dan depan,315
dan depan balai,315
depan balai desa,315
balai desa senden,315
educate talk us,314
talk us 0208,314
us 0208 090,314
desa senden 74thpolriberinovasi,314
confirmados covid 19,313
covid 19 hit,313
new york city,312
covid 19 new,312
dying covid 19,312
hits record high,311
million americans infected,310
confirmed cases covid19,310
penanganan covid 19,309
cases one day,308
covid 19 méxico,307
covid 19 hoax,307
covid19 positive cases,307
many health problems,307
kasus covid 19,306
record new covid,306
best way entertain,306
way entertain home,306
entertain home covid,306
19 pandemic buy,306
pandemic buy pair,306
buy pair sharp,306
pair sharp pruning,306
sharp pruning shears,306
pruning shears tidy,306
shears tidy gardenyour,306
tidy gardenyour choice,306
gardenyour choice support,306
choice support usplease,306
support usplease click,306
usplease click link,306
click link buy,306
link buy need,306
buy need help,306
need help retweet,306
covid 19 covid,305
new cases covid19,305
viernes 26 junio,304
like covid 19,301
casos positivos coronavirus,301
daily coronavirus cases,300
covid 19 world,299
public health experts,298
understand many health,298
glblctzn amp eu_commission,297
record high daily,297
test covid 19,296
000 americans died,296
check local listings,295
problems caused covid,294
mano piedra durán,293
since covid 19,292
joining glblctzn amp,292
stay at home,291
26 junio 2020,291
26 juni 2020,291
scientists beginning understand,291
scientists artists comedians,290
equal access covid,290
trump covid 19,289
healthcare check local,289
casos confirmados covid,289
coronavirus deaths way,289
19 healthcare check,288
combat covid 19,288
even close enough,288
high daily cases,288
beginning understand many,288
time covid 19,287
saturday joining glblctzn,287
local listings tune,287
19 family members,287
task force holds,287
corona warriors died,286
family members demand,286
members demand old,286
demand old pension,286
amp eu_commission globalgoalunite,285
eu_commission globalgoalunite concert,285
briefing nearly two,285
old pension schemes,285
pension schemes live,285
schemes live dignity,285
health care workers,284
covid 19 país,284
covid 19 could,284
covid 19 briefing,284
warriors died covid,284
globalgoalunite concert scientists,282
concert scientists artists,282
artists comedians perform,282
comedians perform equal,282
perform equal access,282
listings tune in,282
sets one day,282
single day spike,280
coronavirus us hits,280
spreading covid 19,278
covid 19 updates,278
live dignity restoreoldpension,278
single day increase,277
reluctant close beaches,277
covid 19 us,276
close beaches crowds,276
pmoindia finminindia nsitharaman,276
us sees record,275
despite covid 19,274
2020 06 26,274
people wear masks,274
know covid 19,273
2019 covid 19,273
entrenched failed strategy,272
day record new,272
affected covid 19,271
covid 19 mundo,271
free covid 19,271
restoreoldpension pmoindia finminindia,271
ministers reluctant close,271
rolls back reopening,271
19 cases may,269
wave covid 19,268
current covid 19,267
coronavirus cases may,267
getting covid 19,267
realdonaldtrump covid 19,267
friday june 26,266
risk covid 19,266
contracted covid 19,266
mortality rate one,266
people tested positive,265
house task force,265
rising covid 19,265
please wear mask,264
white house task,264
coronavirus death rate,264
daughter tests positive,264
coronavirus ministers reluctant,264
jueves 25 junio,263
people died today,263
force hold first,263
covid 19 safety,263
covid 19 na,261
effects covid 19,261
dignity restoreoldpension pmoindia,261
trump entrenched failed,260
finminindia nsitharaman ianuragthakur,260
muertos covid 19,259
virus surges polling,259
200 mil casos,259
close enough fight,259
one lowest world,259
deliver coronavirus vaccine,258
based racial groups,258
failed strategy virus,258
strategy virus surges,258
19 cases texas,258
roberto manos piedra,258
surges polling drops,257
handling covid 19,257
us mortality rate,257
nearly 000 coronavirus,257
think covid 19,255
recuperados covid 19,255
florida close bars,255
coronavirus vaccine based,254
americans died coronavirus,254
covid 19 outbreaks,254
covid 19 would,254
younger people account,254
nsitharaman ianuragthakur vijaykbandhu,254
wants deliver coronavirus,253
vaccine based racial,253
long term care,253
news covid 19,253
amp covid 19,253
day record covid,253
people account disturbing,253
都民より五輪が大事 小池百合子 オリンピックは中止,253
melinda gates wants,252
gates wants deliver,252
racial groups blacks,251
new coronavirus symptoms,250
covid 19 concerns,250
2020 covid 19,250
coronavirus face masks,250
account disturbing number,249
patients critical condition,248
от covid 19,248
update covid 19,247
total confirmed cases,246
pruebas covid 19,245
frente covid 19,245
groups blacks first,244
johns hopkins university,244
lives matter protests,243
confirmed coronavirus cases,242
26 june 2020,242
19 cases florida,242
detectan coronavirus aguas,242
alcohol consumption bars,242
tests covid 19,241
relatives test positive,241
news coronavirus us,241
deaths per million,241
abruptly cut funding,240
19 cases hit,240
disturbing number cases,240
new cases confirmed,239
rate one lowest,239
another single day,238
cases may topped,238
000 dead americans,238
single day new,238
surges younger people,238
disease 2019 covid,237
house abruptly cut,236
covid 19 going,236
may topped 20,236
topped 20 million,236
usa northamerica cases,236
durán da positivo,236
cut funding coronavirus,235
million dead coronavirus,235
news coronavirus covid19,235
nuevos casos positivos,235
cases texas pauses,235
white house abruptly,234
25 06 2020,234
covid 19 antibody,234
nanangharyonow tjhinfar21 ariestariico_,234
tjhinfar21 ariestariico_ bagikan,234
ariestariico_ bagikan ratusan,234
bagikan ratusan paket,234
ratusan paket sebako,234
paket sebako polres,234
sebako polres trenggalek,234
polres trenggalek peduli,234
trenggalek peduli covid,234
pasien covid 19,233
covid 19 vía,233
cases next week,233
198 nuevos casos,233
next week coronavirus,233
texas rolls back,233
coronavirus symptoms list,231
past 24 hours,231
new cases reported,230
000 americans dead,230
594 new cases,229
latest covid 19,229
coronavirus grant research,228
covid 19 risk,228
slow spread covid19,228
funding coronavirus grant,227
cancel coronavirus research,227
centers disease control,227
covid 19 venezuela,227
rate covid 19,227
ianuragthakur vijaykbandhu abhinav019,227
coronavirus research funding,226
de covid 19,226
coronavirus yet peak,226
catches covid 19,226
22 million americans,226
research dr fauci,225
target americans working,225
grant research dr,224
russian criminal group,224
nih cancel coronavirus,224
people died covid,224
yet peak america,224
us cases may,223
19 cases reported,223
19 testing sites,223
dead covid 19,223
virus surges younger,223
help slow spread,223
estimates 22 million,223
making us mortality,223
coronavirus us cases,222
finds new target,222
ordered nih cancel,222
covid 19 dan,222
reports nearly 000,222
coronavirus making us,222
expects hit 10m,222
hit 10m cases,222
10m cases next,222
week coronavirus yet,222
peak america covid19,222
pandemic news coronavirus,221
group finds new,221
health care system,221
china coronavirus making,221
942 new cases,221
terdampak covid 19,220
criminal group finds,220
new target americans,220
support covid 19,220
not even close,220
covid 19 warriors,220
inpatient count misinterpreted,220
count misinterpreted level,220
cdc estimates 22,220
americans infected china,220
covid 19 like,219
florida covid 19,219
infected china coronavirus,219
global pandemic news,218
coronavirus covid19 protests,218
house ordered nih,218
nuevos casos covid19,218
christopher nolan tenet,218
19 cases spike,217
record coronavirus cases,217
小池百合子 オリンピックは中止 山本太郎2024に延期,217
オリンピックは中止 山本太郎2024に延期 小野,217
山本太郎2024に延期 小野 泰輔いまだ決断できない,217
小野 泰輔いまだ決断できない 宇都宮健児9,217
level alarm unwarranted,217
people wearing masks,216
americans working home,216
piedra durán da,216
us not even,216
covid inpatient count,216
misinterpreted level alarm,216
sets another single,215
masa pandemi covid,215
white house ordered,215
hospital ceo covid,215
ceo covid inpatient,215
covid 19 today,214
fallecidos covid 19,214
pandemic covid 19,214
world covid 19,214
covid 19 spreading,214
research funding fauci,213
patients covid 19,213
000 people died,213
exposed covid 19,213
texas hospital ceo,213
stay home much,212
testing positive covid,212
world health organization,212
sa covid 19,211
cdc says covid,211
negative covid 19,211
new one day,211
funding fauci says,210
practice social distancing,210
novos casos covid,210
information covid 19,210
exams anyone catches,210
anyone catches covid,210
virus take responsibility,210
wave coronavirus infections,209
agencia europea medicamento,209
covid 19 following,209
number new cases,209
wear masks public,209
students danger exams,209
danger exams anyone,209
19 virus take,209
florida reports nearly,209
nigeria records 594,208
disease control prevention,208
anyone dies covid,208
putting future lacks,208
confirms nearly 000,208
related covid 19,207
distance wash hands,207
case covid 19,207
texas covid 19,207
supreme court overturn,207
texas florida close,207
covid 19 damage,206
daily cases increase,206
covid 19 loser,206
mortality rate confirming,206
future lacks students,206
lacks students danger,206
10 times americans,205
coronavirus testing sites,205
covid 19 trump,205
confirming estimates march,205
gujarat government putting,205
government putting future,205
au covid 19,204
rate confirming estimates,204
reported today utc,203
today utc time,203
covid 19 puede,203
covid 19 patient,203
covid 19 corona,203
million covid 19,203
president donald trump,203
believes anyone dies,203
contre covid 19,203
enough fight pandemic,203
right cdc estimates,203
orders bars close,203
coronavirus may infected,202
intensified severity pandemic,202
wash hands often,202
rise coronavirus cases,202
says coronavirus cases,201
covid 19 winning,201
may intensified severity,200
trump believes anyone,200
wear face mask,199
coronavirus pandemic via,199
covid 19 strategy,199
sees record number,199
泰輔いまだ決断できない 宇都宮健児9 710,199
宇都宮健児9 710 205,199
anthony fauci says,199
economy roaring back,199
florida confirms nearly,199
gnbesvzla graciaspuebloheroico nicolasmaduro,199
graciaspuebloheroico nicolasmaduro gnboficial,199
tratar covid 19,198
said 120 million,198
gov ron desantis,198
residuales barcelona marzo,198
contagio covid 19,197
petition via change,197
dio positivo coronavirus,197
destroys california officials,197
journalist absolutely destroys,196
face masks video,196
records 594 new,195
wear face masks,195
wear fucking mask,195
new cases today,195
hit all time,195
absolutely destroys california,195
even covid 19,194
infected 10 times,194
vaccine covid 19,194
per 100 000,194
coronavirus cases reported,194
19 damage brain,193
coronavirus live news,193
lose health insurance,193
total covid 19,192
state covid 19,192
gates us not,192
county covid 19,191
dr anthony fauci,191
take responsibility save_gtu_students,191
speakupforourjawans speakupforourjawans speakupforourjawans,191
nicolasmaduro gnboficial fabiozavarsep,191
viral journalist absolutely,191
concerns second wave,190
wear mask public,190
19 winning donald,190
winning donald trump,190
bill gates us,190
embers flare ups,190
18 relatives test,189
video via gatewaypundit,189
covid 19 complications,189
going viral journalist,189
keep safe distance,188
potential covid 19,188
donate 125 ecoins,188
33 lakh masks,188
casos confirmados coronavirus,187
symptoms covid 19,187
ppe kits 33,187
kits 33 lakh,187
caso covid 19,186
abc news via,186
mortgage bailouts suddenly,186
bailouts suddenly swell,186
investors think recovery,185
think recovery balances,185
recovery balances reopening,185
balances reopening concerns,185
reopening concerns second,185
house covid 19,185
new covid19 positive,185
daily record new,185
railways readies 91,185
lakh masks covid,185
suddenly swell homeowners,185
pela covid 19,184
cure covid 19,184
may infected 10,183
covid 19 reported,183
singapore bans britons,183
covid 19 yang,182
high coronavirus cases,182
contracting covid 19,182
people died covid19,182
force holds first,182
second wave covid,181
almost two months,181
coronavirus mortgage bailouts,181
contagiados covid 19,180
reopening coronavirus cases,180
catch covid 19,180
testing covid 19,180
enfrentamiento covid 19,180
bans britons lockdown,180
texas family coronavirus,179
aumento casos coronavirus,179
mike pence lead,179
lockdown bar crawl,179
covid_19 coronavirus covid19,178
highest number new,178
202 mil 951,178
britons lockdown bar,178
wearing face masks,177
aumento casos covid,177
prueba covid 19,177
total number cases,177
coronavirus singapore bans,177
day new record,177
covid 19 et,176
91 lakh ppe,176
cases per day,175
combate covid 19,175
19 di indonesia,175
readies 91 lakh,175
lakh ppe kits,175
aguas residuales recogidas,175
bbc news mundo,174
primer fármaco tratar,174
covid 19 florida,174
120 000 americans,174
impacto covid 19,173
covid 19 made,173
article amp reuters,173
coronavirus fading away,173
covid 19 seriously,173
claimed 120 million,173
cases last 24,173
pence lead first,173
people testing positive,172
says coronavirus fading,172
public health officials,172
indian railways readies,172
millions people may,172
us serious problem,172
least 18 members,171
nuevos covid 19,171
died covid19 highest,171
covid19 highest day,171
highest day count,171
view covid 19,171
roberto mano piedra,171
white house covid,171
new testing strategy,171
ng covid 19,170
north texas family,170
number covid19 cases,170
officials coronavirus face,170
got covid 19,169
módulos pruebas rápidas,169
of covid 19,169
california officials coronavirus,169
casos nuevos covid,168
19 cases rising,168
spike 17 296,168
cure corona virus,168
covid 19 brasil,167
125 000 americans,167
hospitalized covid 19,167
covid 19 contact,167
covid 19 health,167
حالة وفاة جديدة,167
less coronavirus testing,167
causes covid 19,166
people wear mask,166
home much keep,166
much keep safe,166
safe distance wash,166
hands often cover,166
often cover cough,166
following covid 19,166
swell homeowners face,166
faceofwrasslin backuphmood the_realest3_,165
backuphmood the_realest3_ itswildboy,165
the_realest3_ itswildboy ken_d2nd,165
itswildboy ken_d2nd justjeremyheyyo,165
ken_d2nd justjeremyheyyo michealjackson_,165
justjeremyheyyo michealjackson_ dailyrapfacts,165
hunterpwwe5 ore922 imadazeman,165
ore922 imadazeman kier_johnson97,165
fireboy987 theshiniestdan buddiemurphie,165
theshiniestdan buddiemurphie minikeyz,165
bigoisover savageetika wwejdct,165
take away healthcare,165
وفاة جديدة بـ,165
till july 31,165
homeowners face new,165
serious problem says,165
work covid 19,164
virus new york,164
pacientes com covid,164
family shaken 18,164
shaken 18 relatives,164
covid 19 one,164
cases 24 hours,164
covid 19 ini,164
push less coronavirus,164
hit single day,164
face new struggles,164
open european holidays,164
coronavirus surprise birthday,163
people recovered disease,163
coronavirus washington post,163
covid 19 threat,163
president united states,163
millions lose health,163
uk open european,163
european holidays july,163
tiempos covid 19,162
stop covid 19,162
diagnosed covid 19,162
efectos covid 19,162
fighting covid 19,162
first time since,162
first white house,162
the covid 19,162
coronavirus crisis follows,162
misleading data use,162
coronavirus testing sarcasm,162
way mortality rate,162
texas family shaken,161
new confirmed cases,161
new cases new,161
day covid 19,161
951 casos confirmados,161
pruebas rápidas gratuitas,161
19 via youtube,161
positive cases reported,161
crisis follows misleading,161
follows misleading data,161
data use emphasis,161
use emphasis rapid,161
says push less,161
dopeydon friday follies,161
day count asks,161
count asks scotus,161
health insurance immediately,161
insurance immediately trump,161
barr think president,161
coronavirus uk open,161
contract covid 19,160
dio positivo covid,160
new coronavirus spike,160
covid 19 vaccines,160
cases continue rise,160
ليصبح إجمالي عدد,160
إجمالي عدد الحالات,160
arizona coronavirus crisis,160
emphasis rapid reopening,160
pandemic millions lose,160
19 briefing nearly,160
like amp retweet,159
covid 19 protocols,159
casos positivos covid19,159
covid 19 hospitalizations,159
explosion covid 19,159
