gram,counts
covid 19,186279
19 cases,7396
coronavirus cases,7120
coronavirus pandemic,6971
19 pandemic,6944
coronavirus covid19,6403
new cases,4665
covid19 coronavirus,4350
social distancing,3818
19 vaccine,3215
wear mask,3113
nuevos casos,3072
casos covid,2969
covid19 pandemic,2924
due covid,2894
positive covid,2801
19 patients,2647
new covid,2582
via youtube,2502
dnc dncwarroom,2500
07 2020,2497
passs386 s386,2482
casos coronavirus,2476
durbinliesimmigrantsdie passs386,2476
s386 dnc,2467
new york,2227
tested positive,2206
covid19 cases,2205
public health,2193
new coronavirus,2166
24 07,2073
coronavirus covid,2034
bill gates,2016
july 24,2009
sign petition,1984
hong kong,1972
coronavirus deaths,1970
24 horas,1933
petition via,1904
via change,1902
year old,1887
face masks,1885
every american,1828
amid coronavirus,1786
2000 month,1771
moneyforthepeople covid19,1764
month every,1755
american moneyforthepeople,1755
united states,1752
give 2000,1751
wear masks,1723
covid19 sign,1718
19 deaths,1710
coronavirus vaccine,1706
death panels,1696
covid_19 coronavirus,1692
donald trump,1666
cases covid,1649
jaga jarak,1645
casos positivos,1640
19 testing,1637
spread coronavirus,1635
penularan covid,1608
due coronavirus,1602
19 via,1593
white house,1592
wearing mask,1580
news coronavirus,1572
back school,1569
due covid19,1554
coronavirus outbreak,1548
death toll,1538
pandemia coronavirus,1535
ccp virus,1533
jarak sosial,1503
mel gibson,1500
24 julio,1490
risiko penularan,1488
pembaharuan status,1485
status jaga,1485
sosial social,1485
distancing terhadap,1485
terhadap risiko,1485
jakartacommuterline jakarta,1485
jakarta kcioke,1485
kcioke ptkci,1485
coronavirus relief,1461
long term,1452
chinese virologist,1450
virologist accuses,1449
accuses beijing,1449
casos confirmados,1448
bbc news,1448
dr fauci,1447
kong know,1433
treat whistleblowers,1433
virus chinese,1431
fleeing hong,1420
whistleblowers telling,1420
pls spread,1420
herd immunity,1403
24 hours,1398
stasiun bogor,1389
bogor zona,1389
zona peron,1389
peron risiko,1389
19 commuterline,1389
commuterline jakartacommuterline,1389
ptkci stasiunbogor,1389
positive coronavirus,1389
24 2020,1385
últimas 24,1378
pandemia covid,1373
boris johnson,1372
home die,1352
19 test,1347
confirmed cases,1347
da covid,1337
spread covid,1336
face mask,1332
gon na,1302
amid covid,1297
active cases,1291
positive cases,1285
test positive,1282
19 crisis,1276
truth ccp,1253
19 di,1239
covered coronavirus,1226
know treat,1223
gt gt,1222
truth virus,1218
stay home,1217
live updates,1215
telling world,1209
spread truth,1208
beijing covered,1206
coronavirus fleeing,1206
world truth,1206
excuse pls,1204
new deaths,1201
coronavirus crisis,1177
impact covid,1174
coronavirus response,1163
19 death,1151
spread covid19,1148
wearing masks,1143
coronavirus covid_19,1133
senatordurbin dr,1112
relief package,1099
many people,1096
nursing homes,1094
face coverings,1084
social security,1076
president trump,1062
go back,1060
19 response,1059
died covid,1041
tests positive,1018
covid19 covid_19,1016
medical experts,1015
pandemia covid19,1012
stay safe,1004
contact tracing,1002
coronavirus live,1001
cases coronavirus,995
health care,986
positivo covid,984
fully reopen,984
sars cov,983
around world,978
death rate,972
mental health,971
19 outbreak,969
covid_19 covid19,957
single day,955
face covering,946
coronavirus via,942
stop covid,942
19 relief,939
novel coronavirus,936
contagios coronavirus,929
fight covid,925
coronavirus update,916
new covid19,906
coronavirus lockdown,904
19 tests,898
contagios covid,896
casos covid19,894
total cases,891
19 update,890
corona virus,876
vacuna covid,867
july 2020,865
next week,861
stop spread,855
19 coronavirus,851
texas hospital,847
south africa,842
19 virus,839
looks like,836
million cases,829
cases reported,826
second wave,822
york times,821
mitega india,816
wear face,814
india mitega,801
response covid,800
people died,791
du coronavirus,790
positivos covid,786
19 positive,786
casos nuevos,786
much time,784
25 07,784
trump coronavirus,776
supreme court,774
coronavirus could,770
pacientes covid,768
current situation,764
experts urge,764
julio 2020,762
health officials,762
last 24,761
test results,760
make sure,758
nuevos contagios,757
post covid,752
calls schools,749
covid virus,742
bio weapon,732
flu season,732
security medicare,730
cases deaths,729
gop coronavirus,728
400 000,727
trump calls,724
pandemi covid,722
first time,720
high risk,720
coronavirus updates,715
schools fully,713
coronavirus argentina,705
young people,705
du covid,705
care system,703
fast track,702
cases surpass,701
trump administration,698
anthony fauci,697
total number,694
sent home,692
cases surge,691
coronavirus test,691
immunity vaccine,688
positive covid19,686
time left,686
great danger,683
risiko menengah,680
14 days,680
vaccine current,680
covid19 vaccine,679
ccp stop,679
medicare cuts,679
danger ccp,679
left wakeup,678
wakeup focus,678
focus virus,678
virus mankind,678
mankind great,678
ccp bio,678
weapon expect,678
expect herd,678
situation terminate,678
terminate ccp,678
nouveaux cas,677
school says,676
get covid,675
shut start,674
last week,673
reopen school,672
pandemic durbinliesimmigrantsdie,672
new case,668
bill would,667
surpass million,663
jul 24,662
nursing home,662
10 000,662
every day,661
covid19 covid,657
july 23,656
covid19 deaths,656
romney bill,656
positif covid,655
good news,651
get tested,651
000 people,649
fox news,648
dies covid,647
join us,647
protokol kesehatan,645
cases rise,645
us coronavirus,643
include romney,643
would fast,643
in person,639
track social,636
need know,635
package include,634
coronavirus infections,633
could done,630
000 coronavirus,630
deaths reported,626
nevada church,626
two weeks,624
100 000,621
global pandemic,621
via nytimes,620
coronavirus testing,616
one day,613
wearing face,612
24 july,611
social media,608
covid19 sarscov2,608
19 impact,606
year ago,606
com covid,604
china coronavirus,604
19 infections,604
loved ones,603
corona covid19,601
help us,600
open schools,599
died coronavirus,598
penyebaran covid,596
19 amp,594
19 case,592
young adults,591
casos activos,591
reopening schools,591
muertes coronavirus,589
per day,588
ministerio salud,588
000 deaths,587
covid19 positive,585
coronavirus disease,579
new death,579
coronavirus corona,578
meant show,578
19 em,576
briefings meant,576
show charge,576
cases covid19,572
becoming absurd,567
die covid,564
viernes 24,563
positivo coronavirus,561
testing positive,561
trump briefings,561
handling covid,561
covid19 corona,559
covid19 amp,558
positivos coronavirus,556
fake news,556
charge becoming,556
wash hands,555
19 patient,555
coronavirus death,553
high school,552
fight coronavirus,551
covid19 crisis,549
decimated coronavirus,549
fauci says,547
pm year,545
system decimated,544
coronavirus fixing,544
fixing care,544
became pm,543
broken care,543
slow spread,542
fight covid19,542
click link,541
prevent spread,540
via googlenews,539
het coronavirus,538
next year,538
covid19 testing,538
49 310,537
texas county,537
coronavirus patients,536
coronavirus tests,534
keep promise,534
urgent ever,534
schools reopen,532
relief bill,531
save lives,530
dio positivo,530
things differently,530
ever keep,530
pandemic covid19,529
borisjohnson promised,529
petition fixcare,529
care urgent,528
done things,528
trump cancels,527
post covid19,527
today age_uk,527
age_uk handed,527
handed petition,527
fixcare 10downingstreet,527
promised fixcare,527
fixcare became,526
ago broken,526
prime minister,525
contagio covid,524
covid coronavirus,524
15 days,521
months ago,521
customers wear,520
19 lockdown,520
new normal,518
palm beach,517
study finds,515
health experts,515
american people,514
10downingstreet behalf,514
behalf borisjohnson,514
number cases,513
health department,512
send patients,512
coronavirus españa,511
back work,509
000 new,508
get back,507
fall flu,507
across country,505
flu shot,505
look like,504
total deaths,504
two part,504
hot spots,503
episode talk,501
cases confirmed,501
part episode,501
small business,499
ahead fall,499
million coronavirus,498
first special,498
special two,498
talk biotech,498
biotech equity,498
equity analyst,498
analyst matthew,498
matthew harrison,498
harrison new,498
case projections,498
projections ahead,498
2020 07,497
vacuna coronavirus,496
die coronavirus,495
get coronavirus,494
héroe silencioso,490
silencioso tantos,490
tantos dolorosa,490
dolorosa perdida,490
perdida covid,490
unemployment benefits,488
reported today,486
contagios covid19,484
joe biden,484
american died,484
mil casos,483
risiko rendah,483
would like,483
social distance,483
covid19 patients,481
covid covid19,481
new study,479
going back,477
mask wearing,476
000 americans,474
mortality rate,474
19 related,473
send kids,473
differently says,473
task force,472
population coronavirus,472
people die,471
number covid,471
lies american,471
hospital covid,470
denies nevada,470
the truth,469
ccp lies,469
cases increase,468
new jersey,467
covid19 test,467
spread virus,466
crisis coronavirus,466
died covid19,466
sarscov2 forecast,466
urge us,462
people dying,459
covid19 si,459
coronavirus durbinliesimmigrantsdie,459
death population,458
singh md,457
impact covid19,456
says pm,456
common cold,455
court denies,455
new post,454
please help,452
risks life,452
10 days,451
whitehouse realdonaldtrump,450
coronavirus amp,450
pruebas covid,449
cases 15,449
church appeal,449
says coronavirus,448
small businesses,446
muertes covid,445
take care,445
trump america,445
000 dead,444
19 infection,444
23 julio,443
get sick,443
climate change,442
covid19 lockdown,442
wan na,441
opening schools,441
kebiasaan baru,441
coronavirus may,439
covid cases,439
coronavirus news,439
corona coronavirus,438
graciaspuebloheroico 237añosencombatevictorioso,436
ee uu,435
patients sent,434
require customers,434
12 87,433
abc news,432
us covid,430
new zealand,430
since march,430
truth about,430
19 situation,429
virus covid,429
coronavirus hot,427
puede ser,426
daily cases,426
cause death,425
kids back,425
nikkihaley realdonaldtrump,424
response covid19,423
kids school,422
américa latina,422
ocio nocturno,422
daily thanks,421
19 spread,421
washington post,420
public schools,419
come back,419
behind covid,419
19 symptoms,418
response coronavirus,417
people like,416
us shut,416
est pas,415
patients home,415
officials say,414
million people,414
adaptasi kebiasaan,414
attributed covid,413
schools open,413
know covid,413
batalla covid,413
140 000,412
people want,412
experts say,412
cases today,412
daily coronavirus,412
every country,411
many children,409
deemed sick,409
penanganan covid,409
restriction amid,409
attendance restriction,409
19 través,408
immune system,408
19 restrictions,408
of the,408
start coronavirus,406
कर रह,402
highest single,401
need help,401
19 vaccines,401
000 000,400
mask mandate,400
pm et,399
coronavirus infection,398
top story,398
crisis covid,398
in the,398
lives matter,397
aumento casos,397
health workers,397
medidas prevención,397
take weeks,396
coronavirus risk,395
du covid19,395
24 juli,394
die deemed,394
confirmed covid,394
appeal attendance,394
infected covid,393
people get,392
stephen miller,392
friday july,392
china virus,391
19 data,391
19 numbers,391
one third,391
coronavirus lockdowns,390
incorrectly attributed,390
twice many,389
19 covid19,389
juli 2020,389
19 could,388
19 going,388
novos casos,387
go away,386
last year,386
across globe,386
handling coronavirus,385
johnson says,385
19 recovery,384
people need,384
última hora,383
county says,383
tested covid,382
got ta,382
health minister,381
nuevo récord,381
likely die,381
cdc guidelines,380
deaths covid,380
gnboficialve gnbgdjfl,380
sick texas,379
covid19 virus,378
department health,377
well done,376
tell us,375
economic recovery,375
menengah 24,374
nuevo coronavirus,374
24jul graciaspuebloheroico,374
even though,372
black lives,370
dióxido cloro,370
world health,369
serious threats,369
realdonaldtrump jiminhofe,369
hombres mujeres,367
children young,366
the world,366
50 000,365
pandemic via,364
died flu,363
145 000,363
protect family,363
coronavirus india,362
covid19 update,362
il coronavirus,362
qu il,362
south korea,360
19 país,360
health amp,360
são paulo,360
daily covid,359
mortes covid,359
coronavirus related,356
coronavirus trump,356
07 24,356
frente batalla,356
virus hoax,354
approval ratings,354
school year,353
kabupaten cilacap,352
da saúde,351
nuevas muertes,351
23 2020,351
conspiracy theories,351
federal government,351
via nbcnews,350
need start,350
hospital overwhelmed,350
coronavirus case,348
reopen schools,348
30 000,348
long time,348
could help,348
150 000,347
let us,347
covid19 response,346
response driven,345
driven politics,345
president donald,345
covid19 relief,345
cdc says,345
87 945,344
infected coronavirus,344
coronavirus spread,344
straight day,344
19 already,344
coronavirus past,343
coronavirus impact,343
millones casos,343
trump says,343
personal salud,342
000 covid,342
19 economic,342
deaths per,341
family members,341
covid19 via,341
could take,341
trabajadores comunicación,341
000 casos,340
19 operasipatuh2020,340
get covid19,339
pencegahan covid,339
dr anthony,339
rebrotes coronavirus,339
kasus covid,338
uk government,338
nuovi casi,337
schools fall,336
day spike,335
quarantine 14,335
defensa patria,335
cases new,334
evitar contagios,334
pandemic coronavirus,334
42 mil,334
nearly twice,333
amp still,333
the coronavirus,333
virus covid19,333
pm modi,333
comunicación frente,333
co uk,332
gop realdonaldtrump,332
common sense,332
front lines,332
latin america,331
mujeres trabajadores,331
past year,330
re election,330
asumir defensa,330
gop convention,329
children back,329
realdonaldtrump potus,329
india coronavirus,329
treating covid,329
campaña mediática,329
new infections,328
disease 2019,328
may send,327
pay covid,327
adults died,326
people covid,326
mediática imperialista,326
free covid,325
frente covid,325
000 cases,324
breaking news,324
16 pays,324
looking forward,323
covid19 covidー19,323
patria campaña,323
severe covid,322
positivity rate,322
muertos covid,321
flu china,320
essential workers,320
battle covid,320
the virus,320
opening day,319
infectious disease,319
des cas,319
jobless aid,319
coronavirus new,318
negative covid,318
old girl,318
19 asumir,318
people still,317
cases per,317
salud pública,317
one thing,317
da pandemia,317
corona vaccine,316
critical care,316
overwhelmed coronavirus,316
media dr,315
fauci nearly,314
covid deaths,314
pandemic news,314
elonmusk tesla,314
died ccp,314
new cdc,313
florida texas,313
watch live,313
millions people,313
novo coronavírus,313
start using,313
via yahoonews,312
cas covid,312
gibson hospitalized,312
defeating covid,312
ignored media,311
19 world,311
people wear,311
dying covid,311
years ago,311
post coronavirus,311
take action,310
bringing total,310
coronavirus mundo,310
house party,310
already exists,310
last night,309
death certificate,309
sad reality,309
test covid,308
trump virus,308
fallecidos covid,308
patients hospitalized,308
church service,308
truth behind,308
republican convention,307
healthcare workers,307
johns hopkins,307
covid19 death,307
rio grande,307
dr birx,307
country know,307
coronavirus vía,307
corona corona,307
like italy,306
cada día,306
fatality rate,306
jorge rodríguez,306
mental illness,306
key defeating,306
muertos coronavirus,306
menengah 25,306
latest news,305
reality check,305
surpasses million,301
coronavirus coronavirus,301
coronavirus quarantine,301
15 million,300
amid covid19,300
da covid19,300
america like,300
like covid,300
vaccine every,300
working mothers,300
know corona,300
maskless church,300
since covid,299
sounds like,299
covid19 coronaviruspandemic,299
people ireland,299
recovery rate,298
talk us,298
human rights,298
19 irish,298
vacunas covid,298
imperialista nación,298
irish politicians,298
people across,297
truth covid_19,297
suggesting virus,297
take coronavirus,296
educate talk,296
every single,296
three new,296
pull wool,296
reality truth,296
entertain empower,295
empower educate,295
0208 090,295
090 2121,295
2121 hello,295
hello fantasticradio,295
fantasticradio co,295
uk fantasticradiouk,295
fantasticradiouk homeofpossibilities,295
homeofpossibilities believeyourpossibilities,295
believeyourpossibilities stayhomesafelives,295
well well,295
vaccine truth,295
ireland 5th,295
5th pay,295
politicians pull,295
wool people,295
ireland tell,295
tell watch,295
watch jeff,295
jeff taylor,295
taylor irish,295
irish eu,295
stayhomesafelives buy,294
buy song,294
great job,294
die covid19,294
19 surge,294
feel like,294
contagio covid19,294
every minutes,294
total confirmed,293
football team,293
das coronavirus,293
exists need,293
gracias hombres,293
preaching maskless,293
mcdonald require,293
19 vía,292
million covid,292
coronavirus restrictions,292
amp covid,292
term illness,292
realdonaldtrump elonmusk,292
million americans,291
covid_19 truth,291
hoax preaching,291
star wars,290
us 0208,290
everyone else,290
like covid19,290
deaths covid19,290
deaths coronavirus,290
seems like,290
northamerica cases,290
30 601,289
using coronavirus,289
people coronavirus,289
reino unido,289
latest covid,289
wave coronavirus,289
mcconnell says,289
spanish flu,289
via usatoday,288
right thing,288
get worse,288
conspiracy theory,288
pasien covid,288
working home,288
new confirmed,288
covid19 protests,288
congressman dies,288
related deaths,287
let get,287
trump said,287
2020 coronavirus,286
trump amp,286
tested negative,286
world news,286
child care,286
millions americans,286
24 20,286
florida coronavirus,285
covid19 outbreak,285
americans died,285
19 hospital,285
test amp,285
day row,284
national convention,284
cases state,284
weeks ago,284
says new,283
birx warns,283
health crisis,283
19 suggesting,283
coronavirus april,282
12 444,282
coronavirus hoax,281
confirmados covid,281
06327777 porn,281
porn xxx,281
xxx usa,281
causa coronavirus,281
childcare crisis,281
coronavirus concerns,280
cases us,280
home covid,279
