coronavirus,181263
covid,150398
19,141077
covid19,126592
cases,37523
new,29093
people,27702
amp,24402
pandemic,19082
casos,16769
via,16739
us,16547
virus,14860
deaths,14780
health,14507
news,14404
like,13428
one,13371
trump,13270
000,12081
get,11999
2020,11717
china,11662
si,10891
time,10533
da,10528
14,9985
total,9555
realdonaldtrump,9512
still,9364
world,9178
lockdown,9143
please,8962
day,8938
di,8351
india,8336
would,8266
know,8243
need,8213
go,8203
death,8068
pandemia,7888
many,7817
government,7767
hospital,7744
could,7627
see,7603
positive,7590
going,7570
corona,7554
crisis,7548
help,7501
back,7472
today,7160
state,7157
june,7151
mask,7095
may,7045
due,7033
social,6958
test,6791
home,6777
uk,6591
take,6583
masks,6576
read,6567
na,6480
even,6474
delhi,6391
country,6386
number,6272
patients,6207
good,6183
10,6182
et,6181
die,6140
spread,6118
re,6083
says,6078
daily,6072
il,5959
think,5953
the,5927
em,5917
also,5848
care,5844
24,5828
nuevos,5828
salud,5813
live,5758
public,5742
make,5703
well,5697
vaccine,5682
first,5673
testing,5616
work,5550
13,5415
florida,5402
safe,5333
last,5286
não,5286
com,5285
data,5274
let,5262
want,5262
days,5235
said,5227
covid_19,5169
states,5167
times,5154
right,5141
must,5130
per,5080
país,5078
wave,4997
20,4995
million,4991
since,4967
second,4939
du,4921
much,4919
say,4809
way,4795
stay,4745
two,4741
de,4712
response,4694
life,4656
beijing,4638
tests,4634
des,4626
reports,4604
months,4603
risk,4589
really,4573
lives,4562
face,4556
keep,4536
year,4472
everyone,4460
15,4430
confirmed,4421
economy,4402
outbreak,4292
ser,4282
gente,4276
market,4261
reported,4258
est,4240
latest,4235
america,4232
gobierno,4217
update,4192
mil,4187
post,4154
dos,4138
wear,4127
distancing,4096
support,4092
mundo,4092
100,4071
got,4020
every,4000
36,3996
look,3993
mais,3992
real,3984
11,3964
stop,3941
business,3932
week,3929
come,3920
personas,3909
brasil,3872
man,3872
tested,3840
great,3829
use,3815
global,3805
hope,3799
usa,3796
hoy,3787
12,3787
died,3758
another,3734
updates,3732
president,3725
contagios,3721
dan,3671
minister,3670
amid,3659
free,3655
gt,3643
pour,3637
case,3624
día,3615
article,3537
never,3528
30,3514
muertes,3499
bill,3492
cuarentena,3488
family,3475
better,3466
fight,3453
next,3443
dr,3432
numbers,3424
50,3385
open,3380
eu,3375
video,3360
um,3349
youtube,3340
कर,3325
media,3312
wearing,3296
disease,3268
rate,3262
presidente,3251
spike,3241
thanks,3237
medical,3232
workers,3226
sunday,3223
americans,3216
govt,3194
made,3186
to,3180
ahora,3168
non,3167
situation,3162
rally,3145
high,3138
money,3122
around,3117
nuevo,3108
así,3107
va,3097
getting,3089
recovered,3088
ve,3085
bu,3073
countries,3062
muertos,3059
junio,3056
long,3041
protests,3035
black,3026
record,3011
check,3009
highest,3003
yet,2973
chile,2966
report,2960
mas,2951
end,2949
solo,2941
ne,2935
done,2933
impact,2928
food,2924
fallecidos,2920
au,2917
city,2901
plan,2886
pas,2875
06,2867
away,2864
give,2861
contact,2845
ca,2841
rise,2840
in,2834
thank,2833
pm,2830
control,2829
without,2813
sign,2800
quarantine,2787
increase,2772
thing,2761
días,2758
méxico,2747
police,2730
tem,2713
god,2707
el,2705
best,2704
weeks,2697
believe,2691
normal,2685
toll,2685
anyone,2677
science,2669
través,2652
une,2648
en,2646
love,2638
watch,2622
lost,2621
american,2609
infections,2605
community,2596
casa,2595
far,2585
person,2580
positivo,2576
soon,2573
years,2573
behind,2573
medidas,2571
study,2569
coming,2568
online,2557
la,2542
healthcare,2526
hacer,2513
hace,2511
caso,2506
county,2502
things,2498
plus,2493
big,2489
school,2488
across,2479
no,2474
bien,2474
put,2466
and,2466
dead,2464
part,2463
blood,2460
old,2458
top,2454
might,2454
hit,2453
system,2450
york,2450
van,2449
16,2443
ever,2433
pacientes,2431
vía,2427
start,2411
pay,2407
change,2404
sure,2404
important,2398
bir,2393
already,2389
france,2389
nothing,2382
find,2376
show,2373
ver,2371
confirmados,2367
infected,2363
app,2362
protect,2361
menos,2360
rt,2358
500,2357
coronavírus,2342
others,2342
children,2320
uma,2319
someone,2319
taking,2313
blacklivesmatter,2302
hospitals,2283
working,2279
follow,2277
horas,2271
vida,2271
hours,2265
continue,2264
story,2247
bad,2244
march,2243
share,2240
puede,2232
sur,2231
tras,2228
of,2226
shit,2225
future,2221
40,2218
oh,2213
society,2212
place,2211
18,2204
doctors,2202
pakistan,2194
economic,2193
symptoms,2188
fuck,2182
25,2181
das,2179
treatment,2173
job,2173
años,2165
families,2161
local,2155
national,2155
recovery,2148
racism,2144
students,2134
policy,2129
positivos,2128
che,2126
measures,2125
restrictions,2120
dans,2117
experts,2112
yes,2107
everything,2106
infection,2106
making,2099
sa,2095
coronaviruspandemic,2091
needs,2086
join,2081
पर,2078
something,2076
qui,2054
21,2053
vez,2050
tell,2050
españa,2049
cómo,2045
ce,2043
call,2040
save,2026
enough,2023
और,2021
millones,2018
travel,2015
salir,2015
cada,2007
population,2006
cdc,1998
point,1992
sir,1992
bbc,1991
gracias,1987
early,1986
reopening,1982
der,1982
research,1978
full,1976
flu,1975
lot,1970
etc,1960
including,1956
businesses,1954
meses,1953
hard,1952
women,1946
17,1945
always,1944
using,1942
information,1924
covidー19,1922
रह,1916
que,1915
pra,1914
less,1914
nueva,1906
70,1906
homes,1903
mortes,1902
aquí,1899
saying,1899
yang,1898
57,1897
domingo,1893
mayor,1890
safety,1890
blm,1889
und,1889
three,1878
feel,1878
reopen,1878
review,1876
learn,1869
active,1867
vacuna,1862
it,1854
cause,1851
número,1849
argentina,1848
gop,1835
south,1833
matter,1822
thousands,1820
least,1820
je,1820
month,1820
sick,1820
cas,1818
depression,1816
personal,1810
friends,1806
looking,1806
twitter,1797
anything,1797
trying,1786
2019,1783
00,1783
fucking,1782
this,1777
called,1775
europe,1771
link,1769
breaking,1769
maybe,1756
mejor,1752
failure,1745
order,1744
likely,1744
human,1744
party,1743
together,1741
ll,1737
fear,1734
mal,1730
white,1729
meaning,1729
hands,1729
contagio,1727
used,1726
close,1722
nation,1720
colombia,1719
yesterday,1711
officials,1708
truth,1700
par,1697
thought,1689
casi,1687
house,1678
remember,1675
brazil,1672
san,1671
actually,1670
interesting,1670
staff,1669
cnn,1666
22,1663
jun,1662
wo,1662
ministro,1660
education,1653
narendramodi,1643
worse,1641
talk,1627
quedateencasa,1626
spreading,1623
worst,1622
happy,1620
makes,1620
you,1619
single,1618
últimas,1616
whole,1615
nigeria,1613
industry,1612
mark,1610
seen,1604
stayhome,1603
canada,1599
found,1598
leadership,1598
protest,1594
past,1594
semana,1593
tweet,1592
left,1592
shah,1588
wrong,1583
registra,1582
dangerous,1581
ini,1580
rule,1579
texas,1578
beds,1569
vote,1567
mental,1565
hospitalizations,1560
rules,1556
age,1556
kids,1555
chinese,1552
situación,1551
set,1548
países,1547
ai,1547
low,1542
gone,1541
nursing,1540
governor,1538
taken,1538
related,1536
fake,1533
400,1532
shows,1532
team,1529
possible,1528
pruebas,1527
schools,1523
deal,1519
move,1518
كورونا,1517
despite,1513
gov,1512
fears,1512
campaign,1509
wait,1508
leaders,1507
parte,1506
vai,1500
problem,1499
is,1499
se,1499
fact,1494
jobs,1492
started,1490
april,1489
info,1489
united,1489
sundayvibes,1487
ou,1486
johnson,1486
ao,1482
all,1482
thread,1480
true,1480
ki,1479
closed,1478
told,1478
return,1477
political,1474
capital,1471
tracing,1470
seems,1470
current,1469
nhs,1466
venezuela,1466
sars,1465
já,1456
we,1452
fighting,1450
kill,1448
mean,1447
ago,1444
60,1443
hear,1443
vamos,1442
staysafe,1441
little,1441
sigue,1427
macron,1427
noticias,1426
critical,1424
almost,1423
são,1423
arizona,1422
pass,1422
por,1420
vous,1419
dice,1419
greatest,1418
play,1416
nacional,1416
saturday,1415
amit,1413
tan,1410
hoax,1409
amitshah,1405
dio,1403
dying,1403
emergency,1401
tener,1401
doctor,1399
ist,1399
based,1396
air,1394
self,1392
shut,1388
ok,1387
isso,1384
después,1379
war,1379
un,1378
ready,1377
patient,1377
africa,1376
dia,1371
italia,1371
relief,1370
nous,1369
trabajo,1367
become,1364
rest,1362
small,1360
along,1359
millions,1358
hi,1355
guidelines,1354
went,1347
decálogo,1345
available,1343
trumpisnotwell,1342
looks,1336
biggest,1334
favor,1334
among,1333
avec,1333
for,1332
different,1331
pmoindia,1331
on,1329
nunca,1324
cover,1323
surge,1320
finally,1318
tomorrow,1318
healthy,1317
meeting,1317
tres,1313
especially,1312
needed,1311
issues,1311
scientists,1311
covid19india,1309
according,1309
else,1308
comes,1308
affected,1308
understand,1307
lopezobrador_,1306
killed,1304
wants,1302
towards,1302
australia,1298
service,1297
stupid,1293
happen,1293
lancet,1293
following,1291
borisjohnson,1290
200,1286
action,1284
23,1283
buy,1282
infectados,1280
datos,1277
vs,1275
source,1274
90,1273
distance,1272
gates,1272
lead,1271
key,1270
80,1269
instead,1268
boris,1265
visit,1264
petition,1263
oms,1262
federal,1261
anti,1261
mundial,1260
seattle,1260
todas,1259
só,1259
living,1259
editor,1259
bolsonaro,1258
arvindkejriwal,1258
allah,1256
july,1254
lockdowns,1250
dios,1250
donate,1250
able,1250
results,1250
ones,1249
cuba,1248
poor,1246
momento,1244
jesus,1244
demand,1243
course,1243
reuters,1243
lol,1240
date,1239
group,1239
reason,1238
rising,1238
services,1237
wonder,1237
area,1236
gon,1235
socialdistancing,1235
117,1233
citizens,1233
cifra,1233
tiempo,1231
pueblo,1230
democrats,1229
het,1227
idea,1224
frente,1223
centre,1221
generation,1219
ke,1218
level,1216
42,1216
ask,1214
killing,1213
toda,1213
issue,1213
causa,1211
qu,1208
perú,1208
gets,1207
reporting,1206
wow,1206
probably,1206
கள,1206
given,1205
general,1203
click,1202
nygovcuomo,1201
opening,1201
try,1199
asymptomatic,1198
pessoas,1198
información,1197
cure,1196
sistema,1193
summer,1193
vaka,1192
médicos,1191
mass,1189
hai,1189
ir,1188
fired,1187
prevención,1187
seeing,1187
saúde,1186
siempre,1185
gran,1184
cuomo,1178
records,1178
department,1176
forget,1173
नह,1173
pandemi,1171
players,1170
çok,1168
criminal,1167
question,1167
fauci,1167
signed,1163
realidad,1163
moment,1163
sido,1162
recuperados,1161
politics,1160
act,1159
sense,1158
men,1157
though,1157
count,1156
hold,1156
maske,1155
negative,1155
potus,1155
indian,1153
2nd,1152
talking,1151
plans,1147
wuhan,1146
handling,1145
isolation,1144
prevent,1144
mientras,1143
hey,1142
means,1141
scientist,1140
happening,1138
listen,1137
zero,1136
transmission,1134
young,1132
plasma,1132
27,1129
private,1128
season,1128
outside,1126
hell,1126
sad,1124
racist,1122
astrazeneca,1122
sector,1119
primer,1118
russia,1118
mercado,1117
donald,1117
provide,1117
communities,1117
office,1117
científicos,1114
fin,1113
pelo,1112
evitar,1111
higher,1111
digital,1109
cifras,1106
vaccines,1105
ciudad,1104
revealed,1104
según,1104
hand,1102
name,1098
quédateencasa,1095
tv,1093
immunity,1093
run,1092
weekend,1092
line,1092
mismo,1091
came,1091
tulsa,1090
matthancock,1088
parents,1086
cuenta,1086
power,1086
menem,1085
water,1085
seriously,1085
los,1085
guys,1084
parece,1083
event,1082
cashless,1081
increasing,1081
up,1080
force,1080
31,1079
ny,1079
meet,1078
في,1077
26,1076
salvador,1076
lack,1075
final,1075
verdad,1074
atención,1072
leader,1071
serious,1070
daha,1070
riots,1068
riesgo,1068
falta,1064
sábado,1063
hate,1063
learning,1063
dont,1061
ppl,1059
estudio,1059
companies,1058
japan,1058
fall,1058
positif,1056
yg,1056
من,1056
co,1055
morning,1055
child,1055
nadie,1054
continues,1053
im,1052
bring,1050
300,1049
blame,1049
administration,1048
contagiados,1048
modi,1048
district,1046
foi,1043
late,1042
that,1042
caused,1042
den,1042
nytimes,1041
ministry,1040
