gram,counts
covid 19 pandemic,8734
covid 19 cases,5789
covid 19 patients,3061
covid 19 crisis,3042
due covid 19,3003
covid 19 deaths,2909
casos covid 19,2652
positive covid 19,2481
new covid 19,2374
pandemi covid 19,2344
coronavirus covid 19,2334
2020 debt consolidation,2244
tatakehidupanbaru new normal,2218
polri siap menyongsong,2164
covid 19 outbreak,2118
see best personal,2098
best personal loan,2098
personal loan companies,2098
loan companies 2020,2098
companies 2020 debt,2063
siap menyongsong tatakehidupanbaru,2018
menyongsong tatakehidupanbaru new,2003
da covid 19,1738
amid covid 19,1713
covid 19 test,1630
covid 19 via,1472
new coronavirus cases,1465
world health organization,1451
pandemia covid 19,1445
covid 19 samples,1432
covid 19 di,1429
see tips personal,1428
tips personal loans,1428
personal loans debt,1428
loans debt consolidation,1428
covid 19 testing,1421
cases covid 19,1410
test covid 19,1365
covid 19 death,1345
impact covid 19,1314
divhumas_polri thearieair tjhinfar21,1274
1trenggalek divhumas_polri thearieair,1273
covid 19 response,1259
28 days later,1206
covid 19 lockdown,1194
covid 19 vaccine,1187
samples attacking lab,1181
bbc news coronavirus,1169
últimas 24 horas,1158
rfid microchip mark,1157
may 29 2020,1145
microchip mark beast,1141
fight covid 19,1122
people wear masks,1110
penanganan covid 19,1088
attacking lab assistant,1077
healthy people wear,1050
covid 19 update,1045
escape covid 19,1044
new york times,1040
rapid test covid,1040
covid 19 atau,1017
kesehatan secara berkala,1008
monkeys escape covid,1005
penularan covid 19,1004
pemeriksaan rapid test,1003
19 samples attacking,1000
19 atau sesuai,999
atau sesuai indikasi,999
sesuai indikasi medis,998
periksa kesehatan secara,993
secara berkala pemeriksaan,987
berkala pemeriksaan rapid,987
post covid 19,968
spread covid 19,941
recourse public funds,938
covid 19 tatakehidupanbaru,936
scrap recourse public,926
wear masks taking,921
masks taking care,921
signed petition asking,917
response covid 19,912
meaning behind calculating,901
hidden meaning behind,885
periksa kesehatan berkala,885
kesehatan berkala periksa,882
berkala periksa kesehatan,882
taking care coronavirus,855
new normal periksa,847
normal periksa kesehatan,847
covid 19 relief,838
ve signed petition,836
care coronavirus patients,836
covid 19 impact,831
covid 19 em,827
covid 19 positive,827
guidance healthy people,824
covid 19 coronavirus,821
cashless society know,820
coronavirus monkeys escape,820
di tengah pandemi,810
pencegahan penularan covid,809
covid 19 bagi,809
condition covid 19,807
must read article,804
nrpf corona borisjohnson,791
borisjohnson via 38_degrees,791
public funds visa,790
funds visa condition,790
corona borisjohnson via,790
protokol pencegahan penularan,789
borisjohnson scrap recourse,789
outbreak nrpf corona,789
petition asking borisjohnson,788
19 outbreak nrpf,788
visa condition covid,787
asking borisjohnson scrap,786
hk 02 01,784
02 01 menkes,784
01 menkes 334,784
menkes 334 2020,784
kemenkes hk 02,782
last 24 hours,782
covid 19 virus,780
died covid 19,779
19 bagi aparat,773
tengah pandemi covid,762
du covid 19,758
100 000 americans,754
29 05 2020,754
bagi aparat yang,751
contagios covid 19,740
sesuai surat edaran,734
surat edaran kemenkes,733
coronavirus disease 2019,733
tentang protokol pencegahan,732
tugas pengamanan amp,732
edaran kemenkes hk,731
aparat yang melaksanakan,731
yang melaksanakan tugas,731
334 2020 tentang,730
2020 tentang protokol,730
melaksanakan tugas pengamanan,730
new normal sesuai,726
percepatan penanganan covid,726
normal sesuai surat,725
coronavirus blood samples,724
covid 19 case,698
positif covid 19,685
pacientes covid 19,684
coronavirus death toll,676
100 000 dead,675
amid coronavirus pandemic,666
new normal dalam,663
menyikapi pandemi covid,660
normal dalam kegiatan,657
dalam kegiatan aktifitas,657
kegiatan aktifitas kembali,657
aktifitas kembali dengan,657
kembali dengan tetap,657
dengan tetap berpedoman,657
tetap berpedoman pada,657
berpedoman pada protokol,657
pada protokol kesehanan,657
protokol kesehanan menyikapi,657
kesehanan menyikapi pandemi,657
coronavirus live updates,652
virus covid 19,652
crisis covid 19,649
thearieair tjhinfar21 new,649
tjhinfar21 new normal,649
tested positive covid,648
covid 19 amp,647
nuevos casos coronavirus,638
monkeys steal coronavirus,630
rise planet apes,630
covid 19 restrictions,629
covid 19 tests,620
new cases covid,620
muertes covid 19,615
steal coronavirus blood,609
behind calculating 666,608
covid 19 situation,602
pengamanan amp penertiban,601
towards cashless society,600
covid 19 related,599
penertiban dalam rangka,588
19 death toll,587
amp penertiban dalam,586
rangka percepatan penanganan,583
dalam rangka percepatan,581
gt gt gt,575
wanted pass along,571
proof rfid microchip,564
long term care,560
positivos covid 19,560
mark beast hidden,559
beast hidden meaning,559
wearethenewsnow factsmatter wwg1wga,552
qanon wearethenewsnow factsmatter,551
factsmatter wwg1wga wakeupamerica,551
wwg1wga wakeupamerica unitednotdivided,550
wakeupamerica unitednotdivided saveamerica,550
test positive covid,548
unitednotdivided saveamerica greatawakening,547
000 covid 19,537
covid 19 spreading,533
nuevos casos covid,531
positivo covid 19,520
covid 19 may,516
covid 19 symptoms,511
baru di tengah,511
atau covid 19,510
kontak fisik secara,508
relationship world health,508
pola hidup baru,507
fisik secara langsung,507
covid 19 patient,503
hidup baru di,501
covid 19 diharapkan,501
kepada seluruh masyarakat,501
mengurangi kontak fisik,501
covid 19 ventilator,500
19 diharapkan kepada,500
diharapkan kepada seluruh,500
seluruh masyarakat untuk,500
masyarakat untuk mengurangi,500
untuk mengurangi kontak,500
blood samples india,500
memasuki pola hidup,499
monkeys run away,499
com covid 19,496
number covid 19,495
due coronavirus pandemic,488
covid 19 masih,486
get covid 19,482
new normal memasuki,479
normal memasuki pola,478
mortes covid 19,477
nasa covid 19,477
100 000 people,475
28 mayo 2020,471
covid 19 spread,470
29 mei 2020,462
100 000 deaths,460
covid 19 racism,458
muertos covid 19,453
penyebaran covid 19,450
new covid19 cases,446
19 masih ada,444
masih ada di,444
covid 19 news,443
tested positive coronavirus,442
di sekitar kita,442
make nasa covid,442
us manufacturers selected,441
manufacturers selected make,441
selected make nasa,440
ada di sekitar,439
thearieair tjhinfar21 mari,438
19 spreading fast,438
eight us manufacturers,438
2019 atau covid,437
bahwa coronavirus disease,436
spreading fast lift,436
society know bible,433
disease 2019 atau,432
baru dengan penuh,430
covid 19 could,429
kesadaran bahwa coronavirus,429
tata kehidupan baru,427
tjhinfar21 mari kita,426
latest covid 19,423
like covid 19,422
casos positivos covid,421
help save lives,419
update covid 19,418
penuh kesadaran bahwa,418
coronavirus cases deaths,417
mari kita songsong,415
dengan penuh kesadaran,415
kita songsong tata,413
kehidupan baru dengan,413
confirmados covid 19,410
stay at home,402
confirmed covid 19,402
covid 19 still,401
meerut medical college,401
die covid 19,400
covid 19 recovery,398
songsong tata kehidupan,397
covid 19 infections,393
south korea closes,393
society know jesus,387
deaths covid 19,386
covid 19 infection,386
covid 19 covid19,382
coronavirus south korea,380
viernes 29 mayo,378
covid 19 emergency,378
covid 19 país,375
covid 19 través,373
covid 19 india,372
19 ventilator via,372
covid 19 vía,370
covid 19 world,370
casos confirmados covid,368
people covid 19,367
korea closes schools,366
29 may 2020,365
covid 19 hospital,363
mean investing precedents,360
covid 19 ini,357
new york city,355
covid 19 méxico,352
patients nursing homes,351
ventilator via nasa,351
covid 19 na,350
risk covid 19,350
infected covid 19,350
kita bersama tatakehidupanbaru,350
may 28 2020,345
yang telah di,345
vacuna covid 19,344
demi keselamatan kita,344
steal covid 19,344
new cases covid19,343
spreading covid 19,342
sign petition via,341
keselamatan kita bersama,341
tatanan kehidupan baru,340
new cases coronavirus,338
oleh pemerintah demi,337
semua aturan yang,336
aturan yang telah,336
may never happen,335
kita patuhi semua,335
di keluarkan oleh,335
affected covid 19,334
19 test samples,334
total confirmed cases,334
telah di keluarkan,334
pemerintah demi keselamatan,334
fallecidos covid 19,333
tiempos covid 19,332
second covid 19,332
hid positive covid,332
patuhi semua aturan,332
covid 19 treatment,331
sekitar kita patuhi,331
contagio covid 19,330
deadly viruses killing,329
rejected radical lockdown,328
radical lockdown england,328
lockdown england care,328
covid 19 numbers,328
england care homes,327
since covid 19,326
keluarkan oleh pemerintah,325
health care workers,323
gop colleague hid,323
colleague hid positive,323
covid 19 data,323
covid 19 monkeys,323
от covid 19,322
finally revealed covid19,321
two deadly viruses,320
covid 19 wave,320
wuhan wet market,320
yeast enem the,320
enem the treatment,320
the treatment completely,320
treatment completely eliminate,320
completely eliminate coronavirus,320
frente covid 19,319
covid 19 updates,319
covid 19 blood,319
covid 19 covert,319
19 covert id,319
us covid 19,318
tests positive covid,317
control covid 19,317
second wave coronavirus,316
confirmed cases covid19,316
handling covid 19,313
away meerut medical,313
medical college test,312
run away meerut,312
tirade gop colleague,311
covid 19 new,310
calculating 666 revealed,310
government rejected radical,309
hidden meaning finally,309
meaning finally revealed,309
time covid 19,306
covid 19 brasil,305
covid 19 hit,305
please take time,305
number god holy,305
god holy spirit,305
truth must read,305
home covid 19,303
covert id heading,303
id heading towards,303
heading towards future,303
towards future cashless,303
future cashless society,303
mysterious meaning behind,303
meaning behind finally,303
behind finally revealed,303
test samples coronavirus,303
state rep goes,302
meaning behind 666,302
19 monkeys run,302
college test samples,302
lives daily talk,301
0208 90 2121,301
90 2121 hello,301
2121 hello fantasticradio,301
hello fantasticradio co,301
fantasticradio co uk,301
co uk fantasticradiouk,301
uk fantasticradiouk homeofpossibilities,301
fantasticradiouk homeofpossibilities believeyourpossibilities,301
homeofpossibilities believeyourpossibilities stayhomesafelives,301
believeyourpossibilities stayhomesafelives buy,301
stayhomesafelives buy song,301
although impact coronavirus,301
impact coronavirus markets,301
coronavirus markets economies,301
markets economies jobs,301
economies jobs truly,301
jobs truly unprecedented,301
truly unprecedented mean,301
unprecedented mean investing,301
investing precedents still,301
precedents still apply,301
wave may never,300
highest single day,299
covid 19 covid,299
000 americans died,299
mask wearing symbolic,298
great day want,298
calculating 666 fascinating,298
know bible spoke,298
de covid 19,298
news sky news,297
adding value lives,296
value lives daily,296
daily talk us,296
talk us 0208,296
us 0208 90,296
contagiados covid 19,296
re staying safe,296
103 year old,294
president donald trump,294
number 666 hidden,294
666 hidden meaning,294
pass along article,294
along article believe,294
article believe everyone,294
believe everyone read,294
everyone read rfid,294
read rfid microchip,294
mark beast meaning,294
beast meaning behind,294
times also hope,294
interesting article concerning,294
meaning behind counting,294
fast lift lockdown,294
january cdc says,294
related covid 19,293
tested covid 19,293
along absolute proof,293
take time read,293
tested positive covid19,292
29 mayo 2020,292
lift lockdown england,292
need wear mask,291
finally revealed coronavirus,291
random chimp event,291
kasus covid 19,290
ever wondered meaning,289
wondered meaning behind,289
behind 666 wonder,289
666 wonder must,289
wonder must read,289
centuries people wondered,288
people wondered mystery,288
wondered mystery behind,288
mystery behind number,288
behind number god,288
holy spirit revealed,288
spirit revealed truth,288
revealed truth must,288
pass friends family,288
time read pass,287
read pass friends,287
friends family proof,287
family proof rfid,287
mark beast mysterious,287
beast mysterious meaning,287
covid 19 tras,285
contre covid 19,284
covid 19 global,283
interesting article read,283
number new coronavirus,282
hope ve great,282
ve great day,282
day want share,282
want share interesting,282
share interesting article,282
article read concerning,282
read concerning rfid,282
concerning rfid microchip,282
lucha covid 19,281
jueves 28 mayo,280
friday may 29,279
hope re staying,279
read interesting article,279
closes schools biggest,279
182 new cases,278
record number new,277
caso covid 19,277
article amp reuters,277
staying safe times,277
safe times also,277
also hope ll,277
hope ll read,277
ll read interesting,277
article concerning hidden,277
concerning hidden meaning,277
behind counting fascinating,277
counting fascinating everyone,277
fascinating everyone read,277
pass along absolute,277
absolute proof rfid,277
behind calculating number,277
catch covid 19,276
tests positive coronavirus,276
schools biggest spike,276
lockdown england sage,276
americans covid 19,275
total number cases,275
patients covid 19,274
pruebas covid 19,274
000 coronavirus deaths,274
profanity laced tirade,273
biggest spike weeks,273
despite covid 19,272
changes tune says,272
know jesus spoke,272
never happen mask,271
happen mask wearing,271
coronavirus sars cov,270
fauci changes tune,270
says second covid,270
19 wave may,269
2020 05 29,269
casos positivos coronavirus,268
trump says us,268
treat covid 19,267
goes profanity laced,267
81 400 casos,267
rep goes profanity,266
laced tirade gop,266
test positive coronavirus,266
covid 19 safety,266
coronavirus cdc foundation,265
dead covid 19,264
coronavirus relaxing lockdown,264
coronavirus covid19 sarscov2,263
bbc news mundo,263
tune says second,263
covid 19 et,262
case covid 19,262
2019 covid 19,261
remove coronavirus warnings,261
world news sky,261
82 nuevos casos,260
coronavirus warnings choirs,260
white house cdc,259
past 24 hours,259
covid 19 untuk,259
know covid 19,258
cdc remove coronavirus,258
new cases reported,257
muestras covid 19,257
world still far,256
coronavirus pandemic via,256
sa covid 19,256
000 americans dead,256
nursing home deaths,256
coronavirus task force,255
terdampak covid 19,255
house cdc remove,255
eu_commission elysee sebastiankurz,254
elysee sebastiankurz danishmfa,254
sebastiankurz danishmfa dutchmfa,254
warnings choirs faith,254
read article covid19,254
relaxing lockdown risky,254
casos confirmados coronavirus,253
monos roban muestras,253
half symptoms isolating,253
baru new normal,252
far herd immunity,252
minneapolisriot riots georgefloyd,252
riots georgefloyd coronavirus,252
dies covid 19,251
free covid 19,251
choirs faith guidance,251
blacklivesmatter minneapolisriot riots,251
georgefloyd coronavirus coronavirus,251
spike covid 19,250
coronavirus test samples,250
coronavirus coronavirus trumpsjealousofobama,250
trumplieseverytimehespeaks trumpliespeopledie trumpdeathtoll92k,250
trumpliespeopledie trumpdeathtoll92k bluewave2020,250
trumpdeathtoll92k bluewave2020 dumpthetrumps2020,250
herd immunity coronavirus,249
highest death rate,248
slow spread covid19,248
news covid 19,248
29 05 20,248
fighting covid 19,247
take covid 19,247
still far herd,245
battle covid 19,245
spike coronavirus cases,244
2020 covid 19,244
covid 19 dan,244
support covid 19,244
patients critical condition,243
pela covid 19,242
28 05 2020,242
life covid 19,242
lab assistant world,242
read article coronavirus,241
coronavirus live news,240
ng covid 19,240
coronavirus threat level,240
assistant world news,240
quedateencasa felizviernes 29demayo,240
global covid 19,238
must repent jesus,238
coming judge whole,238
judge whole world,238
biden foreknowledge covid,237
foreknowledge covid 19,237
people died today,237
help slow spread,237
deaths nursing homes,237
england sage adviser,237
dying covid 19,236
cdc says coronavirus,236
whole world 한국어통역,236
single day spike,235
roban muestras sangre,235
reports record number,234
follow back ifb,234
29demayo esteban moctezuma,234
population coronavirus covid19,233
covid19 sarscov2 forecast,233
nsfw bolsonaro sdv,233
bolsonaro sdv segue,233
sdv segue volta,233
segue volta follow,233
volta follow back,233
back ifb apk,233
ifb apk thread,233
apk thread au,233
thread au fanfic,233
au fanfic meme,233
fanfic meme bts,233
meme bts taekook,233
bts taekook jikook,233
taekook jikook news,233
jikook news army,233
news army globo,233
army globo link,233
globo link blackpink,233
link blackpink eternal,233
blackpink eternal sour,233
eternal sour candy,233
sour candy gaga,233
candy gaga followtrick,233
gaga followtrick follow,233
followtrick follow trick,233
telegram apk asmr,233
apk asmr news,233
asmr news meme,233
news meme followtrick,233
meme followtrick coronavirus,233
followtrick coronavirus corona,233
pasien covid 19,233
world health organisation,233
felizviernes 29demayo esteban,233
esteban moctezuma primaria,233
lockdown risky political,233
follow trick chromatica,232
trick chromatica telegram,232
chromatica telegram apk,232
daily covid 19,232
risky political decision,232
25 2019 tweet,231
amp covid 19,231
deadly disease covid19,230
beyond help save,230
gavi let defeatdiseasetogether,230
2019 tweet biden,230
new death population,230
death population coronavirus,230
nuevos casos positivos,230
epoch times app,230
person covid 19,230
res_bna polri siap,230
the covid 19,230
terminating relationship world,230
scottmorrisonmp protect extreme,229
protect extreme poverty,229
extreme poverty deadly,229
poverty deadly disease,229
disease covid19 beyond,229
covid19 beyond help,229
save lives millions,229
lives millions children,229
millions children pledging,229
children pledging support,229
pledging support gavi,229
support gavi let,229
tweet biden foreknowledge,229
cuarentena coronavirus covid19,229
covid 19 venezuela,228
000 people died,228
exclusive coronavirus coverage,227
covid 19 people,227
admit covid 19,226
100 000 covid,226
81 mil 400,226
pencegahan covid 19,226
covid 19 en,226
crise du coronavirus,226
nursing homes admit,225
viruses killing americans,225
400 casos confirmados,225
19 relief fund,224
make covid 19,223
debt consolidation georgefloyd,223
monkeys attack lab,223
disease 2019 covid,222
100 000 coronavirus,222
ties world health,222
prevención covid 19,221
times app see,221
app see exclusive,221
coverage daily updates,221
away covid 19,221
clases covid 19,221
covid 19 escenario,221
wisconsin reports record,220
darle seguimiento libro,220
seguimiento libro construcción,220
libro construcción avance,220
lucha clases covid,220
mask taking care,219
trumphasnoplan trumplieseverytimehespeaks trumpliespeopledie,219
coronavirus started spreading,219
em 24 horas,218
see exclusive coronavirus,218
coronavirus coverage daily,218
analistas deben darle,218
deben darle seguimiento,218
construcción avance terceraguerramundial,218
avance terceraguerramundial lucha,218
terceraguerramundial lucha clases,218
covid 19 contradicciones,218
19 contradicciones covid,218
contradicciones covid 19,218
19 escenario cambio,218
escenario cambio sistema,218
debt consolidation blacklivesmatter,218
covid 19 us,217
using covid 19,216
covid 19 stats,216
covid 19 yang,216
wear mask taking,215
george floyd killing,215
death rate coronavirus,214
au covid 19,214
19 test via,214
19 blood samples,214
homes admit covid,212
texas supreme court,212
teoricos analistas deben,212
acted pharmacy world,211
marcshort marcshort marcshort,211
covid 19 likely,210
oct 25 2019,210
100 000 american,210
coronavirus covid19 coronavirusoutbreak,210
suspected covid 19,209
taking care person,209
covid 19 tally,209
19 di indonesia,209
workers test positive,209
disease explains everything,209
realdonaldtrump mariabartiromo foxandfriends,209
debt consolidation justiceforgeorgefloyd,208
linked covid 19,207
amidst covid 19,207
disease covid 19,207
covid 19 dengan,206
protokol covid 19,206
debt consolidation minneapolis,206
recovered covid 19,205
covid19 identify risk,205
first covid 19,205
covid 19 mundo,205
healthy need wear,205
cashless society hear,205
spread covid19 identify,204
identify risk cases,204
risk cases sooner,204
cases sooner self,204
sooner self reporting,204
self reporting symptoms,204
even feel well,204
world covid 19,204
cases last 24,204
coronavirus patients foxnews,204
test via rollingstone,203
deaths 100 000,203
reporting symptoms daily,203
symptoms daily even,203
daily even feel,203
covid19 positive cases,203
feel well download,202
active covid 19,202
causes covid 19,201
wash hands often,201
still allows nursing,201
allows nursing homes,201
pandemic covid 19,201
well download app,201
news mundo coronavirus,201
ingreso mínimo vital,201
lower coronavirus threat,201
000 dead americans,200
india acted pharmacy,200
pharmacy world response,200
world response coronavirus,200
women back decades,200
ready lower coronavirus,200
could set women,199
set women back,199
experts ready lower,199
minnesota still allows,198
killing americans covid,198
causa covid 19,198
donation fees covid19combat,198
fees covid19combat coronavirus,198
covid19combat coronavirus cdc,198
city covid 19,197
19 crisis could,197
usa northamerica cases,196
new cases confirmed,196
boston marathon canceled,196
corona covid 19,196
combate covid 19,196
response coronavirus ministry,196
coronavirus ministry external,196
even covid 19,195
death covid 19,195
bringing total confirmed,195
covid 19 fight,195
impacts covid 19,194
care person covid,194
debt consolidation georgefloydwasmurdered,194
work covid 19,193
wake covid 19,193
extend self employed,193
testing contact tracing,193
ministry external affairs,193
crisis could set,193
back decades experts,193
covid 19 drug,191
leadership chancellor merkel,191
stay home much,191
covid 19 risk,191
organización mundial salud,191
india covid 19,191
thanks leadership chancellor,190
chancellor merkel president,190
merkel president emmanuelmacron,190
president emmanuelmacron recovery,190
emmanuelmacron recovery initiative,190
support make protection,190
make protection covid19,190
protection covid19 available,190
covid 19 guidelines,190
treatment covid 19,190
escuelas recién abiertas,190
recovery initiative support,189
initiative support make,189
call others uniteforourfuture,189
covid 19 health,189
19 patients via,189
effects covid 19,189
tweet covid 19,189
lifted experts ready,189
covid19 available everyone,188
step efforts call,188
ministério da saúde,188
number coronavirus cases,188
available everyone step,187
everyone step efforts,187
efforts call others,187
others uniteforourfuture regsprecher,187
current covid 19,187
coronavirus death rate,187
one covid 19,187
717 nuevos casos,187
covid 19 epidemic,186
nuevos casos covid19,186
total covid 19,186
calls protesters thugs,186
decades experts fear,186
cientos escuelas recién,186
recién abiertas tras,186
distance wash hands,185
brotes covid 19,185
covid 19 não,184
think covid 19,184
ditengah pandemi covid19,184
casos positivos covid19,183
people died covid,183
impacted covid 19,183
realdonaldtrump covid 19,183
covid 19 antibody,182
see top 10,182
say covid 19,181
job retention scheme,181
cierra cientos escuelas,181
top 10 personal,181
10 personal loans,181
personal loans 2020,181
loans 2020 debt,181
help covid 19,180
twitter flags china,180
trump calls protesters,180
monkeys steal covid,180
keep safe distance,179
go back work,179
corea sur cierra,179
moment people died,178
19 deaths nursing,178
covid 19 even,178
covid 19 social,178
extend transition period,178
gnblealessiempre fanb graciaspuebloheroico,178
care covid 19,177
ao covid 19,177
covid 19 affected,177
chinese cdc says,177
cases new deaths,177
covid 19 free,177
29 mai 2020,177
covid 19 nursing,176
regarding covid 19,176
china covid 19,176
il covid 19,176
defeat covid 19,176
society covid 19,176
sur cierra cientos,176
19 pandemic qanon,175
impacto covid 19,175
propagación covid 19,175
check covid 19,175
digital age cashless,175
age cashless society,175
caused covid 19,174
muestras sangre coronavirus,174
wave covid 19,173
wabah covid 19,173
government extend transition,173
monos robó muestras,173
000 muertes coronavirus,172
pandemic qanon wearethenewsnow,172
new york gov,172
report covid 19,172
briefing covid 19,172
fires erupt minneapolis,172
baru ditengah pandemi,172
tras nuevos brotes,172
us terminating relationship,172
self employed help,171
coronavirus disease covid,171
covid 19 whole,171
debt consolidation covid19,171
