gram,counts
href rel nofollow,2563
true href rel,2526
covid 19 pandemic,2357
rel nofollow twitter,2197
coronavirus covid 19,2119
trying times share,1826
share support italian,1815
italy trying times,1815
times share support,1815
stand italy trying,1814
support italian friends,1813
italian friends colleagues,1803
covid 19 cases,1583
nofollow twitter web,1435
due covid 19,1311
twitter web app,1256
covid 19 outbreak,1233
covid 19 crisis,1204
tests positive coronavirus,1147
positive covid 19,1013
covid 19 coronavirus,903
tested positive coronavirus,818
amid covid 19,814
bbc news coronavirus,802
covid 19 via,800
stop spread coronavirus,756
new york times,742
help stop spread,715
covid 19 virus,713
fight covid 19,712
spread covid 19,710
cases covid 19,680
babinsa seluruh anggota,651
tni bhabinkamtibmas babinsa,651
bhabinkamtibmas babinsa seluruh,651
seluruh anggota polsek,650
anggota polsek dan,648
elijahdaniel cultforgood project,642
polsek dan koramil,640
cultforgood project bring,639
preemtif dan represif,637
project bring hundreds,637
bring hundreds thousands,636
supporting elijahdaniel cultforgood,636
preventif preemtif dan,635
hundreds thousands necessities,635
thousands necessities free,634
necessities free coronav,626
polri melakukan tindakan,624
covid 19 update,624
bergandengan tangan dengan,621
dengan tni bhabinkamtibmas,621
tangan dengan tni,621
dan represif yang,620
tindakan mulai dari,620
melakukan tindakan mulai,620
yang merupakan tindakan,619
represif yang merupakan,619
mulai dari preventif,618
dari preventif preemtif,617
nofollow twitter android,614
things help stop,610
five things help,603
merupakan tindakan terakhir,599
tindakan terakhir utk,598
dan koramil kodim,597
amid coronavirus pandemic,594
stay at home,574
coronavirus task force,573
terakhir utk pencegah,568
covid 19 response,556
sign petition via,551
virus covid 19,550
casos covid 19,549
weinstein tests positive,536
harvey weinstein tests,535
response covid 19,534
coronavirus relief bill,527
coronavirus stimulus bill,521
amid coronavirus outbreak,500
covid 19 test,493
postponed due coronavirus,485
koramil kodim polres,475
polri bergandengan tangan,466
covid 19 di,462
covid 19 testing,452
please stay home,439
going get bad,432
coronavirus live updates,430
stay home stay,427
new coronavirus cases,424
2020 tokyo olympics,420
due coronavirus pandemic,419
เคร องบ นเเอร,417
องบ นเเอร เอเซ,415
เอเซ ประกาศหย ดบ,414
นเเอร เอเซ ประกาศหย,414
ประกาศหย ดบ นว,413
นว นท 22,413
ดบ นว นท,413
นท 22 25,411
22 25 เม,411
2563 covid 19,411
25 เม 2563,410
เม 2563 covid,409
covid 19 covid_19,408
week going get,403
coronavirus death toll,402
coronavirus via youtube,393
nuevos casos coronavirus,390
covid 19 patients,387
pandemia covid 19,378
health care workers,373
test positive coronavirus,373
19 covid_19 covid,371
at home order,368
lost sense smell,365
gt gt gt,365
ioc member says,364
realdonaldtrump nytimes washingtonpost,363
tokyo olympics postponed,363
covid 19 relief,363
coronavirus stimulus package,362
covid 19 situation,359
olympics postponed due,357
du covid 19,356
new covid 19,353
tested positive covid,341
amid coronavirus crisis,340
due coronavirus outbreak,339
must stay home,327
covid_19 covid covid19,326
drug touted trump,324
test covid 19,319
march 23 2020,319
covid 19 spread,315
new cases coronavirus,314
this week going,313
self employed people,313
tests positive covid,312
stay home order,311
support self employed,306
stay home covid19,306
covid 19 sign,303
covid 19 case,294
coronavirus pandemic via,293
covid 19 mass,292
sense smell may,292
19 mass testing,286
petition via change,285
petition urging rishisunak,284
employed people coronavirus,284
peculiar clue coronavirus,284
signed petition urging,283
urging rishisunak borisjohnson,282
rishisunak borisjohnson support,282
borisjohnson support self,282
mass testing ph,282
president rodrigo duterte,281
23 03 2020,280
testing ph demand,279
florida man coronavirus,278
smell may peculiar,278
may peculiar clue,277
clue coronavirus infection,277
rodrigo duterte covid,276
ph demand duterte,276
duterte covid 19,276
first covid 19,274
demand duterte government,273
duterte government sign,273
confirmed coronavirus cases,272
home stay safe,272
non essential businesses,267
new york city,265
get covid 19,265
government sign petitio,265
coronavirus says drug,264
case covid 19,258
man coronavirus says,254
covid 19 lockdown,251
covid 19 vía,249
says drug touted,249
corona covid 19,243
world health organization,240
impact covid 19,240
coronavirus relief package,239
casos confirmados coronavirus,238
confirmed covid 19,236
fish tank cleaner,235
نقف_بجانب_إيطاليا خلال هذه,231
هذه الأوقات العصيبة,231
نحن نقف_بجانب_إيطاليا خلال,231
خلال هذه الأوقات,231
الأوقات العصيبة شارك,230
العصيبة شارك دعمك,230
فهم زملائنا وأصدقائنا,229
دعمك لأصدقائنا الإيطاليين,229
شارك دعمك لأصدقائنا,229
زملائنا وأصدقائنا وعائلتنا,229
الإيطاليين فهم زملائنا,228
crisis covid 19,228
trump saved life,228
لأصدقائنا الإيطاليين فهم,228
touted trump saved,227
people covid 19,226
covid 19 death,225
positivo covid 19,225
covid 19 menjadi,223
sistem saat ini,220
menjadi bukti lemahnya,219
saat ini ummat,219
bukti lemahnya sistem,219
together covid 19,219
lemahnya sistem saat,219
19 menjadi bukti,219
blocking coronavirus relief,218
page coronavirus bill,218
coronavirus bill stuffed,217
first coronavirus death,215
ini ummat harus,214
covid 19 legislation,212
face au coronavirus,212
ummat harus menjamin,209
people stay home,208
shelter in place,208
strict new curbs,206
covid 19 deaths,206
white house coronavirus,206
nancy pelosi proposes,205
us trasllado tot,204
new curbs life,203
democrats blocking coronavirus,202
trasllado tot meu,201
19 legislation must,200
legislation must fair,200
director general says,200
curbs life uk,199
re together covid,199
point return intervention,199
19 sign petition,199
fair we demand,198
return intervention prevent,198
must fair we,198
fuerzas cuerpos seguridad,198
harus menjamin keamanan,197
cuerpos seguridad grupos,196
you must stay,196
menjamin keamanan mereka,196
incluir fuerzas cuerpos,196
seguridad grupos riesgo,196
da covid 19,195
update covid 19,195
sa covid 19,194
tot meu suport,194
españoles incluir fuerzas,191
grupos riesgo coronavirus,191
ideological wish list,190
covid 19 ini,190
si mata coronavirus,189
general says pandemic,189
boris johnson tells,189
bill stuffed pork,189
covid19 saat ini,188
president quimtorraipla com,187
proposes 400 page,187
400 page coronavirus,186
says pandemic accelerating,185
time covid 19,185
confirmed cases covid,185
help fight coronavirus,184
confirmed cases coronavirus,184
positif covid 19,184
meu suport em,184
dems blocking coronavirus,184
saat ini ideologi,183
pandemi covid19 saat,183
2008 financial crisis,183
johnson tells uk,182
take coronavirus seriously,182
ini ideologi kapitalisme,181
pelosi proposes 400,181
caso covid 19,181
penyebaran covid 19,180
com covid 19,180
suport em poso,180
coronavirus stimulus plan,180
coronavirus director general,180
covid 19 economic,180
records chloroquine poisoning,180
mengatasi pandemi covid19,179
23 marzo 2020,179
twitter web client,179
harsh steps experts,178
covid 19 amp,178
regarding covid 19,177
coronavirus covid19 covidー19,177
nigeria records first,177
stopped harsh steps,177
coronavirus disease 2019,177
nigeria records chloroquine,176
tells uk you,176
relief ideological wish,175
uk you must,175
em poso vostra,174
chloroquine poisoning trump,174
coronavirus relief ideological,174
dalam mengatasi pandemi,173
covid 19 tests,173
surgeon general says,173
keamanan mereka masing,172
article amp reuters,172
cabins 17 days,172
president donald trump,172
covid 19 vaccine,171
pelosi coronavirus stimulus,170
hospital system overloaded,170
democrats block coronavirus,169
ideologi kapitalisme begitu,168
new york state,168
steps experts say,168
pandemic accelerating coronavirus,168
tested covid 19,167
casos positivos coronavirus,167
emergency fund support,166
saved life via,166
life via nypost,165
poisoning trump endorses,165
say dems blocking,165
republicans say dems,165
go back work,165
member says 2020,165
coronavirus pandemic accelerating,164
says 2020 tokyo,164
covid 19 patient,164
create emergency fund,163
pandemic sign petition,163
fund support freelancers,163
support freelancers coronavirus,163
green new deal,163
coronavirus harvey weinstein,162
freelancers coronavirus income,162
worse 2008 financial,162
number covid 19,162
personal protective equipment,162
riesgo coronavirus firma,162
crise du coronavirus,161
coronavirus income loss,161
testing positive coronavirus,161
parliament create emergency,161
travel worse 2008,160
coronavirus social distancing,160
cegah covid 19,160
hong kong appeared,160
covid 19 impact,160
kapitalisme begitu kesulitan,160
trump coronavirus response,160
uk parliament create,160
impact travel worse,160
get bad surgeon,160
covid19 impact travel,160
bad surgeon general,159
virus corona covid,159
financial crisis 11,159
crisis 11 combined,159
coronavirus firma pet,159
covid 19 updates,158
covid 19 symptoms,158
11 combined need,158
mereka masing masing,157
stimulus bill fails,156
coronavirus new york,156
says olympics postponed,156
practice social distancing,156
gon na get,155
combat covid 19,155
trump endorses coronavirus,155
dr didier raoult,155
member says olympics,155
vital coronavirus supplies,154
tested positive covid19,154
appeared coronavirus control,154
kong appeared coronavirus,154
emmanuel macron covid19,153
order vital coronavirus,153
19 via youtube,152
people need take,152
coronavirus survived princess,152
control let guard,151
job china months,151
coronavirus cases rise,150
endorses coronavirus treatment,150
senate fails advance,150
stay home coronavirus,150
covid 19 related,150
17 days passengers,150
coronavirus control let,150
covid 19 emergency,149
begitu kesulitan karena,149
dr anthony fauci,149
survived princess cruise,149
depistage et traitement,147
ecoutons dr didier,147
raoult depistage et,147
anggota dpr dan,147
covid 19 confirmed,147
positive coronavirus prison,147
didier raoult depistage,147
flare senate floor,146
know covid 19,146
confirmados covid 19,146
arizona man dies,146
covid19 ecoutons dr,146
2019 covid 19,146
tensions flare senate,145
et traitement chroloquine,145
primer caso coronavirus,145
house coronavirus task,145
stay safe everyone,145
coronavirus supplies corporate,144
trump order vital,143
covid 19 spreads,143
combatir covid 19,143
predicts quicker coronavirus,143
covid 19 treatment,143
updates covid 19,143
covid 19 positive,143
bill derailed second,143
derailed second time,142
12 year old,142
au covid 19,142
nobel laureate predicts,142
quicker coronavirus recovery,142
wabah covid 19,142
supplies corporate ceos,141
days passengers left,141
affected covid 19,141
23 march 2020,141
defense production act,141
catalunya us trasllado,141
laureate predicts quicker,141
corporate ceos asked,140
covidー19 covid19 coronavirus,140
covid 19 dan,140
pay self employed,140
expert job china,140
coronavirus bill derailed,140
covid 19 putusrantaicovid19,140
macron covid19 ecoutons,140
need take coronavirus,140
covidー19 coronavirus covid19,139
families first coronavirus,139
cure covid 19,139
income loss sign,138
loss sign petition,138
floor coronavirus bill,138
covid 19 méxico,138
man dies wife,138
senate floor coronavirus,138
we re going,138
covid 19 corona,138
cdc expert job,137
stay fuck home,137
get well soon,137
self employed 80,137
coronavirus response act,136
casos confirmados covid,136
disease covid 19,136
us coronavirus cases,135
second time dem,135
coronavirus pandemic sign,135
petition via ukchange,135
uk government pay,135
says people need,135
80 median salary,135
blocking coronavirus stimulus,135
home stay home,135
god help us,135
prevent spread coronavirus,134
employed 80 median,134
general says people,133
sen rand paul,133
government pay self,133
coronavirus stimulus includes,132
fighting covid 19,132
stimulus includes return,132
coronavirus outbreak via,132
deliver copy officials,132
axed cdc expert,132
death toll soars,132
median salary coronavirus,132
penyebaran virus corona,132
yuval noah harari,132
ng covid 19,132
treat covid 19,132
stay safe stay,131
first coronavirus response,131
jump front microphone,131
dies wife critical,131
salary coronavirus pandemic,131
coronavirus hammer dance,131
combate ao coronavírus,131
trump says coronavirus,130
penanganan covid 19,130
news covid 19,130
coronavirus chinese virus,130
number coronavirus cases,129
masing masing hanya,129
time dem objections,129
pour lutter contre,128
coronavirus crisis via,128
masing hanya khilafah,128
covid 19 information,128
350 000 coronavirus,127
senate democrats block,127
ce est pas,127
jptu jabatanpenerangan covid19,126
loss smell taste,126
covid 19 news,126
disease 2019 covid,126
covid 19 chinese,126
soars across europe,125
new cases covid,125
toll soars across,125
current covid 19,125
virus stopped harsh,125
2020 03 23,125
coronavirus covidー19 covid19,125
stop covid 19,124
test positive covid,124
rel nofollow tweetdeck,124
left wish list,124
far left wish,124
monday march 23,123
kesulitan karena pertimbangan,123
covid19 dudukrumah stayathome,123
traitement chroloquine signez,123
tweet quoted article,122
white supremacists encouraging,122
pasien covid 19,122
new cases covid19,122
covid 19 covid19,122
jabatanpenerangan covid19 dudukrumah,121
dies self medicating,121
includes return obamaphones,121
wish list nancy,121
covid 19 concerns,121
infected covid 19,121
re going fine,121
covid 19 world,120
covid 19 na,120
dio positivo coronavirus,120
symptoms look like,120
list nancy pelosi,120
tremendous opportunity restructure,120
home covid 19,120
atiku tests positive,119
chroloquine signez péti,119
senate coronavirus stimulus,119
lawan covid 19,119
think covid 19,119
symptoms covid 19,119
coronavirus bailout stalled,119
coronavirus symptoms look,119
coronavirus recovery we,119
contro il coronavirus,119
recovery we re,118
últimas 24 horas,118
wife critical condition,118
opportunity restructure things,118
democrats block senate,118
36 nuevos casos,118
man dies self,118
covid 19 tandatangani,118
covid 19 quarantine,117
anti malaria drug,117
look like day,117
supremacists encouraging members,117
first coronavirus case,117
across europe coronavirus,117
china months virus,117
covid 19 bill,117
ao covid 19,116
please please please,116
latest covid 19,116
coronavirus pandemic leading,116
slow spread coronavirus,116
block senate coronavirus,116
us covid 19,115
nancy pelosi blew,115
total confirmed cases,115
contre covid 19,115
related covid 19,115
information covid 19,114
elden bırakmamalıyız coronavirüs,114
like day day,114
van het coronavirus,114
return obamaphones unrelated,114
death toll rises,114
pelosi blew everything,114
coronavirus aid package,114
tedbiri elden bırakmamalıyız,114
called covid 19,114
pandemic leading huge,113
noah harari world,113
restez chez vous,113
obamaphones unrelated items,113
front microphone push,113
19 crisis sign,113
unrelated items gop,113
students test positive,113
cure worse problem,112
bırakmamalıyız coronavirüs evindekaltürkiye,112
covid 19 real,112
man dies ingesting,112
till march 31,111
dpr dan keluarga,111
boris johnson announces,111
princess cruise ship,111
rapid test covid,111
leading huge drop,110
restructure things fit,110
chancellor angela merkel,110
fails advance coronavirus,110
lutte contre coronavirus,110
covid 19 could,110
harari world coronavirus,110
using covid 19,110
coronavirüs evindekaltürkiye covid19,110
crisis go waste,109
months virus outbreak,109
calling covid 19,109
coronavirus disease covid,109
covid 19 covid,109
pertimbangan untung rugi,109
pandemi covid 19,109
bailout stalled mitch,108
items gop says,108
rent amp mortgage,108
coronavirus puede matar,108
mitch mcconnell fault,108
19 economic stimulus,107
covid 19 alert,107
trump white house,107
suspend rent amp,107
carmen calvo ingresada,107
19 tandatangani petisi,107
lunes 23 marzo,107
huge drop air,107
coronavirüs yeni video,107
weinstein tested positive,106
video tedbiri elden,106
coronavirus stay home,106
drop air pollution,106
19 chinese virus,106
crisis sign petition,106
yeni video tedbiri,106
virginia covid 19,106
new post coronavirus,105
please stay safe,105
nofollow twitter iphone,105
shelter place order,105
karena pertimbangan untung,105
da positivo coronavirus,105
covid 19 em,105
stalled mitch mcconnell,105
records first death,105
blocking covid 19,105
amp mortgage virginia,104
โคว ด19 covid19,104
last 24 hours,104
sense smell taste,104
covid 19 stimulus,104
mortgage virginia covid,104
harvey weinstein tested,104
help covid 19,104
global covid 19,104
exclusive axed cdc,103
die covid 19,103
paul tests positive,103
3400tl lik bi,103
ye edi yorum,103
edi yorum evdekal,103
bi lgi sayar,103
coronavirus boris johnson,103
sayar hedi ye,103
lik bi lgi,103
hedi ye edi,103
self medicating chloroquine,103
yorum evdekal coronavirus,103
lgi sayar hedi,103
covid 19 infection,102
frente covid 19,102
minister boris johnson,102
0muertes hoy 0recuperados,102
prime minister boris,102
like covid 19,102
pelosi coronavirus bill,102
covid 19 infections,101
pacientes covid 19,101
chloroquine attempt prevent,101
bill tremendous opportunity,101
cruise cabins 17,101
penyebaran virus covid,101
died covid 19,100
dies ingesting chloroquine,100
we demand must,100
covid 19 many,100
covidiots covidー19 covid19,100
universal basic income,100
covid 19 sa,99
prevent spread covid,99
covid 19 one,99
primer caso transmisión,99
frontline nhs staff,99
covid 19 even,99
florida college students,99
pandemic accelerating warns,98
covid 19 fight,98
new cases reported,98
prevent covid 19,98
ficar em casa,98
butchers democrats blocking,98
covid 19 não,98
coronavirus bill tremendous,97
sokağa çıkma yasağı,97
college students test,97
members spread coronavirus,97
democrats blocking covid,97
collins blasts democrats,97
blasts democrats blocking,97
amy klobuchar husband,97
propagación covid 19,97
stay home save,97
worldwide coronavirus covid19,97
positive coronavirus via,97
mata coronavirus mata,97
coronavirus surveillance escalates,97
personal privacy plummets,96
escalates personal privacy,96
síntomas covid 19,96
let us know,96
untung rugi sec,96
advance coronavirus stimulus,96
caso transmisión comunitaria,96
jean jacques goldman,96
south korea reports,96
covid 19 china,96
coronavirus spring break,96
surveillance escalates personal,96
surgeon general warns,96
coronavirus outbreak china,96
rand paul tests,95
cause du coronavirus,95
contingencia covid 19,95
death toll passes,95
19 covid 19,95
says coronavirus crisis,95
new cases confirmed,95
covid19 covidー19 モンストフェアリーテイル,95
untuk covid 19,95
ai tempi coronavirus,94
house dems coronavirus,94
update march 23,94
coronavirus test results,94
president cyril ramaphosa,94
response coronavirus pandemic,94
testing blunders crippled,94
positive coronavirus spring,93
wash hands sanitizer,93
economic stimulus quickly,93
mayors growing uproar,93
up to date,93
stimulus quickly changes,93
china covid 19,93
surgeon general coronavirus,93
governors mayors growing,93
per il coronavirus,93
people tested positive,92
fails move forward,92
sanitizer stay away,92
warning this week,92
antisipasi penyebaran virus,92
spread disease spread,92
covid19 sign petition,92
covid 19 yang,92
covid 19 got,92
nuevos casos covid,92
us surgeon general,92
contagios covid 19,91
new coronavirus deaths,91
ne sont pas,91
growing uproar trump,91
covid 19 may,91
covid 19 nigeria,91
senate coronavirus package,91
taking covid 19,91
ingesting chloroquine attempt,91
covid 19 epidemic,91
cruise ship cabins,91
attempt prevent coronavirus,91
safeguard right laboring,91
disease spread rumors,91
plena crisis coronavirus,91
year old man,90
year old girl,90
oms afirma pandemia,90
pelosi playing games,90
covid 19 live,90
treatment covid 19,90
stimulus plan says,90
public health emergency,90
task force briefing,90
covid 19 et,90
blunders crippled us,90
number confirmed cases,90
help prevent spread,90
safe people life,90
impacted covid 19,90
right laboring people,90
crippled us response,89
coronavirus response bill,89
afirma pandemia acelerando,89
laboring people covid,89
solar tax credits,89
coronavirus warning this,89
new coronavirus outbreak,89
social distancing coronavirus,89
german chancellor angela,89
covid 19 resources,89
people sick dying,89
jair bolsonaro says,89
wake covid 19,89
23 mar 2020,88
spread rumors myths,88
stop spread covid,88
enfrentar covid 19,88
positif au coronavirus,88
records first coronavirus,88
covid 19 public,88
positivos covid 19,88
covid 19 would,88
covid 19 kepada,88
business interruption loan,88
000 covid 19,88
ignore government advice,87
covid 19 like,87
coronavirus sent hospital,87
people ignore government,87
prevención covid 19,87
first death coronavirus,87
cases bringing total,87
covid 19 take,87
stay away crowded,87
26 coronavirus sent,87
covid 19 please,87
pass covid 19,87
us response coronavirus,87
encouraging members spread,86
harvey weinstein coronavirus,86
identify 69 drugs,86
bolsonaro says coronavirus,86
prevent spread covid19,86
com ciutadana catalunya,86
quickly changes headli,86
pasa primera fase,86
social distancing self,86
covid 19 new,86
coronavirus test kits,86
coronavirus business interruption,86
pandemic covid 19,86
light covid 19,85
hands sanitizer stay,85
sick dying pelosi,85
covid 19 seriously,85
amidst covid 19,85
italy coronavirus deaths,85
scientists identify 69,85
spring break trip,85
coronavirus oms afirma,85
emergency coronavirus package,85
dying pelosi playing,85
covid 19 business,85
367 casos confirmados,85
coronavirus cases surge,85
speech covid 19,85
testé positif au,85
dies covid 19,85
69 drugs test,85
il covid 19,84
coronavirus aid bill,84
19 di indonesia,84
penularan covid 19,84
covid 19 prevention,84
told stay home,84
test test test,84
olympics postponed coronavirus,84
boris johnson orders,84
senatemajldr senschumer speakerpelosi,84
tokyo 2020 olympics,84
got covid 19,84
coronavirus people ignore,84
known covid 19,84
amidst covid19 pandemic,84
ciutadana catalunya us,84
in place order,84
social distancing measures,83
pandemia acelerando coronavirus,83
state covid 19,83
brazil jair bolsonaro,83
covid 19 país,83
plan says playing,83
ce qu il,83
get tested coronavirus,83
coronavirus seriously via,83
19 test kits,83
job retention scheme,83
covid19 pandemic immigrant,83
paid sick leave,83
coronavirus sign petition,83
coronavirus south korea,83
health care system,82
critical condition ingesting,82
2000 month every,82
quimtorraipla com ciutadana,82
harsh steps needed,82
blunt speech covid,82
closure non essential,82
says playing fire,82
coronavirus crisis media,82
princess cruise cabins,82
man died ingesting,82
qu il faut,82
covid 19 spreading,82
contagio covid 19,82
doctor blunt speech,82
فيروس كورونا الجديد,82
leading doctor warns,82
chicago doctor blunt,81
covid 19 hits,81
tes covid 19,81
coronavirus plan people,81
demanding supreme court,81
public health crisis,81
give 2000 month,81
drugs test coronavirus,81
response coronavirus spread,81
home slows novel,81
amid coronavirus lockdown,81
take covid 19,81
every american moneyforthepeople,81
american moneyforthepeople covid19,81
news via youtube,80
residents stay home,80
month every american,80
novel coronavirus covid,80
coronavirus press conference,80
facts covid 19,80
om het coronavirus,80
covid 19 affecting,80
number new cases,80
government advice selfish,80
daca amidst covid19,80
contracting covid 19,80
cuomo safeguard right,80
safe stay home,80
steps needed stop,80
hammer dance tomaspueyo,80
covidiots covidー19 coronavirus,80
doctor warns new,80
new deaths total,80
andrew cuomo safeguard,80
battle covid 19,80
ruling daca amidst,80
pak jokowi kemenkesri,80
warns new coronavirus,80
things fit vision,80
go home stay,80
four promising coronavirus,80
sen richard burr,80
loss sense smell,80
abc news via,80
covid 19 polrestabandungmantap,80
delay ruling daca,80
needed stop coronavirus,79
issues stay home,79
general coronavirus warning,79
covid 19 venezuela,79
coronavirus rescue package,79
في المنزل يحد,79
took 67 days,79
at home orders,79
patients covid 19,79
interruption loan scheme,79
employee tests positive,79
tedros adhanom ghebreyesus,79
المنزل يحد من,79
covid 19 message,79
cdc coronavirus survived,79
five new cases,79
