gram,counts
covid 19 pandemic,5958
covid 19 cases,4931
href rel nofollow,3074
true href rel,3014
coronavirus covid 19,2769
covid 19 deaths,2766
rel nofollow twitter,2596
due covid 19,2468
covid 19 crisis,2425
covid 19 patients,2387
covid 19 via,2083
towards cashless society,2045
casos covid 19,1977
new covid 19,1926
covid 19 lockdown,1855
cashless society know,1772
positive covid 19,1639
amid covid 19,1554
new coronavirus cases,1543
nofollow twitter web,1529
covid 19 death,1442
fight covid 19,1358
cases covid 19,1356
covid 19 outbreak,1310
bbc news coronavirus,1282
twitter web app,1275
covid 19 di,1252
biggest political hoax,1137
hype biggest political,1128
du covid 19,1124
political hoax history,1100
coronavirus hype biggest,1084
heading towards future,1057
19 covert id,1057
covert id heading,1057
id heading towards,1057
cashless society did,1057
society did know,1057
towards future cashless,1057
covid 19 covert,1057
future cashless society,1057
covid 19 response,1052
covid 19 coronavirus,1049
covid 19 virus,1029
coronavirus death toll,1010
covid 19 testing,1006
últimas 24 horas,988
know bible spoke,970
know jesus spoke,969
da covid 19,942
stay at home,921
pandemi covid 19,918
society know bible,899
new york times,893
covid 19 vaccine,891
pandemia covid 19,888
nofollow twitter android,884
society know jesus,873
coronavirus live updates,873
spread covid 19,856
disease covid 19,804
dossier reveals china,795
covid 19 tests,789
covid 19 update,787
died covid 19,787
coronavirus disease covid,772
amid coronavirus pandemic,768
reported deadliest day,766
covid 19 relief,763
deadliest day coronavirus,758
02 05 2020,743
pacientes covid 19,739
us reported deadliest,738
china deceived world,712
deceived world coronavirus,708
five eyes dossier,708
western intel dossier,707
intel dossier reveals,706
reveals china deceived,701
leaked western intel,696
cashless society hear,670
white house blocks,655
covid 19 vía,654
covid 19 positive,649
covid 19 treatment,631
covid 19 test,621
deaths covid 19,620
must read article,620
positif covid 19,620
leaked five eyes,606
last 24 hours,603
new cases coronavirus,601
virus covid 19,601
chinese coronavirus coverup,601
coronavirus coverup consistent,599
test positive coronavirus,598
consistent us findings,593
coverup consistent us,592
us findings officials,591
post covid 19,590
alleged chinese coronavirus,590
eyes dossier alleged,585
findings officials say,584
dossier alleged chinese,584
response covid 19,582
gt gt gt,579
provisional death counts,574
impact covid 19,573
death counts coronavirus,573
confirmed covid 19,573
counts coronavirus disease,572
covid 19 spread,565
nuevos casos coronavirus,561
état urgence sanitaire,560
society covid 19,559
covid 19 restrictions,556
covid 19 case,555
new york city,552
cashless society covid,549
society physical cash,547
tested positive coronavirus,546
new cases covid,545
pressing towards cashless,543
did know bible,539
equates coronavirus hospitalizations,538
much less dangerous,536
cdc equates coronavirus,535
exclusive coronavirus coverage,534
less dangerous children,534
epoch times app,534
spoke book revelation,533
test positive covid,533
hospitalizations seasonal flu,532
coverage daily updates,531
coronavirus coverage daily,531
coronavirus hospitalizations seasonal,531
app see exclusive,530
see exclusive coronavirus,530
jesus spoke would,530
times app see,530
cashless society coronavirus,529
flu finally admits,525
nuevos casos covid,525
admits much less,525
finally admits much,524
seasonal flu finally,524
muertes covid 19,522
did know jesus,518
direction cashless society,516
positivo covid 19,516
gov kate brown,516
moving towards cashless,510
texas nursing home,510
digital age cashless,509
age cashless society,509
number covid 19,504
covid 19 related,500
crisis covid 19,499
covid 19 em,498
19 death toll,496
die covid 19,494
kate brown extends,492
covid 19 situation,487
coronavirus texas nursing,486
bible spoke would,485
covid 19 could,484
hydroxychloroquine treatment saves,484
staff members come,484
day coronavirus patients,483
members come coronavirus,482
come coronavirus texas,481
coronavirus patients states,481
patients staff members,480
states reopen according,477
patients states reopen,477
com covid 19,470
covid 19 patient,469
80 patients staff,469
nursing home hydroxychloroquine,467
highest coronavirus death,466
tested positive covid,465
home hydroxychloroquine treatment,464
extends lockdown july,463
despite ranking 40th,461
contagios covid 19,461
state coronavirus list,461
treatment saves patient,458
july despite ranking,458
warren buffett says,457
brown extends lockdown,455
ranking 40th state,454
220 new cases,453
oregon gov kate,453
104 deaths state,453
coronavirus list 104,452
eu health cooperation,451
lockdown july despite,451
access eu health,451
list 104 deaths,451
40th state coronavirus,450
deaths state million,450
world health organization,450
seeks access eu,448
health cooperation light,446
us coronavirus response,445
intelligence report says,437
hear jesus spoke,436
lied origin coronavirus,433
us covid 19,433
cooperation light coronavirus,432
uk seeks access,432
china lied origin,431
new cases covid19,428
frontline covid 19,425
000 covid 19,425
chinese state media,421
hear bible spoke,418
tyranny oregon gov,417
positivos covid 19,417
contre covid 19,414
treatment covid 19,412
driving towards cashless,411
china lied coronavirus,410
test covid 19,409
treatment completely eliminate,405
latest treatment completely,405
completely eliminate coronavirus,405
sign petition via,403
covid 19 ini,401
covid 19 amp,401
sent ppe china,399
leaked intelligence report,399
fighting covid 19,399
cases country today,398
time unemployment amp,397
over 5xs cases,397
death over 5xs,397
debt economy crash,397
pandemic team sent,397
coronavirus death over,397
jan mar golf,397
caused time unemployment,397
amp federal debt,397
crash highest coronavirus,397
trump cut pandemic,397
golf times rallies,397
incompetence caused time,397
team sent ppe,397
china jan mar,397
trump incompetence caused,397
ppe china jan,397
times rallies trump,397
federal debt economy,397
5xs cases country,397
mar golf times,397
rallies trump incompetence,397
cut pandemic team,397
economy crash highest,397
unemployment amp federal,397
heading towards cashless,393
covid 19 warriors,390
at home order,390
02 may 2020,388
tests positive coronavirus,384
at home orders,380
total cases deaths,379
stay home stay,378
health care workers,373
history via washtimes,372
get covid 19,372
penyebaran covid 19,370
lied coronavirus outbreak,369
coronavirus leaked intelligence,365
hoax history via,365
origin coronavirus leaked,361
spoke would unfold,361
update 2020 05,359
video mocking us,358
tested positive covid19,357
hoax history washtimes,352
know covid 19,350
state media releases,350
media releases animated,349
last update 2020,348
propaganda video mocking,348
house blocks fauci,347
mocking us coronavirus,347
cases deaths coronavirus,346
animated propaganda video,345
people covid 19,345
death toll rises,345
terdampak covid 19,344
use anti viral,343
releases animated propaganda,343
society hear jesus,343
anti viral drug,343
penanganan covid 19,342
help eliminate coronavirus,342
home stay safe,339
19 via cdcgov,339
affected covid 19,338
us coronavirus testing,337
become economy future,337
blocks fauci testifying,337
10 nuevos casos,336
help slow spread,335
michigan pilot gives,335
become society future,334
nearly 50 billion,332
spoke would happen,331
please read coronavirus,330
time covid 19,330
watch regret forget,329
nursing home reports,328
au covid 19,328
society hear bible,327
coronavirus new york,327
fail us coronavirus,327
due coronavirus pandemic,326
dangerous children via,325
covid 19 impact,324
trump fail us,324
covid 19 may,324
spoke would occur,323
muertos covid 19,323
children via gatewaypundit,323
coronavirus disease 2019,323
viral drug remdesivir,322
buffett berkshire posts,319
take look coronavirus,319
plan trump fail,318
leadership plan trump,318
fauci testifying congress,318
first covid 19,318
aarogya setu app,318
home reports 98,314
covid 19 infection,313
coronavirus outbreak via,309
read article coronavirus,309
casos positivos covid,308
read article covid19,308
lays bare china,307
bare china lied,307
please read covid19,306
intelligence lays bare,306
go back work,302
cases new deaths,302
covid 19 news,302
treat covid 19,302
total confirmed cases,302
dying covid 19,301
fallecidos covid 19,301
claims 600 000,300
last two years,300
saves patient via,300
jusqu au 24,299
update covid 19,299
patient via gatewaypundit,298
warren buffett berkshire,297
au 24 juillet,297
patients covid 19,297
new covid19 cases,296
2019 covid 19,295
may 02 2020,295
us intelligence lays,294
covid 19 méxico,294
hi covid 19,294
confirmed cases covid19,294
like covid 19,293
meat plant workers,293
dies covid 19,290
slow spread covid19,290
confirmados covid 19,289
handling covid 19,288
на covid 19,287
bbc news mundo,287
covid 19 war,287
know bible prophesied,287
covid 19 covid19,286
society coronavirus bible,286
covid19 n95 mask,284
know bible foretold,284
n95 mask coronavirus,283
000 americans died,283
foretold event believe,283
cure covid 19,283
mask coronavirus trump,283
covid__19 covid19 n95,283
covid 19 país,281
another wave coronavirus,281
california jail due,280
covid 19 jesus,280
us authorises use,280
recovered covid 19,279
coronavirus likely hit,278
covid 19 não,278
authorises use anti,278
mortes covid 19,278
wave coronavirus likely,277
crise du coronavirus,276
covid 19 numbers,275
bible spoke bible,275
get mask covers,275
600 000 dead,274
take look covid19,273
covid 19 na,273
towards society physical,273
prophesied event believe,273
抗ウイルス薬 レムデシビル 特例承認の準備に入る,273
jesus spoke bible,272
says covid 19,272
coronavirus pandemic could,272
state million via,272
jesus spoke book,271
レムデシビル 特例承認の準備に入る coronavirus,271
covid 19 bible,271
covid 19 updates,270
likely hit us,270
long term care,270
contagio covid 19,269
covid 19 data,269
加藤厚労大臣 抗ウイルス薬 レムデシビル,269
2020 05 02,268
past 24 hours,266
million via gatewaypundit,265
coronavirus death counts,264
hit us fall,264
back coronavirus restrictions,264
report says via,264
upon virus china,263
coronavirus us authorises,263
biden claims 600,263
deaths reported per,263
risk cases sooner,263
fauci testifying house,262
nearly 29 000,262
reported per cdc,262
reporting symptoms daily,262
bible spoke book,262
media outpace actual,262
000 dead coronavirus,262
covid 19 infections,262
self reporting symptoms,262
symptoms daily even,262
death counts reported,262
cases sooner self,261
sooner self reporting,261
daily even feel,261
cdc nearly 29,261
combat covid 19,261
feel well download,261
get back work,261
infected covid 19,261
per cdc nearly,261
actual deaths reported,261
even feel well,261
outpace actual deaths,261
reported media outpace,260
covid19 identify risk,260
更新 加藤厚労大臣 抗ウイルス薬,260
identify risk cases,260
spread covid19 identify,260
testifying congress coronavirus,260
well download app,260
counts reported media,260
president donald trump,260
friends amp family,259
coronavirus foresee next,258
predicted coronavirus foresee,257
covid 19 symptoms,257
prominent muslim scholar,256
rate covid 19,256
says via nypost,256
health deterioration prominent,256
warn health deterioration,256
know jesus foretold,256
download epoch times,256
scholar allama sayedee,256
muslim scholar allama,255
deterioration prominent muslim,255
twitter web client,254
govt must free,254
experts warn health,254
country experts warn,253
covid 19 dengan,253
safe please retweet,252
caso covid 19,252
please check data,252
sayedee govt must,252
allama sayedee govt,252
tests positive covid,252
data countries least,251
please retweet hcq,251
early looks safe,251
surge country experts,251
us fall stop,251
retweet hcq related,251
least death rate,251
looks safe please,251
countries least death,251
confirmed coronavirus cases,251
casos confirmados covid,251
check data countries,251
hcq related tweets,251
covid19 could save,250
plant workers became,250
know jesus prophesied,250
eliminate coronavirus across,250
coronavirus david icke,250
save millions lives,250
could save millions,250
total covid 19,249
workers became new,249
pledge new money,249
new zealand step,249
lives winstonpeters jacindaardern,249
became new frontline,249
jacindaardern new zealand,248
19 via youtube,248
joe biden claims,248
coronavirus across globe,248
vacuna covid 19,248
congress coronavirus response,248
vaccine covid19 could,247
covid 19 et,247
cepivaccines fund urgent,247
covid 19 narrative,247
covid 19 new,247
fund urgent vaccine,246
millions lives winstonpeters,246
winstonpeters jacindaardern new,246
urgent vaccine help,246
new money cepivaccines,246
vaccine help eliminate,246
zealand step pledge,246
money cepivaccines fund,246
step pledge new,245
latest covid 19,244
case covid 19,244
new youtube channel,244
virus china mocks,244
wabah covid 19,243
vaccine covid 19,243
uk covid 19,243
covid 19 drug,243
dr anthony fauci,243
society coronavirus jesus,242
disease 2019 covid,242
new frontline covid,241
share friends amp,241
fantasticradio co uk,240
000 new covid,240
enfermos covid 19,240
orders dr farooq,240
stayhomesafelives buy song,240
help open restaurant,240
covid19 positive cases,240
0208 90 2121,240
family videos informative,240
co uk fantasticradiouk,240
news covid 19,240
support would help,240
channel doctors orders,240
2121 hello fantasticradio,240
believeyourpossibilities stayhomesafelives buy,240
farooq proceeds help,240
lays coronavirus case,240
homeofpossibilities believeyourpossibilities stayhomesafelives,240
youtube channel doctors,240
fantasticradiouk homeofpossibilities believeyourpossibilities,240
amp entertaining coronavirus,240
entertaining coronavirus crisis,240
coronavirus crisis follow,240
doctors orders dr,240
amp family videos,240
90 2121 hello,240
subscribe share friends,240
lives daily talk,240
covid 19 reported,240
hello fantasticradio co,240
uk fantasticradiouk homeofpossibilities,240
proceeds help open,240
dr farooq proceeds,240
videos informative amp,240
informative amp entertaining,240
help watch new,239
crisis follow amp,239
amp post twitter,239
thanks support would,239
post twitter also,239
watch new youtube,239
follow amp post,239
open restaurant subscribe,239
would help watch,239
restaurant subscribe share,239
dossier lays coronavirus,238
covid 19 real,237
coronavirus case china,236
22 088 casos,236
re modern slaves,236
modern slaves meat,235
value lives daily,235
us 0208 90,235
adding value lives,235
talk us 0208,235
covid 19 world,235
slaves meat plant,235
daily talk us,235
covid 19 covid,233
pandemic covid 19,232
covid 19 epidemic,232
petition via change,232
covid 19 victims,232
covid 19 brasil,232
new york nursing,231
coronavirus task force,231
history washington times,231
david icke channel,230
using covid 19,230
gets promising drug,230
bombshell dossier lays,230
chinese communist party,229
friday night replace,229
drug maga world,229
promising drug maga,229
covid 19 dan,228
coronavirus cases new,228
02 05 20,228
covid 19 hoax,227
maga world buying,226
il covid 19,226
confirmed cases covid,226
china covid 19,225
once upon virus,225
coronavirus gets promising,225
casos confirmados coronavirus,225
fight covid19 please,224
lagos52 fct31 kaduna13,224
covid 19 24,224
lego like animation,224
sábado mayo 2020,224
kebbi9 yobe6 borno5,224
nasarawa2 osun2 ebonyi2,224
enugu4 oyo3 zamfara2,223
bauchi4 gombe4 enugu4,223
received intelligence briefings,223
kaduna13 sokoto10 kebbi9,223
borno5 edo5 bauchi4,223
we re modern,223
yobe6 borno5 edo5,223
gombe4 enugu4 oyo3,223
sokoto10 kebbi9 yobe6,223
osun2 ebonyi2 kwara2,223
fct31 kaduna13 sokoto10,223
50 billion loss,223
edo5 bauchi4 gombe4,223
ebonyi2 kwara2 kano2,223
oyo3 zamfara2 nasarawa2,223
zamfara2 nasarawa2 osun2,223
hoax history washington,222
highest single day,222
york nursing home,222
challenged covid 19,221
happened potus challenged,220
potus challenged covid,220
new deaths today,220
lucha covid 19,219
62 lagos52 fct31,219
death toll tops,219
claims china lied,219
truth covid 19,219
blocks anthony fauci,218
say covid 19,218
would happened potus,218
the covid 19,218
dangerous sex offenders,217
19 narrative beginning,217
app fight covid19,216
nuevos casos positivos,216
fique em casa,216
casos positivos coronavirus,216
covid 19 france,215
sex offenders due,214
cases covid19 62,213
since covid 19,213
coronavirus covid19 sarscov2,213
coronavirus via youtube,212
19 covid 19,212
25 000 muertos,212
take covid 19,211
covid19 62 lagos52,211
covid19 please download,210
wearing masks amp,210
download share using,210
setu app fight,210
share using link,210
please download share,209
releases dangerous sex,209
basically stop america,209
recommend aarogya setu,208
legal experts erupt,208
mask covers covid__19,208
anthony fauci coronavirus,208
commissioner releases dangerous,208
reported covid 19,208
covers covid__19 covid19,208
fauci coronavirus testimony,208
narrative beginning sometimes,208
tell public truth,207
offenders due covid,207
prohibition watch regret,206
deaths today raising,206
contact tracing app,206
boring days prohibition,206
eliminate coronavirus corona,206
pasien covid 19,206
dead due coronavirus,206
sometimes ca tell,206
ca tell public,206
beginning sometimes ca,206
remdesivir covid 19,206
days prohibition watch,206
truth you must,206
spike covid 19,206
intelligence briefings coronavirus,205
you must show,205
covid 19 india,205
house blocks anthony,205
tests covid 19,205
number coronavirus cases,205
us response coronavirus,205
nothing basically stop,204
kwara2 kano2 plateau2388,204
total number cases,203
cinco agencias inteligencia,203
plateau2388 confirmed cases,202
raising country total,202
new cases confirmed,202
19 cases 24,202
kano2 plateau2388 confirmed,202
conspiracy debunk lies,201
lies destroying urself,201
amp enslaving lockdown,201
coronavirus begin unlock,201
current covid 19,201
amp coronavirus begin,201
begin unlock conspiracy,201
featuring dr rina,201
number confirmed cases,201
destroying immunity wearing,201
richie allen podcast,201
destroying urself unwarranted,201
enslaving lockdown listen,201
socialdistanacing destroying immunity,201
masks amp enslaving,201
bill gates 5g,201
truth amp coronavirus,201
unlock conspiracy debunk,201
debunk lies destroying,201
think covid 19,201
lockdown listen richie,201
doctors bill gates,201
unwarranted socialdistanacing destroying,201
immunity wearing masks,201
podcast featuring dr,201
listen richie allen,201
trump received intelligence,201
allen podcast featuring,201
urself unwarranted socialdistanacing,201
coronavirus stay at,201
of covid 19,200
gates 5g share,200
experts erupt white,200
banned doctors bill,200
message pivotal moment,200
cases 24 hours,200
lives billgates 5g,200
copy spread message,200
spread message pivotal,200
compilation banned doctors,200
moment lives billgates,200
billgates 5g coronavirus,200
share copy spread,200
erupt white house,200
pivotal moment lives,200
deaths per million,200
documentary compilation banned,200
5g share copy,200
444 people dead,199
supera 25 000,199
find information latest,199
information latest treatment,199
people dead due,199
white house blocking,199
pasear hacer deporte,198
coronavirus sars cov,198
public truth you,198
us cashless society,198
covid 19 would,198
donate 150 ecoins,197
allows emergency use,197
tiempos covid 19,197
covid 19 fight,197
economy could bring,197
covid 19 air,197
could bring us,197
dead covid 19,196
covid 19 sign,196
democrat gov whitmer,195
rate treat early,195
related tweets zelenkoprotocol,195
death rate treat,195
covid 19 hospital,195
treat early looks,195
amp covid 19,195
using link android,194
must show them,194
today raising country,194
many people dying,194
record net loss,193
destroy economy could,193
cases covid19 nigeriadischarged,192
covid 19 corona,192
mentiras china coronavirus,192
russia reports record,192
briefings coronavirus twice,192
dari covid 19,192
americans died coronavirus,192
one covid 19,192
news coronavirus covid19,191
orange county da,191
reports record daily,191
response lego like,191
front line workers,191
covid 19 surge,191
confirmed deaths go,191
coronavirus twice january,190
scientists conclude people,190
economy lead us,190
agencias inteligencia occidentales,189
covid 19 infected,189
next covid 19,189
pandemic could last,189
covid 19 mundo,189
emergencia covid 19,188
pruebas covid 19,188
public health crisis,188
human to human,188
frente covid 19,188
please stay home,188
coronavirus cover up,188
covid 19 us,188
us towards cashless,187
ao covid 19,187
coronavirus response lego,187
work covid 19,187
related covid 19,187
physical cash know,187
propagación covid 19,187
deaths 37 308,187
heard jesus spoke,186
posts nearly 50,186
might become economy,186
county da outraged,186
stay home order,186
amidst covid 19,186
record daily increase,186
could covid 19,185
covid 19 recovery,185
19 sign petition,185
sa covid 19,185
deaths confirmed last,185
population coronavirus covid19,184
daily covid 19,184
physical cash hear,184
posts record net,184
response coronavirus pandemic,184
replace watchdog revealed,184
informe cinco agencias,184
forward cashless society,184
us forward cashless,184
watchdog revealed coronavirus,184
them who benefits,183
cashless society heard,183
flyover democrat gov,183
gives flyover democrat,183
show them who,183
outraged commissioner releases,183
world coronavirus foxnews,183
da outraged commissioner,182
900 dead rising,182
amid coronavirus crisis,182
pilot gives flyover,182
coronavirus forex money,182
plena pandemia coronavirus,182
usa uk covid19,181
fridaymorning fridayfeeling fridaymotivation,181
fridayfeeling fridaymotivation order66,181
fitness gym coronavirus,181
mayday2020 project11 win,181
win fridaymorning fridayfeeling,181
29 000 via,181
covid 19 emergency,181
covid19 sarscov2 forecast,181
fridaymotivation order66 usa,181
face covid 19,181
diet fitness gym,181
000 via gatewaypundit,181
covid19 diet fitness,181
gym coronavirus forex,181
project11 win fridaymorning,181
inteligencia occidentales revela,181
order66 usa uk,181
uk covid19 diet,181
morningjoe ibelievebiden mayday2020,181
new cases reported,181
ibelievebiden mayday2020 project11,181
lawan covid 19,180
65 900 dead,180
help covid 19,180
revela mentiras china,180
confirmed last update,180
crash economy could,179
daily increase cases,179
deaths go updates,179
kasus covid 19,179
jail due covid,179
check covid 19,179
natural herd immunity,179
start rolling back,179
might become society,178
abc news via,178
occidentales revela mentiras,178
amid coronavirus outbreak,178
coronavirus covid19india coronapandemic,178
pandemic news coronavirus,178
remdesivir treat coronavirus,178
covid19india coronapandemic coronalockdown,177
covid 19 yang,177
could move us,177
covid 19 est,177
economy could move,177
pandemic take action,177
trump handling coronavirus,177
coronavirus cases deaths,177
de covid 19,176
per million population,176
economy move us,176
physical cash heard,176
tested covid 19,176
covid 19 today,176
testifying house panel,176
deaths horrifying outbreak,176
100 000 tests,176
pelosi mcconnell decline,175
coronavirus russia reports,175
edge away trump,175
hope covid 19,175
death population coronavirus,175
night replace watchdog,174
india covid 19,174
nigeriadischarged 385deaths 85,174
19 related deaths,174
republicans edge away,174
global pandemic news,174
rolling back coronavirus,174
da positivo covid,174
time start rolling,174
treat coronavirus patients,174
us digital age,174
coronavirus pandemic via,174
coronavirus últimas 24,174
ne sont pas,173
revealed coronavirus failures,173
covid 19 health,173
masks compulsory public,173
covid19 nigeriadischarged 385deaths,173
covid19 โคว ด19,173
heard bible spoke,173
new death population,172
covid 19 contact,172
increase cases coronavirus,172
end covid 19,172
testing covid 19,172
compulsory public transport,171
coronavirus failures report,171
moves friday night,171
to human transmission,171
covid 19 protection,171
icke channel deleted,170
wreck economy could,170
death covid 19,170
saturday 02 may,170
news mundo coronavirus,170
economy bring us,170
new cases new,170
bombshell five eyes,169
coronavirus covid19 pandemic,169
limitar contacto gatos,169
people tested positive,169
