gram,counts
covid 19,227907
19 siagalawancovid19,21273
dalam membantu,17806
penyebaran covid,17693
pemerintah adalah,17682
salah satu,12874
turut andil,12773
satu cara,12771
andil dalam,12763
himbauan pemerintah,12551
memerangi covid,12472
membantu memerangi,12457
cara masyarakat,12447
masyarakat turut,12439
adalah salah,12279
mematuhi himbauan,11220
stay home,10610
saja dan,10114
stay safe,9252
19 dengan,8683
coronavirus pandemic,8675
mencegah penyebaran,8397
dengan tetap,8303
menunda mudik,8248
dirumah saja,8179
tetap dirumah,8128
safe stay,8123
coronavirus covid19,7999
dan menunda,7954
19 pandemic,7849
berpartisipasi mencegah,7839
mudik stay,7803
ayo berpartisipasi,7745
home siagalawancovid19,7740
covid19 coronavirus,7202
di rumah,6539
memutuskan penyebaran,5473
kebijakan pemerintah,5469
membantu memutuskan,5412
dalam menjalankan,5410
kita dalam,5410
adalah partisipasi,5407
menjalankan kebijakan,5407
besar kita,5373
partisipasi besar,5372
disiplin dalam,5363
coronavirus cases,5285
19 cases,4672
death toll,4410
white house,4370
new cases,4224
rumah kita,3939
covid19 pandemic,3851
rel nofollow,3706
href rel,3706
cashless society,3686
new york,3669
true href,3649
social distancing,3621
coronavirus lockdown,3619
coronavirus covid,3490
via youtube,3423
new coronavirus,3339
rantai penyebaran,3216
coronavirus crisis,3041
nofollow twitter,3038
dr fauci,2985
coronavirus outbreak,2970
due covid,2927
19 crisis,2921
memutus rantai,2914
virus corona,2847
penyebaran virus,2831
bersama kita,2650
bbc news,2589
kita bisa,2457
may 12,2453
19 patients,2419
news coronavirus,2414
due coronavirus,2409
coronavirus death,2401
donald trump,2390
coronavirus response,2355
public health,2347
nursing homes,2342
19 deaths,2296
amid coronavirus,2268
bisa lawan,2253
80 000,2215
twitter web,2196
rumah saja,2189
lawan covid,2181
pencegahan penyebaran,2136
pandemi covid,2132
coronavirus relief,2127
19 akan,2086
atau covid,2082
corona atau,2080
protokol pencegahan,2040
mematuhi protokol,2040
akan memutus,2035
dan mematuhi,2034
died coronavirus,2024
polda jatim,2004
anjuran pemerintah,1982
kita sehat,1982
sehat di,1968
coronavirus deaths,1947
new covid,1947
kita selamat,1940
due covid19,1940
casos covid,1912
covid19 cases,1910
casos coronavirus,1909
dirumahajaberada di,1880
selamat dirumahajaberada,1872
web app,1870
anthony fauci,1851
yang terdampak,1844
rand paul,1831
boris johnson,1822
pemerintah bersama,1821
patuhi anjuran,1820
pandemia coronavirus,1819
gon na,1818
tested positive,1817
tetap patuhi,1812
ditsamaptapmj tetap,1800
coronavirus testing,1791
coronavirus vaccine,1780
memberikan bantuan,1775
casos confirmados,1772
united states,1771
confirmed cases,1750
back work,1741
nuevos casos,1713
19 vaccine,1690
19 via,1678
nurses day,1667
live updates,1665
care homes,1660
fight covid,1647
19 testing,1646
coronavirus via,1641
warga yang,1619
bryan adams,1617
19 response,1608
at home,1600
coronavirus live,1598
gt gt,1585
mental health,1566
towards cashless,1559
coronavirus patients,1559
coronavirus bill,1547
every day,1543
19 outbreak,1506
may 2020,1505
covid19 crisis,1492
around world,1490
people died,1490
amid covid,1485
24 horas,1482
12 mayo,1462
south korea,1450
contact tracing,1444
fight coronavirus,1436
jaga jarak,1431
many people,1430
positive covid,1421
covid19 lockdown,1419
12 2020,1415
19 death,1414
stay at,1413
fight covid19,1410
coronavirus covid_19,1401
international nurses,1384
terdampak covid,1369
go back,1366
year old,1365
19 lockdown,1355
society know,1345
12 05,1335
positive coronavirus,1330
president trump,1330
novel coronavirus,1326
fake news,1323
du coronavirus,1323
suffering death,1321
pandemia covid,1311
house democrats,1301
covidー19 coronavirus,1288
dr anthony,1286
bill gates,1277
19 di,1277
crisis coronavirus,1274
health care,1273
corona virus,1269
second wave,1263
relief bill,1259
jesus spoke,1238
bible spoke,1236
da covid,1229
looks like,1220
new deaths,1220
needless suffering,1215
worker dies,1211
spread coronavirus,1209
trillion coronavirus,1206
bersama sama,1191
join us,1190
know bible,1176
sars cov,1163
11 million,1154
heading towards,1148
know jesus,1146
common sense,1145
task force,1142
post coronavirus,1139
covid_19 coronavirus,1134
impact covid,1119
death rate,1118
coronavirus covidー19,1107
sister died,1107
pandemia covid19,1107
trump coronavirus,1103
24 hours,1103
19 coronavirus,1102
coronavirus update,1101
uk coronavirus,1099
cases covid,1099
response covid,1099
long term,1094
prime minister,1085
cases covid19,1085
us coronavirus,1082
covidー19 covid19,1082
spread covid,1078
covid19 covid_19,1065
casos positivos,1063
rory kinnear,1063
19 test,1055
nursing home,1034
pm modi,1022
mouth shut,1021
05 2020,1020
spread covid19,1020
bantuan sosial,1011
save lives,1001
trump administration,1000
19 poldajatimpeduli,995
untuk warga,993
social media,992
sosial untuk,988
test positive,988
life disposable,986
post covid,985
would like,978
positive cases,977
40 000,974
needed care,973
peduli covid,971
wear mask,970
care life,969
post covid19,965
coronavirus needed,963
000 people,961
du covid,959
19 relief,957
home orders,954
face masks,952
herd immunity,944
fauci warns,941
19 update,931
press conference,928
help us,924
polwan polda,922
namo app,922
wear masks,918
jaga kebersihan,916
york times,911
new post,907
19 polwan,905
new normal,902
jatim bersama,901
sama memberikan,901
covid19 covidー19,897
total number,896
terdampak poldajatimpeduli,895
covid19 deaths,889
ask china,882
qu il,881
últimas 24,875
coronavirus could,874
make sure,867
bagi warga,865
fox news,862
dies coronavirus,858
total cases,855
last week,855
rates spiking,852
19 virus,850
covid19 patients,849
house report,847
100 000,846
test 11,844
good news,840
coronavirus rates,839
bantuan bagi,836
china coronavirus,833
health officials,833
did know,832
towards future,829
spiking heartland,828
19 covert,827
future cashless,826
society did,826
id heading,826
covert id,826
work home,823
mitch mcconnell,823
spoke would,822
covid19 covid,822
stimulus package,821
mudik dulu,818
coronavirus spread,815
get coronavirus,815
il coronavirus,812
let us,810
take look,809
died covid,806
look like,805
coronavirus corona,805
million people,804
vonderleyen lagarde,803
covid covid19,802
19 ini,800
get back,796
000 deaths,794
million residents,789
12 may,788
active cases,786
handling coronavirus,786
sign petition,781
please read,777
south africa,777
virus covid19,776
tests positive,775
virus covid,773
du covid19,772
healthcare workers,770
front line,770
cases deaths,770
per capita,768
thank nurses,768
uk government,766
elon musk,764
read article,755
coronavirus argentina,754
mayo 2020,752
unreleased white,750
must read,749
house dems,747
jatim peduli,746
care home,746
est pas,736
first time,734
response coronavirus,734
em casa,733
10 days,733
dies covid,733
coronavirus vía,733
furlough scheme,732
peduli memberikan,732
navajo nation,728
coronavirus tests,725
cases coronavirus,723
diluar rumah,719
may 11,718
relief package,711
job retention,708
retention scheme,699
please help,698
response covid19,698
coronavirus restrictions,697
jarak jaga,697
american people,696
twitter android,695
000 dead,693
sayangi keluarga,692
working home,691
kebersihan dan,689
corona siagalawancovid19,687
19 vía,687
covid19 corona,683
19 tests,682
corona covid19,682
need know,679
coronavirus news,679
coronavirus disease,679
disposable rory,677
muertes coronavirus,676
dan minimalisir,675
health workers,675
keluarga kita,675
minimalisir diluar,674
unveil coronavirus,673
19 em,673
kept mouth,672
nancy pelosi,666
lebaran 2020,666
federal government,665
covid19 testing,665
small businesses,664
lockdown coronavirus,664
supaya memutus,663
10 000,663
gausah mudik,663
dulu sayangi,663
loved ones,663
2020 gausah,663
kita supaya,663
covid coronavirus,662
coronavirus related,661
jajaran polda,659
face mask,657
positivo covid,657
home order,656
corona coronavirus,652
lockdown covid19,650
nuevo coronavirus,647
covid19 siagalawancovid19,647
toll passes,646
top story,646
global pandemic,645
casos covid19,645
000 americans,644
lawan covid19,643
via breitbartnews,641
covid19 response,635
stayhome staysafe,633
coronavirus stimulus,633
cases reported,632
mei 2020,631
florence nightingale,631
watch live,630
breaking news,627
coronavirus wuhan,626
address nation,625
wan na,625
impact covid19,623
people dying,623
dems unveil,622
new covid19,619
coronavirus aid,615
19 related,614
polres jajaran,614
covid19 amp,613
return work,610
press briefing,610
coronavirus china,610
two months,609
coronavirus updates,606
coronavirus infections,606
stimulus checks,603
people die,603
plans test,601
19 impact,600
12 mei,599
read covid19,598
tiempos coronavirus,598
cegah penyebaran,595
daily thanks,592
stop spread,587
19 positive,585
pacientes covid,583
crisis covid19,583
masyarakat yang,583
coronavirus test,582
read coronavirus,581
kita lawan,580
prevent spread,579
well done,577
cost 3t,576
bill estimated,575
wearing mask,575
largest stimulus,575
get tested,574
need help,573
estimated cost,573
fauci says,572
कड उन,571
via nbcnews,569
3t largest,569
world news,568
last 24,568
immune system,568
crise du,568
petition via,568
happy international,566
coronavirus amp,565
package yet,565
ikuti aturan,564
rantai covid,563
coronavirus coronavirus,563
hong kong,562
people need,562
20 lakh,561
senate coronavirus,560
us covid,559
positive covid19,559
coronavirus spat,556
contagios coronavirus,556
crisis covid,551
look coronavirus,549
moving towards,546
positif covid,546
new zealand,545
narendra modi,545
pandemic via,544
senate hearing,544
da saúde,543
putin spokesman,541
coronavirus lockdowns,541
social distance,541
deaths coronavirus,538
even though,537
three months,536
martes 12,536
com covid,536
covid19 virus,536
cuci tangan,535
pandemic covid19,531
pmoindia narendramodi,530
2020 05,526
staying home,521
report shows,521
die coronavirus,519
total deaths,518
pressing towards,517
ee uu,517
of the,517
look covid19,517
one thing,516
fighting covid19,515
people like,513
primera línea,513
society hear,513
shows coronavirus,512
infected coronavirus,512
19 situation,511
take care,511
health experts,511
the coronavirus,511
il faut,510
19 amp,507
wash hands,507
20 000,506
hard work,506
house coronavirus,505
il est,504
in the,504
cases rise,503
wearing masks,503
hospital fire,502
weeks ago,502
care workers,501
tell us,501
via gatewaypundit,501
covid19 stayhome,500
deaths covid,500
get covid,498
penanganan covid,498
anyone else,498
coronavirus virus,498
may 13,497
19 infection,496
semua pihak,496
via nytimes,496
ministerio salud,495
mass testing,495
last year,495
30 000,494
infectious disease,494
positivo coronavirus,493
coronavirus quarantine,492
confirmed covid,491
coronavirus infection,491
god bless,490
looking forward,490
fauci warn,489
number coronavirus,489
au coronavirus,488
muertes covid,488
patuhi himbauan,487
democrats unveil,487
rumah siagalawancovid19,487
obamagate obamagate,486
रध नम,486
small business,485
vladimir putin,485
dengan orang,483
health safety,483
lakh crore,483
masyarakat siagalawancovid19,483
covid19 outbreak,482
19 bersama,481
front lines,480
essential workers,480
bat eating,480
11 2020,479
lawan corona,479
kepada masyarakat,478
young people,478
โคว ด19,477
excess deaths,477
50 000,477
12 mai,475
wuhan plans,475
york city,475
across country,474
per day,474
world health,474
says coronavirus,473
di tengah,473
muertos coronavirus,472
die covid,472
washington post,472
2020 coronavirus,472
re open,471
via franceinfo,470
contagios covid,470
coronavirus uk,468
one day,467
casos nuevos,466
coronavirus task,465
passes 40,465
covid_19 covid19,465
het coronavirus,464
mortality rate,463
feel like,463
stay alert,463
number deaths,462
impact coronavirus,460
19 restrictions,459
tested covid,458
died covid19,458
pelosi unveils,457
economic package,456
two weeks,456
six weeks,455
conspiracy theories,453
president obama,453
number cases,453
कर रह,452
india coronavirus,452
society covid,452
people coronavirus,452
should kept,452
in person,451
long time,450
test kits,450
joe biden,449
number covid,449
obama should,449
rail worker,449
latest news,448
physical cash,447
realdonaldtrump trump,446
coronavirus trump,445
society physical,445
report coronavirus,445
could lead,445
memutuskan rantai,445
wuhan test,444
dari semua,444
000 000,443
mortes covid,442
fighting covid,442
abc news,440
untuk memutuskan,440
19 could,439
bringing total,439
deep state,438
economy could,436
dalam melawan,436
re opening,436
não tem,435
residents coronavirus,435
coronavirus job,435
time covid,434
partisipasi dari,433
881 mortes,433
across world,433
19 infections,433
19 case,432
covid19 death,432
us covid19,432
real estate,432
warn senate,432
19 dibutuhkan,431
health amp,431
dibutuhkan partisipasi,431
years ago,431
event believe,431
official figures,431
premier league,430
climate change,429
jesus foretold,429
aid package,429
melawan pandemi,429
society coronavirus,428
without borders,428
pandemic coronavirus,428
tested coronavirus,428
amid covid19,426
pihak terutama,426
doctors without,425
dari masyarakat,425
got ta,424
dos meses,424
terutama kedisiplinan,424
study finds,424
kedisiplinan dari,424
supply chain,424
aturan patuhi,423
coronavirus world,423
mcconnell obama,423
nouveaux cas,422
digital age,422
barack obama,421
coronavirus españa,421
mari turut,421
jesus prophesied,421
matt hancock,420
enfermeras enfermeros,420
back normal,420
himbauan mari,420
recovery rate,419
direction cashless,418
deaths reported,418
coronavirus may,418
economy future,418
cases confirmed,417
lagarde amp,417
age cashless,416
cada vez,416
johns hopkins,415
infection rate,415
book revelation,415
spoke bible,415
time covid19,415
amp regsprecher,414
fighting coronavirus,413
sounds like,413
spoke book,413
every single,412
new jersey,412
come back,412
19 patient,412
día internacional,411
coronavirus new,411
19 may,410
hand sanitizer,410
covid19 positive,409
personal loans,408
time coronavirus,408
fallecidos coronavirus,407
loans debt,407
bible prophesied,406
society future,406
coronavirus india,406
debt consolidation,406
use covid19,405
whole world,405
última hora,405
coronavirus briefing,404
aujourd hui,404
one person,404
19 covid19,404
puede ser,402
going back,402
protokol kesehatan,402
last days,402
clinical trials,402
dies spat,401
81 000,401
human rights,400
scheme extended,400
daily coronavirus,400
coronavirus us,399
19 spat,398
05 12,398
warns senate,398
realdonaldtrump potus,398
orang lain,397
caso covid,396
mai 2020,395
per million,395
slow spread,394
conspiracy theory,394
da positivo,393
meu deus,393
health crisis,392
novo coronavírus,392
last night,392
world coronavirus,391
000 official,390
like coronavirus,390
go away,390
ticket worker,390
president donald,389
want use,389
cases new,388
get sick,388
19 world,388
bible foretold,387
victoria ticket,386
19 recovery,386
lagarde regsprecher,385
test covid,385
ortega smith,384
seems like,384
death rates,384
related deaths,383
positivos covid,383
deaths covid19,382
back school,382
frontline workers,381
coronavirus victoria,380
cause death,380
new study,380
siagalawancovid19 jogjalawancovid19,380
rishi sunak,380
high risk,379
health department,379
crisis sanitaria,379
3t coronavirus,378
term care,378
reino unido,377
next year,377
would happen,377
ticket office,376
coronavirus hearing,376
19 cure,375
end october,375
covid19 vaccine,374
dmitry peskov,373
fauci senate,372
salud pública,371
lucha coronavirus,369
click link,369
protect people,369
19 spread,368
heartland communities,368
spread virus,368
coronavirus il,368
covidー19 covid_19,367
wave coronavirus,367
wear face,366
covid19 test,366
via nyt,365
testing positive,365
figures say,365
kesehatan siagalawancovid19,364
contagio coronavirus,363
lutte contre,363
get covid19,363
coughing fit,362
good job,362
via mailonline,362
toll tops,361
via namo,361
au covid,360
frente covid19,360
thank god,360
great job,360
jangan mudik,360
covid19 kill,360
health minister,359
deaths today,359
office worker,358
fauci testifies,357
di indonesia,356
americans died,355
per il,355
testing coronavirus,355
working hard,355
senate needless,355
could get,354
happy internationalnursesday,354
deaths per,354
female reporters,353
musk defies,353
tengah pandemi,353
stimulus check,352
est une,352
pm narendramodi,352
je suis,352
eliminate coronavirus,351
500 000,351
people get,351
people still,351
total confirmed,350
rs 20,349
help fight,349
people covid,348
spat duty,348
china trump,348
hear bible,348
join global,347
safety measures,347
qu ils,347
coronavirus latest,346
via yahoonews,346
trump abruptly,345
could become,345
live news,345
coronavirus plan,345
wet markets,344
returning work,344
segundo país,344
latest coronavirus,344
one time,344
via usatoday,343
14 days,343
good morning,343
single day,343
cuarentena coronavirus,342
vacuna coronavirus,342
modi address,342
mr president,342
mother day,341
casos activos,341
ce qu,341
wuhan china,341
gugus tugas,341
real time,340
next week,340
caso coronavirus,340
12 400,339
patients covid,339
andrew cuomo,339
web client,338
coronavirus get,338
qu on,338
moscow mitch,338
cases per,336
global call,336
tests per,336
state local,336
covid19 sarscov2,335
people tested,335
fatality rate,335
70 000,335
relief fund,335
destroy economy,335
like covid19,334
coronavirus stayhome,334
brighter future,333
physical distancing,333
número casos,333
wuhan coronavirus,332
realdonaldtrump elonmusk,332
ver si,332
ne pas,332
cada día,332
fauci said,332
migrant workers,331
emergencia sanitaria,331
polri siagalawancovid19,331
nuevo caso,331
frente covid,331
tiempos covid19,331
future join,330
coronavirus turn,330
coronavirus epidemic,330
contre coronavirus,330
handling covid,330
easing lockdown,329
em 24,329
embrace brighter,329
05 20,329
powerful women,329
climate ambition,329
public transport,329
covid19 via,329
polluters want,329
ask ask,329
uk covid,329
west wing,328
kill climate,328
good luck,328
advice coronavirus,328
women vonderleyen,328
30 días,328
lucha covid19,328
greencoronarecovery europe,328
top health,327
coronavirus stay,327
experts say,327
