coronavirus,288947
covid,243658
19,231589
covid19,190167
nan,66576
amp,45293
people,40971
siagalawancovid19,38996
new,37628
pandemic,33935
via,33187
us,32422
trump,31670
cases,30822
virus,25900
dalam,25419
stay,25173
home,23125
news,22659
deaths,22537
lockdown,22360
like,21445
pemerintah,21167
get,21004
may,20796
penyebaran,20785
health,20317
one,20255
di,20176
china,18854
adalah,18364
world,18362
membantu,18269
dan,18202
realdonaldtrump,18088
time,17796
000,17278
2020,17181
would,16940
kita,16440
help,16382
crisis,16297
know,16013
work,15934
need,15651
death,15632
masyarakat,14750
safe,14551
corona,14437
12,14374
could,14366
cara,14211
today,14151
government,14058
casos,14046
day,13813
mematuhi,13367
go,13264
himbauan,13257
satu,13117
fauci,13086
testing,13072
salah,13004
see,12995
turut,12914
andil,12778
back,12618
et,12510
memerangi,12501
si,12484
care,12465
da,12400
state,12343
test,12154
due,11957
many,11860
please,11783
dengan,11606
uk,11553
says,11449
even,11443
going,11247
tetap,11245
response,11229
des,11228
take,11153
die,10854
still,10850
il,10780
good,10642
10,10613
saja,10594
country,10481
per,10477
read,10470
live,10461
na,10422
total,10364
india,10361
patients,10256
mudik,10246
re,10027
make,9988
think,9978
nurses,9949
pandemia,9948
house,9786
dr,9785
du,9784
want,9655
first,9654
let,9637
social,9517
the,9369
say,9340
said,9283
covidー19,9196
est,9113
support,9061
also,9034
positive,8972
vaccine,8917
president,8908
right,8802
well,8737
thank,8690
twitter,8682
spread,8659
economy,8612
way,8606
mencegah,8591
keep,8591
ayo,8538
em,8435
covid_19,8412
hospital,8408
dirumah,8403
11,8288
menunda,8265
states,8206
life,8193
public,8156
workers,8139
pour,8002
really,7963
business,7917
berpartisipasi,7875
much,7797
rumah,7729
latest,7633
bill,7629
outbreak,7624
every,7615
must,7591
look,7543
died,7533
data,7446
great,7388
days,7339
americans,7326
year,7278
com,7278
fight,7268
20,7268
post,7227
times,7220
america,7206
last,7191
plan,7104
não,7080
tests,7074
open,7050
working,6930
million,6868
global,6843
true,6824
update,6788
number,6666
lives,6659
daily,6653
stop,6603
face,6579
risk,6325
money,6282
society,6263
end,6255
children,6232
since,6194
come,6188
never,6148
video,6135
check,6128
24,6128
gobierno,6128
another,6111
masks,6109
to,6101
mais,6054
real,6017
au,6016
use,6010
got,6004
pas,6001
wuhan,5990
white,5982
free,5979
memutuskan,5954
app,5948
thanks,5936
yang,5920
everyone,5911
amid,5891
watch,5886
youtube,5879
future,5870
partisipasi,5867
next,5858
two,5839
man,5825
gt,5801
salud,5788
job,5770
usa,5767
made,5763
une,5759
media,5757
tested,5746
vía,5740
county,5701
better,5699
without,5694
disiplin,5686
impact,5631
kebijakan,5593
around,5582
besar,5573
in,5573
report,5559
ca,5463
menjalankan,5460
week,5444
relief,5440
30,5433
updates,5414
hope,5413
pm,5389
homes,5360
months,5340
family,5331
confirmed,5316
online,5272
yet,5243
país,5225
non,5225
case,5222
mundo,5214
long,5204
article,5199
untuk,5133
quarantine,5122
obama,5116
toll,5100
reopening,5086
mask,5048
medical,5028
economic,5023
100,5016
big,5006
getting,5003
top,4987
disease,4967
numbers,4956
done,4941
countries,4931
día,4931
कर,4926
eu,4923
15,4913
give,4912
community,4912
internationalnursesday,4912
call,4898
sur,4880
best,4868
ser,4865
bersama,4860
information,4831
find,4815
dans,4773
years,4758
needs,4753
nursing,4741
person,4733
hoy,4716
part,4714
businesses,4711
rate,4701
ve,4638
local,4623
weeks,4621
senate,4607
democrats,4595
um,4587
anyone,4582
staff,4579
put,4567
american,4542
gente,4528
personas,4515
plus,4508
thing,4504
80,4493
love,4490
nothing,4481
important,4480
14,4477
reopen,4472
believe,4467
nation,4463
join,4459
city,4385
pay,4385
control,4378
might,4373
qui,4352
far,4351
already,4340
narendramodi,4308
food,4307
research,4297
brasil,4293
distancing,4286
obamagate,4278
and,4270
sure,4256
trying,4250
start,4248
ever,4237
show,4234
chinese,4217
reported,4208
making,4207
stayhome,4184
york,4161
cuarentena,4159
tell,4146
old,4146
va,4138
place,4122
follow,4116
story,4111
towards,4087
things,4066
protect,4065
high,4061
casa,4058
away,4048
national,4044
infected,4035
south,4016
across,3983
soon,3977
second,3954
rantai,3951
ask,3944
dead,3928
god,3925
others,3925
full,3911
पर,3910
coming,3906
hard,3904
de,3896
ne,3895
cnn,3889
someone,3888
mas,3875
dos,3873
ce,3865
govt,3862
rt,3842
safety,3841
something,3838
of,3831
contact,3831
package,3825
team,3822
der,3820
mil,3814
california,3806
order,3801
change,3797
school,3746
sa,3739
continue,3733
cashless,3728
bbc,3722
rel,3719
href,3712
international,3711
nofollow,3706
normal,3696
lawan,3690
population,3665
situation,3658
gov,3649
13,3643
it,3642
using,3639
reports,3625
50,3615
plans,3613
flu,3613
tuesday,3595
healthcare,3593
link,3592
shows,3592
early,3592
bisa,3587
ini,3575
system,3571
experts,3566
restrictions,3562
ahora,3557
je,3553
taking,3553
lost,3550
gop,3531
always,3527
enough,3522
40,3514
everything,3481
learn,3476
yes,3456
share,3455
par,3453
nuevos,3449
study,3443
españa,3442
oh,3434
05,3432
bad,3430
muertes,3426
solo,3425
related,3423
personal,3420
coronavírus,3418
measures,3414
infection,3411
together,3410
women,3392
doctors,3389
wrong,3334
market,3318
point,3317
recovery,3316
hit,3314
federal,3313
france,3312
días,3306
anything,3305
needed,3295
shut,3266
save,3264
mayo,3260
van,3258
vous,3258
questions,3257
shit,3250
question,3248
sick,3244
webinar,3239
contagios,3220
looking,3219
press,3213
russia,3210
saying,3205
und,3204
actually,3201
memutus,3200
stimulus,3195
truth,3194
medidas,3183
lot,3173
uma,3168
das,3168
no,3166
including,3160
science,3156
web,3155
bien,3155
happy,3153
así,3150
human,3148
office,3144
treatment,3142
residents,3139
less,3137
hear,3131
ai,3127
travel,3123
modi,3122
cause,3118
least,3094
set,3094
trillion,3086
become,3082
atau,3076
che,3073
hacer,3071
jesus,3069
18,3069
little,3061
gracias,3054
digital,3051
wear,3050
dies,3042
kids,3040
services,3032
spoke,3016
symptoms,3015
this,3007
possible,3002
presidente,3000
méxico,2994
able,2989
pacientes,2988
hi,2983
la,2980
used,2964
ll,2963
likely,2962
maybe,2961
month,2944
industry,2939
feel,2934
africa,2930
hospitals,2929
told,2921
service,2911
jaga,2906
act,2905
nuevo,2901
info,2894
25,2886
fake,2885
fuck,2882
pandemi,2876
रह,2875
thought,2863
officials,2860
we,2857
return,2854
akan,2853
self,2851
fear,2844
advice,2838
infections,2835
makes,2834
different,2821
small,2820
breaking,2819
paul,2816
donald,2815
cdc,2813
qu,2810
current,2809
employees,2807
johnson,2807
tem,2804
dari,2795
vote,2792
families,2785
united,2784
governor,2782
minister,2780
patuhi,2780
orders,2779
caso,2777
on,2775
left,2774
ver,2772
you,2769
cure,2759
march,2757
whole,2754
recovered,2753
pra,2752
sense,2748
available,2743
fact,2737
despite,2734
boris,2727
el,2723
muertos,2715
canada,2714
ppe,2710
found,2704
poldajatimpeduli,2704
kill,2697
understand,2692
visit,2686
administration,2686
called,2685
vida,2685
fallecidos,2674
nhs,2673
potus,2669
wave,2664
16,2663
sign,2655
talk,2654
bolsonaro,2651
warga,2650
europe,2646
fall,2644
schools,2642
air,2635
three,2629
increase,2626
cómo,2625
bible,2623
wants,2621
seen,2621
puede,2621
students,2621
based,2618
mean,2613
emergency,2610
avec,2605
war,2603
fighting,2601
ou,2601
nous,2600
line,2599
is,2596
etc,2592
quedateencasa,2590
और,2584
official,2582
police,2581
low,2577
00,2571
according,2571
menos,2568
en,2566
doctor,2563
provide,2558
worker,2558
tweet,2547
essential,2539
rise,2538
protokol,2537
dying,2533
power,2529
lead,2525
blame,2521
at,2518
communities,2513
pelosi,2513
for,2513
virtual,2510
companies,2506
millones,2500
force,2500
warns,2499
nigeria,2495
suffering,2495
key,2488
especially,2486
nurse,2485
remember,2484
70,2479
jobs,2479
senatemajldr,2474
cost,2467
australia,2465
close,2457
listen,2455
fucking,2455
thousands,2444
mortes,2442
means,2441
sector,2437
stupid,2427
try,2426
instead,2423
april,2423
positivo,2422
2019,2422
pencegahan,2418
education,2417
terdampak,2416
congress,2410
financial,2403
aid,2401
mental,2401
opening,2394
confirmados,2391
wait,2390
millions,2390
efforts,2389
hace,2386
leadership,2382
else,2379
higher,2373
seems,2372
rates,2371
dia,2371
almost,2358
closed,2358
lies,2341
racist,2337
guidance,2334
bantuan,2331
behind,2329
rules,2328
law,2323
ao,2316
sad,2316
move,2311
common,2310
gates,2302
ago,2299
leaders,2297
worse,2294
age,2294
strategy,2291
tracing,2289
hands,2286
vulnerable,2286
sehat,2285
hours,2280
coronaviruspandemic,2277
special,2276
happen,2273
started,2270
wow,2268
political,2267
lol,2266
cada,2266
friends,2265
500,2265
número,2263
mcconnell,2256
crise,2252
pmoindia,2251
wo,2250
issues,2248
hey,2243
all,2241
bring,2239
putin,2237
años,2231
17,2226
helping,2224
horas,2223
past,2219
rest,2216
stayathome,2215
front,2210
policy,2206
talking,2205
citizens,2203
60,2201
vai,2199
scheme,2199
worst,2195
play,2193
mayor,2186
borisjohnson,2185
sont,2175
summer,2173
patient,2168
run,2164
buy,2162
sir,2161
failed,2157
members,2156
san,2155
affected,2154
hearing,2154
interesting,2153
yesterday,2145
action,2143
het,2143
idea,2142
group,2140
selamat,2139
given,2137
party,2136
following,2136
lockdowns,2133
among,2131
staysafe,2131
rand,2129
ways,2128
sars,2127
frente,2125
living,2124
trust,2118
tras,2116
killed,2116
korea,2108
poor,2107
randpaul,2106
scientists,2104
drug,2100
pruebas,2100
july,2100
jatim,2095
reason,2091
problem,2091
general,2091
forward,2090
funding,2089
critical,2088
fund,2083
tax,2080
black,2078
england,2075
looks,2074
briefing,2073
source,2070
gets,2068
aquí,2067
course,2066
message,2066
highest,2058
ready,2050
cas,2049
access,2048
isso,2047
role,2046
positivos,2045
heart,2044
spat,2042
term,2041
ke,2037
polda,2032
address,2028
memberikan,2028
guidelines,2027
moment,2020
cuomo,2020
announced,2019
anti,2014
información,2013
prevent,2012
immunity,2010
tomorrow,2007
five,2006
deal,2005
que,2004
tv,2004
anjuran,1996
germany,1995
asked,1995
200,1994
frontline,1994
company,1993
contagio,1993
hand,1992
leave,1991
anthony,1991
republicans,1988
sister,1986
changes,1986
push,1986
survey,1986
handling,1981
moving,1980
amazing,1980
spreading,1978
security,1977
details,1976
morning,1976
ça,1974
dems,1971
fire,1965
woman,1964
level,1964
taken,1962
issue,1960
रत,1959
serious,1956
claims,1950
isolation,1949
venezuela,1938
caused,1938
ok,1937
yg,1934
aux,1933
hate,1927
goes,1926
oms,1925
season,1925
guy,1925
comes,1917
facebook,1908
challenges,1907
mal,1907
mitch,1904
demand,1904
billion,1900
trabajo,1897
click,1895
já,1895
though,1894
probably,1892
gon,1892
that,1889
situación,1886
wearing,1883
clear,1883
dirumahajaberada,1882
co,1880
peduli,1880
ist,1878
came,1874
failure,1874
figures,1873
four,1871
cash,1870
só,1865
pa,1865
stand,1863
ils,1863
parte,1858
mass,1858
huge,1852
resources,1851
expert,1849
leader,1848
mejor,1847
argentina,1845
biden,1844
blog,1844
tidak,1843
hell,1841
hold,1839
up,1838
results,1834
calling,1834
foxnews,1833
chief,1832
answer,1825
history,1825
calls,1823
reuters,1822
mai,1819
list,1818
lie,1813
datos,1810
todas,1809
university,1809
takes,1808
im,1807
ditsamaptapmj,1807
noticias,1806
election,1806
ont,1806
21,1803
cut,1801
thread,1799
politics,1799
contre,1797
adams,1795
period,1795
mouth,1793
tells,1792
vez,1791
nearly,1787
evidence,1787
head,1787
facts,1785
record,1784
entire,1783
bryan,1783
single,1782
release,1782
result,1781
unemployment,1780
tips,1777
den,1776
director,1772
send,1766
monday,1761
healthy,1758
26,1757
proud,1756
después,1756
lack,1748
event,1745
socialdistancing,1742
vaccines,1740
un,1740
class,1739
parents,1733
date,1732
expected,1732
