gram,counts
covid 19 siagalawancovid19,21262
penyebaran covid 19,17676
salah satu cara,12765
turut andil dalam,12760
membantu memerangi covid,12457
dalam membantu memerangi,12439
cara masyarakat turut,12435
satu cara masyarakat,12434
memerangi covid 19,12365
andil dalam membantu,12343
masyarakat turut andil,12342
adalah salah satu,12278
himbauan pemerintah adalah,12273
pemerintah adalah salah,12272
mematuhi himbauan pemerintah,11217
covid 19 dengan,8682
mencegah penyebaran covid,8333
19 dengan tetap,8253
tetap dirumah saja,8106
stay safe stay,8090
dengan tetap dirumah,8061
safe stay home,8008
dirumah saja dan,7957
saja dan menunda,7952
dan menunda mudik,7952
berpartisipasi mencegah penyebaran,7838
covid 19 pandemic,7836
menunda mudik stay,7803
mudik stay safe,7803
stay home siagalawancovid19,7740
ayo berpartisipasi mencegah,7730
memutuskan penyebaran covid,5472
membantu memutuskan penyebaran,5411
pemerintah adalah partisipasi,5407
menjalankan kebijakan pemerintah,5407
kebijakan pemerintah adalah,5406
dalam menjalankan kebijakan,5395
partisipasi besar kita,5370
adalah partisipasi besar,5368
besar kita dalam,5363
dalam membantu memutuskan,5360
disiplin dalam menjalankan,5359
kita dalam membantu,5359
covid 19 cases,4663
di rumah kita,3922
href rel nofollow,3706
true href rel,3649
rel nofollow twitter,3038
covid 19 crisis,2915
memutus rantai penyebaran,2847
due covid 19,2843
coronavirus covid 19,2612
covid 19 patients,2411
bersama kita bisa,2342
kita bisa lawan,2251
covid 19 deaths,2246
nofollow twitter web,2190
di rumah saja,2186
lawan covid 19,2160
penyebaran virus corona,2152
rumah saja dan,2140
rantai penyebaran virus,2117
pandemi covid 19,2105
covid 19 akan,2085
atau covid 19,2080
pencegahan penyebaran covid,2078
virus corona atau,2061
corona atau covid,2060
19 akan memutus,2034
akan memutus rantai,2026
saja dan mematuhi,2025
dan mematuhi protokol,2017
mematuhi protokol pencegahan,2003
protokol pencegahan penyebaran,2000
kita sehat di,1962
rumah kita sehat,1960
sehat di rumah,1958
rumah kita selamat,1922
new covid 19,1899
dirumahajaberada di rumah,1870
selamat dirumahajaberada di,1870
kita selamat dirumahajaberada,1868
casos covid 19,1866
twitter web app,1856
anjuran pemerintah bersama,1821
patuhi anjuran pemerintah,1818
bisa lawan covid,1802
tetap patuhi anjuran,1800
ditsamaptapmj tetap patuhi,1800
pemerintah bersama kita,1800
coronavirus death toll,1770
covid 19 vaccine,1683
covid 19 via,1676
covid 19 testing,1636
bbc news coronavirus,1617
covid 19 response,1603
warga yang terdampak,1578
towards cashless society,1559
fight covid 19,1548
covid 19 outbreak,1504
new coronavirus cases,1501
amid covid 19,1469
stay at home,1410
covid 19 death,1402
positive covid 19,1373
terdampak covid 19,1358
covid 19 lockdown,1350
cashless society know,1340
international nurses day,1332
covid 19 di,1276
pandemia covid 19,1274
dr anthony fauci,1261
da covid 19,1192
needless suffering death,1152
impact covid 19,1106
sister died coronavirus,1083
covid 19 coronavirus,1081
response covid 19,1076
cases covid 19,1074
rantai penyebaran covid,1055
covid 19 test,1052
spread covid 19,1041
may 12 2020,1020
covid 19 poldajatimpeduli,995
peduli covid 19,967
needed care life,960
coronavirus needed care,956
died coronavirus needed,955
care life disposable,955
covid 19 relief,953
coronavirus live updates,952
coronavirus relief bill,946
covid 19 update,926
bantuan sosial untuk,924
sosial untuk warga,922
polwan polda jatim,921
new york times,910
19 polwan polda,905
covid 19 polwan,905
memberikan bantuan sosial,904
untuk warga yang,903
bersama sama memberikan,901
polda jatim bersama,901
jatim bersama sama,901
sama memberikan bantuan,901
yang terdampak poldajatimpeduli,895
du covid 19,891
yang terdampak covid,875
white house report,845
amid coronavirus pandemic,839
últimas 24 horas,838
covid 19 virus,836
bantuan bagi warga,834
memberikan bantuan bagi,833
covid 19 covert,827
future cashless society,826
society did know,826
id heading towards,826
cashless society did,826
19 covert id,826
towards future cashless,826
covert id heading,826
heading towards future,826
coronavirus rates spiking,825
post covid 19,822
test 11 million,814
covid 19 ini,800
rates spiking heartland,797
at home orders,791
know bible spoke,768
know jesus spoke,758
died covid 19,758
11 million residents,753
unreleased white house,750
polda jatim peduli,746
peduli memberikan bantuan,732
jatim peduli memberikan,730
virus covid 19,729
dies covid 19,727
job retention scheme,696
nofollow twitter android,695
jaga jarak jaga,693
society know bible,689
jarak jaga kebersihan,686
jaga kebersihan dan,686
covid 19 vía,684
covid 19 tests,680
life disposable rory,676
disposable rory kinnear,674
covid 19 em,672
minimalisir diluar rumah,671
kept mouth shut,669
kebersihan dan minimalisir,668
sayangi keluarga kita,664
dan minimalisir diluar,664
lebaran 2020 gausah,663
keluarga kita supaya,663
mudik dulu sayangi,663
supaya memutus rantai,663
dulu sayangi keluarga,663
gausah mudik dulu,663
kita supaya memutus,663
2020 gausah mudik,663
bagi warga yang,663
19 death toll,662
jajaran polda jatim,659
12 05 2020,655
trillion coronavirus relief,652
society know jesus,651
death toll passes,641
positivo covid 19,635
polres jajaran polda,614
covid 19 related,611
covid 19 impact,597
covid 19 positive,580
house dems unveil,576
largest stimulus package,573
unveil coronavirus bill,573
coronavirus bill estimated,571
dems unveil coronavirus,570
bill estimated cost,569
cost 3t largest,566
3t largest stimulus,566
estimated cost 3t,566
12 mayo 2020,560
stimulus package yet,559
sign petition via,550
pacientes covid 19,545
rantai covid 19,534
us covid 19,534
positif covid 19,532
crisis covid 19,520
plans test 11,515
cashless society hear,513
covid 19 situation,509
last 24 hours,507
com covid 19,505
covid 19 infection,496
covid 19 amp,495
uk coronavirus death,490
penanganan covid 19,487
gt gt gt,487
go back work,483
at home order,482
covid 19 bersama,481
must read article,481
tested positive coronavirus,477
diluar rumah siagalawancovid19,474
confirmed covid 19,471
new york city,471
worker dies coronavirus,468
muertes covid 19,465
contagios covid 19,464
report shows coronavirus,463
passes 40 000,462
martes 12 mayo,460
covid 19 restrictions,459
12 may 2020,457
toll passes 40,456
coronavirus task force,455
shows coronavirus rates,455
house report shows,452
should kept mouth,452
society covid 19,451
deaths covid 19,449
die covid 19,448
obama should kept,447
dies coronavirus spat,446
society physical cash,445
bisa lawan corona,445
tested positive covid,444
trump coronavirus response,441
tested covid 19,440
get covid 19,440
covid 19 could,438
cashless society covid,437
happy international nurses,437
lawan corona siagalawancovid19,435
untuk memutuskan rantai,434
covid 19 infections,433
memutuskan rantai covid,433
mortes covid 19,433
partisipasi dari semua,432
dari semua pihak,432
number covid 19,432
dibutuhkan partisipasi dari,431
12 mei 2020,431
covid 19 dibutuhkan,431
19 dibutuhkan partisipasi,431
fighting covid 19,430
covid 19 case,430
semua pihak terutama,426
melawan pandemi covid,425
bible spoke would,424
pihak terutama kedisiplinan,424
terutama kedisiplinan dari,423
ikuti aturan patuhi,423
kedisiplinan dari masyarakat,423
aturan patuhi himbauan,421
mari turut andil,421
patuhi himbauan mari,420
himbauan mari turut,420
did know jesus,420
direction cashless society,418
dalam melawan pandemi,417
vonderleyen lagarde amp,417
dari masyarakat siagalawancovid19,416
digital age cashless,416
age cashless society,416
andil dalam melawan,415
doctors without borders,415
lagarde amp regsprecher,414
spoke book revelation,413
nuevos casos coronavirus,413
moving towards cashless,412
cashless society coronavirus,411
covid 19 patient,411
19 bersama kita,411
20 lakh crore,410
pressing towards cashless,410
new cases covid,410
due coronavirus pandemic,407
did know bible,406
personal loans debt,405
loans debt consolidation,405
house democrats unveil,402
time covid 19,402
covid 19 spat,398
jesus spoke would,396
worker dies spat,396
fauci warns senate,393
white house coronavirus,389
caso covid 19,388
president donald trump,386
ticket worker dies,386
vonderleyen lagarde regsprecher,385
covid 19 recovery,384
coronavirus relief package,381
40 000 official,379
obamagate obamagate obamagate,379
000 official figures,379
long term care,377
victoria ticket worker,376
covid 19 covid19,375
positivos covid 19,375
mcconnell obama should,374
covid 19 may,374
covid 19 cure,373
covid 19 spread,368
rail worker dies,367
test covid 19,367
dengan orang lain,366
coronavirus victoria ticket,366
cegah penyebaran covid,364
spiking heartland communities,363
health care workers,362
official figures say,360
via namo app,360
ticket office worker,358
death toll tops,357
senate needless suffering,353
coronavirus job retention,349
hear bible spoke,348
covid 19 world,343
au covid 19,341
report coronavirus rates,341
twitter web client,338
warn senate needless,338
penyebaran virus covid,338
house report coronavirus,335
di tengah pandemi,334
coronavirus aid package,331
want use covid19,329
polluters want use,328
women vonderleyen lagarde,328
embrace brighter future,328
powerful women vonderleyen,328
kill climate ambition,327
inspire world embrace,327
coronavirus spat duty,327
use covid19 kill,327
covid19 kill climate,327
world embrace brighter,327
push greencoronarecovery europe,327
europe inspire world,326
join global call,326
amp regsprecher push,326
greencoronarecovery europe inspire,326
regsprecher push greencoronarecovery,326
ambition powerful women,325
brighter future join,325
climate ambition powerful,325
people covid 19,325
future join global,324
patients covid 19,324
modi address nation,324
uk rail worker,323
handling covid 19,323
new cases coronavirus,322
covid 19 data,322
five covid 19,321
tests positive coronavirus,321
hear jesus spoke,320
driving towards cashless,320
home orders place,317
ask ask china,317
cara mencegah penyebaran,317
satu cara mencegah,317
frente covid 19,316
yaitu dengan menerapkan,316
19 yaitu dengan,316
covid 19 yaitu,316
kesehatan siagalawancovid19 jogjalawancovid19,315
uk covid 19,315
new cases covid19,315
keep stay at,313
confirmed cases covid19,313
wabah covid 19,313
treatment completely eliminate,312
latest treatment completely,312
completely eliminate coronavirus,312
russia hospital fire,311
covid 19 méxico,310
nuevos casos covid,310
muertos covid 19,310
menerapkan protokol kesehatan,309
dengan menerapkan protokol,308
may 11 2020,308
rs 20 lakh,308
_ज _क _ह,307
risk covid 19,307
बड _ज _क,306
get back work,305
protokol kesehatan siagalawancovid19,305
new covid19 cases,305
covid 19 news,303
lost six weeks,302
crise du coronavirus,302
jaga jarak dengan,301
us failed contain,300
spiking heartland via,300
million residents coronavirus,300
worker dies covid,300
jarak dengan orang,300
heading towards cashless,298
six weeks us,297
covid 19 new,297
wuhan plans test,296
covid 19 et,296
orang lain minimal,295
lain minimal meter,295
minimal meter atau,295
meter atau lebih,295
become economy future,295
weeks us failed,294
spoke would unfold,294
tetap di rumah,293
80 000 americans,293
covid 19 symptoms,292
atau lebih siagalawancovid19,292
mouth shut instead,291
warga terdampak covid,291
tiempos covid 19,290
tengah pandemi covid,290
covid 19 safety,288
heartland via nbcnews,288
coronavirus disease 2019,288
per covid 19,288
failed contain outbreak,287
impacted covid 19,285
covid 19 public,282
affected covid 19,282
covid 19 brasil,282
office worker dies,281
shut instead criticizing,281
от covid 19,280
fauci warn senate,280
related covid 19,280
coronavirus lost six,278
warn needless suffering,278
update covid 19,276
us coronavirus response,276
many people died,276
second wave coronavirus,275
covid 19 país,274
covid 19 dan,273
satgasnusantara satgasnusantarakepri poldakepri,272
says covid 19,272
80 000 dead,271
keep mouth shut,271
boris johnson advice,270
covid 19 na,270
democrats unveil trillion,269
contagio covid 19,269
infected covid 19,269
covid 19 numbers,269
johnson advice coronavirus,269
covid 19 updates,268
become society future,268
confirmados covid 19,268
madagascar covid 19,268
society hear bible,268
contre covid 19,268
covid 19 hoax,267
19 siagalawancovid19 polrespekalongan,267
ask china trump,267
county stay at,267
tests positive covid,266
coronavirus virus dirumahaja,266
polripromoter polrihumanis polri,265
spoke would happen,265
new trillion coronavirus,265
satgasnusantarakepri poldakepri ramadhan2020,264
please read covid19,264
kita lawan covid19,263
pasting world press,263
world health organization,263
patients nursing homes,263
covid 19 drug,263
world press coronavirus,262
advice coronavirus spread,262
takes pasting world,262
bersama kita lawan,262
poldakepricegahcovid19 polripromoter polrihumanis,261
latest covid 19,261
spoke would occur,261
uk takes pasting,260
current covid 19,260
press coronavirus crisis,260
poldakepri ramadhan2020 poldakepricegahcovid19,260
ramadhan2020 poldakepricegahcovid19 polripromoter,260
causa covid 19,259
follow boris johnson,259
covid 19 jesus,259
work covid 19,257
total confirmed cases,257
certainty keep stay,257
covid 19 fight,257
say covid 19,256
criticizing us coronavirus,256
kasus covid 19,256
3t coronavirus relief,256
kepada masyarakat yang,256
epoch times app,255
know covid 19,255
instead criticizing us,255
linked covid 19,255
read article covid19,255
covid 19 research,253
petition via change,253
cure covid 19,252
penyebaran virus covid19,252
polrihumanis polri siagalawancovid19,251
take covid 19,251
orders place july,251
polri siagalawancovid19 coronavirus,251
2020 05 12,250
penularan covid 19,250
free covid 19,250
disease covid 19,249
government covid 19,249
19 public health,249
mitch mcconnell obama,248
casos positivos covid,248
coronavirus pandemic via,248
cases new deaths,248
tested positive covid19,248
coronavirus sars cov,247
dirumahaja lawancovid19 lawancorona,247
first covid 19,247
tuesday may 12,246
covid 19 help,246
app see exclusive,246
combat covid 19,246
times app see,246
since covid 19,245
test positive covid,245
society hear jesus,245
lawan covid19 siagalawancovid19,245
siagalawancovid19 coronavirus virus,245
mouth shut trump,245
coverage daily updates,245
serta cuci tangan,244
exclusive coronavirus coverage,244
coronavirus live news,244
casos confirmados covid,244
second coronavirus wave,244
recuperación verde post,242
vladimir putin spokesman,241
virus dirumahaja lawancovid19,241
únete rt greencoronarecovery,240
amp covid 19,240
covid 19 treatment,240
grandes contaminantes quieren,240
verde post coronavirus,240
covid 19 social,240
contaminantes quieren aprovechar,239
mundo únete rt,239
lagarde regsprecher pueden,239
post coronavirus inspirar,239
regsprecher pueden impulsar,239
polda jatim dan,239
pm narendra modi,239
democrats 3t coronavirus,238
ambición climática vonderleyen,238
impulsar plan recuperación,238
acabar ambición climática,238
fallecidos covid 19,238
data covid 19,237
covid19 acabar ambición,237
coronavirus inspirar mundo,237
2019 covid 19,237
pueden impulsar plan,237
quieren aprovechar covid19,237
inspirar mundo únete,237
climática vonderleyen lagarde,237
aprovechar covid19 acabar,237
plan recuperación verde,237
see exclusive coronavirus,235
covid 19 misinformation,235
untuk indonesia siagalawancovid19,234
coronavirus coverage daily,234
like covid 19,234
covid19 poldajatimpeduli polripedulirakyat,233
virus covid19 poldajatimpeduli,233
covid 19 hospital,233
poldajatimpeduli polripedulirakyat bersamapolribantuwarga,233
covid 19 antibody,233
jatim dan jajarannya,233
coronavirus covid19 sarscov2,232
patients critical condition,232
pasien covid 19,232
covid 19 mundo,232
tetap tenang serta,232
mohon tetap tenang,232
dalam menghadapi mewabahnya,232
tidak panik dalam,232
ini kita harus,232
kondisi pandemi covid,232
tenang serta tidak,232
menghadapi mewabahnya coronavirus,232
panik dalam menghadapi,232
serta tidak panik,232
fantasticradiouk homeofpossibilities believeyourpossibilities,231
believeyourpossibilities stayhomesafelives buy,231
90 2121 hello,231
mewabahnya coronavirus siagalawancovid19,231
fantasticradio co uk,231
homeofpossibilities believeyourpossibilities stayhomesafelives,231
hello fantasticradio co,231
2121 hello fantasticradio,231
lives daily talk,231
0208 90 2121,231
abruptly leaves press,231
co uk fantasticradiouk,231
stayhomesafelives buy song,231
death covid 19,231
uk fantasticradiouk homeofpossibilities,231
five coronavirus patients,230
coronavirus outbreak guardian,230
take look covid19,230
19 ini kita,230
combate covid 19,230
covid 19 yang,230
test positive coronavirus,230
bryan adams apologizes,229
people died today,229
covid 19 emergency,229
china covid 19,229
senate coronavirus hearing,228
confirmed coronavirus cases,228
trump covid 19,227
polsekmunjungan di rumah,227
take look coronavirus,227
potential covid 19,227
ke kampung halaman,227
towards society physical,227
new coronavirus relief,226
people died uk,226
nation covid 19,226
covid 19 information,225
em 24 horas,225
daily talk us,224
talk us 0208,224
effects covid 19,224
pm modi address,224
menunda mudik kita,224
adding value lives,224
value lives daily,224
saat kondisi pandemi,224
trillion coronavirus aid,224
saat hari raya,224
us 0208 90,224
día internacional enfermería,223
kita harus menunda,223
democrats trillion coronavirus,223
000 covid 19,223
hari raya namun,223
harus menunda mudik,223
trump abruptly ends,223
masyarakat yang membutuhkan,223
halaman adalah hal,222
namun di saat,222
di saat kondisi,222
kampung halaman adalah,222
tunggu saat hari,222
kita tunggu saat,222
raya namun di,222
package yet foxnews,221
covid19 untuk indonesia,221
prophesied event believe,221
lawan wabah covid19,221
wabah covid19 untuk,221
adalah hal yang,221
kita lawan wabah,221
public health response,221
amid coronavirus crisis,220
hal yang kita,220
xiaomi lockdown phone,220
xiaomiredminote9pro redminote8pro covid,220
know bible prophesied,220
yang kita tunggu,220
lockdown phone xiaomiredminote9pro,220
phone xiaomiredminote9pro redminote8pro,220
do ask ask,220
dengan tetap di,219
article amp reuters,219
read article coronavirus,219
amidst covid 19,218
recovery rate 31,218
battle covid 19,218
dampak covid 19,218
covid 19 corona,217
nurses around world,217
12 05 20,217
care home deaths,217
113 year old,217
19 dengan cara,216
rel nofollow tweetdeck,216
jesus spoke book,216
furlough scheme extended,216
covid 19 government,216
covid 19 really,215
draws plans test,215
на covid 19,215
trump clashes reporters,215
baksos secara serentak,214
serentak kepada masyarakat,214
jajarannya melaksanakan baksos,214
ditengah penyebaran virus,214
dan jajarannya melaksanakan,214
yang membutuhkan ditengah,214
membutuhkan ditengah penyebaran,214
melaksanakan baksos secara,214
secara serentak kepada,214
coronavirus stay at,213
wuhan draws plans,213
top story coronavirus,212
pruebas covid 19,212
clashes reporters abruptly,212
please read coronavirus,211
_ह बड _ज,211
_क _ह बड,211
reporters abruptly leaves,211
home covid 19,210
foretold event believe,210
new deaths today,210
recovered covid 19,209
bible spoke bible,209
covid 19 would,209
covid 19 tidak,208
leaves press briefing,208
hi covid 19,208
musk defies orders,207
000 people died,207
message covid 19,207
ortega smith ingresado,207
international nurse day,207
coronavirus many people,207
fauci senate coronavirus,207
146 new cases,207
china trump clashes,207
using covid 19,206
prevent spread covid19,206
society coronavirus jesus,206
lucha covid 19,206
jesus spoke bible,206
da positivo covid,205
society coronavirus bible,205
2020 covid 19,205
know jesus foretold,204
19 via youtube,204
pelosi unveils trillion,204
infectious disease expert,204
think covid 19,204
tunda mudik untuk,204
death toll rises,204
mudik untuk keluarga,203
treatment covid 19,203
2020 coronavirus failure,203
coronavirus disease covid,202
melawan covid 19,202
tesla california plant,202
health response bill,202
happy nurses day,202
bbc news mundo,202
covid 19 lockdowns,202
us reopens quickly,202
19 patients die,202
uncontrollable covid 19,201
spokesman dmitry peskov,201
deaths today raising,201
news coronavirus covid19,200
cegah penyebaran virus,200
blame 2020 coronavirus,200
speaker nancy pelosi,200
coronavirus musk defies,200
potentially positive data,200
casos positivos coronavirus,200
testing record nothing,200
india recovery rate,200
fase3 coronavirus covid19,199
puts blame 2020,199
record nothing celebrate,199
outbreak us reopens,198
station ticket office,198
vacuna covid 19,198
bat eating virus,198
covid 19 aid,198
bible spoke book,197
coronavirus failure barack,197
failure barack obama,197
rumah semangat gess,197
semangat gess kita,197
diluar rumah semangat,197
jonsen16523542 jaga jarak,197
misleading covid 19,197
untuk keluarga tercintamudik,197
gess kita lawan,197
past 24 hours,197
eating virus making,196
warns senate uncontrollable,196
unveil trillion coronavirus,196
county with certainty,196
putin spokesman hospitalized,196
office 2009 2017,196
case covid 19,195
tercintamudik ke kampung,195
keluarga tercintamudik ke,195
mcconnell puts blame,195
despite covid 19,195
disease 2019 covid,195
19 outbreak us,195
news coronavirus victoria,194
home stay safe,194
support covid 19,194
covid 19 través,194
wuhanvirus chinesevirus wuhanvirus,193
obama office 2009,193
covid 19 vaccines,193
chinesevirus wuhanvirus chinesevirus,193
house coronavirus task,193
covid 19 disease,193
million covid 19,192
senate uncontrollable covid,192
white house staff,192
raising country total,192
with certainty keep,191
stay home stay,191
world covid 19,191
barack obama office,191
wave covid 19,190
pandemic news coronavirus,190
bill extends stimulus,189
mudik kita ini,189
contagiados covid 19,189
dying covid 19,189
gunakan masker jaga,189
relief bill extends,189
lakukan agar rantai,189
next covid 19,188
semua kita lakukan,188
kebersihan serta cuci,188
19 help hub,188
coronavirus cases new,188
covid 19 venezuela,188
उन पर कर,188
kita lakukan agar,188
know bible foretold,188
jaga kebersihan serta,188
spread oyo rooms,187
virus corona siagalawancovid19,187
mardi 12 mai,187
di rumah jangan,187
tips personal loans,187
testing covid 19,187
the covid 19,187
extends stimulus checks,187
may take longer,187
mudik gunakan masker,187
segundo país casos,187
rumah jangan mudik,187
see tips personal,187
year old woman,187
kamtibmas dan cegah,187
polripreventifcegah covid19 sukseskanpilkadaserentak2020,186
tangan polripreventifcegah covid19,186
covid19 sukseskanpilkadaserentak2020 dirumahaja,186
20 917 people,186
presència paradisos fiscals,186
dirumahaja polrihimbaupakaimasker janganmudik,186
mari ki bersama,186
confirmed deaths go,186
bersama polri jaga,186
polrihimbaupakaimasker janganmudik janganmudikdulu,186
amb presència paradisos,186
31 15 20,186
cuci tangan polripreventifcegah,186
15 20 917,186
ki bersama polri,186
sukseskanpilkadaserentak2020 dirumahaja polrihimbaupakaimasker,186
jaga kamtibmas dan,186
masker jaga kebersihan,186
jangan mudik gunakan,186
occurred nursing homes,186
ini semua kita,186
dan cegah penyebaran,186
coronavirus response via,186
polri jaga kamtibmas,186
ministério da saúde,185
sen rand paul,185
global pandemic news,185
coronavirus sign petition,185
cured covid 19,185
pela covid 19,185
bagi warga terdampak,185
stimulus checks certain,185
12 mai 2020,184
today raising country,184
die russia hospital,184
rate 31 15,184
rusia segundo país,184
empreses amb presència,184
singer bryan adams,184
ce qu il,184
top health officials,184
wake covid 19,183
ao covid 19,183
outbreak white house,183
know jesus prophesied,183
kita ini semua,183
covid 19 survey,183
917 people cured,183
america covid 19,183
covid 19 conspiracy,182
berada di rumah,182
coronavirus wuhan draws,182
coronavirus chancellor set,182
nursing home residents,182
39 us covid,182
impacto covid 19,182
000 americans dead,182
patients die russia,182
hoy 12 mayo,181
casos confirmados coronavirus,181
testing contact tracing,181
19 deaths 31,181
covidー19 covid19 coronavirus,181
19 di indonesia,181
coronavirus testing record,181
redminote8pro covid 19,181
wuhan test 11,181
checks certain undocumented,181
behind covid 19,180
covid 19 still,180
help covid 19,180
tackle covid 19,180
chancellor set future,180
covid 19 bible,180
misleading coronavirus tweets,180
deaths 31 900,180
people cured covid,179
refund may take,179
quarantine creative ideas,179
india covid 19,179
podran tenir ajudes,179
covid19 โคว ด19,179
team navajo nation,179
new coronavirus outbreaks,179
refund options however,178
moment people died,178
help hub provides,178
thanks message covid,178
flight changes vouchers,178
hub provides information,178
exames covid 19,178
take longer expected,178
options however due,178
longer expected visit,177
provides information flight,177
