coronavirus,310632
covid,153534
19,149204
covid19,140027
nan,82179
people,41483
amp,36564
via,33966
us,31087
trump,29288
new,27849
cases,26536
virus,26414
pandemic,25889
deaths,24679
news,21685
china,21560
lockdown,19939
like,19731
world,19041
one,18897
get,18859
time,16917
000,16820
home,15640
health,15485
si,15327
death,15227
crisis,15061
help,14962
et,14916
realdonaldtrump,14734
di,14657
need,14279
would,13985
covidー19,13598
please,13508
know,13048
des,12579
il,12504
government,12411
2020,12161
see,12096
could,11980
country,11973
patients,11851
many,11582
day,11538
good,11523
corona,11327
go,11003
stay,10974
du,10872
casos,10725
10,10698
est,10609
state,10398
even,10355
da,10348
die,10245
11,10197
first,10061
going,9947
still,9824
per,9798
says,9767
pour,9747
india,9648
the,9522
uk,9514
spread,9508
na,9440
think,9402
positive,9367
work,9332
total,9327
due,9317
take,9210
right,9197
fight,9123
may,9103
make,9036
hospital,9001
care,8811
well,8756
back,8739
testing,8706
let,8692
test,8577
easter,8568
today,8500
also,8471
social,8419
workers,8254
20,8211
re,8206
live,8149
way,8146
stop,7943
want,7925
times,7881
support,7822
say,7790
response,7749
covid_19,7741
said,7741
read,7721
really,7603
pas,7541
pandemia,7527
much,7427
died,7420
april,7237
outbreak,7152
every,7120
great,7077
lives,7024
america,6985
york,6985
em,6912
number,6905
stayhome,6869
daily,6866
life,6806
youtube,6803
au,6778
mundo,6748
thank,6746
public,6723
video,6718
non,6707
keep,6680
must,6679
usa,6640
last,6475
toll,6417
come,6412
nhs,6369
got,6318
100,6247
everyone,6240
hope,6211
true,6204
man,6178
president,6168
states,6146
god,6143
dr,6139
medical,6128
face,6114
year,6095
italy,6091
une,6079
vía,6073
media,5944
family,5923
to,5922
use,5916
americans,5872
days,5843
ppe,5837
real,5815
qui,5780
never,5773
safe,5770
covid__19,5754
mais,5751
não,5728
tests,5713
24,5692
país,5637
amid,5636
thanks,5634
com,5601
vaccine,5598
money,5587
coronaviruspandemic,5575
two,5551
quarantine,5527
ne,5526
confirmed,5519
economy,5505
week,5491
gobierno,5477
dan,5475
plus,5404
case,5374
latest,5364
gt,5313
sur,5309
global,5292
chinese,5275
another,5245
made,5208
app,5189
give,5175
million,5167
risk,5165
food,5164
data,5146
look,5103
dans,5102
twitter,5091
post,5091
better,5089
google,5085
ser,5083
in,5052
around,5002
30,4990
salud,4985
doctors,4955
tested,4919
ca,4911
getting,4909
countries,4850
numbers,4825
stayathome,4777
free,4776
already,4749
bill,4745
apple,4720
working,4720
watch,4714
update,4671
gente,4669
flu,4656
business,4646
best,4622
casa,4619
ce,4600
va,4535
love,4531
weeks,4515
since,4497
anyone,4489
without,4473
end,4469
using,4469
eu,4455
next,4454
far,4413
long,4400
show,4382
infected,4376
staff,4374
cuarentena,4366
updates,4360
done,4356
big,4355
thing,4345
18,4340
wuhan,4333
yet,4320
distancing,4318
कर,4314
call,4304
france,4297
and,4262
personas,4248
put,4240
disease,4217
masks,4217
needs,4199
pm,4197
reported,4160
check,4153
par,4137
ever,4118
city,4102
plan,4102
house,4101
years,4093
de,4091
che,4068
15,4055
article,4053
muertos,4053
solo,4031
ve,4022
police,4018
away,4016
something,4004
je,4001
old,3995
things,3978
12,3978
dying,3973
sure,3932
report,3912
confinement,3892
um,3887
it,3885
open,3858
nous,3856
save,3843
govt,3841
link,3830
sa,3821
reports,3809
nothing,3802
rate,3792
españa,3791
story,3788
mask,3771
online,3765
enough,3763
find,3740
human,3735
hospitals,3732
making,3732
together,3726
american,3726
of,3725
recovered,3720
part,3715
someone,3711
contact,3707
community,3699
person,3674
job,3658
cnn,3648
national,3642
coming,3641
situation,3634
place,3634
information,3628
yes,3625
13,3622
trying,3621
share,3620
tell,3606
important,3606
bien,3603
coronavírus,3590
van,3588
dead,3577
order,3570
mas,3555
bbc,3553
protect,3528
service,3526
taking,3502
ahora,3493
pay,3480
believe,3472
treatment,3451
vous,3451
team,3443
others,3442
covid2019,3430
500,3412
top,3399
muertes,3398
fake,3389
population,3388
control,3384
rt,3383
der,3383
shit,3378
bad,3371
wrong,3352
dos,3350
doctor,3341
always,3340
hoy,3339
this,3329
feel,3320
así,3315
gop,3314
south,3311
día,3304
might,3300
services,3297
high,3282
united,3270
hard,3268
start,3263
change,3233
narendramodi,3231
air,3229
healthcare,3222
follow,3208
soon,3199
system,3197
14,3175
50,3164
impact,3160
cause,3156
und,3140
symptoms,3137
white,3120
no,3113
qu,3113
economic,3112
italia,3108
fuck,3107
saying,3101
oh,3091
sick,3091
brasil,3090
local,3085
black,3083
lost,3069
hit,3053
sir,3051
lot,3037
point,3037
breaking,3019
seen,2996
nytimes,2990
yang,2988
patient,2978
nation,2973
anything,2969
across,2956
early,2955
actually,2950
truth,2949
nurses,2944
puede,2932
fighting,2927
homes,2912
we,2909
little,2906
quedateencasa,2900
href,2891
fauci,2878
least,2867
fallecidos,2864
relief,2863
everything,2863
experts,2858
emergency,2853
sont,2838
full,2836
rel,2834
personal,2830
nofollow,2829
das,2825
el,2817
action,2812
friends,2808
la,2806
war,2804
fact,2801
governor,2796
thought,2789
04,2788
called,2784
maybe,2783
is,2780
ver,2779
mil,2779
hacer,2767
makes,2766
whole,2759
etc,2753
infection,2749
used,2744
less,2742
happy,2739
months,2736
hours,2734
told,2727
behind,2725
essential,2718
self,2716
presidente,2715
county,2712
officials,2709
study,2705
gov,2705
minister,2700
ini,2695
question,2695
ai,2695
on,2690
en,2687
fucking,2686
shows,2684
drug,2681
highest,2680
ago,2676
saturday,2673
line,2667
normal,2665
días,2660
found,2659
spreading,2652
staysafe,2650
single,2648
measures,2647
abril,2639
you,2639
continue,2637
पर,2633
yg,2630
research,2628
europe,2628
रह,2621
possible,2620
16,2616
worse,2611
pacientes,2608
ou,2605
hace,2599
cómo,2592
medidas,2582
small,2575
tweet,2567
coronavirusoutbreak,2564
ll,2554
africa,2553
avec,2551
left,2549
médico,2547
understand,2543
message,2540
plusjamaisca,2526
march,2525
5g,2524
federal,2505
socialdistancing,2504
close,2491
android,2491
nuevos,2489
sign,2480
uma,2477
immunity,2467
children,2462
gracias,2451
menos,2449
thread,2446
families,2443
party,2441
caso,2439
vida,2427
remember,2423
citizens,2415
month,2410
vote,2407
het,2402
instead,2399
front,2395
ask,2393
listen,2383
florida,2383
mass,2377
force,2368
idea,2365
iran,2363
looking,2356
kill,2351
needed,2349
started,2342
anti,2337
hands,2336
potus,2332
related,2326
for,2325
poor,2320
else,2316
fear,2316
aux,2315
sad,2312
thousands,2312
three,2309
venezuela,2303
problem,2300
church,2297
40,2297
ont,2283
questions,2282
que,2282
info,2281
join,2281
mail,2274
political,2271
leaders,2267
2019,2267
johnson,2262
different,2261
korea,2258
heart,2249
closed,2243
cdc,2242
stupid,2241
boris,2241
cure,2240
travel,2236
tem,2233
worst,2231
médicos,2227
likely,2224
including,2221
power,2221
businesses,2220
aquí,2218
all,2217
años,2217
try,2215
able,2208
blame,2203
nyc,2195
wants,2184
21,2184
efforts,2183
spain,2180
tv,2176
foxnews,2175
17,2175
hydroxychloroquine,2169
ready,2164
reason,2164
given,2162
isolation,2144
और,2143
nursing,2143
taken,2139
méxico,2138
canada,2136
become,2134
means,2133
rest,2130
sorry,2129
hi,2125
history,2125
mean,2123
crise,2122
hold,2118
un,2116
monde,2116
shut,2114
restrictions,2102
reporting,2102
source,2102
ones,2102
gates,2101
talk,2098
25,2098
ça,2096
seems,2094
web,2093
worldwide,2092
faire,2084
mayor,2082
according,2076
dies,2075
agree,2073
living,2071
número,2071
name,2069
learn,2065
general,2065
act,2053
ils,2052
helping,2048
law,2047
nuevo,2047
infections,2046
sars,2045
contre,2044
science,2043
deadly,2039
ok,2038
current,2033
wow,2033
came,2029
sense,2026
wo,2023
knew,2021
mal,2018
kids,2016
hai,2012
oms,2000
weekend,1999
nigeria,1998
cada,1996
provide,1994
university,1993
pra,1989
hear,1989
millions,1988
administration,1983
tracking,1980
almost,1980
second,1979
despite,1978
available,1978
yesterday,1978
wait,1977
pruebas,1972
moment,1967
rise,1964
pmoindia,1955
half,1955
victims,1953
past,1952
failure,1947
vez,1943
ke,1941
women,1935
school,1932
talking,1924
mejor,1923
argentina,1921
texas,1918
british,1918
affected,1911
future,1908
lies,1907
interesting,1906
members,1905
prevent,1903
morts,1898
leadership,1897
record,1894
confirmados,1892
leave,1885
tracing,1879
untuk,1878
based,1871
killing,1871
democrats,1870
vai,1868
kita,1867
low,1866
países,1865
frontline,1863
dangerous,1863
california,1862
tout,1860
market,1860
run,1859
hell,1855
bir,1852
indian,1851
dios,1844
er,1844
though,1841
inside,1836
lack,1835
novel,1833
fox,1829
contagios,1827
matthancock,1825
indiafightscorona,1824
stimulus,1822
hand,1817
mr,1817
office,1812
giving,1810
krakatoa,1807
scientists,1805
guy,1801
press,1801
tan,1800
increase,1799
set,1798
happen,1796
probably,1786
modi,1782
major,1779
chief,1777
wuhanvirus,1776
download,1774
donate,1774
decision,1772
gets,1772
group,1769
blood,1769
especially,1768
colombia,1768
rules,1765
that,1765
course,1761
friday,1757
lol,1757
records,1756
buy,1756
huge,1754
vamos,1750
ppl,1745
key,1740
aid,1737
jesus,1734
dice,1734
ventilators,1733
recovery,1733
00,1733
seriously,1727
safety,1726
vulnerable,1725
im,1724
facts,1724
fund,1722
evidence,1722
cas,1722
pays,1721
donald,1720
gon,1719
industry,1719
après,1717
primer,1711
serious,1701
exposed,1699
play,1698
hey,1696
cette,1695
stand,1687
bank,1685
parte,1681
happening,1676
residents,1675
favor,1674
amazing,1673
critical,1672
leader,1670
till,1669
australia,1668
facebook,1667
task,1666
supplies,1666
morning,1665
outside,1665
alone,1664
nueva,1663
calling,1659
took,1658
deal,1653
bring,1651
wonder,1648
200,1648
guys,1647
taiwan,1647
whitehouse,1645
datos,1645
comes,1638
dont,1638
thinking,1635
matter,1635
special,1632
mundial,1632
election,1627
looks,1626
san,1626
información,1626
night,1625
list,1623
70,1623
slow,1620
among,1617
running,1616
fait,1616
finally,1615
kind,1615
60,1608
words,1608
28,1608
killed,1604
caused,1603
ist,1603
higher,1600
viral,1598
watching,1597
frente,1595
wearing,1595
light,1595
biggest,1593
positivos,1593
area,1591
dear,1590
comment,1589
pass,1587
mind,1587
racist,1587
ny,1586
den,1586
dia,1585
mes,1584
horas,1584
nurse,1582
ao,1582
advice,1579
ng,1579
warns,1578
positivo,1577
ada,1576
issue,1570
já,1570
issues,1570
80,1567
vs,1566
contagio,1565
cuba,1561
een,1561
bu,1560
clear,1557
rights,1556
tous,1552
infectados,1551
body,1551
goes,1550
jobs,1549
technology,1548
bolsonaro,1546
entire,1545
african,1545
playing,1544
tener,1539
failed,1539
imagine,1535
indonesia,1535
मह,1533
sono,1533
not,1532
washington,1530
comme,1530
damn,1529
return,1528
late,1527
wear,1526
absolutely,1523
communities,1523
are,1522
healthy,1521
threat,1520
account,1519
ja,1518
demand,1517
नह,1515
só,1515
germany,1514
common,1513
treat,1511
age,1510
pray,1510
sistema,1510
nature,1508
woman,1507
allah,1507
following,1506
allowed,1505
game,1505
tiempo,1505
trabajo,1505
schools,1503
causa,1502
asked,1500
noticias,1500
friend,1500
battle,1499
hate,1499
send,1498
went,1496
wish,1494
ways,1492
companies,1491
calls,1491
ki,1490
sent,1490
zero,1488
loved,1488
seeing,1487
move,1487
falta,1487
head,1484
se,1484
stayhomesavelives,1480
immune,1477
23,1475
unemployment,1472
être,1472
casi,1471
company,1470
ccp,1467
después,1466
momento,1464
employees,1462
masques,1461
rather,1460
forget,1458
answer,1458
equipment,1457
disaster,1457
als,1456
responsible,1453
verdad,1451
at,1451
lead,1449
showing,1448
politics,1447
dari,1445
cities,1444
isso,1442
petition,1440
access,1440
asking,1438
visit,1438
details,1436
