gram,counts
covid 19 pandemic,4623
covid 19 cases,3402
href rel nofollow,2829
true href rel,2781
coronavirus covid 19,2691
rel nofollow twitter,2456
covid 19 patients,2423
covid 19 deaths,2128
covid 19 crisis,1926
due covid 19,1790
amid covid 19,1632
coronavirus death toll,1574
covid 19 lockdown,1573
bbc news coronavirus,1528
covid 19 outbreak,1503
new york times,1466
nofollow twitter web,1453
covid 19 via,1440
fight covid 19,1439
positive covid 19,1352
covid 19 death,1288
casos covid 19,1172
twitter web app,1170
covid 19 coronavirus,1031
covid 19 di,981
covid 19 virus,957
cases covid 19,946
du covid 19,852
nofollow twitter android,841
coronavirus live updates,837
new york city,795
new coronavirus cases,778
spread covid 19,774
amid coronavirus pandemic,771
covid 19 response,771
sign petition via,765
virus covid 19,762
new covid 19,760
covid 19 testing,748
aarogya setu app,722
pandemia covid 19,689
died covid 19,686
gt gt gt,682
covid19 please download,670
fight covid19 please,669
app fight covid19,664
share using link,657
download share using,656
please download share,655
últimas 24 horas,653
setu app fight,645
recommend aarogya setu,642
tested positive coronavirus,640
covid 19 contact,633
april 11 2020,630
could seen coming,629
coronavirus task force,619
behind trump failure,615
da covid 19,613
muertes covid 19,613
covid 19 test,585
using link android,580
coronavirus new york,580
coming behind trump,570
response covid 19,569
000 coronavirus deaths,564
copy officials last,553
officials last delivered,553
deliver copy officials,553
seen coming behind,551
stay home stay,544
trump failure virus,540
tested positive covid,539
19 death toll,535
11 04 2020,529
19 contact tracing,527
covid 19 vaccine,526
covid 19 vía,523
covid 19 relief,521
us death toll,516
tests positive coronavirus,513
usps deliver copy,512
support usps deliver,508
signing support usps,508
johns hopkins university,507
vaccine could ready,500
covid 19 update,498
covid 19 patient,498
coronavirus vaccine could,496
11 april 2020,495
us overtakes italy,487
death toll passes,478
myth british exceptionalism,477
exposed myth british,474
covid 19 case,473
coronavirus overcome us,471
11 abril 2020,470
home stay safe,470
coronavirus exposed myth,470
recovered coronavirus patients,464
lives risk ppe,462
risk ppe shortages,462
covid 19 situation,460
ppe shortages says,457
health care workers,456
covid 19 treatment,455
confirmed covid 19,453
new cases coronavirus,450
help slow spread,448
shortages says bma,447
deaths 24 hours,447
covid 19 positive,439
stay at home,438
deaths covid 19,433
services amid covid,429
positif covid 19,426
au covid 19,426
worldwide coronavirus covid19,426
covid 19 tests,425
pandemi covid 19,425
patients testing positive,423
death toll rises,422
religious services amid,421
slow spread covid19,419
coronavirus pandemic via,414
new world order,411
last 24 hours,410
get covid 19,409
amid coronavirus crisis,409
highest death toll,408
fighting covid 19,407
covid 19 amp,390
becomes first country,382
coronavirus us death,379
coronavirus via youtube,377
com covid 19,376
number covid 19,374
even feel well,371
know covid 19,371
self reporting symptoms,370
risk cases sooner,370
daily even feel,370
identify risk cases,369
reporting symptoms daily,369
cases sooner self,368
sooner self reporting,368
symptoms daily even,368
covid19 identify risk,368
spread covid19 identify,368
sábado 11 abril,366
feel well download,366
overtakes italy highest,365
well download app,364
world covid 19,363
world health organization,363
petition via change,361
covid 19 victims,360
apple google team,359
us becomes first,359
highest coronavirus death,358
ja ja ja,357
penyebaran covid 19,355
doj expect action,352
nuevos casos coronavirus,352
regulation religious services,350
impact covid 19,350
government regulation religious,347
expect action government,347
action government regulation,345
crisis covid 19,344
bbc news mundo,342
stay home coronavirus,339
severe covid 19,337
treating covid 19,337
crise du coronavirus,336
us coronavirus deaths,336
covid 19 related,333
risk covid 19,330
nhs workers died,329
air pollution falls,326
covid 19 spread,325
epoch times app,324
exclusive coronavirus coverage,323
contact tracing technology,323
cities air pollution,321
big cities air,321
coverage daily updates,321
see exclusive coronavirus,321
app see exclusive,321
coronavirus coverage daily,321
times app see,321
post covid 19,320
disbelief big cities,319
positively alpine disbelief,319
covid 19 symptoms,319
postal service battered,318
muertos covid 19,317
pacientes covid 19,316
could ready september,316
it positively alpine,315
italy highest death,315
manu foraprior david,314
foraprior david mike,314
jorge babu manu,314
covid_19 prior jorge,314
pillow letslovesuho trump,314
mike lindell made,314
cdtv covid_19 prior,314
babu manu foraprior,314
bizbizeyeteriz covid self_portrait,314
prior jorge babu,314
covid cdtv covid_19,314
alpine disbelief big,314
david mike lindell,314
letslovesuho trump suho,314
trump suho bizbizeyeteriz,314
covid self_portrait covid19,314
suho bizbizeyeteriz covid,314
covid 19 em,313
combatir covid 19,311
covid19 coronavirus ukraine,310
made pillow letslovesuho,309
avenir commun proposait,309
lindell made pillow,309
please stay home,307
die covid 19,307
covid 19 infection,306
bailout postal service,305
covid 19 ini,305
house rejects bailout,304
contre covid 19,304
toll passes 000,303
white house rejects,303
coronavirus deaths 24,302
000 single day,302
service battered coronavirus,300
rejects bailout postal,299
positivos covid 19,299
coronavirus us overtakes,298
confirmed cases covid19,298
warns relaxing lockdowns,296
infected covid 19,296
exceptionalism fintan toole,295
case covid 19,294
time covid 19,293
link see details,292
british exceptionalism fintan,292
losers new world,292
deaths single day,292
passes 000 single,291
winners losers new,291
doctors lives risk,290
penanganan covid 19,289
apple google partner,287
coronavirus winners losers,287
death toll coronavirus,285
face au coronavirus,284
dies covid 19,284
us covid 19,284
twitter web client,283
test positive coronavirus,281
home coronavirus lockdown,281
news mundo coronavirus,280
covid 19 numbers,280
sant shri asharamji,278
shri asharamji bapu,278
due coronavirus pandemic,277
affected covid 19,277
coronavirus doctors lives,277
new coronavirus deaths,277
frente covid 19,277
like covid 19,275
past 24 hours,275
coronavirus patients testing,274
first ever easter,273
nuevos casos covid,272
confirmed coronavirus cases,272
patients covid 19,270
coronalockdown coronavirus covid19,268
two links investigation,267
amid coronavirus outbreak,267
trump covid 19,267
2020 04 11,265
covid 19 infections,264
000 covid 19,263
covid 19 impact,263
coronavirus death rate,262
red dawn emails,258
petition via ukchange,257
coronavirus disease 2019,257
people covid 19,257
covid 19 would,257
ever easter message,257
till april 30,256
covid 19 quarantine,256
fans stay home,255
covid 19 may,254
two android hookers,253
day urging fans,253
party two android,253
urging fans stay,253
android hookers day,253
hookers day urging,253
kyle walker hosted,253
walker hosted sex,253
hosted sex party,253
recovered covid 19,253
sex party two,253
china covid 19,252
19 via youtube,252
confirmados covid 19,250
first time history,249
socialdistancing coronalockdown coronavirus,248
go back work,247
positivo covid 19,247
fallecidos covid 19,246
test positive covid,240
covid 19 fight,239
light origins coronavirus,239
investigation bringing light,239
treat covid 19,239
origins coronavirus gt,239
bringing light origins,239
links investigation bringing,239
april 10 2020,238
jabatanpenerangan covid19 dudukrumah,238
disaster 50 states,238
covid 19 mundo,237
patients test positive,237
new cases covid,237
ne sont pas,237
partner covid 19,236
all time high,236
realdonaldtrump judgejeanine foxnews,235
major disaster 50,235
19 nhs workers,235
declared major disaster,235
test covid 19,234
long term care,233
combat covid 19,233
tested positive covid19,233
first covid 19,233
sent ppe china,231
pasien covid 19,230
حياتنا_اهم_من_الثانوية حياتنا_اهم_من_الثانوية حياتنا_اهم_من_الثانوية,230
economy collapsed all,229
cut pandemic team,229
collapsed all time,229
ppe china economy,229
team sent ppe,229
time high unemployment,229
pandemic team sent,229
unemployment trump incompetence,229
china economy collapsed,229
high unemployment trump,229
handling covid 19,226
first country mark,225
google partner covid,225
france insoumise propose,225
casos positivos covid,225
states first time,225
50 states first,225
country mark 000,224
trump declared major,224
virus new york,223
covid 19 méxico,223
covid 19 et,223
new york paramedic,222
dying covid 19,222
uss theodore roosevelt,222
casos confirmados covid,221
relaxing lockdowns quickly,221
faltering response coronavirus,221
death toll surpasses,220
coronavirus warns relaxing,219
caso covid 19,219
causa covid 19,218
york paramedic diary,218
東京都内で新たに190人以上の感染が確認 4日連続で最多更新の見通しに coronavirus,217
personal protective equipment,217
help covid 19,216
covid 19 epidemic,216
dalglish tests positive,216
contagios covid 19,215
covid 19 restrictions,214
realdonaldtrump nytimes washingtonpost,214
update covid 19,213
更新 東京都内で新たに190人以上の感染が確認 4日連続で最多更新の見通しに,212
vote by mail,212
keeps people inside,212
tested covid 19,210
coronavirus trump declared,210
daily death toll,210
lockdowns quickly coronavirus,209
wabah covid 19,208
failure virus new,208
country record 000,207
origin covid 19,207
tragic last words,206
first country record,206
disease covid 19,206
sokağa çıkma yasağı,206
protect november election,206
november election coronavirus,206
2019 covid 19,206
election coronavirus realdonaldtrump,205
record 000 coronavirus,205
casos confirmados coronavirus,205
last words coronavirus,204
animals covid 19,203
words coronavirus patient,203
deaths one day,203
pour faire face,203
covid 19 could,202
covid 19 dan,202
tests positive covid,202
death covid 19,201
confirmed coronavirus deaths,200
coronavirus patients test,200
ce est pas,200
number coronavirus cases,200
stand demandprogress protect,199
bill guarantee every,199
passing bill guarantee,199
guarantee every voter,199
every voter cast,199
demandprogress protect november,199
spreading covid 19,199
found air samples,198
emails key exchanges,198
president donald trump,198
coronavirus deaths country,198
cast ballot mail,198
realdonaldtrump passing bill,198
drops around world,198
coronavirus realdonaldtrump passing,198
voter cast ballot,198
dawn emails key,198
coronavirus apple google,197
covid 19 keeps,197
drive in church,197
covid 19 emergency,196
aux etats unis,196
think covid 19,196
overcome us first,196
global covid 19,195
crime drops around,194
who going pay,194
us first ever,194
total number confirmed,194
times covid 19,193
apple google building,193
20 000 deaths,192
última hora coronavirus,192
trail unmet promises,192
11abril los18 años,191
comandante eterno aquí,191
covid19 venceremos hermandadenvaguardia,191
000 americans died,191
new confirmed case,191
nuevo hermanados luchando,191
covid19 dudukrumah stayathome,191
penyebaran virus covid,190
hours 500 000,190
24 hours 500,190
coronavirus patient who,190
revealed tragic last,190
contagiados covid 19,190
covid 19 china,189
coronavirus nhs workers,189
mark 000 coronavirus,189
patient who going,188
corona covid 19,188
plan defeat coronavirus,187
exchanges faltering response,187
sorry people feel,187
citizens hold state,187
people died today,186
key exchanges faltering,186
coronavirus found air,186
covid 19 world,185
nurse revealed tragic,185
at home order,185
fallido golpe comandante,184
los18 años fallido,184
eterno aquí nuevo,184
hermanados luchando covid19,184
hold state account,184
โคว ด19 covid19,184
aquí nuevo hermanados,184
retweet two links,184
covid 19 na,184
golpe comandante eterno,184
south korea beating,184
años fallido golpe,184
luchando covid19 venceremos,184
coronavirus covid19 coronavirusoutbreak,183
covid 19 país,183
coronavirus crisis via,183
unmet promises coronavirus,183
casos positivos coronavirus,183
korea beating coronavirus,183
cambridge covid 19,182
dr fauci dr,182
patients critical condition,182
covid 19 data,182
coronavirus citizens hold,181
nation coronavirus overcome,181
lucha covid 19,181
university cambridge covid,181
new deaths total,181
coronavirus impact economy,181
beating coronavirus citizens,181
golffeb 10 rallyfeb,180
rallyjan 18 golfjan,180
10 rallyfeb 15,180
golfjan 19 golfjan,180
18 golfjan 19,180
28 rallyjan 30,180
rallyjan 30 rallyfeb,180
leaves trail unmet,180
rallyjan 14 rallyjan,180
tells nation coronavirus,180
samedi 11 avril,180
14 rallyjan 18,180
covid 19 hospital,180
queen tells nation,179
21 rallyfeb 28,179
19 golfjan 28,179
rallyfeb 15 golffeb,179
rallymarch golfmarch golf,179
coronavirus december response,179
golffeb 19 rallyfeb,179
rallyfeb 21 rallyfeb,179
20 rallyfeb 21,179
jan rallyjan 14,179
15 golffeb 19,179
golfjan 28 rallyjan,179
rallyfeb 28 rallymarch,179
rallyfeb golffeb 10,179
rallyfeb 20 rallyfeb,179
19 rallyfeb 20,179
28 rallymarch golfmarch,179
informed coronavirus december,179
december response jan,179
30 rallyfeb golffeb,179
sa covid 19,179
response jan rallyjan,179
coronavirus related deaths,178
disease 2019 covid,178
in church services,178
19 keeps people,178
around world covid,178
people died coronavirus,178
11 04 20,177
covid 19 corona,177
covid 19 não,177
trump leaves trail,177
cegah covid 19,177
covid 19 recovery,176
uk covid 19,176
confirmed cases coronavirus,176
confirmed cases covid,176
death toll world,175
get back work,175
workers lives risk,175
news us becomes,175
realdonaldtrump foxnews oann,175
coronavirus finally emerges,175
convierte primer país,174
defeat coronavirus finally,174
extend nationwide lockdown,174
nhs workers lives,174
white house coronavirus,174
fauci dr birx,174
failure virus see,174
covid 19 news,174
covid 19 one,173
covid 19 covid19,173
half million cases,173
article amp reuters,173
sir kenny dalglish,172
epidemia covid 19,172
shutdown bans drive,172
bans drive in,172
coronavirus shutdown bans,172
city coronavirus shutdown,172
hopkins university says,172
covid 19 yang,172
11 year old,172
pruebas covid 19,170
ministério da saúde,170
church services ahead,170
promises coronavirus response,170
despite covid 19,170
total confirmed cases,169
jptu jabatanpenerangan covid19,169
emerges white house,169
covid 19 still,168
battle covid 19,168
mississippi city coronavirus,168
port du masque,167
covid 19 time,167
front line workers,167
crisis coronavirus vía,167
via namo app,166
south korea reports,166
covid 19 sign,166
people stay home,166
000 deaths day,166
google team contact,166
new york coronavirus,166
handelt sich um,165
000 muertes covid,165
covid 19 updates,165
impacted covid 19,165
chinese communist party,164
deadly resurgence coronavirus,164
new york state,164
birx criminally charged,163
covid 19 new,163
services ahead easter,163
um ein euthanasie,163
alle gefahr besonders,163
besonders aber alte,163
diese information überall,163
corona covid19 handelt,163
wehrt euch endlich,163
programm zur bevölkerungsreduktion,163
ein euthanasie programm,163
bei corona covid19,163
und benachteiligte menschen,163
zur bevölkerungsreduktion ihr,163
covid19 handelt sich,163
sich um ein,163
gefahr besonders aber,163
seid alle gefahr,163
euthanasie programm zur,163
bevölkerungsreduktion ihr seid,163
überall wehrt euch,163
covid19 โคว ด19,163
benachteiligte menschen diese,163
aber alte und,163
ihr seid alle,163
menschen diese information,163
kenny dalglish tests,163
information überall wehrt,163
covid 19 cehalet,163
alte und benachteiligte,163
stay home order,162
coronavirus disease covid,162
hospital covid 19,162
dr birx criminally,162
pandemic covid 19,161
victims elderly seniors,161
latest covid 19,161
contagio covid 19,161
covid 19 est,161
coronavirus cases country,161
criminally charged know,160
air samples 13,160
front lines coronavirus,160
samples 13 feet,160
pandemi ile savaşıyoruz,159
19 victims elderly,159
finally emerges white,159
of covid 19,158
scare us public,158
عن فيروس كورونا,158
13 feet patients,158
elderly seniors diabetics,158
chose scare us,158
seniors diabetics chose,158
charged know covid,158
us public instead,158
reports recovered coronavirus,158
diabetics chose scare,158
economic effects coronavirus,157
support covid 19,157
stay safe stay,157
behind closed doors,157
related covid 19,157
apple et google,156
facebook fact checkers,156
get well soon,156
कड उन बढ,156
team contact trace,156
first coronavirus case,156
brazil reports 000,156
treatment covid 19,155
total number cases,155
year old boy,155
covid 19 india,154
prevent spread coronavirus,154
engaño china mundo,154
via uolnoticias uol,154
health care system,154
stop covid 19,154
ceux qui ont,154
another covid 19,154
500 000 caseshit,153
000 caseshit link,153
covid 19 us,153
coronavirus sars cov,153
caseshit link see,153
updates covid 19,153
remembering nhs workers,153
live updates us,153
covid19 positive cases,152
19 sign petition,152
amp covid 19,152
india extend nationwide,152
monde après doit,152
covid 19 really,152
staff covid 19,152
mortes covid 19,152
help fight coronavirus,151
ward trials gt,151
positive blow immunity,151
trials gt 97,151
negative ion ionisers,151
test positive blow,151
saturday april 11,151
gt 97 efficacy,151
primer país mundo,151
deaths bame doctors,151
efficacy reducing infectivity,151
proven air sanitation,151
ion ionisers proven,151
от covid 19,151
newscientist 2015 nature,151
death toll johns,151
2003 newscientist 2015,151
see 2003 newscientist,151
ionisers proven air,151
toll johns hopkins,151
97 efficacy reducing,151
air see 2003,150
nature ward trials,150
carers air see,150
10 04 2020,150
home covid 19,150
matthancock sanitise carers,150
sanitise carers air,150
trump coronavirus task,150
hilary heath dies,150
korea reports recovered,150
practice social distancing,150
coronavirus remembering nhs,150
на covid 19,150
bacterial amp viral,150
peor pruebas muestran,150
2015 nature ward,150
ease coronavirus lockdown,149
تعرفه عن فيروس,149
china mundo peor,149
investigate coronavirus deaths,149
000 people died,149
current covid 19,149
coronavirus deaths bame,149
وطريقة دخوله جسم,148
دخوله جسم الانسان,148
tracking origin wuhan,148
university says coronavirus,148
كورونا وطريقة دخوله,148
لا تعرفه عن,148
pruebas muestran coronavirus,148
tackle coronavirus pandemic,148
covid 19 peak,148
ما لا تعرفه,148
mundo peor pruebas,148
services publics et,148
فيروس كورونا وطريقة,148
covid 19 covid,148
propagación covid 19,148
donate 150 ecoins,148
amp viral aerosol,147
urged investigate coronavirus,147
deleted pages suggest,147
muestran coronavirus existía,147
lawan covid 19,147
coronavirus research deleted,147
research deleted pages,147
deaths per million,147
sanitation bacterial amp,147
uk government urged,147
news coronavirus new,147
air sanitation bacterial,147
death toll hits,146
super rich donate,146
covid 19 disease,146
italy confirmed coronavirus,146
dr anthony fauci,146
pour lutter contre,146
government urged investigate,146
savaşıyoruz covid 19,146
year old man,146
de covid 19,146
according johns hopkins,146
new cases covid19,145
clamping coronavirus research,145
stay home save,145
enero 10 marzo,145
coronavirus cases rise,145
coronavirus covid19 great,145
news coronavirus us,145
covid 19 chinese,145
donate tackle coronavirus,144
reports 000 deaths,144
rich donate tackle,144
testing covid 19,144
new covid19 cases,143
call super rich,143
ile savaşıyoruz covid,143
covid 19 spreads,143
falsa historia empresario,143
historia empresario distribuidor,143
917 new coronavirus,143
says covid 19,143
using covid 19,143
19 covid 19,142
19 cases india,142
blow immunity hopes,142
story could seen,142
नर ग_भर _2018,142
trump fox news,142
gestión crisis coronavirus,142
empresario distribuidor test,142
face au covid,142
workers covid 19,141
claims covid 19,141
congreso enero 10,141
distribuidor test coronavirus,141
coronavirus brazil reports,141
september according scientist,141
covid 19 like,141
combate ao coronavírus,140
news covid 19,140
il covid 19,140
219 casos confirmados,140
gobierno crisis coronavirus,140
dangerous relationship shaping,139
aerosol 100 transferable,139
cure covid 19,139
america coronavirus response,139
reducing infectivity wards,139
coronavirus vía el_pais,139
coronavirus existía diciembre,139
coronavirus boris johnson,139
viral aerosol 100,139
china clamping coronavirus,139
19 nhs matthancock,139
safe covid 19,139
100 transferable covid19,139
covid19 coronavirus pandemic,139
pleno congreso enero,139
moment people died,139
wards negative ion,139
infectivity wards negative,139
uk coronavirus death,139
covid19 covid 19,139
nhs matthancock sanitise,139
coronavirus deaths reported,138
contro il coronavirus,138
10 marzo ninguna,138
107 iniciativas pleno,138
relationship shaping america,138
us sg za,138
sg za horseracing,138
au nz us,138
vox 107 iniciativas,138
covid19 amp cheap,138
social distancing measures,138
covid 19 real,138
download epoch times,138
mail in voting,138
nz us sg,138
si mata coronavirus,138
spreading misinformation coronavirus,138
iniciativas pleno congreso,138
transferable covid19 amp,138
hello fantasticradio co,137
0208 90 2121,137
fantasticradiouk homeofpossibilities believeyourpossibilities,137
shaping america coronavirus,137
china abusing wild,137
believeyourpossibilities stayhomesafelives buy,137
homeofpossibilities believeyourpossibilities stayhomesafelives,137
90 2121 hello,137
mass distribution empr,137
uk fantasticradiouk homeofpossibilities,137
co uk fantasticradiouk,137
karnataka bjp mla,137
prevent covid 19,137
abusing wild animals,137
2121 hello fantasticradio,137
lives daily talk,137
stayhomesafelives buy song,137
fantasticradio co uk,137
water damn liar,136
tiempos covid 19,136
misinformation coronavirus crisis,136
cyhitheprynce explain dangers,136
barely hold water,136
wild animals covid,136
explain dangers spreading,136
africans guangzhou edge,136
dangers spreading misinformation,136
hold water damn,136
amidst covid 19,136
florida covid 19,136
covid 19 dengan,136
arimelberquotes cyhitheprynce explain,135
since covid 19,135
damn liar arimelberquotes,135
pp vox 107,135
covid19 मह पर,135
emergencia covid 19,135
coronavirus covid19 stayhome,135
marzo ninguna coronavirus,135
origin wuhan coronavirus,135
death toll nears,135
liar arimelberquotes cyhitheprynce,135
please help us,135
jenazah covid 19,135
रण सफल सक,134
insider trading coronavirus,134
adding value lives,134
uk care homes,134
us 0208 90,134
daily talk us,134
bonespurs informed coronavirus,134
value lives daily,134
मह पर रभ,134
toll overtakes italy,134
stop spread coronavirus,134
iki pandemi ile,134
रन रद कर,134
रभ रण सफल,134
19 response worse,134
stop china abusing,134
covid 19 au,134
talk us 0208,134
bluffed way entire,134
पर रभ रण,134
coronavirus town hall,133
11 avril 2020,133
people tested positive,133
existía diciembre régimen,133
human to human,133
caused covid 19,133
way entire career,133
diagnosed covid 19,132
michael avenatti released,132
bring covid 19,132
new cases new,132
news sky news,132
horseracing greyhounds live,131
za horseracing greyhounds,131
markets au nz,131
coronavirus washington post,131
_2018 रन रद,131
manipulating covid 19,131
coronavirus deaths one,131
seine saint denis,131
people feel failings,131
trace covid 19,131
ग_भर _2018 रन,131
new markets au,131
nofollow twitter iphone,131
coronavirus response via,130
ali mokdad says,130
even covid 19,130
number coronavirus deaths,130
coronavirus stimulus bill,130
texas ease coronavirus,130
covid 19 global,130
hack ali mokdad,130
ihme hack ali,129
covid 19 brilliant,129
नन मह दय,129
greyhounds live staysafe,129
mokdad says california,129
live staysafe coronavirus,129
free covid 19,129
coronavirus lockdown executive,129
top story could,129
lockdown executive order,129
million 584 deaths,129
terdampak covid 19,129
walk run bike,128
fight coronavirus pandemic,128
death toll overtakes,128
order restore livelihoods,128
ng covid 19,128
diciembre régimen ocultó,128
died today patients,128
corona coronavirus covid19,128
lutte contre coronavirus,128
pass 500 000,128
